osm_type,osm_id,competitor,store_name,latitude,longitude,local_authority_code,local_authority_name,assignment_method,source_boundary_dataset
node,5357958064,B&Q TradePoint,TradePoint,51.4316337,-0.0328412,E09000023,Lewisham,point_within,ONS Local Authority Districts (December 2024) Boundaries UK BGC
node,13691314142,B&Q TradePoint,TradePoint,51.5323649,0.1103514,E09000002,Barking and Dagenham,point_within,ONS Local Authority Districts (December 2024) Boundaries UK BGC
node,7996764010,B&Q TradePoint,TradePoint,53.586713,-2.4275844,E08000001,Bolton,point_within,ONS Local Authority Districts (December 2024) Boundaries UK BGC
node,9955625907,B&Q TradePoint,TradePoint,51.2486124,-0.5805254,E07000209,Guildford,point_within,ONS Local Authority Districts (December 2024) Boundaries UK BGC
node,13522690773,B&Q TradePoint,TradePoint,53.3712739,-1.462791,E08000019,Sheffield,point_within,ONS Local Authority Districts (December 2024) Boundaries UK BGC
node,6790760424,B&Q TradePoint,TradePoint,51.6446704,-3.9326775,W06000011,Swansea,point_within,ONS Local Authority Districts (December 2024) Boundaries UK BGC
way,1130560444,B&Q TradePoint,TradePoint,53.7087835,-1.336365,E08000036,Wakefield,point_within,ONS Local Authority Districts (December 2024) Boundaries UK BGC
way,533922841,B&Q TradePoint,TradePoint,53.1329768,-1.2377414,E07000170,Ashfield,point_within,ONS Local Authority Districts (December 2024) Boundaries UK BGC
node,13274791928,B&Q TradePoint,TradePoint,51.776608,-1.4933232,E07000181,West Oxfordshire,point_within,ONS Local Authority Districts (December 2024) Boundaries UK BGC
node,8258515712,B&Q TradePoint,TradePoint,51.7548159,-1.2951073,E07000180,Vale of White Horse,point_within,ONS Local Authority Districts (December 2024) Boundaries UK BGC
node,10686860583,B&Q TradePoint,TradePoint,50.7081707,-1.2972987,E06000046,Isle of Wight,point_within,ONS Local Authority Districts (December 2024) Boundaries UK BGC
node,7679905418,Buildbase,Buildbase,51.468975,-0.0636591,E09000028,Southwark,point_within,ONS Local Authority Districts (December 2024) Boundaries UK BGC
way,419548759,Buildbase,Buildbase,51.5639804,-0.0299488,E09000031,Waltham Forest,point_within,ONS Local Authority Districts (December 2024) Boundaries UK BGC
node,12310300179,Buildbase,Buildbase,51.3817368,-0.0153974,E09000006,Bromley,point_within,ONS Local Authority Districts (December 2024) Boundaries UK BGC
way,967231144,Buildbase,Buildbase,51.4644107,0.1325003,E09000004,Bexley,point_within,ONS Local Authority Districts (December 2024) Boundaries UK BGC
node,7880483241,Buildbase,Buildbase,53.5868343,-2.4537482,E08000001,Bolton,point_within,ONS Local Authority Districts (December 2024) Boundaries UK BGC
relation,6184816,Buildbase,Buildbase,52.6036803,-1.6737677,E07000199,Tamworth,point_within,ONS Local Authority Districts (December 2024) Boundaries UK BGC
way,286613922,Buildbase,Buildbase,52.3042291,-1.9384058,E07000236,Redditch,point_within,ONS Local Authority Districts (December 2024) Boundaries UK BGC
way,33544965,Buildbase,Buildbase,53.4881059,-2.6649154,E08000013,St. Helens,point_within,ONS Local Authority Districts (December 2024) Boundaries UK BGC
node,1390244262,Buildbase,Buildbase,52.5283954,-1.4631394,E07000219,Nuneaton and Bedworth,point_within,ONS Local Authority Districts (December 2024) Boundaries UK BGC
way,336820481,Buildbase,Buildbase,52.1977866,-1.7152768,E07000221,Stratford-on-Avon,point_within,ONS Local Authority Districts (December 2024) Boundaries UK BGC
way,1218974904,Buildbase,Buildbase,52.7793975,-1.5915478,E07000039,South Derbyshire,point_within,ONS Local Authority Districts (December 2024) Boundaries UK BGC
way,198478908,Buildbase,Buildbase,51.4447923,-2.4990727,E06000025,South Gloucestershire,point_within,ONS Local Authority Districts (December 2024) Boundaries UK BGC
way,292294671,Buildbase,Buildbase,52.0802696,-1.9474881,E07000238,Wychavon,point_within,ONS Local Authority Districts (December 2024) Boundaries UK BGC
way,133613234,Buildbase,Buildbase,53.0770706,-2.5175694,E06000049,Cheshire East,point_within,ONS Local Authority Districts (December 2024) Boundaries UK BGC
way,398355980,Buildbase,Buildbase,50.9660349,-3.2482427,E06000066,Somerset,point_within,ONS Local Authority Districts (December 2024) Boundaries UK BGC
way,309564448,Buildbase,Buildbase,52.6942076,-1.0812594,E07000130,Charnwood,point_within,ONS Local Authority Districts (December 2024) Boundaries UK BGC
way,304141564,Buildbase,Buildbase,53.2388706,-1.4283009,E07000034,Chesterfield,point_within,ONS Local Authority Districts (December 2024) Boundaries UK BGC
way,914629423,Buildbase,Buildbase,53.5929764,-1.3238074,E08000036,Wakefield,point_within,ONS Local Authority Districts (December 2024) Boundaries UK BGC
way,814719242,Buildbase,Buildbase,52.9963226,-1.2795235,E07000172,Broxtowe,point_within,ONS Local Authority Districts (December 2024) Boundaries UK BGC
way,170105990,Buildbase,Buildbase,51.2720973,-1.0630359,E07000084,Basingstoke and Deane,point_within,ONS Local Authority Districts (December 2024) Boundaries UK BGC
way,682623771,Buildbase,Buildbase,52.0426919,0.7524346,E07000200,Babergh,point_within,ONS Local Authority Districts (December 2024) Boundaries UK BGC
way,310276730,Buildbase,Buildbase,53.1213659,-1.3092447,E07000170,Ashfield,point_within,ONS Local Authority Districts (December 2024) Boundaries UK BGC
node,11182036277,Buildbase,Buildbase,51.7262562,-1.1909342,E07000178,Oxford,point_within,ONS Local Authority Districts (December 2024) Boundaries UK BGC
node,11182036278,Buildbase,Buildbase,51.7260733,-1.1914307,E07000178,Oxford,point_within,ONS Local Authority Districts (December 2024) Boundaries UK BGC
way,941512165,Buildbase,Buildbase,52.4907176,-0.6763805,E06000061,North Northamptonshire,point_within,ONS Local Authority Districts (December 2024) Boundaries UK BGC
node,6296272128,Buildbase,Buildbase,51.3990597,-1.3079791,E06000037,West Berkshire,point_within,ONS Local Authority Districts (December 2024) Boundaries UK BGC
way,773641992,Buildbase,Buildbase,52.0533864,0.9635384,E07000200,Babergh,point_within,ONS Local Authority Districts (December 2024) Boundaries UK BGC
way,109610301,Buildbase,Buildbase,52.2979947,-0.6229305,E06000061,North Northamptonshire,point_within,ONS Local Authority Districts (December 2024) Boundaries UK BGC
way,1007137746,Buildbase,Buildbase,55.4332323,-5.6146405,S12000035,Argyll and Bute,point_within,ONS Local Authority Districts (December 2024) Boundaries UK BGC
way,160392355,Buildbase,Buildbase,50.6288936,-3.3830913,E07000040,East Devon,point_within,ONS Local Authority Districts (December 2024) Boundaries UK BGC
node,4064435266,Buildbase,Buildbase,53.9561337,-1.0665958,E06000014,York,point_within,ONS Local Authority Districts (December 2024) Boundaries UK BGC
way,762356754,Buildbase,Buildbase,52.6532531,-0.4849762,E07000141,South Kesteven,point_within,ONS Local Authority Districts (December 2024) Boundaries UK BGC
way,534169660,Buildbase,Buildbase,52.6592704,0.1648957,E07000010,Fenland,point_within,ONS Local Authority Districts (December 2024) Boundaries UK BGC
way,426313075,Buildbase,Buildbase,55.6883194,-6.2232725,S12000035,Argyll and Bute,point_within,ONS Local Authority Districts (December 2024) Boundaries UK BGC
node,1554347198,Buildbase,Buildbase,52.4335092,1.226427,E07000149,South Norfolk,point_within,ONS Local Authority Districts (December 2024) Boundaries UK BGC
node,3926242221,Buildbase,Buildbase,58.209837,-6.3846706,S12000013,Na h-Eileanan Siar,point_within,ONS Local Authority Districts (December 2024) Boundaries UK BGC
node,12140884163,CEF,CEF,55.8532632,-4.2760752,S12000049,Glasgow City,point_within,ONS Local Authority Districts (December 2024) Boundaries UK BGC
way,75109497,CEF,City Electrical Factors,52.4934419,-1.8907152,E08000025,Birmingham,point_within,ONS Local Authority Districts (December 2024) Boundaries UK BGC
node,13470467106,CEF,CEF,53.4761711,-2.2957758,E08000006,Salford,point_within,ONS Local Authority Districts (December 2024) Boundaries UK BGC
way,157016589,CEF,City Electrical Factors,51.5218467,-0.0735715,E09000030,Tower Hamlets,point_within,ONS Local Authority Districts (December 2024) Boundaries UK BGC
way,345791764,CEF,City Electrical Factors,51.5186271,-0.1370628,E09000033,Westminster,point_within,ONS Local Authority Districts (December 2024) Boundaries UK BGC
way,28555304,CEF,CEF,55.9349075,-3.1455827,S12000036,City of Edinburgh,point_within,ONS Local Authority Districts (December 2024) Boundaries UK BGC
node,4223731434,CEF,City Electrical Factors,55.972302,-3.186447,S12000036,City of Edinburgh,point_within,ONS Local Authority Districts (December 2024) Boundaries UK BGC
way,89798387,CEF,City Electrical Factors Ltd,51.4696701,-3.2066647,W06000015,Cardiff,point_within,ONS Local Authority Districts (December 2024) Boundaries UK BGC
node,11955446272,CEF,CEF,53.4722613,-2.2178095,E08000003,Manchester,point_within,ONS Local Authority Districts (December 2024) Boundaries UK BGC
node,8180552065,CEF,City Electrical Factors,51.4830714,-0.1861348,E09000020,Kensington and Chelsea,point_within,ONS Local Authority Districts (December 2024) Boundaries UK BGC
node,5177104748,CEF,City Electrical Factors,51.5356027,-0.0231876,E09000030,Tower Hamlets,point_within,ONS Local Authority Districts (December 2024) Boundaries UK BGC
node,7310027794,CEF,CEF,51.5186145,-0.2251979,E09000020,Kensington and Chelsea,point_within,ONS Local Authority Districts (December 2024) Boundaries UK BGC
way,740817887,CEF,CEF,51.6189202,-0.1784402,E09000003,Barnet,point_within,ONS Local Authority Districts (December 2024) Boundaries UK BGC
way,102445936,CEF,City Electrical Factors,52.5629416,-1.815415,E08000025,Birmingham,point_within,ONS Local Authority Districts (December 2024) Boundaries UK BGC
node,4721922712,CEF,City Electrical Factors,53.3966558,-2.3649718,E08000009,Trafford,point_within,ONS Local Authority Districts (December 2024) Boundaries UK BGC
node,4573901191,CEF,cef,55.8480945,-4.4347839,S12000038,Renfrewshire,point_within,ONS Local Authority Districts (December 2024) Boundaries UK BGC
node,12818764502,CEF,CEF,53.5469559,-2.1983936,E08000005,Rochdale,point_within,ONS Local Authority Districts (December 2024) Boundaries UK BGC
node,10961634090,CEF,CEF,53.5218909,-2.1416126,E08000004,Oldham,point_within,ONS Local Authority Districts (December 2024) Boundaries UK BGC
node,9213068915,CEF,City Electrical Factors,53.4041246,-2.1516406,E08000007,Stockport,point_within,ONS Local Authority Districts (December 2024) Boundaries UK BGC
node,13031870496,CEF,CEF,55.9245737,-3.2997871,S12000036,City of Edinburgh,point_within,ONS Local Authority Districts (December 2024) Boundaries UK BGC
way,680977678,CEF,City Electrical Factors,52.5158458,-2.0667915,E08000027,Dudley,point_within,ONS Local Authority Districts (December 2024) Boundaries UK BGC
node,1921825236,CEF,City Electrical Factors,51.4924236,0.0854864,E09000011,Greenwich,point_within,ONS Local Authority Districts (December 2024) Boundaries UK BGC
node,6582885239,CEF,CEF,51.4106595,-0.2328157,E09000024,Merton,point_within,ONS Local Authority Districts (December 2024) Boundaries UK BGC
way,1288282017,CEF,City Electrical Factors,51.5485468,0.1580069,E09000002,Barking and Dagenham,point_within,ONS Local Authority Districts (December 2024) Boundaries UK BGC
node,11077295270,CEF,CEF,51.575307,-2.9656922,W06000022,Newport,point_within,ONS Local Authority Districts (December 2024) Boundaries UK BGC
node,10905431623,CEF,CEF,51.5914879,-0.3284465,E09000015,Harrow,point_within,ONS Local Authority Districts (December 2024) Boundaries UK BGC
node,4721822547,CEF,City Electrical Factors,53.6225318,-2.1521941,E08000005,Rochdale,point_within,ONS Local Authority Districts (December 2024) Boundaries UK BGC
node,11405661194,CEF,CEF,51.5949554,-0.3428088,E09000015,Harrow,point_within,ONS Local Authority Districts (December 2024) Boundaries UK BGC
way,414509088,CEF,City Electrical Factors,52.6085014,-1.6770031,E07000199,Tamworth,point_within,ONS Local Authority Districts (December 2024) Boundaries UK BGC
node,13729784361,CEF,CEF,53.2498755,-3.1396377,W06000005,Flintshire,point_within,ONS Local Authority Districts (December 2024) Boundaries UK BGC
way,1204518129,CEF,CEF,53.4012207,-2.5967561,E06000007,Warrington,point_within,ONS Local Authority Districts (December 2024) Boundaries UK BGC
node,6595731273,CEF,CEF,52.3160348,-2.064389,E07000234,Bromsgrove,point_within,ONS Local Authority Districts (December 2024) Boundaries UK BGC
node,2902504940,CEF,City Electrical Factors,52.2837416,-1.9045919,E07000236,Redditch,point_within,ONS Local Authority Districts (December 2024) Boundaries UK BGC
way,272378164,CEF,CEF,55.9044982,-3.4999936,S12000040,West Lothian,point_within,ONS Local Authority Districts (December 2024) Boundaries UK BGC
node,12537211707,CEF,CEF,51.5112193,-0.4624882,E09000017,Hillingdon,point_within,ONS Local Authority Districts (December 2024) Boundaries UK BGC
node,3752996718,CEF,City Electrical Factors,53.6426622,-2.9864111,E08000014,Sefton,point_within,ONS Local Authority Districts (December 2024) Boundaries UK BGC
way,235165836,CEF,CEF,52.407336,-1.5281983,E08000026,Coventry,point_within,ONS Local Authority Districts (December 2024) Boundaries UK BGC
way,324046567,CEF,CEF,52.3425942,-1.5742559,E07000222,Warwick,point_within,ONS Local Authority Districts (December 2024) Boundaries UK BGC
node,541142869,CEF,City Electrical Factors,55.5979526,-4.4905335,S12000008,East Ayrshire,point_within,ONS Local Authority Districts (December 2024) Boundaries UK BGC
node,7101483423,CEF,CEF,53.6627185,-2.6293132,E07000118,Chorley,point_within,ONS Local Authority Districts (December 2024) Boundaries UK BGC
way,1339321082,CEF,CEF,51.8717249,0.1787385,E07000242,East Hertfordshire,point_within,ONS Local Authority Districts (December 2024) Boundaries UK BGC
node,4500465921,CEF,City Electrical Factors,54.8491913,-6.2581747,N09000008,Mid and East Antrim,point_within,ONS Local Authority Districts (December 2024) Boundaries UK BGC
way,1352798967,CEF,CEF,51.5827898,0.4452164,E07000066,Basildon,point_within,ONS Local Authority Districts (December 2024) Boundaries UK BGC
way,459579876,CEF,CEF,51.522646,-0.6269109,E06000039,Slough,point_within,ONS Local Authority Districts (December 2024) Boundaries UK BGC
node,5423388683,CEF,City Electrical Factors,56.1152708,-3.914268,S12000030,Stirling,point_within,ONS Local Authority Districts (December 2024) Boundaries UK BGC
way,295287115,CEF,City Electrical Factors,53.3147129,-3.5002381,W06000004,Denbighshire,point_within,ONS Local Authority Districts (December 2024) Boundaries UK BGC
node,4193517396,CEF,City Electrical Factors,51.8774212,-0.403965,E06000032,Luton,point_within,ONS Local Authority Districts (December 2024) Boundaries UK BGC
node,11057645869,CEF,CEF,53.6499089,-1.7790416,E08000034,Kirklees,point_within,ONS Local Authority Districts (December 2024) Boundaries UK BGC
way,705395048,CEF,CEF,51.7423172,0.5033488,E07000070,Chelmsford,point_within,ONS Local Authority Districts (December 2024) Boundaries UK BGC
way,893175285,CEF,CEF Wrexham,53.0430381,-2.9888221,W06000006,Wrexham,point_within,ONS Local Authority Districts (December 2024) Boundaries UK BGC
node,13113179486,CEF,CEF,51.1315664,-0.1678171,E07000226,Crawley,point_within,ONS Local Authority Districts (December 2024) Boundaries UK BGC
node,7916582517,CEF,CEF,51.3933236,0.491045,E06000035,Medway,point_within,ONS Local Authority Districts (December 2024) Boundaries UK BGC
node,11612978743,CEF,CEF,55.621022,-2.8170996,S12000026,Scottish Borders,point_within,ONS Local Authority Districts (December 2024) Boundaries UK BGC
way,705723592,CEF,CEF,52.73066,-1.3746029,E07000134,North West Leicestershire,point_within,ONS Local Authority Districts (December 2024) Boundaries UK BGC
way,292305595,CEF,City Electrical Factors,52.0808374,-1.9473958,E07000238,Wychavon,point_within,ONS Local Authority Districts (December 2024) Boundaries UK BGC
node,13009675545,CEF,CEF,53.8753607,-2.3806169,E07000124,Ribble Valley,point_within,ONS Local Authority Districts (December 2024) Boundaries UK BGC
node,8242630190,CEF,CEF,51.3256599,-0.7559873,E07000214,Surrey Heath,point_within,ONS Local Authority Districts (December 2024) Boundaries UK BGC
node,5922943751,CEF,CEF,51.6312644,-0.7906079,E06000060,Buckinghamshire,point_within,ONS Local Authority Districts (December 2024) Boundaries UK BGC
way,532907210,CEF,CEF,51.0277254,-3.0812292,E06000066,Somerset,point_within,ONS Local Authority Districts (December 2024) Boundaries UK BGC
way,514612085,CEF,CEF,53.019711,-2.2056234,E07000195,Newcastle-under-Lyme,point_within,ONS Local Authority Districts (December 2024) Boundaries UK BGC
node,9600903830,CEF,CEF,51.0712498,-0.3137656,E07000227,Horsham,point_within,ONS Local Authority Districts (December 2024) Boundaries UK BGC
way,185198095,CEF,City Electrical Factors,53.8656733,-1.90223,E08000032,Bradford,point_within,ONS Local Authority Districts (December 2024) Boundaries UK BGC
node,4121971292,CEF,CEF,51.2488577,-0.7367774,E07000092,Rushmoor,point_within,ONS Local Authority Districts (December 2024) Boundaries UK BGC
way,694826547,CEF,City Electrical Factors,52.0780262,-0.2337718,E06000056,Central Bedfordshire,point_within,ONS Local Authority Districts (December 2024) Boundaries UK BGC
way,89179003,CEF,City Electrical Factors,53.3960465,-1.4849791,E08000019,Sheffield,point_within,ONS Local Authority Districts (December 2024) Boundaries UK BGC
way,1291165311,CEF,CEF,52.6538189,-1.1432378,E06000016,Leicester,point_within,ONS Local Authority Districts (December 2024) Boundaries UK BGC
way,61583670,CEF,City Electrical Factors,52.9009083,-1.4558492,E06000015,Derby,point_within,ONS Local Authority Districts (December 2024) Boundaries UK BGC
way,55848981,CEF,CEF,51.2385297,0.5651614,E07000110,Maidstone,point_within,ONS Local Authority Districts (December 2024) Boundaries UK BGC
way,366083274,CEF,City Electrical Factors,53.9458006,-2.0169457,E06000065,North Yorkshire,point_within,ONS Local Authority Districts (December 2024) Boundaries UK BGC
way,1222215888,CEF,CEF,53.5444238,-1.4423961,E08000016,Barnsley,point_within,ONS Local Authority Districts (December 2024) Boundaries UK BGC
way,108394595,CEF,City Electrical Factors,52.9372919,-1.4703006,E06000015,Derby,point_within,ONS Local Authority Districts (December 2024) Boundaries UK BGC
way,83659233,CEF,CEF,53.6867166,-1.4899766,E08000036,Wakefield,point_within,ONS Local Authority Districts (December 2024) Boundaries UK BGC
node,13645289242,CEF,CEF,51.8246291,-2.5105822,E07000080,Forest of Dean,point_within,ONS Local Authority Districts (December 2024) Boundaries UK BGC
way,238821092,CEF,CEF,53.7896915,-1.5680796,E08000035,Leeds,point_within,ONS Local Authority Districts (December 2024) Boundaries UK BGC
way,229152285,CEF,City Electrical Factors,53.4326421,-1.3717872,E08000018,Rotherham,point_within,ONS Local Authority Districts (December 2024) Boundaries UK BGC
node,3381733970,CEF,City Electrical Factors,53.1384804,-1.5529956,E07000035,Derbyshire Dales,point_within,ONS Local Authority Districts (December 2024) Boundaries UK BGC
node,4344840540,CEF,CEF,50.9684737,0.0892907,E07000065,Wealden,point_within,ONS Local Authority Districts (December 2024) Boundaries UK BGC
way,250800232,CEF,City Electrical Factors,53.2518752,-1.426928,E07000034,Chesterfield,point_within,ONS Local Authority Districts (December 2024) Boundaries UK BGC
node,11237794531,CEF,CEF,51.4641201,-1.0132737,E06000038,Reading,point_within,ONS Local Authority Districts (December 2024) Boundaries UK BGC
node,12546126727,CEF,City Electrical Factors (CEF),52.0120285,-0.7471796,E06000042,Milton Keynes,point_within,ONS Local Authority Districts (December 2024) Boundaries UK BGC
way,579720254,CEF,CEF,52.978038,-1.3213522,E07000036,Erewash,point_within,ONS Local Authority Districts (December 2024) Boundaries UK BGC
way,1030293532,CEF,CEF,53.7100363,-1.3338534,E08000036,Wakefield,point_within,ONS Local Authority Districts (December 2024) Boundaries UK BGC
way,144429492,CEF,CEF,52.2145358,0.149621,E07000008,Cambridge,point_within,ONS Local Authority Districts (December 2024) Boundaries UK BGC
node,6781595198,CEF,City Electrical Factors (CEF),52.0667674,-2.7198649,E06000019,"Herefordshire, County of",point_within,ONS Local Authority Districts (December 2024) Boundaries UK BGC
node,6646438052,CEF,City Electrical Factors,54.059358,-2.8374182,E07000121,Lancaster,point_within,ONS Local Authority Districts (December 2024) Boundaries UK BGC
way,425646010,CEF,City Electrical Factors,52.9788515,-1.1598706,E06000018,Nottingham,point_within,ONS Local Authority Districts (December 2024) Boundaries UK BGC
way,281231313,CEF,CEF,53.0898217,-1.3753178,E07000032,Amber Valley,point_within,ONS Local Authority Districts (December 2024) Boundaries UK BGC
node,10908324095,CEF,City electrical factors,55.132572,-6.6557707,N09000004,Causeway Coast and Glens,point_within,ONS Local Authority Districts (December 2024) Boundaries UK BGC
way,250764592,CEF,City Electrical Factors,51.8580631,-2.221882,E07000081,Gloucester,point_within,ONS Local Authority Districts (December 2024) Boundaries UK BGC
node,13669685772,CEF,CEF,50.8371934,-0.1754836,E06000043,Brighton and Hove,point_within,ONS Local Authority Districts (December 2024) Boundaries UK BGC
node,13141238535,CEF,CEF,56.561219,-2.5865872,S12000041,Angus,point_within,ONS Local Authority Districts (December 2024) Boundaries UK BGC
way,220430554,CEF,CEF,53.0104515,-1.189804,E06000018,Nottingham,point_within,ONS Local Authority Districts (December 2024) Boundaries UK BGC
way,620929272,CEF,CEF City Electrical Factors,50.8602357,0.2505871,E07000065,Wealden,point_within,ONS Local Authority Districts (December 2024) Boundaries UK BGC
node,9749231558,CEF,City Electrical Factors,50.8225523,-0.1238751,E06000043,Brighton and Hove,point_within,ONS Local Authority Districts (December 2024) Boundaries UK BGC
way,988994913,CEF,City Electrical Factors,53.5275294,-1.1315071,E08000017,Doncaster,point_within,ONS Local Authority Districts (December 2024) Boundaries UK BGC
way,981319216,CEF,CEF,50.8291683,-0.3652991,E07000229,Worthing,point_within,ONS Local Authority Districts (December 2024) Boundaries UK BGC
way,467058343,CEF,City Electrical Factors,52.4101838,-0.7397269,E06000061,North Northamptonshire,point_within,ONS Local Authority Districts (December 2024) Boundaries UK BGC
node,8367547617,CEF,CEF,54.1214408,-3.2417214,E06000064,Westmorland and Furness,point_within,ONS Local Authority Districts (December 2024) Boundaries UK BGC
way,487521209,CEF,City Electrical Factors,51.1289066,0.8993589,E07000105,Ashford,point_within,ONS Local Authority Districts (December 2024) Boundaries UK BGC
way,295927670,CEF,City Electrical Factors,53.2127198,-4.1450862,W06000002,Gwynedd,point_within,ONS Local Authority Districts (December 2024) Boundaries UK BGC
way,28612806,CEF,CEF,50.8901984,0.5525681,E07000062,Hastings,point_within,ONS Local Authority Districts (December 2024) Boundaries UK BGC
way,579054065,CEF,City Electrical Factors,52.322423,-0.6902271,E06000061,North Northamptonshire,point_within,ONS Local Authority Districts (December 2024) Boundaries UK BGC
way,487007166,CEF,City Electrical Factors,50.7909495,0.2988589,E07000061,Eastbourne,point_within,ONS Local Authority Districts (December 2024) Boundaries UK BGC
way,368298831,CEF,City Electrical Factors,52.6525038,-3.1412522,W06000023,Powys,point_within,ONS Local Authority Districts (December 2024) Boundaries UK BGC
way,592469429,CEF,CEF,51.2934038,1.0921589,E07000106,Canterbury,point_within,ONS Local Authority Districts (December 2024) Boundaries UK BGC
node,11263298300,CEF,City Electrical Factors,51.7054098,-1.9616151,E07000079,Cotswold,point_within,ONS Local Authority Districts (December 2024) Boundaries UK BGC
way,1107732345,CEF,City Electrical Factors,51.8167286,1.169866,E07000076,Tendring,point_within,ONS Local Authority Districts (December 2024) Boundaries UK BGC
way,1431537685,CEF,CEF,52.2406056,0.745063,E07000245,West Suffolk,point_within,ONS Local Authority Districts (December 2024) Boundaries UK BGC
way,94205871,CEF,City Electrical Factors,53.3355882,-0.9554633,E07000171,Bassetlaw,point_within,ONS Local Authority Districts (December 2024) Boundaries UK BGC
node,6113711047,CEF,CEF,53.9735167,-1.1336492,E06000014,York,point_within,ONS Local Authority Districts (December 2024) Boundaries UK BGC
node,4643132370,CEF,CEF,52.0829995,1.1145691,E07000202,Ipswich,point_within,ONS Local Authority Districts (December 2024) Boundaries UK BGC
way,576483476,CEF,CEF,51.0691572,-1.2952349,E07000094,Winchester,point_within,ONS Local Authority Districts (December 2024) Boundaries UK BGC
way,161371111,CEF,City Electrical Factors,51.5741489,-1.7707239,E06000030,Swindon,point_within,ONS Local Authority Districts (December 2024) Boundaries UK BGC
way,162974158,CEF,CEF,53.9904022,-1.0958945,E06000014,York,point_within,ONS Local Authority Districts (December 2024) Boundaries UK BGC
node,3598162076,CEF,City Electrical Factors,54.3382976,-2.7449994,E06000064,Westmorland and Furness,point_within,ONS Local Authority Districts (December 2024) Boundaries UK BGC
node,6814245985,CEF,CEF,51.0724054,-1.8127748,E06000054,Wiltshire,point_within,ONS Local Authority Districts (December 2024) Boundaries UK BGC
node,5302299659,CEF,City Electrical Factors,51.1539137,1.3031954,E07000108,Dover,point_within,ONS Local Authority Districts (December 2024) Boundaries UK BGC
way,900485879,CEF,CEF,54.1471892,-4.5039162,S12000006,Dumfries and Galloway,nearest_boundary,ONS Local Authority Districts (December 2024) Boundaries UK BGC
way,229185594,CEF,CEF,50.9741418,-1.3721698,E07000086,Eastleigh,point_within,ONS Local Authority Districts (December 2024) Boundaries UK BGC
way,89175288,CEF,City Electrical Factors (CEF),52.5751571,-0.2089957,E06000031,Peterborough,point_within,ONS Local Authority Districts (December 2024) Boundaries UK BGC
node,6031507214,CEF,CEF,54.411551,-1.7462018,E06000065,North Yorkshire,point_within,ONS Local Authority Districts (December 2024) Boundaries UK BGC
node,3412940617,CEF,City Electrical Factors,54.3440932,-1.4426315,E06000065,North Yorkshire,point_within,ONS Local Authority Districts (December 2024) Boundaries UK BGC
way,366893762,CEF,City Electrical Factors,50.9178108,-1.4839322,E07000091,New Forest,point_within,ONS Local Authority Districts (December 2024) Boundaries UK BGC
way,333248488,CEF,CEF,54.895362,-2.9522409,E06000063,Cumberland,point_within,ONS Local Authority Districts (December 2024) Boundaries UK BGC
node,10686860556,CEF,CEF,50.7092026,-1.2956531,E06000046,Isle of Wight,point_within,ONS Local Authority Districts (December 2024) Boundaries UK BGC
node,10905695563,CEF,City Electrical Factors,50.7298248,-1.8560601,E06000058,"Bournemouth, Christchurch and Poole",point_within,ONS Local Authority Districts (December 2024) Boundaries UK BGC
way,605658606,CEF,City Electrical Factors,52.0788849,-4.6563616,W06000008,Ceredigion,point_within,ONS Local Authority Districts (December 2024) Boundaries UK BGC
node,3842747733,CEF,CEF,54.538084,-1.5558143,E06000005,Darlington,point_within,ONS Local Authority Districts (December 2024) Boundaries UK BGC
way,1221785429,CEF,CEF,53.8407079,-0.4185755,E06000011,East Riding of Yorkshire,point_within,ONS Local Authority Districts (December 2024) Boundaries UK BGC
node,1000844212,CEF,City Electrical Factors,55.0956878,-1.6106967,E06000057,Northumberland,point_within,ONS Local Authority Districts (December 2024) Boundaries UK BGC
node,6709406881,CEF,CEF,54.6581792,-2.7670868,E06000064,Westmorland and Furness,point_within,ONS Local Authority Districts (December 2024) Boundaries UK BGC
way,40188910,CEF,CEF,50.3965452,-4.090093,E06000026,Plymouth,point_within,ONS Local Authority Districts (December 2024) Boundaries UK BGC
way,1058657937,CEF,CEF,50.3684597,-4.1281953,E06000026,Plymouth,point_within,ONS Local Authority Districts (December 2024) Boundaries UK BGC
node,2979252150,CEF,CEF,54.6357896,-3.5608781,E06000063,Cumberland,point_within,ONS Local Authority Districts (December 2024) Boundaries UK BGC
way,925908986,CEF,CEF,52.4615831,1.5683492,E07000244,East Suffolk,point_within,ONS Local Authority Districts (December 2024) Boundaries UK BGC
way,112840133,CEF,City Electrical Factors,52.6394657,1.2835648,E07000148,Norwich,point_within,ONS Local Authority Districts (December 2024) Boundaries UK BGC
way,627858513,CEF,CEF,57.1468787,-2.0846597,S12000033,Aberdeen City,point_within,ONS Local Authority Districts (December 2024) Boundaries UK BGC
node,4655592614,CEF,CEF,54.9905223,-1.5253826,E08000022,North Tyneside,point_within,ONS Local Authority Districts (December 2024) Boundaries UK BGC
node,12875941851,CEF,City Electrical Factors,54.7539034,-1.6085449,E06000047,County Durham,point_within,ONS Local Authority Districts (December 2024) Boundaries UK BGC
node,4409427712,CEF,City Electrical Factors,54.9265142,-1.6215838,E08000037,Gateshead,point_within,ONS Local Authority Districts (December 2024) Boundaries UK BGC
way,1239668553,CEF,City Electrical Factors,53.3715778,0.0018269,E07000137,East Lindsey,point_within,ONS Local Authority Districts (December 2024) Boundaries UK BGC
node,4343112152,CEF,City Electrical Factors,54.9912237,-1.4346526,E08000023,South Tyneside,point_within,ONS Local Authority Districts (December 2024) Boundaries UK BGC
way,157458376,CEF,City Electrical Factors,53.5168137,-7.3576454,N09000006,Fermanagh and Omagh,nearest_boundary,ONS Local Authority Districts (December 2024) Boundaries UK BGC
way,1138521298,CEF,CEF,57.6482029,-3.2956769,S12000020,Moray,point_within,ONS Local Authority Districts (December 2024) Boundaries UK BGC
way,1096836454,CEF,City Electrical Factors,50.2658499,-5.0979504,E06000052,Cornwall,point_within,ONS Local Authority Districts (December 2024) Boundaries UK BGC
way,545055855,CEF,City Electrical Factors,50.2271664,-5.2549969,E06000052,Cornwall,point_within,ONS Local Authority Districts (December 2024) Boundaries UK BGC
node,6655314537,CEF,CEF,52.6494954,-8.5858087,N09000006,Fermanagh and Omagh,nearest_boundary,ONS Local Authority Districts (December 2024) Boundaries UK BGC
node,7256396981,CEF,City Electrical Factors,51.8718237,-8.4873318,W06000009,Pembrokeshire,nearest_boundary,ONS Local Authority Districts (December 2024) Boundaries UK BGC
way,409579443,City Plumbing,City Plumbing,51.6010843,-0.0216942,E09000031,Waltham Forest,point_within,ONS Local Authority Districts (December 2024) Boundaries UK BGC
node,11833734760,City Plumbing,City Plumbing,51.4968618,-3.1468363,W06000015,Cardiff,point_within,ONS Local Authority Districts (December 2024) Boundaries UK BGC
way,896331798,City Plumbing,City Plumbing,51.4686504,-3.1986255,W06000015,Cardiff,point_within,ONS Local Authority Districts (December 2024) Boundaries UK BGC
way,164483474,City Plumbing,City Plumbing,51.5295518,-0.0778062,E09000012,Hackney,point_within,ONS Local Authority Districts (December 2024) Boundaries UK BGC
node,2100644207,City Plumbing,City Plumbing,53.3783294,-3.0111972,E08000015,Wirral,point_within,ONS Local Authority Districts (December 2024) Boundaries UK BGC
relation,15603020,City Plumbing,City Plumbing,52.5367204,-1.8896922,E08000025,Birmingham,point_within,ONS Local Authority Districts (December 2024) Boundaries UK BGC
way,1430101235,City Plumbing,City Plumbing,52.5024466,-1.9942548,E08000028,Sandwell,point_within,ONS Local Authority Districts (December 2024) Boundaries UK BGC
node,4026071536,City Plumbing,City Plumbing Supplies,55.9288919,-3.2539389,S12000036,City of Edinburgh,point_within,ONS Local Authority Districts (December 2024) Boundaries UK BGC
way,167569980,City Plumbing,City Plumbing,52.5306281,-1.779269,E08000025,Birmingham,point_within,ONS Local Authority Districts (December 2024) Boundaries UK BGC
way,313914302,City Plumbing,City Plumbing Supplies,55.9268587,-3.2975856,S12000036,City of Edinburgh,point_within,ONS Local Authority Districts (December 2024) Boundaries UK BGC
node,11341045986,City Plumbing,City Plumbing,53.5490696,-2.1004958,E08000004,Oldham,point_within,ONS Local Authority Districts (December 2024) Boundaries UK BGC
node,10582197723,City Plumbing,City Plumbing,53.4439854,-2.7257447,E08000013,St. Helens,point_within,ONS Local Authority Districts (December 2024) Boundaries UK BGC
way,963775011,City Plumbing,City Plumbing Supplies,51.4582955,0.1349325,E09000004,Bexley,point_within,ONS Local Authority Districts (December 2024) Boundaries UK BGC
node,5800792881,City Plumbing,City Plumbing Supplies,52.5906296,-2.1191543,E08000031,Wolverhampton,point_within,ONS Local Authority Districts (December 2024) Boundaries UK BGC
way,479069422,City Plumbing,City Plumbing,53.4165946,-2.6650028,E06000007,Warrington,point_within,ONS Local Authority Districts (December 2024) Boundaries UK BGC
way,261589507,City Plumbing,City Plumbing,52.6662448,-1.8314362,E07000194,Lichfield,point_within,ONS Local Authority Districts (December 2024) Boundaries UK BGC
node,12106030705,City Plumbing,City Plumbing,56.0441791,-3.4335034,S12000047,Fife,point_within,ONS Local Authority Districts (December 2024) Boundaries UK BGC
way,670823988,City Plumbing,City Plumbing Supplies,56.0744839,-3.4531379,S12000047,Fife,point_within,ONS Local Authority Districts (December 2024) Boundaries UK BGC
node,6512945580,City Plumbing,City Plumbing Supplies,51.803062,-0.1985829,E07000241,Welwyn Hatfield,point_within,ONS Local Authority Districts (December 2024) Boundaries UK BGC
node,3738732911,City Plumbing,City Plumbing,53.6409395,-2.9685894,E08000014,Sefton,point_within,ONS Local Authority Districts (December 2024) Boundaries UK BGC
way,58537608,City Plumbing,City Plumbing,51.3850994,-0.4169459,E07000207,Elmbridge,point_within,ONS Local Authority Districts (December 2024) Boundaries UK BGC
way,217363704,City Plumbing,City Plumbing,52.423759,-1.5103113,E08000026,Coventry,point_within,ONS Local Authority Districts (December 2024) Boundaries UK BGC
node,3278598896,City Plumbing,City Plumbing,51.3700101,-0.4758999,E07000212,Runnymede,point_within,ONS Local Authority Districts (December 2024) Boundaries UK BGC
way,609337960,City Plumbing,City Plumbing,51.4336202,-0.5304015,E07000212,Runnymede,point_within,ONS Local Authority Districts (December 2024) Boundaries UK BGC
node,13741168239,City Plumbing,City Plumbing,51.2909651,0.1925516,E07000111,Sevenoaks,point_within,ONS Local Authority Districts (December 2024) Boundaries UK BGC
node,9902122453,City Plumbing,City Plumbing,52.2798192,-1.5451059,E07000222,Warwick,point_within,ONS Local Authority Districts (December 2024) Boundaries UK BGC
way,870309789,City Plumbing,City Plumbing,53.1982381,-2.4943311,E06000050,Cheshire West and Chester,point_within,ONS Local Authority Districts (December 2024) Boundaries UK BGC
way,539508634,City Plumbing,City Plumbing Supplies,51.7679928,-3.3639214,W06000024,Merthyr Tydfil,point_within,ONS Local Authority Districts (December 2024) Boundaries UK BGC
way,1353475664,City Plumbing,City Plumbing,51.5835157,0.4673555,E07000066,Basildon,point_within,ONS Local Authority Districts (December 2024) Boundaries UK BGC
way,1150761112,City Plumbing,City Plumbing,51.7243498,0.451666,E07000070,Chelmsford,point_within,ONS Local Authority Districts (December 2024) Boundaries UK BGC
node,4193516582,City Plumbing,City Plumbing,51.876782,-0.4036646,E06000032,Luton,point_within,ONS Local Authority Districts (December 2024) Boundaries UK BGC
way,618669041,City Plumbing,City Plumbing,51.4380325,-2.6016685,E06000023,"Bristol, City of",point_within,ONS Local Authority Districts (December 2024) Boundaries UK BGC
way,148218879,City Plumbing,City Plumbing,51.1396742,-2.9942224,E06000066,Somerset,point_within,ONS Local Authority Districts (December 2024) Boundaries UK BGC
node,2716464978,City Plumbing,City Plumbing,51.1374299,-0.0417289,E07000228,Mid Sussex,point_within,ONS Local Authority Districts (December 2024) Boundaries UK BGC
way,893175305,City Plumbing,City Plumbing,53.0418033,-2.9863839,W06000006,Wrexham,point_within,ONS Local Authority Districts (December 2024) Boundaries UK BGC
node,4108078550,City Plumbing,City Plumbing Supplies,52.826623,-1.6204481,E07000193,East Staffordshire,point_within,ONS Local Authority Districts (December 2024) Boundaries UK BGC
way,782396367,City Plumbing,City Plumbing,53.0963142,-2.4311749,E06000049,Cheshire East,point_within,ONS Local Authority Districts (December 2024) Boundaries UK BGC
way,1036816803,City Plumbing,City Plumbing,53.7007221,-1.7706246,E08000033,Calderdale,point_within,ONS Local Authority Districts (December 2024) Boundaries UK BGC
way,405918501,City Plumbing,City Plumbing Supplies,51.4316714,-2.5389692,E06000023,"Bristol, City of",point_within,ONS Local Authority Districts (December 2024) Boundaries UK BGC
node,11612978744,City Plumbing,City Plumbing,55.62107,-2.8172553,S12000026,Scottish Borders,point_within,ONS Local Authority Districts (December 2024) Boundaries UK BGC
node,10957896421,City Plumbing,City Plumbing,51.1938582,0.2859449,E07000115,Tonbridge and Malling,point_within,ONS Local Authority Districts (December 2024) Boundaries UK BGC
node,6352416531,City Plumbing,City Plumbing,51.1135338,-0.1803245,E07000226,Crawley,point_within,ONS Local Authority Districts (December 2024) Boundaries UK BGC
way,1426456132,City Plumbing,City Plumbing,52.730481,-1.3752154,E07000134,North West Leicestershire,point_within,ONS Local Authority Districts (December 2024) Boundaries UK BGC
node,12311794364,City Plumbing,City Plumbing,51.2463308,-0.5792335,E07000209,Guildford,point_within,ONS Local Authority Districts (December 2024) Boundaries UK BGC
way,1356989823,City Plumbing,City Plumbing,53.0478524,-2.1812336,E06000021,Stoke-on-Trent,point_within,ONS Local Authority Districts (December 2024) Boundaries UK BGC
way,1017384743,City Plumbing,City Plumbing,51.2011846,-0.6044414,E07000216,Waverley,point_within,ONS Local Authority Districts (December 2024) Boundaries UK BGC
node,13011501312,City Plumbing,City Plumbing,52.1278907,-2.3017913,E07000235,Malvern Hills,point_within,ONS Local Authority Districts (December 2024) Boundaries UK BGC
way,101614711,City Plumbing,City Plumbing,53.6871784,-1.634198,E08000034,Kirklees,point_within,ONS Local Authority Districts (December 2024) Boundaries UK BGC
way,1060088097,City Plumbing,City Plumbing,51.2691425,0.5160516,E07000110,Maidstone,point_within,ONS Local Authority Districts (December 2024) Boundaries UK BGC
node,9578945021,City Plumbing,City Plumbing,51.0710167,-0.3141484,E07000227,Horsham,point_within,ONS Local Authority Districts (December 2024) Boundaries UK BGC
way,384177209,City Plumbing,City Plumbing,51.0103553,-3.1309917,E06000066,Somerset,point_within,ONS Local Authority Districts (December 2024) Boundaries UK BGC
way,534520218,City Plumbing,City Plumbing Supplies,51.0103667,-3.1311497,E06000066,Somerset,point_within,ONS Local Authority Districts (December 2024) Boundaries UK BGC
way,49798414,City Plumbing,City Plumbing,51.7391399,0.6819013,E07000074,Maldon,point_within,ONS Local Authority Districts (December 2024) Boundaries UK BGC
way,89898441,City Plumbing,City Plumbing,52.6164921,-1.1340893,E06000016,Leicester,point_within,ONS Local Authority Districts (December 2024) Boundaries UK BGC
node,13020708336,City Plumbing,City Plumbing,56.4155314,-3.4795185,S12000048,Perth and Kinross,point_within,ONS Local Authority Districts (December 2024) Boundaries UK BGC
way,946059009,City Plumbing,City Plumbing,51.8188593,-0.8295757,E06000060,Buckinghamshire,point_within,ONS Local Authority Districts (December 2024) Boundaries UK BGC
way,819258488,City Plumbing,City Plumbing,51.2012995,-0.8168744,E07000216,Waverley,point_within,ONS Local Authority Districts (December 2024) Boundaries UK BGC
node,6573180236,City Plumbing,City Plumbing Supplies,51.4359213,-0.9695689,E06000038,Reading,point_within,ONS Local Authority Districts (December 2024) Boundaries UK BGC
way,226608738,City Plumbing,City Plumbing Supplies,53.4300825,-1.3638937,E08000018,Rotherham,point_within,ONS Local Authority Districts (December 2024) Boundaries UK BGC
way,945814816,City Plumbing,City Plumbing,50.9545764,-0.1537716,E07000228,Mid Sussex,point_within,ONS Local Authority Districts (December 2024) Boundaries UK BGC
node,10862454809,City Plumbing,City Plumbing,52.7429444,-2.731559,E06000051,Shropshire,point_within,ONS Local Authority Districts (December 2024) Boundaries UK BGC
node,639977251,City Plumbing,City Plumbing,52.0041865,-0.7212412,E06000042,Milton Keynes,point_within,ONS Local Authority Districts (December 2024) Boundaries UK BGC
way,909281244,City Plumbing,City Plumbing,53.7133816,-1.3481181,E08000036,Wakefield,point_within,ONS Local Authority Districts (December 2024) Boundaries UK BGC
way,236051608,City Plumbing,City Plumbing,52.942481,-1.171013,E06000018,Nottingham,point_within,ONS Local Authority Districts (December 2024) Boundaries UK BGC
way,134250992,City Plumbing,City Plumbing Supplies,52.2328494,0.1348148,E07000008,Cambridge,point_within,ONS Local Authority Districts (December 2024) Boundaries UK BGC
way,470279535,City Plumbing,City Plumbing,52.2350878,-0.9154003,E06000062,West Northamptonshire,point_within,ONS Local Authority Districts (December 2024) Boundaries UK BGC
way,1061099690,City Plumbing,City Plumbing Supplies,50.8216898,-0.1235685,E06000043,Brighton and Hove,point_within,ONS Local Authority Districts (December 2024) Boundaries UK BGC
way,981388765,City Plumbing,City Plumbing,50.8286992,-0.3666888,E07000229,Worthing,point_within,ONS Local Authority Districts (December 2024) Boundaries UK BGC
way,377387989,City Plumbing,City Plumbing,52.4113883,-0.7383952,E06000061,North Northamptonshire,point_within,ONS Local Authority Districts (December 2024) Boundaries UK BGC
way,577289743,City Plumbing,City Plumbing,53.2174737,-4.1094457,W06000002,Gwynedd,point_within,ONS Local Authority Districts (December 2024) Boundaries UK BGC
node,12969276125,City Plumbing,City Plumbing,51.7383565,-1.1937007,E07000178,Oxford,point_within,ONS Local Authority Districts (December 2024) Boundaries UK BGC
way,653983374,City Plumbing,City Plumbing,51.3436823,-1.9797651,E06000054,Wiltshire,point_within,ONS Local Authority Districts (December 2024) Boundaries UK BGC
way,311990729,City Plumbing,City Plumbing,53.1309473,-1.1567448,E07000174,Mansfield,point_within,ONS Local Authority Districts (December 2024) Boundaries UK BGC
node,10955932168,City Plumbing,City Plumbing,51.7063546,-1.9635534,E07000079,Cotswold,point_within,ONS Local Authority Districts (December 2024) Boundaries UK BGC
node,9817747750,City Plumbing,City Plumbing,50.8031122,-0.6641515,E07000224,Arun,point_within,ONS Local Authority Districts (December 2024) Boundaries UK BGC
way,807942295,City Plumbing,City Plumbing,51.8480257,-4.3344672,W06000010,Carmarthenshire,point_within,ONS Local Authority Districts (December 2024) Boundaries UK BGC
way,576478699,City Plumbing,City Plumbing,51.0694185,-1.2962493,E07000094,Winchester,point_within,ONS Local Authority Districts (December 2024) Boundaries UK BGC
node,5679130433,City Plumbing,City Plumbing Supplies,53.9872224,-1.0977452,E06000014,York,point_within,ONS Local Authority Districts (December 2024) Boundaries UK BGC
way,1190467064,City Plumbing,City Plumbing,51.0930809,1.148833,E07000112,Folkestone and Hythe,point_within,ONS Local Authority Districts (December 2024) Boundaries UK BGC
way,1392068975,City Plumbing,City Plumbing,51.2114142,-1.5106209,E07000093,Test Valley,point_within,ONS Local Authority Districts (December 2024) Boundaries UK BGC
node,8250348684,City Plumbing,City Plumbing,51.3569877,1.4133735,E07000114,Thanet,point_within,ONS Local Authority Districts (December 2024) Boundaries UK BGC
node,502471206,City Plumbing,City Plumbing,54.1526986,-4.5005581,S12000006,Dumfries and Galloway,nearest_boundary,ONS Local Authority Districts (December 2024) Boundaries UK BGC
way,192359663,City Plumbing,City Plumbing,50.9232819,-1.3753928,E06000045,Southampton,point_within,ONS Local Authority Districts (December 2024) Boundaries UK BGC
way,241498280,City Plumbing,City Plumbing,50.9311536,-1.3844929,E06000045,Southampton,point_within,ONS Local Authority Districts (December 2024) Boundaries UK BGC
way,241498208,City Plumbing,City Plumbing,50.9309973,-1.3845623,E06000045,Southampton,point_within,ONS Local Authority Districts (December 2024) Boundaries UK BGC
node,612492334,City Plumbing,City Plumbing Supplies,50.9220694,-1.4457806,E06000045,Southampton,point_within,ONS Local Authority Districts (December 2024) Boundaries UK BGC
node,4095048295,City Plumbing,City Plumbing,50.7191955,-1.1562939,E06000046,Isle of Wight,point_within,ONS Local Authority Districts (December 2024) Boundaries UK BGC
way,713151544,City Plumbing,City Plumbing,52.3739274,1.1210957,E07000149,South Norfolk,point_within,ONS Local Authority Districts (December 2024) Boundaries UK BGC
way,1120983920,City Plumbing,City Plumbing,54.9221319,-2.9584953,E06000063,Cumberland,point_within,ONS Local Authority Districts (December 2024) Boundaries UK BGC
node,11212278011,City Plumbing,City Plumbing,50.7095603,-1.293404,E06000046,Isle of Wight,point_within,ONS Local Authority Districts (December 2024) Boundaries UK BGC
way,605867688,City Plumbing,City Plumbing,52.0790903,-4.6570785,W06000008,Ceredigion,point_within,ONS Local Authority Districts (December 2024) Boundaries UK BGC
way,1335089751,City Plumbing,City Plumbing,50.6394629,-4.3560565,E06000052,Cornwall,point_within,ONS Local Authority Districts (December 2024) Boundaries UK BGC
way,1420061396,City Plumbing,City Plumbing,50.7720346,-1.5493076,E07000091,New Forest,point_within,ONS Local Authority Districts (December 2024) Boundaries UK BGC
node,5448809343,City Plumbing,City Plumbing,50.7476154,-1.6650716,E07000091,New Forest,point_within,ONS Local Authority Districts (December 2024) Boundaries UK BGC
node,10757365115,City Plumbing,City Plumbing,52.6694976,0.9524524,E07000143,Breckland,point_within,ONS Local Authority Districts (December 2024) Boundaries UK BGC
way,40188909,City Plumbing,City Plumbing,50.3965491,-4.090473,E06000026,Plymouth,point_within,ONS Local Authority Districts (December 2024) Boundaries UK BGC
way,638271974,City Plumbing,City Plumbing Supplies,52.6034288,1.2876988,E07000148,Norwich,point_within,ONS Local Authority Districts (December 2024) Boundaries UK BGC
node,12673444913,City Plumbing,City Plumbing,53.5780279,-0.1105644,E06000012,North East Lincolnshire,point_within,ONS Local Authority Districts (December 2024) Boundaries UK BGC
node,4690343238,City Plumbing,City Plumbing Supplies,55.0041319,-1.4874865,E08000022,North Tyneside,point_within,ONS Local Authority Districts (December 2024) Boundaries UK BGC
way,81523209,City Plumbing,City Plumbing,53.2795042,-6.220501,N09000010,"Newry, Mourne and Down",nearest_boundary,ONS Local Authority Districts (December 2024) Boundaries UK BGC
node,12469374522,City Plumbing,City Plumbing Supplies,54.9918328,-1.435883,E08000023,South Tyneside,point_within,ONS Local Authority Districts (December 2024) Boundaries UK BGC
way,1050419341,City Plumbing,City Plumbing,52.4454645,1.7221328,E07000244,East Suffolk,point_within,ONS Local Authority Districts (December 2024) Boundaries UK BGC
node,10296628207,City Plumbing,City Plumbing Supplies,54.8046998,-1.5793179,E06000047,County Durham,point_within,ONS Local Authority Districts (December 2024) Boundaries UK BGC
way,178017001,City Plumbing,City Plumbing,50.3421743,-4.7533462,E06000052,Cornwall,point_within,ONS Local Authority Districts (December 2024) Boundaries UK BGC
node,11114721580,City Plumbing,City Plumbing,52.9274711,1.2849245,E07000147,North Norfolk,point_within,ONS Local Authority Districts (December 2024) Boundaries UK BGC
way,64962612,City Plumbing,City Plumbing,57.4863865,-4.223538,S12000017,Highland,point_within,ONS Local Authority Districts (December 2024) Boundaries UK BGC
way,1216123835,City Plumbing,City Plumbing,57.6458675,-3.298552,S12000020,Moray,point_within,ONS Local Authority Districts (December 2024) Boundaries UK BGC
way,27247470,Edmundson Electrical,Edmundson Electrical,55.8519076,-4.2740742,S12000049,Glasgow City,point_within,ONS Local Authority Districts (December 2024) Boundaries UK BGC
node,4683294966,Edmundson Electrical,Edmundson Electrical,51.5215075,0.0033738,E09000025,Newham,point_within,ONS Local Authority Districts (December 2024) Boundaries UK BGC
node,8471018451,Edmundson Electrical,Edmundson Electrical,51.5240516,-0.2316065,E09000013,Hammersmith and Fulham,point_within,ONS Local Authority Districts (December 2024) Boundaries UK BGC
way,1302097909,Edmundson Electrical,Edmundson Electrical,52.546846,-2.0331168,E08000028,Sandwell,point_within,ONS Local Authority Districts (December 2024) Boundaries UK BGC
way,61123206,Edmundson Electrical,Edmundson Electrical,55.9232851,-3.3024674,S12000036,City of Edinburgh,point_within,ONS Local Authority Districts (December 2024) Boundaries UK BGC
node,8689119716,Edmundson Electrical,Edmundson Electrical,51.4096992,-0.187642,E09000024,Merton,point_within,ONS Local Authority Districts (December 2024) Boundaries UK BGC
node,13312254415,Edmundson Electrical,Edmundson Electrical,53.548212,-2.1294805,E08000004,Oldham,point_within,ONS Local Authority Districts (December 2024) Boundaries UK BGC
way,169139781,Edmundson Electrical,Edmundson Electrical,53.5698737,-2.4207254,E08000001,Bolton,point_within,ONS Local Authority Districts (December 2024) Boundaries UK BGC
node,12496605516,Edmundson Electrical,Edmundson Electrical,53.54592,-2.0967634,E08000004,Oldham,point_within,ONS Local Authority Districts (December 2024) Boundaries UK BGC
node,12713270372,Edmundson Electrical,Edmundson Electrical,51.5994718,-2.9956902,W06000022,Newport,point_within,ONS Local Authority Districts (December 2024) Boundaries UK BGC
node,10905436957,Edmundson Electrical,Edmundson Electrical,51.5914197,-0.3279693,E09000015,Harrow,point_within,ONS Local Authority Districts (December 2024) Boundaries UK BGC
way,560294445,Edmundson Electrical,Edmundson Electrical,53.3059021,-2.3753119,E06000049,Cheshire East,point_within,ONS Local Authority Districts (December 2024) Boundaries UK BGC
way,412156213,Edmundson Electrical,Edmundson Electrical,52.6419634,-1.7149412,E07000199,Tamworth,point_within,ONS Local Authority Districts (December 2024) Boundaries UK BGC
way,1127870751,Edmundson Electrical,Edmundson Electrical,51.4176638,-0.426661,E07000213,Spelthorne,point_within,ONS Local Authority Districts (December 2024) Boundaries UK BGC
node,13041121534,Edmundson Electrical,Edmundson Electrical,51.35003,-0.4747545,E07000207,Elmbridge,point_within,ONS Local Authority Districts (December 2024) Boundaries UK BGC
way,988003712,Edmundson Electrical,Edmundson Electrical,51.4434206,0.357904,E07000109,Gravesham,point_within,ONS Local Authority Districts (December 2024) Boundaries UK BGC
way,1339321096,Edmundson Electrical,Edmundson Electrical,51.8724906,0.1780172,E07000242,East Hertfordshire,point_within,ONS Local Authority Districts (December 2024) Boundaries UK BGC
way,537466402,Edmundson Electrical,Edmundson Electrical,53.2026314,-2.4997093,E06000050,Cheshire West and Chester,point_within,ONS Local Authority Districts (December 2024) Boundaries UK BGC
way,1495598194,Edmundson Electrical,Edmundson Electrical,53.6389109,-1.7802745,E08000034,Kirklees,point_within,ONS Local Authority Districts (December 2024) Boundaries UK BGC
way,706670912,Edmundson Electrical,Edmundson Electrical,51.8848233,-0.4510436,E06000032,Luton,point_within,ONS Local Authority Districts (December 2024) Boundaries UK BGC
way,68282129,Edmundson Electrical,Edmundson Electrical,51.7492647,0.5192309,E07000070,Chelmsford,point_within,ONS Local Authority Districts (December 2024) Boundaries UK BGC
node,13040286745,Edmundson Electrical,Edmundson Electrical,51.1274806,-0.1836319,E07000226,Crawley,point_within,ONS Local Authority Districts (December 2024) Boundaries UK BGC
way,891058547,Edmundson Electrical,Edmundson Electrical,51.5668239,0.6433838,E06000033,Southend-on-Sea,point_within,ONS Local Authority Districts (December 2024) Boundaries UK BGC
node,5312202563,Edmundson Electrical,Edmundson Electrical,51.3625317,0.5750871,E06000035,Medway,point_within,ONS Local Authority Districts (December 2024) Boundaries UK BGC
way,409117763,Edmundson Electrical,Edmundson Electrical,52.6150467,-1.1315546,E06000016,Leicester,point_within,ONS Local Authority Districts (December 2024) Boundaries UK BGC
way,614493799,Edmundson Electrical,Edmundson Electrical,52.900295,-1.4551459,E06000015,Derby,point_within,ONS Local Authority Districts (December 2024) Boundaries UK BGC
way,914496412,Edmundson Electrical,Edmundson Electrical,56.4174347,-3.4584447,S12000048,Perth and Kinross,point_within,ONS Local Authority Districts (December 2024) Boundaries UK BGC
way,131191121,Edmundson Electrical,Edmundson Electrical,53.7859663,-1.55035,E08000035,Leeds,point_within,ONS Local Authority Districts (December 2024) Boundaries UK BGC
way,378333929,Edmundson Electrical,Edmundson Electrical,51.4623392,-0.9881737,E06000038,Reading,point_within,ONS Local Authority Districts (December 2024) Boundaries UK BGC
node,10862450582,Edmundson Electrical,Edmundson Electrical,52.7427601,-2.7309861,E06000051,Shropshire,point_within,ONS Local Authority Districts (December 2024) Boundaries UK BGC
node,1969962920,Edmundson Electrical,Edmundson Electrical,52.1913066,0.1387815,E07000008,Cambridge,point_within,ONS Local Authority Districts (December 2024) Boundaries UK BGC
node,12673949081,Edmundson Electrical,Edmundson Electrical,52.2070427,0.1492836,E07000008,Cambridge,point_within,ONS Local Authority Districts (December 2024) Boundaries UK BGC
way,704865323,Edmundson Electrical,Edmundson Electrical,52.2400919,-0.9313372,E06000062,West Northamptonshire,point_within,ONS Local Authority Districts (December 2024) Boundaries UK BGC
way,239871208,Edmundson Electrical,Edmundson Electrical,52.9458237,-1.125773,E06000018,Nottingham,point_within,ONS Local Authority Districts (December 2024) Boundaries UK BGC
node,11352356827,Edmundson Electrical,Edmundson Electrical,51.8665132,-2.209066,E07000081,Gloucester,point_within,ONS Local Authority Districts (December 2024) Boundaries UK BGC
way,146384618,Edmundson Electrical,Edmundson Electrical,52.0519223,0.737285,E07000200,Babergh,point_within,ONS Local Authority Districts (December 2024) Boundaries UK BGC
way,942721543,Edmundson Electrical,Edmundson Electrical,52.405323,-0.7429802,E06000061,North Northamptonshire,point_within,ONS Local Authority Districts (December 2024) Boundaries UK BGC
way,849753034,Edmundson Electrical,Edmundson Electrical,51.1312113,0.8924496,E07000105,Ashford,point_within,ONS Local Authority Districts (December 2024) Boundaries UK BGC
way,746154055,Edmundson Electrical,Edmundson Electrical,51.8938682,-1.1482813,E07000177,Cherwell,point_within,ONS Local Authority Districts (December 2024) Boundaries UK BGC
way,301069467,Edmundson Electrical,Edmundson Electrical,53.2027929,-4.1796324,W06000002,Gwynedd,point_within,ONS Local Authority Districts (December 2024) Boundaries UK BGC
way,41382872,Edmundson Electrical,Edmundson Electrical,51.7470072,-1.2753481,E07000178,Oxford,point_within,ONS Local Authority Districts (December 2024) Boundaries UK BGC
node,12327754551,Edmundson Electrical,Edmundson Electrical,51.2913768,1.0985717,E07000106,Canterbury,point_within,ONS Local Authority Districts (December 2024) Boundaries UK BGC
way,169564859,Edmundson Electrical,Edmundson Electrical,53.9580878,-1.0675151,E06000014,York,point_within,ONS Local Authority Districts (December 2024) Boundaries UK BGC
node,11898866821,Edmundson Electrical,Edmundson Electrical,52.5036831,-3.3394916,W06000023,Powys,point_within,ONS Local Authority Districts (December 2024) Boundaries UK BGC
node,4392499778,Edmundson Electrical,Edmundson Electrical,51.2125515,-1.4761611,E07000093,Test Valley,point_within,ONS Local Authority Districts (December 2024) Boundaries UK BGC
way,354487574,Edmundson Electrical,Edmundson Electrical,54.3453304,-2.739269,E06000064,Westmorland and Furness,point_within,ONS Local Authority Districts (December 2024) Boundaries UK BGC
way,60705584,Edmundson Electrical,Edmundson Electrical,54.1490332,-4.5008192,S12000006,Dumfries and Galloway,nearest_boundary,ONS Local Authority Districts (December 2024) Boundaries UK BGC
way,89177499,Edmundson Electrical,Edmundson Electrical,52.5782868,-0.2061713,E06000031,Peterborough,point_within,ONS Local Authority Districts (December 2024) Boundaries UK BGC
way,333572809,Edmundson Electrical,Edmundson Electrical,54.8911284,-2.9452623,E06000063,Cumberland,point_within,ONS Local Authority Districts (December 2024) Boundaries UK BGC
node,11403376425,Edmundson Electrical,Edmundson Electrical,50.7275599,-1.8548371,E06000058,"Bournemouth, Christchurch and Poole",point_within,ONS Local Authority Districts (December 2024) Boundaries UK BGC
way,344381481,Edmundson Electrical,Edmundson Electrical,52.5666517,1.1192564,E07000149,South Norfolk,point_within,ONS Local Authority Districts (December 2024) Boundaries UK BGC
way,638006013,Edmundson Electrical,Edmundson Electrical,50.3682142,-4.1603962,E06000026,Plymouth,point_within,ONS Local Authority Districts (December 2024) Boundaries UK BGC
node,11936899772,Edmundson Electrical,Edmundson Electrical,53.5752863,-0.0976344,E06000012,North East Lincolnshire,point_within,ONS Local Authority Districts (December 2024) Boundaries UK BGC
way,629576018,Edmundson Electrical,Edmundson Electrical,52.6517749,1.2603747,E07000144,Broadland,point_within,ONS Local Authority Districts (December 2024) Boundaries UK BGC
way,148105617,Edmundson Electrical,Edmundson Electrical,52.4868339,1.7157093,E07000244,East Suffolk,point_within,ONS Local Authority Districts (December 2024) Boundaries UK BGC
way,243481327,Edmundson Electrical,Edmundson Electrical,52.5914274,1.7082403,E07000145,Great Yarmouth,point_within,ONS Local Authority Districts (December 2024) Boundaries UK BGC
node,5799646931,Edmundson Electrical,Edmundson Electrical,52.6575549,-8.6414409,N09000006,Fermanagh and Omagh,nearest_boundary,ONS Local Authority Districts (December 2024) Boundaries UK BGC
node,12140884156,Howdens,Howdens Joinery,55.8534154,-4.2736432,S12000049,Glasgow City,point_within,ONS Local Authority Districts (December 2024) Boundaries UK BGC
node,10688379200,Howdens,Howdens Joinery,55.9657381,-3.1331726,S12000036,City of Edinburgh,point_within,ONS Local Authority Districts (December 2024) Boundaries UK BGC
node,12753214146,Howdens,Howdens Joinery,51.4802537,-3.1539025,W06000015,Cardiff,point_within,ONS Local Authority Districts (December 2024) Boundaries UK BGC
node,13470467105,Howdens,Howdens Joinery,53.4793754,-2.2950217,E08000006,Salford,point_within,ONS Local Authority Districts (December 2024) Boundaries UK BGC
way,83709822,Howdens,Howdens Joinery,52.5030526,-1.8727642,E08000025,Birmingham,point_within,ONS Local Authority Districts (December 2024) Boundaries UK BGC
node,4132075925,Howdens,Howdens Joinery,51.5907202,-0.0407328,E09000031,Waltham Forest,point_within,ONS Local Authority Districts (December 2024) Boundaries UK BGC
node,11212395502,Howdens,Howdens Joinery,55.8509552,-4.2305458,S12000049,Glasgow City,point_within,ONS Local Authority Districts (December 2024) Boundaries UK BGC
way,316250880,Howdens,Howdens Joinery,55.8288375,-4.2977187,S12000049,Glasgow City,point_within,ONS Local Authority Districts (December 2024) Boundaries UK BGC
way,542369869,Howdens,Howdens Joinery,51.6096975,-0.0024731,E09000031,Waltham Forest,point_within,ONS Local Authority Districts (December 2024) Boundaries UK BGC
node,5058306309,Howdens,Howdens Joinery,55.8792658,-4.2550584,S12000049,Glasgow City,point_within,ONS Local Authority Districts (December 2024) Boundaries UK BGC
node,4228173694,Howdens,Howdens Joinery,55.9735162,-3.1821427,S12000036,City of Edinburgh,point_within,ONS Local Authority Districts (December 2024) Boundaries UK BGC
way,28826808,Howdens,Howdens Joinery,55.9348439,-3.1438086,S12000036,City of Edinburgh,point_within,ONS Local Authority Districts (December 2024) Boundaries UK BGC
way,1296208901,Howdens,Howdens Joinery,51.4834451,-0.0611988,E09000028,Southwark,point_within,ONS Local Authority Districts (December 2024) Boundaries UK BGC
node,3405047136,Howdens,Howdens Joinery,51.5356543,-0.1171356,E09000019,Islington,point_within,ONS Local Authority Districts (December 2024) Boundaries UK BGC
node,13690946970,Howdens,Howdens Joinery,55.9381258,-3.0798091,S12000010,East Lothian,point_within,ONS Local Authority Districts (December 2024) Boundaries UK BGC
way,89634893,Howdens,Howdens Joinery,52.5306048,-1.910137,E08000025,Birmingham,point_within,ONS Local Authority Districts (December 2024) Boundaries UK BGC
way,157731332,Howdens,Howdens Joinery,53.3765804,-3.0107561,E08000015,Wirral,point_within,ONS Local Authority Districts (December 2024) Boundaries UK BGC
way,837838757,Howdens,Howdens Joinery,51.4584498,-0.1273995,E09000022,Lambeth,point_within,ONS Local Authority Districts (December 2024) Boundaries UK BGC
way,533899638,Howdens,Howdens Joinery,51.5844993,-0.1117298,E09000014,Haringey,point_within,ONS Local Authority Districts (December 2024) Boundaries UK BGC
node,7467419139,Howdens,Howdens Joinery,53.5176955,-2.2739857,E08000002,Bury,point_within,ONS Local Authority Districts (December 2024) Boundaries UK BGC
node,8047557070,Howdens,Howdens Joinery,51.5500496,-0.1426868,E09000007,Camden,point_within,ONS Local Authority Districts (December 2024) Boundaries UK BGC
node,12139597182,Howdens,Howdens Joinery,51.5225897,-3.1944481,W06000015,Cardiff,point_within,ONS Local Authority Districts (December 2024) Boundaries UK BGC
way,58780040,Howdens,Howdens Joinery,52.4455824,-1.8408381,E08000025,Birmingham,point_within,ONS Local Authority Districts (December 2024) Boundaries UK BGC
way,1376497160,Howdens,Howdens Joinery,52.5124733,-1.977521,E08000028,Sandwell,point_within,ONS Local Authority Districts (December 2024) Boundaries UK BGC
way,1376497171,Howdens,Howdens Joinery,52.512184,-1.9778066,E08000028,Sandwell,point_within,ONS Local Authority Districts (December 2024) Boundaries UK BGC
node,10707936801,Howdens,Howdens Joinery,51.5920759,0.0410731,E09000026,Redbridge,point_within,ONS Local Authority Districts (December 2024) Boundaries UK BGC
way,952569816,Howdens,Howdens Joinery,51.5351567,-0.0211086,E09000030,Tower Hamlets,point_within,ONS Local Authority Districts (December 2024) Boundaries UK BGC
node,10995814154,Howdens,Howdens,51.6201247,-0.1416308,E09000003,Barnet,point_within,ONS Local Authority Districts (December 2024) Boundaries UK BGC
way,1420735154,Howdens,Howdens Joinery,51.4454083,-0.1437005,E09000022,Lambeth,point_within,ONS Local Authority Districts (December 2024) Boundaries UK BGC
node,4009572996,Howdens,Howdens Joinery,55.9380343,-3.237788,S12000036,City of Edinburgh,point_within,ONS Local Authority Districts (December 2024) Boundaries UK BGC
way,58709545,Howdens,Howdens Joinery,52.474059,-1.7762929,E08000025,Birmingham,point_within,ONS Local Authority Districts (December 2024) Boundaries UK BGC
way,238696718,Howdens,Howdens Joinery,52.5295367,-1.7788438,E08000025,Birmingham,point_within,ONS Local Authority Districts (December 2024) Boundaries UK BGC
way,1108496128,Howdens,Howdens Joinery,51.4907016,0.0259684,E09000011,Greenwich,point_within,ONS Local Authority Districts (December 2024) Boundaries UK BGC
way,490082511,Howdens,Howdens Joinery,51.6187744,-0.1793317,E09000003,Barnet,point_within,ONS Local Authority Districts (December 2024) Boundaries UK BGC
way,232941116,Howdens,Howdens Joinery,51.4118778,-3.2461376,W06000014,Vale of Glamorgan,point_within,ONS Local Authority Districts (December 2024) Boundaries UK BGC
node,8465366019,Howdens,Howdens Joinery,51.5290081,-0.2445563,E09000013,Hammersmith and Fulham,point_within,ONS Local Authority Districts (December 2024) Boundaries UK BGC
way,1156329836,Howdens,Howdens Joinery,51.5606303,0.0837447,E09000026,Redbridge,point_within,ONS Local Authority Districts (December 2024) Boundaries UK BGC
way,313914297,Howdens,Howdens,55.9277076,-3.2960227,S12000036,City of Edinburgh,point_within,ONS Local Authority Districts (December 2024) Boundaries UK BGC
way,313914300,Howdens,Howdens Joinery,55.9270655,-3.2961635,S12000036,City of Edinburgh,point_within,ONS Local Authority Districts (December 2024) Boundaries UK BGC
node,11184464385,Howdens,Howdens Joinery,53.5237683,-2.1420922,E08000004,Oldham,point_within,ONS Local Authority Districts (December 2024) Boundaries UK BGC
way,146834212,Howdens,Howdens Joinery,51.6545005,-0.1963604,E09000003,Barnet,point_within,ONS Local Authority Districts (December 2024) Boundaries UK BGC
node,11397680925,Howdens,Howdens Joinery,51.4132457,-0.1946845,E09000024,Merton,point_within,ONS Local Authority Districts (December 2024) Boundaries UK BGC
way,680977668,Howdens,Howdens Joinery,52.515793,-2.0670344,E08000027,Dudley,point_within,ONS Local Authority Districts (December 2024) Boundaries UK BGC
way,965750892,Howdens,Howdens Joinery,51.4113525,0.0135328,E09000006,Bromley,point_within,ONS Local Authority Districts (December 2024) Boundaries UK BGC
way,198926006,Howdens,Howdens Joinery,51.6106347,-0.2450012,E09000003,Barnet,point_within,ONS Local Authority Districts (December 2024) Boundaries UK BGC
way,231989308,Howdens,Howdens Joinery,52.3822095,-1.9886271,E07000234,Bromsgrove,point_within,ONS Local Authority Districts (December 2024) Boundaries UK BGC
way,237035230,Howdens,Howdens Joinery,53.3009222,-3.0568492,E06000050,Cheshire West and Chester,point_within,ONS Local Authority Districts (December 2024) Boundaries UK BGC
node,9272690176,Howdens,Howdens Joinery,51.568692,-3.003993,W06000022,Newport,point_within,ONS Local Authority Districts (December 2024) Boundaries UK BGC
node,11341045990,Howdens,Howdens Joinery,53.5485914,-2.1009512,E08000004,Oldham,point_within,ONS Local Authority Districts (December 2024) Boundaries UK BGC
way,24547012,Howdens,Howdens Joinery,51.3836612,-0.2238046,E09000024,Merton,point_within,ONS Local Authority Districts (December 2024) Boundaries UK BGC
way,42255069,Howdens,Howdens Joinery,53.3600149,-2.7364693,E06000006,Halton,point_within,ONS Local Authority Districts (December 2024) Boundaries UK BGC
way,506573346,Howdens,Howdens Joinery,53.5807114,-2.4365903,E08000001,Bolton,point_within,ONS Local Authority Districts (December 2024) Boundaries UK BGC
way,1452752878,Howdens,Howdens Joinery,51.7627839,0.0034406,E07000095,Broxbourne,point_within,ONS Local Authority Districts (December 2024) Boundaries UK BGC
way,220382053,Howdens,Howdens Joinery,51.54696,-0.3453225,E09000009,Ealing,point_within,ONS Local Authority Districts (December 2024) Boundaries UK BGC
way,326208021,Howdens,Howdens Joinery,51.5060554,-0.3567615,E09000009,Ealing,point_within,ONS Local Authority Districts (December 2024) Boundaries UK BGC
node,9876886815,Howdens,Howdens Joinery,51.5728627,-2.9471201,W06000022,Newport,point_within,ONS Local Authority Districts (December 2024) Boundaries UK BGC
node,11371012832,Howdens,Howdens Joinery,53.6107025,-2.1472922,E08000005,Rochdale,point_within,ONS Local Authority Districts (December 2024) Boundaries UK BGC
way,807643633,Howdens,Howdens,51.7402065,-0.2171567,E07000241,Welwyn Hatfield,point_within,ONS Local Authority Districts (December 2024) Boundaries UK BGC
way,684606484,Howdens,Howdens,56.0377771,-3.4039713,S12000047,Fife,point_within,ONS Local Authority Districts (December 2024) Boundaries UK BGC
way,309086393,Howdens,Howdens Joinery,53.5729176,-2.8775362,E07000127,West Lancashire,point_within,ONS Local Authority Districts (December 2024) Boundaries UK BGC
node,9904482733,Howdens,Howdens Joinery,53.3969985,-2.5422921,E06000007,Warrington,point_within,ONS Local Authority Districts (December 2024) Boundaries UK BGC
way,28498341,Howdens,Howdens Joinery,51.3951812,0.1123982,E09000006,Bromley,point_within,ONS Local Authority Districts (December 2024) Boundaries UK BGC
way,135165351,Howdens,Howdens Joinery,52.6079011,-1.6754927,E07000199,Tamworth,point_within,ONS Local Authority Districts (December 2024) Boundaries UK BGC
node,10549102358,Howdens,Howdens Joinery,51.3164822,-0.0853341,E09000008,Croydon,point_within,ONS Local Authority Districts (December 2024) Boundaries UK BGC
node,10048842447,Howdens,Howdens Joinery,51.8028972,-0.0619518,E07000242,East Hertfordshire,point_within,ONS Local Authority Districts (December 2024) Boundaries UK BGC
node,11377566864,Howdens,Howdens Joinery,52.3181375,-2.0595412,E07000234,Bromsgrove,point_within,ONS Local Authority Districts (December 2024) Boundaries UK BGC
node,11909846654,Howdens,Howdens Joinery,53.3831867,-2.5994587,E06000007,Warrington,point_within,ONS Local Authority Districts (December 2024) Boundaries UK BGC
node,11731210650,Howdens,Howdens Joinery,53.5951155,-2.5668526,E08000001,Bolton,point_within,ONS Local Authority Districts (December 2024) Boundaries UK BGC
node,2218496216,Howdens,Howdens Joinery,51.8039449,-0.198891,E07000241,Welwyn Hatfield,point_within,ONS Local Authority Districts (December 2024) Boundaries UK BGC
node,6315901188,Howdens,Howdens Joinery,51.3899958,0.1899629,E07000111,Sevenoaks,point_within,ONS Local Authority Districts (December 2024) Boundaries UK BGC
node,12846567938,Howdens,Howdens Joinery,55.9764644,-3.9526704,S12000050,North Lanarkshire,point_within,ONS Local Authority Districts (December 2024) Boundaries UK BGC
way,56818355,Howdens,Howdens Joinery,52.4027933,-1.5600779,E08000026,Coventry,point_within,ONS Local Authority Districts (December 2024) Boundaries UK BGC
node,11854176996,Howdens,Howdens,56.1866349,-3.1509893,S12000047,Fife,point_within,ONS Local Authority Districts (December 2024) Boundaries UK BGC
way,123817250,Howdens,Howdens Joinery,51.6683558,-0.393156,E07000103,Watford,point_within,ONS Local Authority Districts (December 2024) Boundaries UK BGC
node,13160200607,Howdens,Howdens Joinery,53.7023448,-2.3297212,E07000125,Rossendale,point_within,ONS Local Authority Districts (December 2024) Boundaries UK BGC
node,11943419148,Howdens,Howdens,52.4317653,-1.5056326,E08000026,Coventry,point_within,ONS Local Authority Districts (December 2024) Boundaries UK BGC
way,267599622,Howdens,Howdens Joinery,52.3434575,-1.5718219,E07000222,Warwick,point_within,ONS Local Authority Districts (December 2024) Boundaries UK BGC
way,264312582,Howdens,Howdens Joinery,51.5006049,-3.550891,W06000013,Bridgend,point_within,ONS Local Authority Districts (December 2024) Boundaries UK BGC
way,63703222,Howdens,Howdens Joinery,52.3757799,-2.250825,E07000239,Wyre Forest,point_within,ONS Local Authority Districts (December 2024) Boundaries UK BGC
way,320254405,Howdens,Howdens Joinery,55.7428055,-3.8464223,S12000029,South Lanarkshire,point_within,ONS Local Authority Districts (December 2024) Boundaries UK BGC
node,8334001530,Howdens,Howdens Joinery,53.2017157,-2.3481085,E06000049,Cheshire East,point_within,ONS Local Authority Districts (December 2024) Boundaries UK BGC
node,3274641719,Howdens,Howdens Joinery,51.3694514,-0.4760322,E07000212,Runnymede,point_within,ONS Local Authority Districts (December 2024) Boundaries UK BGC
way,1453992316,Howdens,Howdens Joinery,51.2294687,-2.9607439,E06000066,Somerset,point_within,ONS Local Authority Districts (December 2024) Boundaries UK BGC
way,1090218859,Howdens,Howdens Joinery,53.6527918,-2.6241294,E07000118,Chorley,point_within,ONS Local Authority Districts (December 2024) Boundaries UK BGC
node,13041121532,Howdens,Howdens Joinery,51.3502467,-0.4747166,E07000207,Elmbridge,point_within,ONS Local Authority Districts (December 2024) Boundaries UK BGC
node,13740428017,Howdens,Howdens Joinery,51.2900613,0.1952974,E07000111,Sevenoaks,point_within,ONS Local Authority Districts (December 2024) Boundaries UK BGC
node,12985709168,Howdens,Howdens Joinery,51.414711,-0.5336303,E07000212,Runnymede,point_within,ONS Local Authority Districts (December 2024) Boundaries UK BGC
way,501024851,Howdens,Howdens Joinery Ltd,52.3925484,-1.4439377,E08000026,Coventry,point_within,ONS Local Authority Districts (December 2024) Boundaries UK BGC
way,106545886,Howdens,Howdens Joinery,51.4977078,-2.687915,E06000023,"Bristol, City of",point_within,ONS Local Authority Districts (December 2024) Boundaries UK BGC
way,91239615,Howdens,Howdens Joinery,51.4442106,0.3571901,E07000109,Gravesham,point_within,ONS Local Authority Districts (December 2024) Boundaries UK BGC
way,1339321058,Howdens,Howdens Joinery,51.870419,0.1772999,E07000242,East Hertfordshire,point_within,ONS Local Authority Districts (December 2024) Boundaries UK BGC
way,1339321059,Howdens,Howdens Joinery,51.8705243,0.177099,E07000242,East Hertfordshire,point_within,ONS Local Authority Districts (December 2024) Boundaries UK BGC
way,1128437815,Howdens,Howdens Joinery,51.8895419,-0.204993,E07000243,Stevenage,point_within,ONS Local Authority Districts (December 2024) Boundaries UK BGC
way,323000494,Howdens,Howdens Joinery,53.2035407,-2.4985684,E06000050,Cheshire West and Chester,point_within,ONS Local Authority Districts (December 2024) Boundaries UK BGC
node,12208822931,Howdens,Howdens Joinery,53.1730315,-2.2234629,E06000049,Cheshire East,point_within,ONS Local Authority Districts (December 2024) Boundaries UK BGC
node,11195751913,Howdens,Howdens Joinery,51.4191455,0.357511,E07000109,Gravesham,point_within,ONS Local Authority Districts (December 2024) Boundaries UK BGC
node,4500465782,Howdens,Howdens Joinery,54.8510313,-6.2561716,N09000008,Mid and East Antrim,point_within,ONS Local Authority Districts (December 2024) Boundaries UK BGC
way,416724266,Howdens,Howdens Joinery,56.0217455,-3.8311379,S12000014,Falkirk,point_within,ONS Local Authority Districts (December 2024) Boundaries UK BGC
way,327123642,Howdens,Howdens Joinery,52.2721163,-1.5512473,E07000222,Warwick,point_within,ONS Local Authority Districts (December 2024) Boundaries UK BGC
way,5314653,Howdens,Howdens Joinery,53.7593058,-2.4468638,E07000120,Hyndburn,point_within,ONS Local Authority Districts (December 2024) Boundaries UK BGC
way,1352784985,Howdens,Howdens Joinery,51.5821596,0.4486085,E07000066,Basildon,point_within,ONS Local Authority Districts (December 2024) Boundaries UK BGC
node,13720472253,Howdens,Howdens Joinery,51.2070564,0.0630615,E07000111,Sevenoaks,point_within,ONS Local Authority Districts (December 2024) Boundaries UK BGC
node,12833442447,Howdens,Howdens,53.6974814,-2.7284342,E07000126,South Ribble,point_within,ONS Local Authority Districts (December 2024) Boundaries UK BGC
way,1313578328,Howdens,Howdens Joinery,51.5210966,-0.6171895,E06000039,Slough,point_within,ONS Local Authority Districts (December 2024) Boundaries UK BGC
way,76110857,Howdens,Howdens Joinery,56.0108813,-3.7703239,S12000014,Falkirk,point_within,ONS Local Authority Districts (December 2024) Boundaries UK BGC
node,3778736299,Howdens,Howdens Joinery,53.3121876,-3.4819915,W06000004,Denbighshire,point_within,ONS Local Authority Districts (December 2024) Boundaries UK BGC
node,11396916767,Howdens,Howdens Joinery,53.6014753,-1.7806637,E08000034,Kirklees,point_within,ONS Local Authority Districts (December 2024) Boundaries UK BGC
way,1150761114,Howdens,Howdens Joinery,51.724229,0.4525642,E07000070,Chelmsford,point_within,ONS Local Authority Districts (December 2024) Boundaries UK BGC
way,1495598195,Howdens,Howdens Joinery,53.6388889,-1.7806858,E08000034,Kirklees,point_within,ONS Local Authority Districts (December 2024) Boundaries UK BGC
way,152193240,Howdens,Howdens Joinery,53.1939691,-3.4100981,W06000004,Denbighshire,point_within,ONS Local Authority Districts (December 2024) Boundaries UK BGC
way,628405358,Howdens,Howdens Joinery,51.4152138,-2.6105392,E06000023,"Bristol, City of",point_within,ONS Local Authority Districts (December 2024) Boundaries UK BGC
way,210612974,Howdens,Howdens Joinery,55.9924016,-2.5097428,S12000010,East Lothian,point_within,ONS Local Authority Districts (December 2024) Boundaries UK BGC
way,148218891,Howdens,Howdens Joinery,51.1383893,-2.9969909,E06000066,Somerset,point_within,ONS Local Authority Districts (December 2024) Boundaries UK BGC
way,266741810,Howdens,Howdens Joinery,52.1945575,-2.2059384,E07000237,Worcester,point_within,ONS Local Authority Districts (December 2024) Boundaries UK BGC
way,202097131,Howdens,Howdens Joinery,53.7260408,-1.8709966,E08000033,Calderdale,point_within,ONS Local Authority Districts (December 2024) Boundaries UK BGC
way,804949191,Howdens,Howdens Joinery,52.8251637,-2.1130254,E07000197,Stafford,point_within,ONS Local Authority Districts (December 2024) Boundaries UK BGC
way,93166525,Howdens,Howdens Joinery,51.7411045,0.5041294,E07000070,Chelmsford,point_within,ONS Local Authority Districts (December 2024) Boundaries UK BGC
node,10994628711,Howdens,Howdens Joinery,56.3228774,-2.9930344,S12000047,Fife,point_within,ONS Local Authority Districts (December 2024) Boundaries UK BGC
way,23687349,Howdens,Howdens Joinery,51.1360799,-0.1694152,E07000226,Crawley,point_within,ONS Local Authority Districts (December 2024) Boundaries UK BGC
way,82137359,Howdens,Howdens Joinery,51.5079485,-2.5618551,E06000025,South Gloucestershire,point_within,ONS Local Authority Districts (December 2024) Boundaries UK BGC
node,8423395820,Howdens,Howdens Joinery,51.1354132,-0.0353391,E07000228,Mid Sussex,point_within,ONS Local Authority Districts (December 2024) Boundaries UK BGC
way,1032019450,Howdens,Howdens Joinery,53.6980907,-1.7777866,E08000033,Calderdale,point_within,ONS Local Authority Districts (December 2024) Boundaries UK BGC
node,11951587282,Howdens,Howdens,53.84616,-2.2150971,E07000122,Pendle,point_within,ONS Local Authority Districts (December 2024) Boundaries UK BGC
way,60623690,Howdens,Howdens Joinery,51.2615295,-0.572352,E07000209,Guildford,point_within,ONS Local Authority Districts (December 2024) Boundaries UK BGC
node,12198482548,Howdens,Howdens Joinery,53.0875166,-2.4277695,E06000049,Cheshire East,point_within,ONS Local Authority Districts (December 2024) Boundaries UK BGC
node,5842563822,Howdens,Howdens Joinery,51.6216969,-0.7240704,E06000060,Buckinghamshire,point_within,ONS Local Authority Districts (December 2024) Boundaries UK BGC
way,371772239,Howdens,Howdens Joinery,55.6084898,-2.7875744,S12000026,Scottish Borders,point_within,ONS Local Authority Districts (December 2024) Boundaries UK BGC
way,341220338,Howdens,Howdens Joinery,53.8691388,-2.3899687,E07000124,Ribble Valley,point_within,ONS Local Authority Districts (December 2024) Boundaries UK BGC
way,414215520,Howdens,Howdens Joinery,52.9020613,-1.854673,E07000193,East Staffordshire,point_within,ONS Local Authority Districts (December 2024) Boundaries UK BGC
node,5596870605,Howdens,Howdens Joinery,51.4148662,-0.7621544,E06000036,Bracknell Forest,point_within,ONS Local Authority Districts (December 2024) Boundaries UK BGC
way,337671586,Howdens,Howdens Joinery,53.0466938,-2.2448951,E07000195,Newcastle-under-Lyme,point_within,ONS Local Authority Districts (December 2024) Boundaries UK BGC
node,9756926954,Howdens,Howdens Joinery,53.8350651,-3.0268851,E06000009,Blackpool,point_within,ONS Local Authority Districts (December 2024) Boundaries UK BGC
way,904808875,Howdens,Howdens Joinery,51.1412411,-2.7346377,E06000066,Somerset,point_within,ONS Local Authority Districts (December 2024) Boundaries UK BGC
way,480054720,Howdens,Howdens,51.1538317,0.2872815,E07000116,Tunbridge Wells,point_within,ONS Local Authority Districts (December 2024) Boundaries UK BGC
way,480054719,Howdens,Howdens Joinery,51.1537043,0.287128,E07000116,Tunbridge Wells,point_within,ONS Local Authority Districts (December 2024) Boundaries UK BGC
way,1348312303,Howdens,Howdens Joinery,51.1508786,-0.5031043,E07000216,Waverley,point_within,ONS Local Authority Districts (December 2024) Boundaries UK BGC
way,1348312301,Howdens,Howdens Joinery,51.150872,-0.5035343,E07000216,Waverley,point_within,ONS Local Authority Districts (December 2024) Boundaries UK BGC
way,255387777,Howdens,Howdens Joinery,53.0353892,-2.188859,E06000021,Stoke-on-Trent,point_within,ONS Local Authority Districts (December 2024) Boundaries UK BGC
way,633119461,Howdens,Howdens Joinery,52.0115408,0.2593919,E07000077,Uttlesford,point_within,ONS Local Authority Districts (December 2024) Boundaries UK BGC
way,201227948,Howdens,Howdens Joinery,53.7831707,-1.7543695,E08000032,Bradford,point_within,ONS Local Authority Districts (December 2024) Boundaries UK BGC
way,99473350,Howdens,Howdens Joinery,53.687958,-1.6280545,E08000034,Kirklees,point_within,ONS Local Authority Districts (December 2024) Boundaries UK BGC
way,1211909575,Howdens,Howdens Joinery,51.0255967,-3.0868281,E06000066,Somerset,point_within,ONS Local Authority Districts (December 2024) Boundaries UK BGC
way,642345731,Howdens,Howdens Joinery,56.3845514,-3.4337988,S12000048,Perth and Kinross,point_within,ONS Local Authority Districts (December 2024) Boundaries UK BGC
way,149404380,Howdens,Howdens Joinery,51.5423707,-2.4342689,E06000025,South Gloucestershire,point_within,ONS Local Authority Districts (December 2024) Boundaries UK BGC
node,9577865447,Howdens,Howdens Joinery,51.068298,-0.3160773,E07000227,Horsham,point_within,ONS Local Authority Districts (December 2024) Boundaries UK BGC
way,546657567,Howdens,Howdens Joinery,51.8729739,0.5695723,E07000067,Braintree,point_within,ONS Local Authority Districts (December 2024) Boundaries UK BGC
way,49798375,Howdens,Howdens,51.7352439,0.6778952,E07000074,Maldon,point_within,ONS Local Authority Districts (December 2024) Boundaries UK BGC
way,540172705,Howdens,Howdens Joinery,51.2469333,-0.7401657,E07000092,Rushmoor,point_within,ONS Local Authority Districts (December 2024) Boundaries UK BGC
way,376986597,Howdens,Howdens Joinery,51.8091898,0.6507926,E07000067,Braintree,point_within,ONS Local Authority Districts (December 2024) Boundaries UK BGC
way,408940084,Howdens,Howdens Joinery,52.6158015,-1.1341604,E06000016,Leicester,point_within,ONS Local Authority Districts (December 2024) Boundaries UK BGC
way,1465128736,Howdens,Howdens Joinery,53.4999093,-1.4725366,E08000016,Barnsley,point_within,ONS Local Authority Districts (December 2024) Boundaries UK BGC
way,1291165310,Howdens,Howdens Joinery,52.6534894,-1.1432621,E06000016,Leicester,point_within,ONS Local Authority Districts (December 2024) Boundaries UK BGC
node,9175532851,Howdens,Howdens Joinery,52.9655732,-2.6607009,E06000051,Shropshire,point_within,ONS Local Authority Districts (December 2024) Boundaries UK BGC
node,13528475257,Howdens,Howdens Joinery,53.3960755,-1.4746182,E08000019,Sheffield,point_within,ONS Local Authority Districts (December 2024) Boundaries UK BGC
node,12316311159,Howdens,Howdens Joinery,56.4165127,-3.4598565,S12000048,Perth and Kinross,point_within,ONS Local Authority Districts (December 2024) Boundaries UK BGC
way,1063687128,Howdens,Howdens Joinery,53.5602068,-1.4722216,E08000016,Barnsley,point_within,ONS Local Authority Districts (December 2024) Boundaries UK BGC
way,55385815,Howdens,Howdens Joinery,51.2416783,0.56094,E07000110,Maidstone,point_within,ONS Local Authority Districts (December 2024) Boundaries UK BGC
node,12965778012,Howdens,Howdens Joinery,52.920342,-1.4994945,E06000015,Derby,point_within,ONS Local Authority Districts (December 2024) Boundaries UK BGC
way,137552614,Howdens,Howdens Joinery,53.3704142,-1.4728187,E08000019,Sheffield,point_within,ONS Local Authority Districts (December 2024) Boundaries UK BGC
way,61568124,Howdens,Howdens Joinery,52.9038787,-1.4517766,E06000015,Derby,point_within,ONS Local Authority Districts (December 2024) Boundaries UK BGC
way,190799540,Howdens,Howdens Joinery,51.0443688,0.1831479,E07000065,Wealden,point_within,ONS Local Authority Districts (December 2024) Boundaries UK BGC
way,1119373215,Howdens,Howdens Joinery,50.9810203,-3.2061405,E06000066,Somerset,point_within,ONS Local Authority Districts (December 2024) Boundaries UK BGC
node,3695179382,Howdens,Howdens Joinery,53.941932,-2.0161031,E06000065,North Yorkshire,point_within,ONS Local Authority Districts (December 2024) Boundaries UK BGC
way,182834894,Howdens,Howdens,51.2884231,-0.8311666,E07000089,Hart,point_within,ONS Local Authority Districts (December 2024) Boundaries UK BGC
way,1478425363,Howdens,Howdens Joinery,53.3074496,-1.4798132,E07000038,North East Derbyshire,point_within,ONS Local Authority Districts (December 2024) Boundaries UK BGC
way,336887648,Howdens,Howdens Joinery,51.222558,-0.7740781,E07000216,Waverley,point_within,ONS Local Authority Districts (December 2024) Boundaries UK BGC
way,274867045,Howdens,Howdens Joinery,53.9170116,-3.0192417,E07000128,Wyre,point_within,ONS Local Authority Districts (December 2024) Boundaries UK BGC
way,1313924465,Howdens,Howdens,52.3649918,-2.6952767,E06000051,Shropshire,point_within,ONS Local Authority Districts (December 2024) Boundaries UK BGC
node,12396856544,Howdens,Howdens Joinery,53.53924,-1.4331092,E08000016,Barnsley,point_within,ONS Local Authority Districts (December 2024) Boundaries UK BGC
node,12735359926,Howdens,Howdens Joinery,53.9091812,-2.777315,E07000128,Wyre,point_within,ONS Local Authority Districts (December 2024) Boundaries UK BGC
node,5635501131,Howdens,Howdens Joinery,52.9389227,-1.4693881,E06000015,Derby,point_within,ONS Local Authority Districts (December 2024) Boundaries UK BGC
way,203415278,Howdens,Howdens Joinery,53.788231,-1.5729014,E08000035,Leeds,point_within,ONS Local Authority Districts (December 2024) Boundaries UK BGC
node,13645289244,Howdens,Howdens Joinery,51.8247684,-2.5099236,E07000080,Forest of Dean,point_within,ONS Local Authority Districts (December 2024) Boundaries UK BGC
way,140968266,Howdens,Howdens Joinery,53.8643625,-1.6721677,E08000035,Leeds,point_within,ONS Local Authority Districts (December 2024) Boundaries UK BGC
way,1441731641,Howdens,Howdens Joinery,51.4088602,0.7652334,E07000113,Swale,point_within,ONS Local Authority Districts (December 2024) Boundaries UK BGC
way,148161002,Howdens,Howdens Joinery,55.5906379,-2.4256508,S12000026,Scottish Borders,point_within,ONS Local Authority Districts (December 2024) Boundaries UK BGC
way,322970573,Howdens,Howdens Joinery,52.8867351,-1.2680907,E07000036,Erewash,point_within,ONS Local Authority Districts (December 2024) Boundaries UK BGC
way,448141518,Howdens,Howdens Joinery,53.776101,-1.5161856,E08000035,Leeds,point_within,ONS Local Authority Districts (December 2024) Boundaries UK BGC
way,424502973,Howdens,Howdens Joinery,50.9691986,0.0927008,E07000065,Wealden,point_within,ONS Local Authority Districts (December 2024) Boundaries UK BGC
way,505623886,Howdens,Howdens Joinery,50.9552922,-0.1424729,E07000228,Mid Sussex,point_within,ONS Local Authority Districts (December 2024) Boundaries UK BGC
way,227506263,Howdens,Howdens Joinery,53.4479743,-1.3526234,E08000018,Rotherham,point_within,ONS Local Authority Districts (December 2024) Boundaries UK BGC
way,406986178,Howdens,Howdens Joinery,53.8069859,-1.5338666,E08000035,Leeds,point_within,ONS Local Authority Districts (December 2024) Boundaries UK BGC
way,406986168,Howdens,Howdens Joinery,53.8074417,-1.5339393,E08000035,Leeds,point_within,ONS Local Authority Districts (December 2024) Boundaries UK BGC
way,362273758,Howdens,Howdens Joinery,53.1349322,-1.528109,E07000035,Derbyshire Dales,point_within,ONS Local Authority Districts (December 2024) Boundaries UK BGC
way,712702729,Howdens,Howdens Joinery,50.9304854,-2.9285138,E06000066,Somerset,point_within,ONS Local Authority Districts (December 2024) Boundaries UK BGC
way,374097213,Howdens,Howdens,52.8503068,-3.044583,E06000051,Shropshire,point_within,ONS Local Authority Districts (December 2024) Boundaries UK BGC
node,8923397829,Howdens,Howdens Joinery,51.911594,-2.5733331,E06000019,"Herefordshire, County of",point_within,ONS Local Authority Districts (December 2024) Boundaries UK BGC
node,7366496246,Howdens,Howdens Joinery,51.46324,-1.0118861,E06000038,Reading,point_within,ONS Local Authority Districts (December 2024) Boundaries UK BGC
node,13011383714,Howdens,Howdens Joinery,55.4351459,-2.7622494,S12000026,Scottish Borders,point_within,ONS Local Authority Districts (December 2024) Boundaries UK BGC
node,10889640291,Howdens,Howdens Joinery,52.6890809,-2.7737324,E06000051,Shropshire,point_within,ONS Local Authority Districts (December 2024) Boundaries UK BGC
node,6216658498,Howdens,Howdens Joinery,51.2777899,-0.9601758,E07000089,Hart,point_within,ONS Local Authority Districts (December 2024) Boundaries UK BGC
way,931208164,Howdens,Howdens Joinery,51.0630249,0.5060092,E07000116,Tunbridge Wells,point_within,ONS Local Authority Districts (December 2024) Boundaries UK BGC
way,258850282,Howdens,Howdens Joinery,52.9513157,-1.301401,E07000036,Erewash,point_within,ONS Local Authority Districts (December 2024) Boundaries UK BGC
way,359144433,Howdens,Howdens Joinery,52.2194344,-2.7350978,E06000019,"Herefordshire, County of",point_within,ONS Local Authority Districts (December 2024) Boundaries UK BGC
way,942382140,Howdens,Howdens Joinery,52.1509559,-0.4127071,E06000055,Bedford,point_within,ONS Local Authority Districts (December 2024) Boundaries UK BGC
node,10124862518,Howdens,Howdens Joinery,53.7158223,-1.3845636,E08000036,Wakefield,point_within,ONS Local Authority Districts (December 2024) Boundaries UK BGC
way,424322871,Howdens,Howdens Joinery,51.9164888,-2.0969941,E07000078,Cheltenham,point_within,ONS Local Authority Districts (December 2024) Boundaries UK BGC
node,1969962990,Howdens,Howdens Joinery,52.1913592,0.1383309,E07000008,Cambridge,point_within,ONS Local Authority Districts (December 2024) Boundaries UK BGC
way,258700911,Howdens,Howdens Joinery,51.8946877,-2.0600593,E07000078,Cheltenham,point_within,ONS Local Authority Districts (December 2024) Boundaries UK BGC
node,12673949083,Howdens,Howdens Joinery,52.2072445,0.1484557,E07000008,Cambridge,point_within,ONS Local Authority Districts (December 2024) Boundaries UK BGC
node,7593651064,Howdens,Howdens Joinery,53.8282256,-1.4553568,E08000035,Leeds,point_within,ONS Local Authority Districts (December 2024) Boundaries UK BGC
way,1081956046,Howdens,Howdens Joinery,51.7006491,-4.0871674,W06000010,Carmarthenshire,point_within,ONS Local Authority Districts (December 2024) Boundaries UK BGC
way,842071710,Howdens,Howdens Joinery,50.9352048,-2.6563913,E06000066,Somerset,point_within,ONS Local Authority Districts (December 2024) Boundaries UK BGC
way,731857081,Howdens,Howdens Joinery,53.6946953,-1.3001115,E08000036,Wakefield,point_within,ONS Local Authority Districts (December 2024) Boundaries UK BGC
way,64260342,Howdens,Howdens Joinery,52.2281156,0.1515881,E07000008,Cambridge,point_within,ONS Local Authority Districts (December 2024) Boundaries UK BGC
way,248594214,Howdens,Howdens Joinery,52.9375898,-1.1621793,E06000018,Nottingham,point_within,ONS Local Authority Districts (December 2024) Boundaries UK BGC
way,180543041,Howdens,Howdens Joinery,50.8786712,0.0186052,E07000063,Lewes,point_within,ONS Local Authority Districts (December 2024) Boundaries UK BGC
way,386337470,Howdens,Howdens Joinery,54.0484032,-2.8256571,E07000121,Lancaster,point_within,ONS Local Authority Districts (December 2024) Boundaries UK BGC
way,470279532,Howdens,Howdens Joinery,52.2346123,-0.9148839,E06000062,West Northamptonshire,point_within,ONS Local Authority Districts (December 2024) Boundaries UK BGC
way,471814328,Howdens,Howdens Joinery,52.0677614,-2.7232066,E06000019,"Herefordshire, County of",point_within,ONS Local Authority Districts (December 2024) Boundaries UK BGC
node,7869212473,Howdens,Howdens Joinery,54.0599884,-2.8387752,E07000121,Lancaster,point_within,ONS Local Authority Districts (December 2024) Boundaries UK BGC
way,1012847887,Howdens,Howdens Joinery,56.5514428,-2.6150944,S12000041,Angus,point_within,ONS Local Authority Districts (December 2024) Boundaries UK BGC
way,1233493535,Howdens,Howdens Joinery,51.3111125,0.8997122,E07000113,Swale,point_within,ONS Local Authority Districts (December 2024) Boundaries UK BGC
way,978460357,Howdens,Howdens Joinery,52.0439409,0.7489446,E07000200,Babergh,point_within,ONS Local Authority Districts (December 2024) Boundaries UK BGC
way,352586767,Howdens,Howdens Joinery,51.8826912,0.9294665,E07000071,Colchester,point_within,ONS Local Authority Districts (December 2024) Boundaries UK BGC
node,13678320118,Howdens,Howdens Joinery,50.8386721,-0.1805873,E06000043,Brighton and Hove,point_within,ONS Local Authority Districts (December 2024) Boundaries UK BGC
node,9228677129,Howdens,Howdens Joinery,55.1329746,-6.6768992,N09000004,Causeway Coast and Glens,point_within,ONS Local Authority Districts (December 2024) Boundaries UK BGC
way,367137199,Howdens,Howdens Joinery,53.0122307,-1.1896277,E06000018,Nottingham,point_within,ONS Local Authority Districts (December 2024) Boundaries UK BGC
way,235901496,Howdens,Howdens Joinery,50.8322113,-0.2546851,E07000223,Adur,point_within,ONS Local Authority Districts (December 2024) Boundaries UK BGC
way,620929252,Howdens,Howdens Joinery,50.8596225,0.2513318,E07000065,Wealden,point_within,ONS Local Authority Districts (December 2024) Boundaries UK BGC
way,1255038983,Howdens,Howdens Joinery,53.1102143,-1.2980921,E07000170,Ashfield,point_within,ONS Local Authority Districts (December 2024) Boundaries UK BGC
node,9691991979,Howdens,Howdens Joinery,52.9679332,-1.0618436,E07000173,Gedling,point_within,ONS Local Authority Districts (December 2024) Boundaries UK BGC
way,364816910,Howdens,Howdens Joinery,53.0019972,-1.1185061,E07000173,Gedling,point_within,ONS Local Authority Districts (December 2024) Boundaries UK BGC
way,981319185,Howdens,Howdens Joinery,50.8284125,-0.3609997,E07000229,Worthing,point_within,ONS Local Authority Districts (December 2024) Boundaries UK BGC
way,467058322,Howdens,Howdens Joinery,52.4057153,-0.7447742,E06000061,North Northamptonshire,point_within,ONS Local Authority Districts (December 2024) Boundaries UK BGC
way,822612163,Howdens,Howdens Joinery,52.2615277,0.3916359,E07000245,West Suffolk,point_within,ONS Local Authority Districts (December 2024) Boundaries UK BGC
way,102343912,Howdens,Howdens Joinery,51.0350929,-2.2726948,E06000059,Dorset,point_within,ONS Local Authority Districts (December 2024) Boundaries UK BGC
way,577289740,Howdens,Howdens Joinery,53.2175278,-4.1096968,W06000002,Gwynedd,point_within,ONS Local Authority Districts (December 2024) Boundaries UK BGC
node,12703651212,Howdens,Howdens Joinery,54.1268952,-2.7500865,E07000121,Lancaster,point_within,ONS Local Authority Districts (December 2024) Boundaries UK BGC
way,338929887,Howdens,Howdens Joinery,54.1163107,-3.2398397,E06000064,Westmorland and Furness,point_within,ONS Local Authority Districts (December 2024) Boundaries UK BGC
node,13725551354,Howdens,Howdens Joinery,52.3362324,-0.0617744,E07000011,Huntingdonshire,point_within,ONS Local Authority Districts (December 2024) Boundaries UK BGC
node,9483753128,Howdens,Howdens Joinery,52.3384547,-0.0632358,E07000011,Huntingdonshire,point_within,ONS Local Authority Districts (December 2024) Boundaries UK BGC
way,150714985,Howdens,Howdens Joinery,52.3412606,-0.1928102,E07000011,Huntingdonshire,point_within,ONS Local Authority Districts (December 2024) Boundaries UK BGC
way,90241899,Howdens,Howdens Joinery,51.9036765,-1.1382626,E07000177,Cherwell,point_within,ONS Local Authority Districts (December 2024) Boundaries UK BGC
way,260452113,Howdens,Howdens Joinery,51.3682946,-1.966232,E06000054,Wiltshire,point_within,ONS Local Authority Districts (December 2024) Boundaries UK BGC
node,11783389136,Howdens,Howdens,50.8416478,0.4640999,E07000064,Rother,point_within,ONS Local Authority Districts (December 2024) Boundaries UK BGC
node,13243549986,Howdens,Howdens Joinery,51.7758522,-1.4900341,E07000181,West Oxfordshire,point_within,ONS Local Authority Districts (December 2024) Boundaries UK BGC
node,6949764468,Howdens,Howdens Joinery,51.7758507,-1.4897852,E07000181,West Oxfordshire,point_within,ONS Local Authority Districts (December 2024) Boundaries UK BGC
node,1725564352,Howdens,Howdens,50.8689012,0.5510842,E07000062,Hastings,point_within,ONS Local Authority Districts (December 2024) Boundaries UK BGC
way,686251971,Howdens,Howdens Joinery,50.7883931,0.3057532,E07000061,Eastbourne,point_within,ONS Local Authority Districts (December 2024) Boundaries UK BGC
way,1276170032,Howdens,Howdens Joinery,51.7911563,1.1463726,E07000076,Tendring,point_within,ONS Local Authority Districts (December 2024) Boundaries UK BGC
way,554135928,Howdens,Howdens Joinery,52.3165062,-0.6732473,E06000061,North Northamptonshire,point_within,ONS Local Authority Districts (December 2024) Boundaries UK BGC
way,542335577,Howdens,Howdens Joinery,51.2744143,1.0673839,E07000106,Canterbury,point_within,ONS Local Authority Districts (December 2024) Boundaries UK BGC
node,13671673908,Howdens,Howdens Joinery,50.8794318,0.6039142,E07000064,Rother,point_within,ONS Local Authority Districts (December 2024) Boundaries UK BGC
way,592469422,Howdens,Howdens Joinery,51.2923654,1.0896387,E07000106,Canterbury,point_within,ONS Local Authority Districts (December 2024) Boundaries UK BGC
way,1105835168,Howdens,Howdens Joinery,51.7027463,-1.9613206,E07000079,Cotswold,point_within,ONS Local Authority Districts (December 2024) Boundaries UK BGC
way,729667786,Howdens,Howdens,51.3619513,1.1499937,E07000106,Canterbury,point_within,ONS Local Authority Districts (December 2024) Boundaries UK BGC
way,915116606,Howdens,Howdens,52.3433237,-0.5575528,E06000061,North Northamptonshire,point_within,ONS Local Authority Districts (December 2024) Boundaries UK BGC
way,327033001,Howdens,Howdens Joinery,52.2401603,0.7454774,E07000245,West Suffolk,point_within,ONS Local Authority Districts (December 2024) Boundaries UK BGC
way,915116605,Howdens,Howdens,52.3432429,-0.5621414,E06000061,North Northamptonshire,point_within,ONS Local Authority Districts (December 2024) Boundaries UK BGC
way,694670694,Howdens,Howdens,52.3463325,-0.5563837,E06000061,North Northamptonshire,point_within,ONS Local Authority Districts (December 2024) Boundaries UK BGC
way,690710408,Howdens,Howdens Joinery,50.8328566,-0.7935769,E07000225,Chichester,point_within,ONS Local Authority Districts (December 2024) Boundaries UK BGC
way,117696101,Howdens,Howdens Joinery,53.3347782,-0.9539943,E07000171,Bassetlaw,point_within,ONS Local Authority Districts (December 2024) Boundaries UK BGC
node,11140089019,Howdens,Howdens Joinery,50.7061018,-3.5276118,E07000041,Exeter,point_within,ONS Local Authority Districts (December 2024) Boundaries UK BGC
way,807942303,Howdens,Howdens Joinery,51.8481118,-4.3327134,W06000010,Carmarthenshire,point_within,ONS Local Authority Districts (December 2024) Boundaries UK BGC
way,1007137741,Howdens,Howdens Joinery,55.4331332,-5.613701,S12000035,Argyll and Bute,point_within,ONS Local Authority Districts (December 2024) Boundaries UK BGC
way,1268780894,Howdens,Howdens Joinery,51.5626051,-1.8176828,E06000030,Swindon,point_within,ONS Local Authority Districts (December 2024) Boundaries UK BGC
way,502893745,Howdens,Howdens Joinery,50.9822319,0.9493952,E07000112,Folkestone and Hythe,point_within,ONS Local Authority Districts (December 2024) Boundaries UK BGC
node,12021419216,Howdens,Howdens Joinery,56.7259476,-2.4642491,S12000041,Angus,point_within,ONS Local Authority Districts (December 2024) Boundaries UK BGC
node,12244786596,Howdens,Howdens Joinery,50.6330783,-3.3742256,E07000040,East Devon,point_within,ONS Local Authority Districts (December 2024) Boundaries UK BGC
way,516266126,Howdens,Howdens Joinery,52.9299376,-4.1404666,W06000002,Gwynedd,point_within,ONS Local Authority Districts (December 2024) Boundaries UK BGC
way,1219299619,Howdens,Howdens Joinery,52.0618338,1.1287761,E07000202,Ipswich,point_within,ONS Local Authority Districts (December 2024) Boundaries UK BGC
way,376441273,Howdens,Howdens Joinery,51.0698086,-1.2980037,E07000094,Winchester,point_within,ONS Local Authority Districts (December 2024) Boundaries UK BGC
way,207809917,Howdens,Howdens Joinery,56.4089258,-5.4678547,S12000035,Argyll and Bute,point_within,ONS Local Authority Districts (December 2024) Boundaries UK BGC
way,169564857,Howdens,Howdens Joinery,53.9574442,-1.067624,E06000014,York,point_within,ONS Local Authority Districts (December 2024) Boundaries UK BGC
way,163062834,Howdens,Howdens Joinery,53.9870211,-1.1024757,E06000014,York,point_within,ONS Local Authority Districts (December 2024) Boundaries UK BGC
way,161371131,Howdens,Howdens Joinery,51.5778968,-1.7639718,E06000030,Swindon,point_within,ONS Local Authority Districts (December 2024) Boundaries UK BGC
way,1463926041,Howdens,Howdens Joinery,51.9421742,1.2608966,E07000076,Tendring,point_within,ONS Local Authority Districts (December 2024) Boundaries UK BGC
node,10957764053,Howdens,Howdens Joinery,52.6595778,-0.4656242,E07000141,South Kesteven,point_within,ONS Local Authority Districts (December 2024) Boundaries UK BGC
node,11898866827,Howdens,Howdens Joinery,52.5039744,-3.338686,W06000023,Powys,point_within,ONS Local Authority Districts (December 2024) Boundaries UK BGC
way,38582748,Howdens,Howdens Joinery,50.8427542,-1.0363529,E06000044,Portsmouth,point_within,ONS Local Authority Districts (December 2024) Boundaries UK BGC
node,8809843837,Howdens,Howdens Joinery,51.4211109,-1.5179899,E06000037,West Berkshire,point_within,ONS Local Authority Districts (December 2024) Boundaries UK BGC
way,162542460,Howdens,Howdens Joinery,51.0965795,1.1681566,E07000112,Folkestone and Hythe,point_within,ONS Local Authority Districts (December 2024) Boundaries UK BGC
way,200666334,Howdens,Howdens Joinery,53.087448,-0.7870191,E07000175,Newark and Sherwood,point_within,ONS Local Authority Districts (December 2024) Boundaries UK BGC
node,10964176272,Howdens,Howdens Joinery,53.9901985,-1.0453641,E06000014,York,point_within,ONS Local Authority Districts (December 2024) Boundaries UK BGC
way,202491065,Howdens,Howdens Joinery,53.7558967,-0.8453427,E06000011,East Riding of Yorkshire,point_within,ONS Local Authority Districts (December 2024) Boundaries UK BGC
way,992218973,Howdens,Howdens Joinery,50.7456446,-3.9973779,E07000047,West Devon,point_within,ONS Local Authority Districts (December 2024) Boundaries UK BGC
node,5106424189,Howdens,Howdens Joinery,54.3379977,-2.7452233,E06000064,Westmorland and Furness,point_within,ONS Local Authority Districts (December 2024) Boundaries UK BGC
way,1410544390,Howdens,Howdens Joinery,51.2028003,-1.4861984,E07000093,Test Valley,point_within,ONS Local Authority Districts (December 2024) Boundaries UK BGC
way,709605949,Howdens,Howdens Joinery,52.5252557,-0.2358994,E07000011,Huntingdonshire,point_within,ONS Local Authority Districts (December 2024) Boundaries UK BGC
way,287231771,Howdens,Howdens Joinery,52.4035365,0.724788,E07000143,Breckland,point_within,ONS Local Authority Districts (December 2024) Boundaries UK BGC
way,25808005,Howdens,Howdens Joinery,52.0629143,1.2804092,E07000244,East Suffolk,point_within,ONS Local Authority Districts (December 2024) Boundaries UK BGC
way,1217588916,Howdens,Howdens Joinery,54.1511443,-4.5256111,S12000006,Dumfries and Galloway,nearest_boundary,ONS Local Authority Districts (December 2024) Boundaries UK BGC
way,346010520,Howdens,Howdens Joinery,51.3557924,1.409507,E07000114,Thanet,point_within,ONS Local Authority Districts (December 2024) Boundaries UK BGC
way,662268217,Howdens,Howdens Joinery,52.562545,0.0711705,E07000010,Fenland,point_within,ONS Local Authority Districts (December 2024) Boundaries UK BGC
way,650814872,Howdens,Howdens Joinery,50.9233249,-1.3100393,E07000086,Eastleigh,point_within,ONS Local Authority Districts (December 2024) Boundaries UK BGC
node,8019658188,Howdens,Howdens Joinery,52.571017,-0.2268272,E06000031,Peterborough,point_within,ONS Local Authority Districts (December 2024) Boundaries UK BGC
node,4269600703,Howdens,Howdens Joinery,55.3974108,-1.6905445,E06000057,Northumberland,point_within,ONS Local Authority Districts (December 2024) Boundaries UK BGC
way,148511212,Howdens,Howdens Joinery,50.9972319,-1.4971284,E07000093,Test Valley,point_within,ONS Local Authority Districts (December 2024) Boundaries UK BGC
way,701884165,Howdens,Howdens Joinery,50.7333091,-1.9888977,E06000058,"Bournemouth, Christchurch and Poole",point_within,ONS Local Authority Districts (December 2024) Boundaries UK BGC
way,410962545,Howdens,Howdens Joinery,52.6504723,0.1575644,E07000010,Fenland,point_within,ONS Local Authority Districts (December 2024) Boundaries UK BGC
way,713101328,Howdens,Howdens Joinery,52.3722601,1.1208444,E07000149,South Norfolk,point_within,ONS Local Authority Districts (December 2024) Boundaries UK BGC
way,317686523,Howdens,Howdens Joinery,54.9217223,-2.9527512,E06000063,Cumberland,point_within,ONS Local Authority Districts (December 2024) Boundaries UK BGC
way,691522140,Howdens,Howdens Joinery,50.9339136,-1.5084174,E07000091,New Forest,point_within,ONS Local Authority Districts (December 2024) Boundaries UK BGC
way,761766210,Howdens,Howdens Joinery,50.7539699,-1.930677,E06000058,"Bournemouth, Christchurch and Poole",point_within,ONS Local Authority Districts (December 2024) Boundaries UK BGC
relation,16465442,Howdens,Howdens Joinery,50.8473216,-1.7880029,E07000091,New Forest,point_within,ONS Local Authority Districts (December 2024) Boundaries UK BGC
way,554349417,Howdens,Howdens Joinery,52.400919,-4.0390923,W06000008,Ceredigion,point_within,ONS Local Authority Districts (December 2024) Boundaries UK BGC
way,318387694,Howdens,Howdens Joinery,54.8868935,-2.930096,E06000063,Cumberland,point_within,ONS Local Authority Districts (December 2024) Boundaries UK BGC
node,10686860552,Howdens,Howdens Joinery,50.7090285,-1.2935784,E06000046,Isle of Wight,point_within,ONS Local Authority Districts (December 2024) Boundaries UK BGC
node,9609581769,Howdens,Howdens Joinery,50.7554448,-1.8415814,E06000058,"Bournemouth, Christchurch and Poole",point_within,ONS Local Authority Districts (December 2024) Boundaries UK BGC
node,4398043528,Howdens,Howdens,50.6447997,-1.1814944,E06000046,Isle of Wight,point_within,ONS Local Authority Districts (December 2024) Boundaries UK BGC
way,586089092,Howdens,Howdens Joinery,52.0794236,-4.6586693,W06000008,Ceredigion,point_within,ONS Local Authority Districts (December 2024) Boundaries UK BGC
node,12369540301,Howdens,Howdens,50.6272115,-4.3717308,E06000052,Cornwall,point_within,ONS Local Authority Districts (December 2024) Boundaries UK BGC
way,349039238,Howdens,Howdens Joinery,54.9785431,-2.0898275,E06000057,Northumberland,point_within,ONS Local Authority Districts (December 2024) Boundaries UK BGC
way,128222869,Howdens,Howdens Joinery,55.1624927,-1.6710049,E06000057,Northumberland,point_within,ONS Local Authority Districts (December 2024) Boundaries UK BGC
node,3842747734,Howdens,Howdens Joinery,54.5379854,-1.5554922,E06000005,Darlington,point_within,ONS Local Authority Districts (December 2024) Boundaries UK BGC
way,1474905232,Howdens,Howdens Joinery,57.0625392,-2.4722771,S12000034,Aberdeenshire,point_within,ONS Local Authority Districts (December 2024) Boundaries UK BGC
way,1420055729,Howdens,Howdens Joinery,50.7719175,-1.5504097,E07000091,New Forest,point_within,ONS Local Authority Districts (December 2024) Boundaries UK BGC
way,330027773,Howdens,Howdens Joinery,54.5366865,-3.5843426,E06000063,Cumberland,point_within,ONS Local Authority Districts (December 2024) Boundaries UK BGC
way,1486108150,Howdens,Howdens Joinery,50.383767,-3.9753817,E07000044,South Hams,point_within,ONS Local Authority Districts (December 2024) Boundaries UK BGC
node,3828834854,Howdens,Howdens Joinery,54.6410051,-1.6926123,E06000047,County Durham,point_within,ONS Local Authority Districts (December 2024) Boundaries UK BGC
way,88736239,Howdens,Howdens Joinery,55.0962055,-1.6077647,E06000057,Northumberland,point_within,ONS Local Authority Districts (December 2024) Boundaries UK BGC
way,40188921,Howdens,Howdens Joinery,50.3958049,-4.0878013,E06000026,Plymouth,point_within,ONS Local Authority Districts (December 2024) Boundaries UK BGC
node,6696636057,Howdens,Howdens,54.6677998,-2.7722153,E06000064,Westmorland and Furness,point_within,ONS Local Authority Districts (December 2024) Boundaries UK BGC
way,654347251,Howdens,Howdens Joinery,50.2830475,-3.780937,E07000044,South Hams,point_within,ONS Local Authority Districts (December 2024) Boundaries UK BGC
way,882710330,Howdens,Howdens Joinery,50.3646012,-4.1017033,E06000026,Plymouth,point_within,ONS Local Authority Districts (December 2024) Boundaries UK BGC
way,705105944,Howdens,Howdens Joinery,50.3645782,-4.1178646,E06000026,Plymouth,point_within,ONS Local Authority Districts (December 2024) Boundaries UK BGC
way,294338763,Howdens,Howdens Joinery,54.6367819,-3.5631316,E06000063,Cumberland,point_within,ONS Local Authority Districts (December 2024) Boundaries UK BGC
relation,8855823,Howdens,Howdens,52.6023115,1.2858152,E07000148,Norwich,point_within,ONS Local Authority Districts (December 2024) Boundaries UK BGC
way,798492119,Howdens,Howdens Joinery,57.2028533,-3.8189874,S12000017,Highland,point_within,ONS Local Authority Districts (December 2024) Boundaries UK BGC
way,952484708,Howdens,Howdens Joinery,57.1518926,-2.1632698,S12000033,Aberdeen City,point_within,ONS Local Authority Districts (December 2024) Boundaries UK BGC
node,11936899773,Howdens,Howdens Joinery,53.5755512,-0.0983231,E06000012,North East Lincolnshire,point_within,ONS Local Authority Districts (December 2024) Boundaries UK BGC
node,12855445055,Howdens,Howdens Joinery,54.7066608,-1.5649438,E06000047,County Durham,point_within,ONS Local Authority Districts (December 2024) Boundaries UK BGC
node,12107740238,Howdens,Howdens Joinery,52.6524011,1.2644228,E07000148,Norwich,point_within,ONS Local Authority Districts (December 2024) Boundaries UK BGC
way,941511791,Howdens,Howdens Joinery,50.454037,-4.4902198,E06000052,Cornwall,point_within,ONS Local Authority Districts (December 2024) Boundaries UK BGC
node,4625628648,Howdens,Howdens Joinery,54.9783676,-1.5670841,E08000021,Newcastle upon Tyne,point_within,ONS Local Authority Districts (December 2024) Boundaries UK BGC
node,13316148123,Howdens,Howdens Joinery,53.5361613,-0.0446101,E06000012,North East Lincolnshire,point_within,ONS Local Authority Districts (December 2024) Boundaries UK BGC
node,4364788186,Howdens,Howdens Joinery,54.960645,-1.5823359,E08000037,Gateshead,point_within,ONS Local Authority Districts (December 2024) Boundaries UK BGC
node,9702375828,Howdens,Howdens Joinery,52.6291633,1.3850461,E07000144,Broadland,point_within,ONS Local Authority Districts (December 2024) Boundaries UK BGC
node,4401131693,Howdens,Howdens Joinery,54.9233159,-1.6086357,E08000037,Gateshead,point_within,ONS Local Authority Districts (December 2024) Boundaries UK BGC
way,736664077,Howdens,Howdens Joinery,52.4462068,1.7142962,E07000244,East Suffolk,point_within,ONS Local Authority Districts (December 2024) Boundaries UK BGC
node,12469374524,Howdens,Howdens,54.9914897,-1.4359769,E08000023,South Tyneside,point_within,ONS Local Authority Districts (December 2024) Boundaries UK BGC
way,432379919,Howdens,Howdens,54.9733873,-1.4460853,E08000023,South Tyneside,point_within,ONS Local Authority Districts (December 2024) Boundaries UK BGC
node,432731929,Howdens,Howdens Joinery,54.7887316,-1.5395735,E06000047,County Durham,point_within,ONS Local Authority Districts (December 2024) Boundaries UK BGC
way,709207139,Howdens,Howdens,54.8957826,-1.5596374,E08000037,Gateshead,point_within,ONS Local Authority Districts (December 2024) Boundaries UK BGC
node,10949081983,Howdens,Howdens Joinery,50.471723,-4.7421241,E06000052,Cornwall,point_within,ONS Local Authority Districts (December 2024) Boundaries UK BGC
node,10649833985,Howdens,Howdens Joinery,54.8350228,-1.4835218,E08000024,Sunderland,point_within,ONS Local Authority Districts (December 2024) Boundaries UK BGC
way,243492266,Howdens,Howdens Joinery,52.5914439,1.7141839,E07000145,Great Yarmouth,point_within,ONS Local Authority Districts (December 2024) Boundaries UK BGC
way,338966420,Howdens,Howdens Joinery,52.5931481,1.7123085,E07000145,Great Yarmouth,point_within,ONS Local Authority Districts (December 2024) Boundaries UK BGC
node,6996381383,Howdens,Howdens Joinery,53.1421158,0.3198128,E07000137,East Lindsey,point_within,ONS Local Authority Districts (December 2024) Boundaries UK BGC
way,1432337864,Howdens,Howdens Joinery,52.8153431,1.3850126,E07000147,North Norfolk,point_within,ONS Local Authority Districts (December 2024) Boundaries UK BGC
way,1236304047,Howdens,Howdens Joinery,52.9253691,1.2837962,E07000147,North Norfolk,point_within,ONS Local Authority Districts (December 2024) Boundaries UK BGC
way,64962671,Howdens,Howdens Joinery,57.4892144,-4.2226331,S12000017,Highland,point_within,ONS Local Authority Districts (December 2024) Boundaries UK BGC
way,116597005,Howdens,Howdens Joinery,57.5828961,-3.8504859,S12000017,Highland,point_within,ONS Local Authority Districts (December 2024) Boundaries UK BGC
way,1123144099,Howdens,Howdens Joinery,57.6459182,-3.2976735,S12000020,Moray,point_within,ONS Local Authority Districts (December 2024) Boundaries UK BGC
way,780692406,Howdens,Howdens Joinery,57.6777858,-2.9481785,S12000020,Moray,point_within,ONS Local Authority Districts (December 2024) Boundaries UK BGC
way,978237163,Howdens,Howdens Joinery,57.6033464,-4.4451301,S12000017,Highland,point_within,ONS Local Authority Districts (December 2024) Boundaries UK BGC
node,6954545733,Howdens,Howdens Joinery,57.6996588,-4.167425,S12000017,Highland,point_within,ONS Local Authority Districts (December 2024) Boundaries UK BGC
way,260679169,Howdens,Howdens Joinery,57.4146594,-6.2070337,S12000017,Highland,point_within,ONS Local Authority Districts (December 2024) Boundaries UK BGC
way,817950646,Huws Gray,Huws Gray,51.5804183,-0.1466826,E09000014,Haringey,point_within,ONS Local Authority Districts (December 2024) Boundaries UK BGC
node,12866385497,Huws Gray,Huws Gray,53.4070502,-3.112783,E08000015,Wirral,point_within,ONS Local Authority Districts (December 2024) Boundaries UK BGC
node,2808400231,Huws Gray,Huws Gray,53.3379843,-3.0974743,E08000015,Wirral,point_within,ONS Local Authority Districts (December 2024) Boundaries UK BGC
way,1088795109,Huws Gray,Huws Gray Building Materials Centre,53.3461543,-2.1665398,E08000007,Stockport,point_within,ONS Local Authority Districts (December 2024) Boundaries UK BGC
way,255708121,Huws Gray,Huws Gray,53.2647374,-2.8746433,E06000050,Cheshire West and Chester,point_within,ONS Local Authority Districts (December 2024) Boundaries UK BGC
way,96886796,Huws Gray,Huws Gray,51.3422657,-2.9562137,E06000024,North Somerset,point_within,ONS Local Authority Districts (December 2024) Boundaries UK BGC
node,13729784367,Huws Gray,Huws Gray,53.2519014,-3.1393565,W06000005,Flintshire,point_within,ONS Local Authority Districts (December 2024) Boundaries UK BGC
way,194650219,Huws Gray,Huws Gray,53.2090392,-3.0187576,W06000005,Flintshire,point_within,ONS Local Authority Districts (December 2024) Boundaries UK BGC
way,374420832,Huws Gray,Huws Gray,53.3811094,-2.6198296,E06000007,Warrington,point_within,ONS Local Authority Districts (December 2024) Boundaries UK BGC
way,993700361,Huws Gray,Huws Gray,53.5343479,-2.6167442,E08000010,Wigan,point_within,ONS Local Authority Districts (December 2024) Boundaries UK BGC
way,616536179,Huws Gray,Huws Gray Prestatyn,53.3413338,-3.3664968,W06000005,Flintshire,point_within,ONS Local Authority Districts (December 2024) Boundaries UK BGC
way,374420094,Huws Gray,Huws Gray,53.2086116,-2.5050796,E06000050,Cheshire West and Chester,point_within,ONS Local Authority Districts (December 2024) Boundaries UK BGC
node,13201190614,Huws Gray,Huws Gray,56.0247244,-3.7917177,S12000014,Falkirk,point_within,ONS Local Authority Districts (December 2024) Boundaries UK BGC
way,511249102,Huws Gray,Huws Gray,55.8588358,-3.7006451,S12000040,West Lothian,point_within,ONS Local Authority Districts (December 2024) Boundaries UK BGC
way,1305464416,Huws Gray,Huws Gray,53.0609863,-3.0805792,W06000006,Wrexham,point_within,ONS Local Authority Districts (December 2024) Boundaries UK BGC
way,1328202100,Huws Gray,Huws Gray,53.1182802,-3.3080852,W06000004,Denbighshire,point_within,ONS Local Authority Districts (December 2024) Boundaries UK BGC
way,131855190,Huws Gray,Huws Gray,52.8641906,-1.6842251,E07000039,South Derbyshire,point_within,ONS Local Authority Districts (December 2024) Boundaries UK BGC
node,11873893117,Huws Gray,Huws Gray,52.7629067,-2.3625453,E06000020,Telford and Wrekin,point_within,ONS Local Authority Districts (December 2024) Boundaries UK BGC
node,9726502712,Huws Gray,Huws Gray,53.8560092,-2.967739,E07000119,Fylde,point_within,ONS Local Authority Districts (December 2024) Boundaries UK BGC
way,276831825,Huws Gray,Huws Gray,53.8842244,-3.0379381,E07000128,Wyre,point_within,ONS Local Authority Districts (December 2024) Boundaries UK BGC
way,884283382,Huws Gray,Huws Gray,52.9656511,-2.6700492,E06000051,Shropshire,point_within,ONS Local Authority Districts (December 2024) Boundaries UK BGC
way,781543464,Huws Gray,Huws Gray,52.9643984,-2.0628546,E07000198,Staffordshire Moorlands,point_within,ONS Local Authority Districts (December 2024) Boundaries UK BGC
way,107387205,Huws Gray,Huws Gray,52.9212455,-1.4967429,E06000015,Derby,point_within,ONS Local Authority Districts (December 2024) Boundaries UK BGC
way,107444645,Huws Gray,Huws Gray,52.921327,-1.4963271,E06000015,Derby,point_within,ONS Local Authority Districts (December 2024) Boundaries UK BGC
way,401637039,Huws Gray,Huws Gray,53.2876564,-3.7717015,W06000003,Conwy,point_within,ONS Local Authority Districts (December 2024) Boundaries UK BGC
way,334253462,Huws Gray,Huws Gray,52.9451868,-1.4644284,E06000015,Derby,point_within,ONS Local Authority Districts (December 2024) Boundaries UK BGC
node,1450690474,Huws Gray,Huws Gray,51.8444668,0.7166568,E07000067,Braintree,point_within,ONS Local Authority Districts (December 2024) Boundaries UK BGC
way,49758673,Huws Gray,Huws Gray,52.1958243,0.1681221,E07000008,Cambridge,point_within,ONS Local Authority Districts (December 2024) Boundaries UK BGC
way,645976876,Huws Gray,Huws Gray,52.0808203,-3.1218261,E06000019,"Herefordshire, County of",point_within,ONS Local Authority Districts (December 2024) Boundaries UK BGC
way,486446974,Huws Gray,Huws Gray,51.8782079,0.8475831,E07000071,Colchester,point_within,ONS Local Authority Districts (December 2024) Boundaries UK BGC
way,62320502,Huws Gray,Huws Gray,52.2269655,0.1517095,E07000008,Cambridge,point_within,ONS Local Authority Districts (December 2024) Boundaries UK BGC
way,271129190,Huws Gray,Huws Gray,51.590098,-2.1079077,E06000054,Wiltshire,point_within,ONS Local Authority Districts (December 2024) Boundaries UK BGC
way,58673596,Huws Gray,Huws Gray,51.8560559,-2.2169619,E07000081,Gloucester,point_within,ONS Local Authority Districts (December 2024) Boundaries UK BGC
way,822612164,Huws Gray,Huws Gray,52.26066,0.3917391,E07000245,West Suffolk,point_within,ONS Local Authority Districts (December 2024) Boundaries UK BGC
way,156989506,Huws Gray,Huws Gray,53.2178883,-4.1106533,W06000002,Gwynedd,point_within,ONS Local Authority Districts (December 2024) Boundaries UK BGC
node,12918941513,Huws Gray,Huws Gray,51.7256462,-1.1911684,E07000178,Oxford,point_within,ONS Local Authority Districts (December 2024) Boundaries UK BGC
way,233416796,Huws Gray,Huws Gray,52.9966691,-3.9433915,W06000002,Gwynedd,point_within,ONS Local Authority Districts (December 2024) Boundaries UK BGC
way,571110815,Huws Gray,Huws Gray,52.3312739,-0.0642995,E07000011,Huntingdonshire,point_within,ONS Local Authority Districts (December 2024) Boundaries UK BGC
way,1051311394,Huws Gray,Huws Gray,51.794351,1.1552152,E07000076,Tendring,point_within,ONS Local Authority Districts (December 2024) Boundaries UK BGC
node,11270078928,Huws Gray,Huws Gray,51.7033778,-1.9590657,E07000079,Cotswold,point_within,ONS Local Authority Districts (December 2024) Boundaries UK BGC
node,11270078929,Huws Gray,Huws Gray Kitchen and Bathroom Showroom,51.7035117,-1.9589106,E07000079,Cotswold,point_within,ONS Local Authority Districts (December 2024) Boundaries UK BGC
way,401101584,Huws Gray,Huws Gray,52.2455122,-3.3810734,W06000023,Powys,point_within,ONS Local Authority Districts (December 2024) Boundaries UK BGC
node,2156097971,Huws Gray,Huws Gray,52.2553035,0.700756,E07000245,West Suffolk,point_within,ONS Local Authority Districts (December 2024) Boundaries UK BGC
way,618322814,Huws Gray,Huws Gray,53.220482,-4.2829047,W06000001,Isle of Anglesey,point_within,ONS Local Authority Districts (December 2024) Boundaries UK BGC
way,94411844,Huws Gray,Huws Gray,53.2547919,-4.3044211,W06000001,Isle of Anglesey,point_within,ONS Local Authority Districts (December 2024) Boundaries UK BGC
way,94458295,Huws Gray,Huws Gray,53.4069702,-4.3508528,W06000001,Isle of Anglesey,point_within,ONS Local Authority Districts (December 2024) Boundaries UK BGC
way,303691059,Huws Gray,Huws Gray Builders' Merchant,53.1422407,-4.2764061,W06000002,Gwynedd,point_within,ONS Local Authority Districts (December 2024) Boundaries UK BGC
way,559580382,Huws Gray,Huws Gray,51.5678848,-1.7977273,E06000030,Swindon,point_within,ONS Local Authority Districts (December 2024) Boundaries UK BGC
way,397696425,Huws Gray,Huws Grey,52.7432379,-3.8825869,W06000002,Gwynedd,point_within,ONS Local Authority Districts (December 2024) Boundaries UK BGC
way,353206840,Huws Gray,Huw Gray,52.0745421,1.1406661,E07000202,Ipswich,point_within,ONS Local Authority Districts (December 2024) Boundaries UK BGC
way,355810600,Huws Gray,Huws Gray,52.7883707,-4.0971993,W06000002,Gwynedd,point_within,ONS Local Authority Districts (December 2024) Boundaries UK BGC
way,411507084,Huws Gray,Huws Gray,52.4030621,0.7265996,E07000143,Breckland,point_within,ONS Local Authority Districts (December 2024) Boundaries UK BGC
way,25808014,Huws Gray,Huws Gray,52.0631689,1.2795025,E07000244,East Suffolk,point_within,ONS Local Authority Districts (December 2024) Boundaries UK BGC
way,67394423,Huws Gray,Huws Gray,51.153233,1.3049559,E07000108,Dover,point_within,ONS Local Authority Districts (December 2024) Boundaries UK BGC
way,266157455,Huws Gray,Huws Gray,52.571054,-0.2134503,E06000031,Peterborough,point_within,ONS Local Authority Districts (December 2024) Boundaries UK BGC
way,342059568,Huws Gray,Huws Gray,54.985816,-2.9531973,E06000063,Cumberland,point_within,ONS Local Authority Districts (December 2024) Boundaries UK BGC
way,1075053468,Huws Gray,Huws Gray,52.8920806,-4.4014894,W06000002,Gwynedd,point_within,ONS Local Authority Districts (December 2024) Boundaries UK BGC
way,350862300,Huws Gray,Huws Gray,52.3706067,1.1220406,E07000149,South Norfolk,point_within,ONS Local Authority Districts (December 2024) Boundaries UK BGC
way,527356135,Huws Gray,Huws Gray,52.5907493,-4.0772957,W06000002,Gwynedd,point_within,ONS Local Authority Districts (December 2024) Boundaries UK BGC
way,159740263,Huws Gray,Huws Gray,52.4404797,-4.0296714,W06000008,Ceredigion,point_within,ONS Local Authority Districts (December 2024) Boundaries UK BGC
way,118457843,Huws Gray,Huws Gray,52.5391909,0.9373821,E07000143,Breckland,point_within,ONS Local Authority Districts (December 2024) Boundaries UK BGC
way,127330904,Huws Gray,Huws & Gray (Buildbase),52.9827034,-0.0280989,E07000136,Boston,point_within,ONS Local Authority Districts (December 2024) Boundaries UK BGC
node,6702628823,Huws Gray,Huws Gray,54.6661383,-2.7666616,E06000064,Westmorland and Furness,point_within,ONS Local Authority Districts (December 2024) Boundaries UK BGC
way,114815766,Huws Gray,Huws Gray,53.5678204,-0.0789036,E06000012,North East Lincolnshire,point_within,ONS Local Authority Districts (December 2024) Boundaries UK BGC
way,114815773,Huws Gray,Huws Gray,53.5683674,-0.0788334,E06000012,North East Lincolnshire,point_within,ONS Local Authority Districts (December 2024) Boundaries UK BGC
way,67916404,Huws Gray,Huws Gray,57.4849747,-4.2283308,S12000017,Highland,point_within,ONS Local Authority Districts (December 2024) Boundaries UK BGC
way,33767376,Jewson,Jewson,55.9674278,-3.1387854,S12000036,City of Edinburgh,point_within,ONS Local Authority Districts (December 2024) Boundaries UK BGC
way,27663008,Jewson,Jewson,51.4773389,-3.162142,W06000015,Cardiff,point_within,ONS Local Authority Districts (December 2024) Boundaries UK BGC
way,550970195,Jewson,Jewson,55.8426073,-4.2676019,S12000049,Glasgow City,point_within,ONS Local Authority Districts (December 2024) Boundaries UK BGC
way,79414247,Jewson,Jewson,51.4914903,-0.1042548,E09000022,Lambeth,point_within,ONS Local Authority Districts (December 2024) Boundaries UK BGC
way,87370889,Jewson,Jewson,52.5012208,-1.8761953,E08000025,Birmingham,point_within,ONS Local Authority Districts (December 2024) Boundaries UK BGC
node,6791828053,Jewson,Jewson,55.8522323,-4.2156842,S12000049,Glasgow City,point_within,ONS Local Authority Districts (December 2024) Boundaries UK BGC
way,82110453,Jewson,Jewson,51.484194,-0.0534534,E09000028,Southwark,point_within,ONS Local Authority Districts (December 2024) Boundaries UK BGC
node,815328195,Jewson,Jewson,55.9344191,-3.1783563,S12000036,City of Edinburgh,point_within,ONS Local Authority Districts (December 2024) Boundaries UK BGC
way,174636418,Jewson,Jewson,52.4857346,-1.8110271,E08000025,Birmingham,point_within,ONS Local Authority Districts (December 2024) Boundaries UK BGC
way,846268444,Jewson,Jewson,51.5462427,-0.1409768,E09000007,Camden,point_within,ONS Local Authority Districts (December 2024) Boundaries UK BGC
way,533311593,Jewson,Jewson,51.5855686,-0.1122008,E09000014,Haringey,point_within,ONS Local Authority Districts (December 2024) Boundaries UK BGC
way,1308420345,Jewson,Jewson,55.894367,-4.3222257,S12000049,Glasgow City,point_within,ONS Local Authority Districts (December 2024) Boundaries UK BGC
way,31111777,Jewson,Jewson,51.5769377,-0.1044156,E09000014,Haringey,point_within,ONS Local Authority Districts (December 2024) Boundaries UK BGC
way,175936972,Jewson,Jewson,53.4973507,-2.206723,E08000003,Manchester,point_within,ONS Local Authority Districts (December 2024) Boundaries UK BGC
way,952424961,Jewson,Jewson,51.5342805,-0.0212632,E09000030,Tower Hamlets,point_within,ONS Local Authority Districts (December 2024) Boundaries UK BGC
way,170349564,Jewson,Jewson,55.9144253,-3.079848,S12000019,Midlothian,point_within,ONS Local Authority Districts (December 2024) Boundaries UK BGC
way,249712884,Jewson,Jewson,51.4700091,-0.1783247,E09000032,Wandsworth,point_within,ONS Local Authority Districts (December 2024) Boundaries UK BGC
way,146603678,Jewson,Jewson,52.5204267,-1.7998839,E08000025,Birmingham,point_within,ONS Local Authority Districts (December 2024) Boundaries UK BGC
way,23107870,Jewson,Jewson,55.9318371,-3.2364733,S12000036,City of Edinburgh,point_within,ONS Local Authority Districts (December 2024) Boundaries UK BGC
way,489799339,Jewson,Jewson,51.4656529,-0.1967557,E09000013,Hammersmith and Fulham,point_within,ONS Local Authority Districts (December 2024) Boundaries UK BGC
way,223478952,Jewson,Jewson,51.5813287,-0.1547785,E09000014,Haringey,point_within,ONS Local Authority Districts (December 2024) Boundaries UK BGC
way,530650688,Jewson,Jewson,55.7767298,-4.2706363,S12000011,East Renfrewshire,point_within,ONS Local Authority Districts (December 2024) Boundaries UK BGC
way,1315347746,Jewson,Jewson,51.6861227,-0.0123436,E07000095,Broxbourne,point_within,ONS Local Authority Districts (December 2024) Boundaries UK BGC
way,972747383,Jewson,Jewson,51.4987144,-0.2265995,E09000013,Hammersmith and Fulham,point_within,ONS Local Authority Districts (December 2024) Boundaries UK BGC
way,165055257,Jewson,Jewson,51.402954,-3.2485606,W06000014,Vale of Glamorgan,point_within,ONS Local Authority Districts (December 2024) Boundaries UK BGC
way,409244461,Jewson,Jewson,51.4310928,-0.1923369,E09000024,Merton,point_within,ONS Local Authority Districts (December 2024) Boundaries UK BGC
way,232666508,Jewson,Jewson,51.414438,-0.0621065,E09000006,Bromley,point_within,ONS Local Authority Districts (December 2024) Boundaries UK BGC
way,589251301,Jewson,Jewson,52.4762795,-2.0464833,E08000028,Sandwell,point_within,ONS Local Authority Districts (December 2024) Boundaries UK BGC
node,11688002215,Jewson,Jewson,51.5080735,-0.2633011,E09000009,Ealing,point_within,ONS Local Authority Districts (December 2024) Boundaries UK BGC
way,837585221,Jewson,Jewson,53.3868703,-2.171235,E08000007,Stockport,point_within,ONS Local Authority Districts (December 2024) Boundaries UK BGC
node,4891695623,Jewson,Jewson,51.5165626,-0.2680289,E09000009,Ealing,point_within,ONS Local Authority Districts (December 2024) Boundaries UK BGC
way,85526776,Jewson,Jewson,52.5799126,-1.995399,E08000030,Walsall,point_within,ONS Local Authority Districts (December 2024) Boundaries UK BGC
way,262477181,Jewson,Jewson,51.440604,0.0503612,E09000011,Greenwich,point_within,ONS Local Authority Districts (December 2024) Boundaries UK BGC
way,28254208,Jewson,Jewson,53.3589042,-2.2018625,E08000007,Stockport,point_within,ONS Local Authority Districts (December 2024) Boundaries UK BGC
node,5852358667,Jewson,Jewson,51.3805172,-0.0880248,E09000008,Croydon,point_within,ONS Local Authority Districts (December 2024) Boundaries UK BGC
way,228982149,Jewson,Jewson,51.5398339,-0.3035909,E09000005,Brent,point_within,ONS Local Authority Districts (December 2024) Boundaries UK BGC
way,1077764763,Jewson,Jewson,53.5984194,-2.2858022,E08000002,Bury,point_within,ONS Local Authority Districts (December 2024) Boundaries UK BGC
way,542692472,Jewson,Jewson,53.5684476,-2.4278455,E08000001,Bolton,point_within,ONS Local Authority Districts (December 2024) Boundaries UK BGC
way,547854395,Jewson,Jewson,53.3946755,-2.079178,E08000007,Stockport,point_within,ONS Local Authority Districts (December 2024) Boundaries UK BGC
way,371739242,Jewson,Jewson,52.6152455,-2.0067283,E08000030,Walsall,point_within,ONS Local Authority Districts (December 2024) Boundaries UK BGC
way,198922761,Jewson,Jewson,51.4028137,-0.2702298,E09000021,Kingston upon Thames,point_within,ONS Local Authority Districts (December 2024) Boundaries UK BGC
way,122867217,Jewson,Jewson,51.5436345,0.1650415,E09000002,Barking and Dagenham,point_within,ONS Local Authority Districts (December 2024) Boundaries UK BGC
way,35356202,Jewson,Jewson,53.3868824,-2.7184748,E06000006,Halton,point_within,ONS Local Authority Districts (December 2024) Boundaries UK BGC
way,87386101,Jewson,Jewson,51.7628498,-0.0018236,E07000095,Broxbourne,point_within,ONS Local Authority Districts (December 2024) Boundaries UK BGC
way,618050163,Jewson,Jewson,56.1244636,-3.1497892,S12000047,Fife,point_within,ONS Local Authority Districts (December 2024) Boundaries UK BGC
way,445299209,Jewson,Jewson,51.3923923,-0.3110586,E09000021,Kingston upon Thames,point_within,ONS Local Authority Districts (December 2024) Boundaries UK BGC
way,294379343,Jewson,Jewson,52.5914145,-2.1258105,E08000031,Wolverhampton,point_within,ONS Local Authority Districts (December 2024) Boundaries UK BGC
way,791483541,Jewson,Jewson,51.3840977,0.1082753,E09000006,Bromley,point_within,ONS Local Authority Districts (December 2024) Boundaries UK BGC
way,96569750,Jewson,Jewson,51.3420455,-2.962529,E06000024,North Somerset,point_within,ONS Local Authority Districts (December 2024) Boundaries UK BGC
relation,9201770,Jewson,Jewson,51.3405596,-2.9625838,E06000024,North Somerset,point_within,ONS Local Authority Districts (December 2024) Boundaries UK BGC
way,41972342,Jewson,Jewson,51.3172493,-0.0829996,E09000008,Croydon,point_within,ONS Local Authority Districts (December 2024) Boundaries UK BGC
way,211033657,Jewson,Jewson,51.4284458,-2.8618708,E06000024,North Somerset,point_within,ONS Local Authority Districts (December 2024) Boundaries UK BGC
way,1168365927,Jewson,Jewson,51.3169214,-0.136308,E09000008,Croydon,point_within,ONS Local Authority Districts (December 2024) Boundaries UK BGC
way,153655530,Jewson,Jewson,52.6356775,-1.6875368,E07000199,Tamworth,point_within,ONS Local Authority Districts (December 2024) Boundaries UK BGC
way,343182730,Jewson,Jewson,52.3308279,-2.0665014,E07000234,Bromsgrove,point_within,ONS Local Authority Districts (December 2024) Boundaries UK BGC
way,659804462,Jewson,Jewson,51.3355315,-0.2572289,E07000208,Epsom and Ewell,point_within,ONS Local Authority Districts (December 2024) Boundaries UK BGC
way,326211945,Jewson,Jewson,55.776675,-3.9511145,S12000050,North Lanarkshire,point_within,ONS Local Authority Districts (December 2024) Boundaries UK BGC
way,251675287,Jewson,Jewson,53.3848741,-2.6254165,E06000007,Warrington,point_within,ONS Local Authority Districts (December 2024) Boundaries UK BGC
node,11955981602,Jewson,Jewson,53.5350284,-2.6598811,E08000010,Wigan,point_within,ONS Local Authority Districts (December 2024) Boundaries UK BGC
way,28094283,Jewson,Jewson,51.442273,0.2433476,E07000107,Dartford,point_within,ONS Local Authority Districts (December 2024) Boundaries UK BGC
way,81716585,Jewson,Jewson,51.3879684,-0.4161772,E07000207,Elmbridge,point_within,ONS Local Authority Districts (December 2024) Boundaries UK BGC
node,10957889566,Jewson,Jewson,51.3764593,-0.4081383,E07000207,Elmbridge,point_within,ONS Local Authority Districts (December 2024) Boundaries UK BGC
node,8267501845,Jewson,Jewson,53.1894547,-2.8644945,E06000050,Cheshire West and Chester,point_within,ONS Local Authority Districts (December 2024) Boundaries UK BGC
way,376092361,Jewson,Jewson,53.6464019,-2.9751834,E08000014,Sefton,point_within,ONS Local Authority Districts (December 2024) Boundaries UK BGC
node,11274027740,Jewson,Jewson,51.6448813,-0.4267786,E07000103,Watford,point_within,ONS Local Authority Districts (December 2024) Boundaries UK BGC
way,27674859,Jewson,Jewson,51.3006695,-0.3224862,E07000210,Mole Valley,point_within,ONS Local Authority Districts (December 2024) Boundaries UK BGC
way,1229647203,Jewson,Jewson,51.499195,-3.5512075,W06000013,Bridgend,point_within,ONS Local Authority Districts (December 2024) Boundaries UK BGC
node,4791451032,Jewson,Jewson,52.5211177,-1.4843472,E07000219,Nuneaton and Bedworth,point_within,ONS Local Authority Districts (December 2024) Boundaries UK BGC
way,136135597,Jewson,Jewson,52.4031283,-1.4963374,E08000026,Coventry,point_within,ONS Local Authority Districts (December 2024) Boundaries UK BGC
way,251399434,Jewson,Jewson,51.4322198,-0.5049126,E07000213,Spelthorne,point_within,ONS Local Authority Districts (December 2024) Boundaries UK BGC
way,1351725825,Jewson,Jewson,51.8072297,-0.3410259,E07000240,St Albans,point_within,ONS Local Authority Districts (December 2024) Boundaries UK BGC
node,6454721269,Jewson,Jewson,51.2360481,-0.1686868,E07000211,Reigate and Banstead,point_within,ONS Local Authority Districts (December 2024) Boundaries UK BGC
way,319418607,Jewson,Jewson,55.6168487,-4.5180792,S12000008,East Ayrshire,point_within,ONS Local Authority Districts (December 2024) Boundaries UK BGC
way,567175513,Jewson,Jewson,53.6504275,-2.6226801,E07000118,Chorley,point_within,ONS Local Authority Districts (December 2024) Boundaries UK BGC
way,316041073,Jewson,Jewson,52.2910632,-1.5575401,E07000222,Warwick,point_within,ONS Local Authority Districts (December 2024) Boundaries UK BGC
node,12400552935,Jewson,Jewson,53.754896,-2.3709896,E07000120,Hyndburn,point_within,ONS Local Authority Districts (December 2024) Boundaries UK BGC
way,535482130,Jewson,Jewson,53.191317,-2.4429196,E06000049,Cheshire East,point_within,ONS Local Authority Districts (December 2024) Boundaries UK BGC
way,138400092,Jewson,Jewson,52.284219,-1.5415854,E07000222,Warwick,point_within,ONS Local Authority Districts (December 2024) Boundaries UK BGC
node,9571055270,Jewson,Jewson,51.7144398,-3.4409848,W06000016,Rhondda Cynon Taf,point_within,ONS Local Authority Districts (December 2024) Boundaries UK BGC
way,397172242,Jewson,Jewson,53.1637243,-2.2290999,E06000049,Cheshire East,point_within,ONS Local Authority Districts (December 2024) Boundaries UK BGC
way,158023814,Jewson,Jewson,52.1977141,-1.7133592,E07000221,Stratford-on-Avon,point_within,ONS Local Authority Districts (December 2024) Boundaries UK BGC
way,76110877,Jewson,Jewson,56.0118134,-3.7705055,S12000014,Falkirk,point_within,ONS Local Authority Districts (December 2024) Boundaries UK BGC
way,78224905,Jewson,Jewson,52.531682,-2.4206467,E06000051,Shropshire,point_within,ONS Local Authority Districts (December 2024) Boundaries UK BGC
way,24595483,Jewson,Jewson,51.3270419,-0.5423555,E07000217,Woking,point_within,ONS Local Authority Districts (December 2024) Boundaries UK BGC
way,204309079,Jewson,Jewson,52.8013065,-2.0848118,E07000197,Stafford,point_within,ONS Local Authority Districts (December 2024) Boundaries UK BGC
node,5217122060,Jewson,Jewson,51.2050345,-3.4674383,E06000066,Somerset,point_within,ONS Local Authority Districts (December 2024) Boundaries UK BGC
way,239371408,Jewson,Jewson,51.6750623,-0.5855666,E06000060,Buckinghamshire,point_within,ONS Local Authority Districts (December 2024) Boundaries UK BGC
way,140331618,Jewson,Jewson,53.1931443,-3.4174217,W06000004,Denbighshire,point_within,ONS Local Authority Districts (December 2024) Boundaries UK BGC
way,147219321,Jewson,Jewson,51.1331305,-3.0019241,E06000066,Somerset,point_within,ONS Local Authority Districts (December 2024) Boundaries UK BGC
node,5270078540,Jewson,Jewson,53.7663758,-3.0129361,E07000119,Fylde,point_within,ONS Local Authority Districts (December 2024) Boundaries UK BGC
node,7177561083,Jewson,Jewson,51.883071,-0.4361326,E06000032,Luton,point_within,ONS Local Authority Districts (December 2024) Boundaries UK BGC
way,405210820,Jewson,Jewson,51.4534402,-2.5724113,E06000023,"Bristol, City of",point_within,ONS Local Authority Districts (December 2024) Boundaries UK BGC
way,159967289,Jewson,Jewson,51.4730045,-2.5710488,E06000023,"Bristol, City of",point_within,ONS Local Authority Districts (December 2024) Boundaries UK BGC
way,93166535,Jewson,Jewson,51.7422833,0.5048021,E07000070,Chelmsford,point_within,ONS Local Authority Districts (December 2024) Boundaries UK BGC
node,5090727413,Jewson,Jewson,52.673598,-2.4270886,E06000020,Telford and Wrekin,point_within,ONS Local Authority Districts (December 2024) Boundaries UK BGC
way,48964147,Jewson,Jewson,51.5214711,-0.7117449,E06000040,Windsor and Maidenhead,point_within,ONS Local Authority Districts (December 2024) Boundaries UK BGC
way,936788193,Jewson,Jewson,51.1280954,-0.012871,E07000228,Mid Sussex,point_within,ONS Local Authority Districts (December 2024) Boundaries UK BGC
way,398407644,Jewson,Jewson,51.9813213,-0.2155293,E07000099,North Hertfordshire,point_within,ONS Local Authority Districts (December 2024) Boundaries UK BGC
way,814919531,Jewson,Jewson,53.0962074,-2.4573983,E06000049,Cheshire East,point_within,ONS Local Authority Districts (December 2024) Boundaries UK BGC
node,11612978746,Jewson,Jewson,55.6213674,-2.8189009,S12000026,Scottish Borders,point_within,ONS Local Authority Districts (December 2024) Boundaries UK BGC
way,342620167,Jewson,Jewson,53.0685268,-2.2646273,E07000195,Newcastle-under-Lyme,point_within,ONS Local Authority Districts (December 2024) Boundaries UK BGC
way,720229985,Jewson,Jewson,55.4498321,-4.2707752,S12000008,East Ayrshire,point_within,ONS Local Authority Districts (December 2024) Boundaries UK BGC
way,292294664,Jewson,Jewson,52.0802082,-1.9412786,E07000238,Wychavon,point_within,ONS Local Authority Districts (December 2024) Boundaries UK BGC
node,8347749366,Jewson,Jewson,55.4834714,-4.6057586,S12000028,South Ayrshire,point_within,ONS Local Authority Districts (December 2024) Boundaries UK BGC
node,5596870599,Jewson,Jewson,51.414325,-0.7617758,E06000036,Bracknell Forest,point_within,ONS Local Authority Districts (December 2024) Boundaries UK BGC
way,478693558,Jewson,Jewson,51.4144096,-2.4818165,E06000022,Bath and North East Somerset,point_within,ONS Local Authority Districts (December 2024) Boundaries UK BGC
node,5827269079,Jewson,Jewson,51.1600091,0.2946272,E07000116,Tunbridge Wells,point_within,ONS Local Authority Districts (December 2024) Boundaries UK BGC
node,10803204493,Jewson,Jewson,51.1434609,-0.4973565,E07000216,Waverley,point_within,ONS Local Authority Districts (December 2024) Boundaries UK BGC
way,95461552,Jewson,Jewson,52.0522786,-0.035251,E07000099,North Hertfordshire,point_within,ONS Local Authority Districts (December 2024) Boundaries UK BGC
node,484793354,Jewson,Jewson,51.1902809,-0.6072571,E07000216,Waverley,point_within,ONS Local Authority Districts (December 2024) Boundaries UK BGC
way,1013813008,Jewson,Jewson,51.2770024,0.5150426,E07000110,Maidstone,point_within,ONS Local Authority Districts (December 2024) Boundaries UK BGC
way,957243360,Jewson,Jewson,56.3827752,-3.43564,S12000048,Perth and Kinross,point_within,ONS Local Authority Districts (December 2024) Boundaries UK BGC
way,233748126,Jewson,Jewson,51.0716169,-0.3074915,E07000227,Horsham,point_within,ONS Local Authority Districts (December 2024) Boundaries UK BGC
way,1414239408,Jewson,Jewson,53.0204333,-2.1630588,E06000021,Stoke-on-Trent,point_within,ONS Local Authority Districts (December 2024) Boundaries UK BGC
way,149404381,Jewson,Jewson,51.5419596,-2.4355344,E06000025,South Gloucestershire,point_within,ONS Local Authority Districts (December 2024) Boundaries UK BGC
way,136446700,Jewson,Jewson,51.0231426,-3.0886399,E06000066,Somerset,point_within,ONS Local Authority Districts (December 2024) Boundaries UK BGC
way,103184642,Jewson,Jewson,51.78476,-2.6061338,E07000080,Forest of Dean,point_within,ONS Local Authority Districts (December 2024) Boundaries UK BGC
way,171757042,Jewson,Jewson,52.9513985,-3.062937,W06000006,Wrexham,point_within,ONS Local Authority Districts (December 2024) Boundaries UK BGC
way,171757041,Jewson,Jewson,52.950967,-3.0627897,W06000006,Wrexham,point_within,ONS Local Authority Districts (December 2024) Boundaries UK BGC
node,282618695,Jewson,Jewson,51.2921752,-0.7660287,E07000092,Rushmoor,point_within,ONS Local Authority Districts (December 2024) Boundaries UK BGC
way,479876940,Jewson,Jewson,53.8751227,-1.8930879,E08000032,Bradford,point_within,ONS Local Authority Districts (December 2024) Boundaries UK BGC
way,49798367,Jewson,Jewson,51.7344329,0.6820043,E07000074,Maldon,point_within,ONS Local Authority Districts (December 2024) Boundaries UK BGC
way,240713645,Jewson,Jewson,51.2822412,-2.4668162,E06000022,Bath and North East Somerset,point_within,ONS Local Authority Districts (December 2024) Boundaries UK BGC
way,798759269,Jewson,Jewson,52.0077317,-0.4841289,E06000056,Central Bedfordshire,point_within,ONS Local Authority Districts (December 2024) Boundaries UK BGC
way,90122780,Jewson,Jewson,52.6238765,-1.1305292,E06000016,Leicester,point_within,ONS Local Authority Districts (December 2024) Boundaries UK BGC
way,121474661,Jewson,Jewson,53.3909331,-1.4709725,E08000019,Sheffield,point_within,ONS Local Authority Districts (December 2024) Boundaries UK BGC
way,1168366899,Jewson,Jewson,51.91423,-0.6690288,E06000056,Central Bedfordshire,point_within,ONS Local Authority Districts (December 2024) Boundaries UK BGC
node,5523572920,Jewson,Jewson,51.0434384,0.183355,E07000065,Wealden,point_within,ONS Local Authority Districts (December 2024) Boundaries UK BGC
way,93373454,Jewson,Jewson,53.3675645,-1.4665599,E08000019,Sheffield,point_within,ONS Local Authority Districts (December 2024) Boundaries UK BGC
way,460090797,Jewson,Jewson,51.0083973,-0.0967481,E07000228,Mid Sussex,point_within,ONS Local Authority Districts (December 2024) Boundaries UK BGC
way,451979258,Jewson,Jewson,51.3777659,-2.370163,E06000022,Bath and North East Somerset,point_within,ONS Local Authority Districts (December 2024) Boundaries UK BGC
relation,19548380,Jewson,Jewson,51.3777659,-2.370163,E06000022,Bath and North East Somerset,point_within,ONS Local Authority Districts (December 2024) Boundaries UK BGC
way,1168371488,Jewson,Jewson,51.221282,-0.7749396,E07000216,Waverley,point_within,ONS Local Authority Districts (December 2024) Boundaries UK BGC
way,231761202,Jewson,Jewson,53.5395137,-1.4313306,E08000016,Barnsley,point_within,ONS Local Authority Districts (December 2024) Boundaries UK BGC
way,326567325,Jewson,Jewson,51.2797957,-0.8402124,E07000089,Hart,point_within,ONS Local Authority Districts (December 2024) Boundaries UK BGC
way,1329843642,Jewson,Jewson,51.2799572,-0.8405225,E07000089,Hart,point_within,ONS Local Authority Districts (December 2024) Boundaries UK BGC
way,326567322,Jewson,Jewson,51.2797997,-0.8405575,E07000089,Hart,point_within,ONS Local Authority Districts (December 2024) Boundaries UK BGC
way,1329843639,Jewson,Jewson,51.279686,-0.8405723,E07000089,Hart,point_within,ONS Local Authority Districts (December 2024) Boundaries UK BGC
way,75649048,Jewson,Jewson,52.9368141,-1.4690777,E06000015,Derby,point_within,ONS Local Authority Districts (December 2024) Boundaries UK BGC
way,113413440,Jewson,Jewson,53.7720802,-1.5790955,E08000035,Leeds,point_within,ONS Local Authority Districts (December 2024) Boundaries UK BGC
node,5435868337,Jewson,Jewson,53.3809867,-1.4269168,E08000019,Sheffield,point_within,ONS Local Authority Districts (December 2024) Boundaries UK BGC
way,946059030,Jewson,Jewson,51.8195979,-0.8294552,E06000060,Buckinghamshire,point_within,ONS Local Authority Districts (December 2024) Boundaries UK BGC
way,583367866,Jewson,Jewson,50.9664036,-0.1700497,E07000228,Mid Sussex,point_within,ONS Local Authority Districts (December 2024) Boundaries UK BGC
way,1419400203,Jewson,Jewson,51.4268071,-0.9718679,E06000038,Reading,point_within,ONS Local Authority Districts (December 2024) Boundaries UK BGC
way,201078266,Jewson,Jewson,53.7804187,-1.5216171,E08000035,Leeds,point_within,ONS Local Authority Districts (December 2024) Boundaries UK BGC
way,69821108,Jewson,Jewson,51.3445855,0.7406068,E07000113,Swale,point_within,ONS Local Authority Districts (December 2024) Boundaries UK BGC
way,597889791,Jewson,Jewson,50.9537509,-0.1365358,E07000228,Mid Sussex,point_within,ONS Local Authority Districts (December 2024) Boundaries UK BGC
way,227506295,Jewson,Jewson,53.4468122,-1.3541352,E08000018,Rotherham,point_within,ONS Local Authority Districts (December 2024) Boundaries UK BGC
way,316730962,Jewson,Jewson,52.9021736,-1.2751993,E07000036,Erewash,point_within,ONS Local Authority Districts (December 2024) Boundaries UK BGC
way,1262489335,Jewson,Jewson,53.2448322,-1.427157,E07000034,Chesterfield,point_within,ONS Local Authority Districts (December 2024) Boundaries UK BGC
way,235998499,Jewson,Jewson,52.73635,-2.7174058,E06000051,Shropshire,point_within,ONS Local Authority Districts (December 2024) Boundaries UK BGC
way,494873901,Jewson,Jewson,50.9771761,0.221214,E07000065,Wealden,point_within,ONS Local Authority Districts (December 2024) Boundaries UK BGC
way,133315245,Jewson,Jewson,51.0891543,-0.7197262,E07000216,Waverley,point_within,ONS Local Authority Districts (December 2024) Boundaries UK BGC
way,929379395,Jewson,Jewson,55.435732,-2.7578628,S12000026,Scottish Borders,point_within,ONS Local Authority Districts (December 2024) Boundaries UK BGC
way,582946747,Jewson,Jewson,51.9997779,-0.7266687,E06000042,Milton Keynes,point_within,ONS Local Authority Districts (December 2024) Boundaries UK BGC
way,583676047,Jewson,Jewson,52.2316494,-2.7415372,E06000019,"Herefordshire, County of",point_within,ONS Local Authority Districts (December 2024) Boundaries UK BGC
way,355132177,Jewson,Jewson,52.8479234,-2.7042163,E06000051,Shropshire,point_within,ONS Local Authority Districts (December 2024) Boundaries UK BGC
way,587584474,Jewson,Jewson,51.9393008,-1.5552249,E07000181,West Oxfordshire,point_within,ONS Local Authority Districts (December 2024) Boundaries UK BGC
way,59923819,Jewson,Jewson,52.4797417,-0.9077305,E07000131,Harborough,point_within,ONS Local Authority Districts (December 2024) Boundaries UK BGC
node,2096557651,Jewson,Jewson,51.3326093,-2.205205,E06000054,Wiltshire,point_within,ONS Local Authority Districts (December 2024) Boundaries UK BGC
way,511207633,Jewson,Jewson,53.7145691,-1.3364675,E08000036,Wakefield,point_within,ONS Local Authority Districts (December 2024) Boundaries UK BGC
way,1485803918,Jewson,Jewson,50.8749349,-2.956542,E06000066,Somerset,point_within,ONS Local Authority Districts (December 2024) Boundaries UK BGC
way,144429493,Jewson,Jewson,52.2143702,0.1488934,E07000008,Cambridge,point_within,ONS Local Authority Districts (December 2024) Boundaries UK BGC
way,38630024,Jewson,Jewson,52.2098687,-0.294116,E07000011,Huntingdonshire,point_within,ONS Local Authority Districts (December 2024) Boundaries UK BGC
node,2277737924,Jewson,Jewson,51.5985421,-1.112754,E07000179,South Oxfordshire,point_within,ONS Local Authority Districts (December 2024) Boundaries UK BGC
way,170105970,Jewson,Jewson,51.271463,-1.0668859,E07000084,Basingstoke and Deane,point_within,ONS Local Authority Districts (December 2024) Boundaries UK BGC
way,442430655,Jewson,Jewson,52.0605697,-2.7116961,E06000019,"Herefordshire, County of",point_within,ONS Local Authority Districts (December 2024) Boundaries UK BGC
way,247047463,Jewson,Jewson,52.2337372,-0.9133128,E06000062,West Northamptonshire,point_within,ONS Local Authority Districts (December 2024) Boundaries UK BGC
way,161116132,Jewson,Jewson,51.6718428,-4.1526317,W06000010,Carmarthenshire,point_within,ONS Local Authority Districts (December 2024) Boundaries UK BGC
way,707243671,Jewson,Jewson,54.0594581,-2.8510482,E07000121,Lancaster,point_within,ONS Local Authority Districts (December 2024) Boundaries UK BGC
way,44331795,Jewson,Jewson,52.9848523,-1.1873197,E06000018,Nottingham,point_within,ONS Local Authority Districts (December 2024) Boundaries UK BGC
way,370308155,Jewson,Jewson,53.1013023,-1.3774474,E07000032,Amber Valley,point_within,ONS Local Authority Districts (December 2024) Boundaries UK BGC
way,197714861,Jewson,Jewson,55.76136,-2.0235869,E06000057,Northumberland,point_within,ONS Local Authority Districts (December 2024) Boundaries UK BGC
way,121947425,Jewson,Jewson,51.0036979,0.6149461,E07000064,Rother,point_within,ONS Local Authority Districts (December 2024) Boundaries UK BGC
relation,10595686,Jewson,Jewson,50.8316829,-0.2119308,E06000043,Brighton and Hove,point_within,ONS Local Authority Districts (December 2024) Boundaries UK BGC
way,365406611,Jewson,Jewson,50.7990651,-3.1988806,E07000040,East Devon,point_within,ONS Local Authority Districts (December 2024) Boundaries UK BGC
way,369591302,Jewson,Jewson,52.9577987,-1.0804088,E07000173,Gedling,point_within,ONS Local Authority Districts (December 2024) Boundaries UK BGC
way,1308420115,Jewson,Jewson,50.8603626,0.2535738,E07000065,Wealden,point_within,ONS Local Authority Districts (December 2024) Boundaries UK BGC
way,234077512,Jewson,Jewson,50.8218966,-0.1242718,E06000043,Brighton and Hove,point_within,ONS Local Authority Districts (December 2024) Boundaries UK BGC
way,398734705,Jewson,Jewson,51.0739633,-4.0592676,E07000043,North Devon,point_within,ONS Local Authority Districts (December 2024) Boundaries UK BGC
way,886651940,Jewson,Jewson,52.1528874,-3.3999482,W06000023,Powys,point_within,ONS Local Authority Districts (December 2024) Boundaries UK BGC
node,1184576003,Jewson,Jewson,51.1505289,0.8589051,E07000105,Ashford,point_within,ONS Local Authority Districts (December 2024) Boundaries UK BGC
node,6491216379,Jewson,Jewson,56.6538107,-2.8804082,S12000041,Angus,point_within,ONS Local Authority Districts (December 2024) Boundaries UK BGC
way,467058293,Jewson,Jewson,52.4058481,-0.7436318,E06000061,North Northamptonshire,point_within,ONS Local Authority Districts (December 2024) Boundaries UK BGC
way,467058367,Jewson,Jewson,52.4098485,-0.7422839,E06000061,North Northamptonshire,point_within,ONS Local Authority Districts (December 2024) Boundaries UK BGC
way,979398016,Jewson,Jewson,50.816394,-0.3495964,E07000229,Worthing,point_within,ONS Local Authority Districts (December 2024) Boundaries UK BGC
way,570456631,Jewson,Jewson,53.2165269,-4.1087607,W06000002,Gwynedd,point_within,ONS Local Authority Districts (December 2024) Boundaries UK BGC
way,1069902875,Jewson,Jewson,51.3582111,1.028966,E07000106,Canterbury,point_within,ONS Local Authority Districts (December 2024) Boundaries UK BGC
way,505946328,Jewson,Jewson,51.8989453,-1.1153472,E07000177,Cherwell,point_within,ONS Local Authority Districts (December 2024) Boundaries UK BGC
way,722605096,Jewson,Jewson,53.1542436,-1.1911872,E07000174,Mansfield,point_within,ONS Local Authority Districts (December 2024) Boundaries UK BGC
way,276275015,Jewson,Jewson,52.3372552,-0.0613583,E07000011,Huntingdonshire,point_within,ONS Local Authority Districts (December 2024) Boundaries UK BGC
way,546607545,Jewson,Jewson,52.3403393,-0.187099,E07000011,Huntingdonshire,point_within,ONS Local Authority Districts (December 2024) Boundaries UK BGC
way,976669896,Jewson,Jewson,51.9027688,-1.1381436,E07000177,Cherwell,point_within,ONS Local Authority Districts (December 2024) Boundaries UK BGC
way,28613340,Jewson,Jewson,50.8880174,0.5548161,E07000062,Hastings,point_within,ONS Local Authority Districts (December 2024) Boundaries UK BGC
way,1168367052,Jewson,Jewson,51.3600576,-1.9793026,E06000054,Wiltshire,point_within,ONS Local Authority Districts (December 2024) Boundaries UK BGC
way,392131285,Jewson,Jewson,50.8448607,0.4674033,E07000064,Rother,point_within,ONS Local Authority Districts (December 2024) Boundaries UK BGC
way,1433614758,Jewson,Jewson,51.7782957,-1.4839659,E07000181,West Oxfordshire,point_within,ONS Local Authority Districts (December 2024) Boundaries UK BGC
way,203677746,Jewson,Jewson,51.4001248,-1.3010484,E06000037,West Berkshire,point_within,ONS Local Authority Districts (December 2024) Boundaries UK BGC
node,583286357,Jewson,Jewson,50.7838034,-3.6453505,E07000042,Mid Devon,point_within,ONS Local Authority Districts (December 2024) Boundaries UK BGC
way,579041414,Jewson,Jewson,52.3161809,-0.6736857,E06000061,North Northamptonshire,point_within,ONS Local Authority Districts (December 2024) Boundaries UK BGC
way,1309097518,Jewson,Jewson,51.9461773,1.0639405,E07000076,Tendring,point_within,ONS Local Authority Districts (December 2024) Boundaries UK BGC
way,109611130,Jewson,Jewson,52.2960701,-0.621129,E06000061,North Northamptonshire,point_within,ONS Local Authority Districts (December 2024) Boundaries UK BGC
way,88374038,Jewson,Jewson,50.7214254,-3.4669921,E07000041,Exeter,point_within,ONS Local Authority Districts (December 2024) Boundaries UK BGC
node,349213500,Jewson,Jewson,52.2380719,0.7449608,E07000245,West Suffolk,point_within,ONS Local Authority Districts (December 2024) Boundaries UK BGC
way,1431537673,Jewson,Jewson,52.2381041,0.7460334,E07000245,West Suffolk,point_within,ONS Local Authority Districts (December 2024) Boundaries UK BGC
way,690662475,Jewson,Jewson,50.8308244,-0.7896712,E07000225,Chichester,point_within,ONS Local Authority Districts (December 2024) Boundaries UK BGC
way,224247685,Jewson,Jewson,52.3908826,0.262232,E07000009,East Cambridgeshire,point_within,ONS Local Authority Districts (December 2024) Boundaries UK BGC
way,52882620,Jewson,Jewson,53.3198559,-0.9401627,E07000171,Bassetlaw,point_within,ONS Local Authority Districts (December 2024) Boundaries UK BGC
way,200236673,Jewson,Jewson,52.9321905,-4.0642999,W06000002,Gwynedd,point_within,ONS Local Authority Districts (December 2024) Boundaries UK BGC
way,200236602,Jewson,Jewson,52.9318301,-4.0649349,W06000002,Gwynedd,point_within,ONS Local Authority Districts (December 2024) Boundaries UK BGC
way,1007137743,Jewson,Jewson,55.4321831,-5.612841,S12000035,Argyll and Bute,point_within,ONS Local Authority Districts (December 2024) Boundaries UK BGC
way,844490136,Jewson,Jewson,51.0691891,1.0667218,E07000112,Folkestone and Hythe,point_within,ONS Local Authority Districts (December 2024) Boundaries UK BGC
way,292185523,Jewson,Jewson,50.8493914,-0.9933334,E07000090,Havant,point_within,ONS Local Authority Districts (December 2024) Boundaries UK BGC
way,1166193284,Jewson,Jewson,52.053591,1.151324,E07000202,Ipswich,point_within,ONS Local Authority Districts (December 2024) Boundaries UK BGC
node,11519205299,Jewson,Jewson,52.9086107,-0.6444002,E07000141,South Kesteven,point_within,ONS Local Authority Districts (December 2024) Boundaries UK BGC
way,704470428,Jewson,Jewson,51.578713,-1.7742772,E06000030,Swindon,point_within,ONS Local Authority Districts (December 2024) Boundaries UK BGC
way,300705672,Jewson,Jewson,56.409154,-5.4683591,S12000035,Argyll and Bute,point_within,ONS Local Authority Districts (December 2024) Boundaries UK BGC
way,169564854,Jewson,Jewson,53.9594031,-1.0671123,E06000014,York,point_within,ONS Local Authority Districts (December 2024) Boundaries UK BGC
way,162974146,Jewson,Jewson,53.9899635,-1.0963406,E06000014,York,point_within,ONS Local Authority Districts (December 2024) Boundaries UK BGC
way,746679010,Jewson,Jewson,55.0684227,-3.5892672,S12000006,Dumfries and Galloway,point_within,ONS Local Authority Districts (December 2024) Boundaries UK BGC
node,345507071,Jewson,Jewson,52.0528731,1.1818603,E07000202,Ipswich,point_within,ONS Local Authority Districts (December 2024) Boundaries UK BGC
way,205288425,Jewson,Jewson,50.7161777,-2.4509956,E06000059,Dorset,point_within,ONS Local Authority Districts (December 2024) Boundaries UK BGC
node,9028107094,Jewson,Jewson,51.0858683,1.1509683,E07000112,Folkestone and Hythe,point_within,ONS Local Authority Districts (December 2024) Boundaries UK BGC
way,992211870,Jewson,Jewson,50.742934,-3.9996286,E07000047,West Devon,point_within,ONS Local Authority Districts (December 2024) Boundaries UK BGC
way,1205148953,Jewson,Jewson,50.7926039,-0.9928524,E07000090,Havant,point_within,ONS Local Authority Districts (December 2024) Boundaries UK BGC
node,3600235508,Jewson,Jewson,54.3318389,-2.737186,E06000064,Westmorland and Furness,point_within,ONS Local Authority Districts (December 2024) Boundaries UK BGC
way,1318360372,Jewson,Jewson,53.4037626,-0.7509375,E07000142,West Lindsey,point_within,ONS Local Authority Districts (December 2024) Boundaries UK BGC
way,452786008,Jewson,Jewson,51.2183347,-1.5095903,E07000093,Test Valley,point_within,ONS Local Authority Districts (December 2024) Boundaries UK BGC
way,25807526,Jewson,Jewson,52.0634421,1.2759989,E07000244,East Suffolk,point_within,ONS Local Authority Districts (December 2024) Boundaries UK BGC
way,60730142,Jewson,Jewson - Grahams,51.0632834,-1.7775123,E06000054,Wiltshire,point_within,ONS Local Authority Districts (December 2024) Boundaries UK BGC
way,425528706,Jewson,Jewson,54.3671446,-2.9171521,E06000064,Westmorland and Furness,point_within,ONS Local Authority Districts (December 2024) Boundaries UK BGC
node,11845805296,Jewson,Jewson,52.0950322,1.321271,E07000244,East Suffolk,point_within,ONS Local Authority Districts (December 2024) Boundaries UK BGC
node,11969438722,Jewson,Jewson,51.2268119,1.3962339,E07000108,Dover,point_within,ONS Local Authority Districts (December 2024) Boundaries UK BGC
way,277113405,Jewson,Jewson,50.907732,-1.3379737,E06000045,Southampton,point_within,ONS Local Authority Districts (December 2024) Boundaries UK BGC
way,129707310,Jewson,Jewson,55.4097463,-1.6989246,E06000057,Northumberland,point_within,ONS Local Authority Districts (December 2024) Boundaries UK BGC
way,205949221,Jewson,Jewson,50.533205,-3.5946676,E07000045,Teignbridge,point_within,ONS Local Authority Districts (December 2024) Boundaries UK BGC
node,4026152704,Jewson,Jewson,54.4122463,-1.7452654,E06000065,North Yorkshire,point_within,ONS Local Authority Districts (December 2024) Boundaries UK BGC
way,161904345,Jewson,Jewson,50.8951385,-1.3689013,E06000045,Southampton,point_within,ONS Local Authority Districts (December 2024) Boundaries UK BGC
way,172650400,Jewson,Jewson,54.3441581,-1.4371285,E06000065,North Yorkshire,point_within,ONS Local Authority Districts (December 2024) Boundaries UK BGC
way,1075053462,Jewson,Jewson,52.8910231,-4.4056637,W06000002,Gwynedd,point_within,ONS Local Authority Districts (December 2024) Boundaries UK BGC
way,1083883759,Jewson,Jewson,50.8001895,-1.9433883,E06000059,Dorset,point_within,ONS Local Authority Districts (December 2024) Boundaries UK BGC
way,159054235,Jewson,Jewson,52.2363773,-4.2547448,W06000008,Ceredigion,point_within,ONS Local Authority Districts (December 2024) Boundaries UK BGC
way,382481708,Jewson,Jewson,50.723832,-1.1557427,E06000046,Isle of Wight,point_within,ONS Local Authority Districts (December 2024) Boundaries UK BGC
way,350862310,Jewson,Jewson,52.3701208,1.1212426,E07000149,South Norfolk,point_within,ONS Local Authority Districts (December 2024) Boundaries UK BGC
node,6185606786,Jewson,Jewson,50.9303618,-1.5020035,E07000091,New Forest,point_within,ONS Local Authority Districts (December 2024) Boundaries UK BGC
way,280136929,Jewson,Jewson,53.2184289,-0.5608388,E07000138,Lincoln,point_within,ONS Local Authority Districts (December 2024) Boundaries UK BGC
way,361033670,Jewson,Jewson,50.6615077,-1.1523752,E06000046,Isle of Wight,point_within,ONS Local Authority Districts (December 2024) Boundaries UK BGC
way,554348308,Jewson,Jewson,52.4012613,-4.0405512,W06000008,Ceredigion,point_within,ONS Local Authority Districts (December 2024) Boundaries UK BGC
way,197648042,Jewson,Jewson,54.8905711,-2.943315,E06000063,Cumberland,point_within,ONS Local Authority Districts (December 2024) Boundaries UK BGC
way,197647803,Jewson,Jewson,54.8833981,-2.9054449,E06000063,Cumberland,point_within,ONS Local Authority Districts (December 2024) Boundaries UK BGC
node,10686860551,Jewson,Jewson,50.7096128,-1.2943482,E06000046,Isle of Wight,point_within,ONS Local Authority Districts (December 2024) Boundaries UK BGC
way,200347966,Jewson,Jewson,50.4337606,-3.6819926,E07000044,South Hams,point_within,ONS Local Authority Districts (December 2024) Boundaries UK BGC
node,4775264915,Jewson,Jewson,50.6934078,-1.2893567,E06000046,Isle of Wight,point_within,ONS Local Authority Districts (December 2024) Boundaries UK BGC
node,5119218766,Jewson,Jewson,50.6963115,-1.2976259,E06000046,Isle of Wight,point_within,ONS Local Authority Districts (December 2024) Boundaries UK BGC
node,4751077234,Jewson,Jewson,50.395255,-3.5249997,E06000027,Torbay,point_within,ONS Local Authority Districts (December 2024) Boundaries UK BGC
way,601411687,Jewson,Jewson,51.6732819,-4.9049507,W06000009,Pembrokeshire,point_within,ONS Local Authority Districts (December 2024) Boundaries UK BGC
way,607933633,Jewson,Jewson,52.0800709,-4.659413,W06000008,Ceredigion,point_within,ONS Local Authority Districts (December 2024) Boundaries UK BGC
way,427990570,Jewson,Jewson,52.8105744,-0.1355119,E07000140,South Holland,point_within,ONS Local Authority Districts (December 2024) Boundaries UK BGC
way,918860345,Jewson,Jewson,50.544885,-4.1481114,E07000047,West Devon,point_within,ONS Local Authority Districts (December 2024) Boundaries UK BGC
way,167921233,Jewson,Jewson,50.6090121,-1.9684183,E06000059,Dorset,point_within,ONS Local Authority Districts (December 2024) Boundaries UK BGC
node,3874700882,Jewson,Jewson,54.5317138,-1.5501008,E06000005,Darlington,point_within,ONS Local Authority Districts (December 2024) Boundaries UK BGC
way,1105022429,Jewson,Jewson,53.8385731,-0.4204977,E06000011,East Riding of Yorkshire,point_within,ONS Local Authority Districts (December 2024) Boundaries UK BGC
way,27625697,Jewson,Jewson,52.2110258,1.576298,E07000244,East Suffolk,point_within,ONS Local Authority Districts (December 2024) Boundaries UK BGC
node,12692648284,Jewson,Jewson,51.8091235,-4.9636189,W06000009,Pembrokeshire,point_within,ONS Local Authority Districts (December 2024) Boundaries UK BGC
node,12692648298,Jewson,Jewson,51.8090776,-4.9638418,W06000009,Pembrokeshire,point_within,ONS Local Authority Districts (December 2024) Boundaries UK BGC
way,153678421,Jewson,Jewson,53.7663115,-0.3448895,E06000010,"Kingston upon Hull, City of",point_within,ONS Local Authority Districts (December 2024) Boundaries UK BGC
way,195399236,Jewson,Jewson,52.8058392,0.0135629,E07000140,South Holland,point_within,ONS Local Authority Districts (December 2024) Boundaries UK BGC
way,1340575961,Jewson,Jewson,50.3871493,-3.955792,E07000044,South Hams,point_within,ONS Local Authority Districts (December 2024) Boundaries UK BGC
way,158194372,Jewson,Jewson Building Materials,55.0514134,-1.747387,E06000057,Northumberland,point_within,ONS Local Authority Districts (December 2024) Boundaries UK BGC
node,3828717626,Jewson,Jewson,54.642108,-1.6840677,E06000047,County Durham,point_within,ONS Local Authority Districts (December 2024) Boundaries UK BGC
way,321491984,Jewson,Jewson,52.9728405,-0.0264921,E07000136,Boston,point_within,ONS Local Authority Districts (December 2024) Boundaries UK BGC
node,4500550747,Jewson,Jewson,54.9694394,-1.8415605,E06000057,Northumberland,point_within,ONS Local Authority Districts (December 2024) Boundaries UK BGC
node,1548691040,Jewson,Jewson,54.5914861,-1.3496041,E06000004,Stockton-on-Tees,point_within,ONS Local Authority Districts (December 2024) Boundaries UK BGC
way,1168367731,Jewson,Jewson,50.2772691,-3.7717263,E07000044,South Hams,point_within,ONS Local Authority Districts (December 2024) Boundaries UK BGC
way,726093001,Jewson,Jewson,50.3707483,-4.1312225,E06000026,Plymouth,point_within,ONS Local Authority Districts (December 2024) Boundaries UK BGC
way,726093003,Jewson,Jewson,50.3702773,-4.1305957,E06000026,Plymouth,point_within,ONS Local Authority Districts (December 2024) Boundaries UK BGC
way,32520267,Jewson,Jewson,52.6045693,1.2442014,E07000149,South Norfolk,point_within,ONS Local Authority Districts (December 2024) Boundaries UK BGC
node,4466284968,Jewson,Jewson,54.9646019,-1.7497357,E08000037,Gateshead,point_within,ONS Local Authority Districts (December 2024) Boundaries UK BGC
node,939108767,Jewson,Jewson,54.573175,-1.208086,E06000002,Middlesbrough,point_within,ONS Local Authority Districts (December 2024) Boundaries UK BGC
way,118152322,Jewson,Jewson,52.6054998,1.2868953,E07000148,Norwich,point_within,ONS Local Authority Districts (December 2024) Boundaries UK BGC
way,255556547,Jewson,Jewson,54.6618041,-1.4498221,E06000047,County Durham,point_within,ONS Local Authority Districts (December 2024) Boundaries UK BGC
way,333354098,Jewson,Jewson,55.0050353,-1.6023572,E08000021,Newcastle upon Tyne,point_within,ONS Local Authority Districts (December 2024) Boundaries UK BGC
node,4146454846,Jewson,Jewson,54.696239,-1.5913175,E06000047,County Durham,point_within,ONS Local Authority Districts (December 2024) Boundaries UK BGC
node,4414921880,Jewson,Jewson,54.9581537,-1.6450995,E08000037,Gateshead,point_within,ONS Local Authority Districts (December 2024) Boundaries UK BGC
node,4554149646,Jewson,Jewson,54.9640181,-1.6280171,E08000021,Newcastle upon Tyne,point_within,ONS Local Authority Districts (December 2024) Boundaries UK BGC
way,1168367309,Jewson,Jewson,50.4547312,-4.4918231,E06000052,Cornwall,point_within,ONS Local Authority Districts (December 2024) Boundaries UK BGC
way,132697748,Jewson,Jewson,52.657213,1.2829143,E07000148,Norwich,point_within,ONS Local Authority Districts (December 2024) Boundaries UK BGC
way,132013203,Jewson,Jewson,54.9673218,-1.5767465,E08000021,Newcastle upon Tyne,point_within,ONS Local Authority Districts (December 2024) Boundaries UK BGC
way,1361117362,Jewson,Jewson,54.8468756,-1.8332942,E06000047,County Durham,point_within,ONS Local Authority Districts (December 2024) Boundaries UK BGC
way,391449935,Jewson,Jewson,52.8375357,0.8701946,E07000147,North Norfolk,point_within,ONS Local Authority Districts (December 2024) Boundaries UK BGC
node,10799508595,Jewson,Jewson,57.1899094,-2.099504,S12000033,Aberdeen City,point_within,ONS Local Authority Districts (December 2024) Boundaries UK BGC
way,174929010,Jewson,Jewson,54.2823434,-0.4078893,E06000065,North Yorkshire,point_within,ONS Local Authority Districts (December 2024) Boundaries UK BGC
node,4019806936,Jewson,Jewson,54.8887719,-1.5754038,E08000037,Gateshead,point_within,ONS Local Authority Districts (December 2024) Boundaries UK BGC
way,1415433703,Jewson,Jewson,52.4711001,1.7449264,E07000244,East Suffolk,point_within,ONS Local Authority Districts (December 2024) Boundaries UK BGC
node,2030933229,Jewson,Jewson,54.4718568,-0.596282,E06000065,North Yorkshire,point_within,ONS Local Authority Districts (December 2024) Boundaries UK BGC
node,10949107121,Jewson,Jewson,50.4718237,-4.7430038,E06000052,Cornwall,point_within,ONS Local Authority Districts (December 2024) Boundaries UK BGC
way,307069773,Jewson,Jewson,50.5233185,-4.8244056,E06000052,Cornwall,point_within,ONS Local Authority Districts (December 2024) Boundaries UK BGC
way,206252936,Jewson,Jewson,52.5956268,1.7225765,E07000145,Great Yarmouth,point_within,ONS Local Authority Districts (December 2024) Boundaries UK BGC
way,177600754,Jewson,Jewson,50.3430157,-4.7546979,E06000052,Cornwall,point_within,ONS Local Authority Districts (December 2024) Boundaries UK BGC
way,210039667,Jewson,Jewson,52.9265632,1.2836884,E07000147,North Norfolk,point_within,ONS Local Authority Districts (December 2024) Boundaries UK BGC
node,1275077311,Jewson,Jewson,57.494298,-4.226636,S12000017,Highland,point_within,ONS Local Authority Districts (December 2024) Boundaries UK BGC
way,318307234,Jewson,Jewson,57.2436679,-5.9180584,S12000017,Highland,point_within,ONS Local Authority Districts (December 2024) Boundaries UK BGC
way,470744756,Jewson,Jewson,57.6937812,-4.1741186,S12000017,Highland,point_within,ONS Local Authority Districts (December 2024) Boundaries UK BGC
way,546595300,Jewson,Jewsons,50.2275162,-5.2633168,E06000052,Cornwall,point_within,ONS Local Authority Districts (December 2024) Boundaries UK BGC
way,260680729,Jewson,Jewson,57.4177891,-6.2099003,S12000017,Highland,point_within,ONS Local Authority Districts (December 2024) Boundaries UK BGC
way,67021420,Jewson,Jewson,50.1848593,-5.4238258,E06000052,Cornwall,point_within,ONS Local Authority Districts (December 2024) Boundaries UK BGC
node,12956822725,Jewson,Jewson,50.1843609,-5.4251839,E06000052,Cornwall,point_within,ONS Local Authority Districts (December 2024) Boundaries UK BGC
way,114253237,Jewson,Jewson,58.9924809,-2.9755293,S12000023,Orkney Islands,point_within,ONS Local Authority Districts (December 2024) Boundaries UK BGC
node,11833734870,MKM Building Supplies,MKM Building Supplies,51.4970009,-3.1502427,W06000015,Cardiff,point_within,ONS Local Authority Districts (December 2024) Boundaries UK BGC
way,166423435,MKM Building Supplies,MKM,53.473307,-2.3443404,E08000009,Trafford,point_within,ONS Local Authority Districts (December 2024) Boundaries UK BGC
way,875806061,MKM Building Supplies,MKM Building Supplies,55.9229911,-3.269725,S12000036,City of Edinburgh,point_within,ONS Local Authority Districts (December 2024) Boundaries UK BGC
way,1156808935,MKM Building Supplies,MKM,53.562203,-2.4125172,E08000001,Bolton,point_within,ONS Local Authority Districts (December 2024) Boundaries UK BGC
way,1233229960,MKM Building Supplies,MKM Building Supplies,53.596102,-2.3039297,E08000002,Bury,point_within,ONS Local Authority Districts (December 2024) Boundaries UK BGC
way,655121917,MKM Building Supplies,MKM Building Supplies,56.1239224,-3.1492438,S12000047,Fife,point_within,ONS Local Authority Districts (December 2024) Boundaries UK BGC
way,709670732,MKM Building Supplies,MKM Building Supplies,53.4013153,-2.5948792,E06000007,Warrington,point_within,ONS Local Authority Districts (December 2024) Boundaries UK BGC
way,262532815,MKM Building Supplies,MKM Building Supplies,53.6403447,-2.9695645,E08000014,Sefton,point_within,ONS Local Authority Districts (December 2024) Boundaries UK BGC
way,944186212,MKM Building Supplies,MKM Building Supplies,53.789589,-2.2878531,E07000117,Burnley,point_within,ONS Local Authority Districts (December 2024) Boundaries UK BGC
way,624820503,MKM Building Supplies,MKM Building Supplies,51.7429418,0.5055094,E07000070,Chelmsford,point_within,ONS Local Authority Districts (December 2024) Boundaries UK BGC
way,695372338,MKM Building Supplies,MKM Building Supplies,53.7887328,-2.9871741,E07000119,Fylde,point_within,ONS Local Authority Districts (December 2024) Boundaries UK BGC
way,91897997,MKM Building Supplies,MKM Building Supplies,53.0954328,-2.4313616,E06000049,Cheshire East,point_within,ONS Local Authority Districts (December 2024) Boundaries UK BGC
way,831327488,MKM Building Supplies,MKM,55.609139,-2.7878937,S12000026,Scottish Borders,point_within,ONS Local Authority Districts (December 2024) Boundaries UK BGC
node,13036994306,MKM Building Supplies,MKM,56.378326,-3.4290274,S12000048,Perth and Kinross,point_within,ONS Local Authority Districts (December 2024) Boundaries UK BGC
way,957243356,MKM Building Supplies,MKM Building Supplies,56.3841427,-3.4355974,S12000048,Perth and Kinross,point_within,ONS Local Authority Districts (December 2024) Boundaries UK BGC
way,332536204,MKM Building Supplies,MKM Building Supplies,52.9851935,-2.1755777,E06000021,Stoke-on-Trent,point_within,ONS Local Authority Districts (December 2024) Boundaries UK BGC
node,9035124253,MKM Building Supplies,MKM Building Supplies,52.9129907,-1.4491913,E06000015,Derby,point_within,ONS Local Authority Districts (December 2024) Boundaries UK BGC
way,913774899,MKM Building Supplies,MKM Building Supplies,53.7823224,-1.5949564,E08000035,Leeds,point_within,ONS Local Authority Districts (December 2024) Boundaries UK BGC
way,1177330323,MKM Building Supplies,MKM,53.6972034,-1.5048571,E08000036,Wakefield,point_within,ONS Local Authority Districts (December 2024) Boundaries UK BGC
relation,19021556,MKM Building Supplies,MKM,52.7043031,-2.7416314,E06000051,Shropshire,point_within,ONS Local Authority Districts (December 2024) Boundaries UK BGC
way,1388829895,MKM Building Supplies,MKM,51.9159844,-2.0971199,E07000078,Cheltenham,point_within,ONS Local Authority Districts (December 2024) Boundaries UK BGC
way,774629125,MKM Building Supplies,MKM,53.7178014,-1.3790233,E08000036,Wakefield,point_within,ONS Local Authority Districts (December 2024) Boundaries UK BGC
way,937747202,MKM Building Supplies,MKM,51.9308146,-2.3951875,E07000080,Forest of Dean,point_within,ONS Local Authority Districts (December 2024) Boundaries UK BGC
way,1320447568,MKM Building Supplies,MKM Building Supplies,51.8194904,-2.2742859,E07000081,Gloucester,point_within,ONS Local Authority Districts (December 2024) Boundaries UK BGC
way,1315197534,MKM Building Supplies,MKM Building Supplies,56.5493115,-2.6151687,S12000041,Angus,point_within,ONS Local Authority Districts (December 2024) Boundaries UK BGC
way,358633066,MKM Building Supplies,MKM,51.8979496,0.9015487,E07000071,Colchester,point_within,ONS Local Authority Districts (December 2024) Boundaries UK BGC
way,1217382589,MKM Building Supplies,MKM,52.9583373,-1.0758535,E07000173,Gedling,point_within,ONS Local Authority Districts (December 2024) Boundaries UK BGC
node,8743485609,MKM Building Supplies,MKM Building Supplies,52.5049489,-0.6781617,E06000061,North Northamptonshire,point_within,ONS Local Authority Districts (December 2024) Boundaries UK BGC
way,151331921,MKM Building Supplies,MKM Building Supplies,51.272751,1.0648986,E07000106,Canterbury,point_within,ONS Local Authority Districts (December 2024) Boundaries UK BGC
way,1149541955,MKM Building Supplies,MKM Building Supplies,53.7666732,-1.0687955,E06000065,North Yorkshire,point_within,ONS Local Authority Districts (December 2024) Boundaries UK BGC
way,162974153,MKM Building Supplies,MKM Building Supplies,53.9887033,-1.0964912,E06000014,York,point_within,ONS Local Authority Districts (December 2024) Boundaries UK BGC
way,1184191005,MKM Building Supplies,MKM,50.9748549,-1.3671187,E07000086,Eastleigh,point_within,ONS Local Authority Districts (December 2024) Boundaries UK BGC
node,10049718830,MKM Building Supplies,MKM,53.6040301,-0.6486149,E06000013,North Lincolnshire,point_within,ONS Local Authority Districts (December 2024) Boundaries UK BGC
way,1138258405,MKM Building Supplies,MKM Building Supplies,55.3983988,-1.6907197,E06000057,Northumberland,point_within,ONS Local Authority Districts (December 2024) Boundaries UK BGC
way,1255768364,MKM Building Supplies,MKM Building Supplies,54.9259045,-2.9619129,E06000063,Cumberland,point_within,ONS Local Authority Districts (December 2024) Boundaries UK BGC
way,186827620,MKM Building Supplies,MKM Building Supplies,53.7473015,-0.422459,E06000011,East Riding of Yorkshire,point_within,ONS Local Authority Districts (December 2024) Boundaries UK BGC
way,96307939,MKM Building Supplies,MKM,54.5331113,-1.550344,E06000005,Darlington,point_within,ONS Local Authority Districts (December 2024) Boundaries UK BGC
way,349039236,MKM Building Supplies,MKM Building Supplies,54.9788981,-2.089874,E06000057,Northumberland,point_within,ONS Local Authority Districts (December 2024) Boundaries UK BGC
way,122673093,MKM Building Supplies,MKM Building Supplies,53.8449801,-0.4076006,E06000011,East Riding of Yorkshire,point_within,ONS Local Authority Districts (December 2024) Boundaries UK BGC
way,305234410,MKM Building Supplies,MKM Building Supplies,54.0044363,-0.4428258,E06000011,East Riding of Yorkshire,point_within,ONS Local Authority Districts (December 2024) Boundaries UK BGC
way,1157508140,MKM Building Supplies,MKM Building Supplies,54.638767,-1.6899768,E06000047,County Durham,point_within,ONS Local Authority Districts (December 2024) Boundaries UK BGC
way,394956757,MKM Building Supplies,MKM,52.6735821,0.9498316,E07000143,Breckland,point_within,ONS Local Authority Districts (December 2024) Boundaries UK BGC
way,40188954,MKM Building Supplies,MKM Building Supplies,50.3894357,-4.0669722,E06000026,Plymouth,point_within,ONS Local Authority Districts (December 2024) Boundaries UK BGC
way,1114875098,MKM Building Supplies,MKM Building Supplies,54.6712423,-2.7722371,E06000064,Westmorland and Furness,point_within,ONS Local Authority Districts (December 2024) Boundaries UK BGC
way,679698394,MKM Building Supplies,MKM Building Supplies,57.2012517,-3.8207227,S12000017,Highland,point_within,ONS Local Authority Districts (December 2024) Boundaries UK BGC
way,333527161,MKM Building Supplies,MKM Building Supplies,55.0217365,-1.5386165,E08000022,North Tyneside,point_within,ONS Local Authority Districts (December 2024) Boundaries UK BGC
way,1377872250,MKM Building Supplies,MKM Building Supples,57.1474617,-2.0850839,S12000033,Aberdeen City,point_within,ONS Local Authority Districts (December 2024) Boundaries UK BGC
node,12163398114,MKM Building Supplies,MKM Building Supplies,53.5659187,-0.0682837,E06000012,North East Lincolnshire,point_within,ONS Local Authority Districts (December 2024) Boundaries UK BGC
node,12475992327,MKM Building Supplies,MKM Building Supplies,53.380295,-0.0120109,E07000137,East Lindsey,point_within,ONS Local Authority Districts (December 2024) Boundaries UK BGC
way,664893974,MKM Building Supplies,MKM Building Supplies,54.2643405,-0.4156498,E06000065,North Yorkshire,point_within,ONS Local Authority Districts (December 2024) Boundaries UK BGC
way,1329317646,MKM Building Supplies,MKM Building Supplies,54.6787208,-1.2018372,E06000001,Hartlepool,point_within,ONS Local Authority Districts (December 2024) Boundaries UK BGC
way,675797263,MKM Building Supplies,MKM Building Supplies,54.7792805,-1.5374672,E06000047,County Durham,point_within,ONS Local Authority Districts (December 2024) Boundaries UK BGC
way,424526567,MKM Building Supplies,MKM Building Supplies,54.7627775,-1.3704721,E06000047,County Durham,point_within,ONS Local Authority Districts (December 2024) Boundaries UK BGC
node,2030934802,MKM Building Supplies,MKM,54.4703137,-0.5958987,E06000065,North Yorkshire,point_within,ONS Local Authority Districts (December 2024) Boundaries UK BGC
way,64864279,MKM Building Supplies,MKM,54.8781945,-1.3605816,E08000024,Sunderland,point_within,ONS Local Authority Districts (December 2024) Boundaries UK BGC
way,229040618,MKM Building Supplies,MKM Building Supplies,52.8271772,1.3682697,E07000147,North Norfolk,point_within,ONS Local Authority Districts (December 2024) Boundaries UK BGC
way,958580662,MKM Building Supplies,MKM,50.2223089,-5.2766994,E06000052,Cornwall,point_within,ONS Local Authority Districts (December 2024) Boundaries UK BGC
node,12140884157,Screwfix,Screwfix,55.8531632,-4.2735617,S12000049,Glasgow City,point_within,ONS Local Authority Districts (December 2024) Boundaries UK BGC
way,29493325,Screwfix,Screwfix,55.9639631,-3.1311943,S12000036,City of Edinburgh,point_within,ONS Local Authority Districts (December 2024) Boundaries UK BGC
way,81975249,Screwfix,Screwfix,51.6117838,-0.0447662,E09000010,Enfield,point_within,ONS Local Authority Districts (December 2024) Boundaries UK BGC
node,12734474455,Screwfix,Screwfix,51.4755535,-3.1587593,W06000015,Cardiff,point_within,ONS Local Authority Districts (December 2024) Boundaries UK BGC
node,12601862997,Screwfix,Screwfix,54.6274813,-5.9155016,N09000003,Belfast,point_within,ONS Local Authority Districts (December 2024) Boundaries UK BGC
way,155421461,Screwfix,Screwfix City,51.5116804,-0.0912832,E09000001,City of London,point_within,ONS Local Authority Districts (December 2024) Boundaries UK BGC
way,351674963,Screwfix,Screwfix,52.4994738,-1.8803111,E08000025,Birmingham,point_within,ONS Local Authority Districts (December 2024) Boundaries UK BGC
way,646838935,Screwfix,Screwfix,53.4778438,-2.2730876,E08000006,Salford,point_within,ONS Local Authority Districts (December 2024) Boundaries UK BGC
node,13152747364,Screwfix,Screwfix,51.4960689,-0.1152778,E09000022,Lambeth,point_within,ONS Local Authority Districts (December 2024) Boundaries UK BGC
node,1822172732,Screwfix,Screwfix,51.5039183,-0.0816198,E09000028,Southwark,point_within,ONS Local Authority Districts (December 2024) Boundaries UK BGC
node,12926039629,Screwfix,Screwfix City,51.518051,-0.116885,E09000007,Camden,point_within,ONS Local Authority Districts (December 2024) Boundaries UK BGC
node,13740905287,Screwfix,Screwfix,55.8717952,-4.2701734,S12000049,Glasgow City,point_within,ONS Local Authority Districts (December 2024) Boundaries UK BGC
way,409579455,Screwfix,Screwfix,51.6007424,-0.0225477,E09000031,Waltham Forest,point_within,ONS Local Authority Districts (December 2024) Boundaries UK BGC
node,322979601,Screwfix,Screwfix,51.485468,-0.0937374,E09000028,Southwark,point_within,ONS Local Authority Districts (December 2024) Boundaries UK BGC
node,11833734746,Screwfix,Screwfix,51.4969636,-3.1471019,W06000015,Cardiff,point_within,ONS Local Authority Districts (December 2024) Boundaries UK BGC
node,8230291412,Screwfix,Screwfix,53.4436902,-2.2752759,E08000003,Manchester,point_within,ONS Local Authority Districts (December 2024) Boundaries UK BGC
node,3951574038,Screwfix,Screwfix,51.5146832,-0.0663835,E09000030,Tower Hamlets,point_within,ONS Local Authority Districts (December 2024) Boundaries UK BGC
way,166423513,Screwfix,Screwfix,53.4651518,-2.3226099,E08000009,Trafford,point_within,ONS Local Authority Districts (December 2024) Boundaries UK BGC
way,1033876200,Screwfix,Screwfix,54.6126199,-5.9552308,N09000003,Belfast,point_within,ONS Local Authority Districts (December 2024) Boundaries UK BGC
node,265662963,Screwfix,Screwfix,51.4958553,-0.1420198,E09000033,Westminster,point_within,ONS Local Authority Districts (December 2024) Boundaries UK BGC
node,13041605667,Screwfix,Screwfix City,51.4857455,-0.0714669,E09000028,Southwark,point_within,ONS Local Authority Districts (December 2024) Boundaries UK BGC
way,542368731,Screwfix,Screwfix,51.6097881,-0.0041072,E09000031,Waltham Forest,point_within,ONS Local Authority Districts (December 2024) Boundaries UK BGC
node,2455357953,Screwfix,Screwfix,55.8794397,-4.2550547,S12000049,Glasgow City,point_within,ONS Local Authority Districts (December 2024) Boundaries UK BGC
node,4258036298,Screwfix,Screwfix,55.9688018,-3.1832412,S12000036,City of Edinburgh,point_within,ONS Local Authority Districts (December 2024) Boundaries UK BGC
node,11022629605,Screwfix,Screwfix,51.6067649,-0.0928359,E09000014,Haringey,point_within,ONS Local Authority Districts (December 2024) Boundaries UK BGC
node,13200687568,Screwfix,Screwfix,54.6546376,-5.9141199,N09000001,Antrim and Newtownabbey,point_within,ONS Local Authority Districts (December 2024) Boundaries UK BGC
way,93543792,Screwfix,Screwfix,51.4591482,-3.1982675,W06000015,Cardiff,point_within,ONS Local Authority Districts (December 2024) Boundaries UK BGC
way,1259004788,Screwfix,Screwfix,51.5822674,-0.0696563,E09000014,Haringey,point_within,ONS Local Authority Districts (December 2024) Boundaries UK BGC
way,724201311,Screwfix,Screwfix,55.8533937,-4.214516,S12000049,Glasgow City,point_within,ONS Local Authority Districts (December 2024) Boundaries UK BGC
way,467150795,Screwfix,Screwfix,52.5241819,-1.8944824,E08000025,Birmingham,point_within,ONS Local Authority Districts (December 2024) Boundaries UK BGC
node,633034326,Screwfix,Screwfix,55.9447137,-3.1840377,S12000036,City of Edinburgh,point_within,ONS Local Authority Districts (December 2024) Boundaries UK BGC
node,9465343788,Screwfix,Screwfix Brimsdown,51.6468206,-0.0304751,E09000010,Enfield,point_within,ONS Local Authority Districts (December 2024) Boundaries UK BGC
node,8373581736,Screwfix,Screwfix,55.9331111,-3.1009181,S12000036,City of Edinburgh,point_within,ONS Local Authority Districts (December 2024) Boundaries UK BGC
way,796253720,Screwfix,Screwfix,55.8188273,-4.296664,S12000049,Glasgow City,point_within,ONS Local Authority Districts (December 2024) Boundaries UK BGC
node,4469306718,Screwfix,Screwfix,53.4776618,-2.2205157,E08000003,Manchester,point_within,ONS Local Authority Districts (December 2024) Boundaries UK BGC
node,11802893403,Screwfix,Screwfix,51.499971,-3.2042046,W06000015,Cardiff,point_within,ONS Local Authority Districts (December 2024) Boundaries UK BGC
node,4070091891,Screwfix,Screwfix,51.5228425,-0.1580464,E09000033,Westminster,point_within,ONS Local Authority Districts (December 2024) Boundaries UK BGC
node,822302879,Screwfix,Screwfix,53.3836118,-3.0135499,E08000015,Wirral,point_within,ONS Local Authority Districts (December 2024) Boundaries UK BGC
node,2100296365,Screwfix,Screwfix City,55.9526113,-3.2039522,S12000036,City of Edinburgh,point_within,ONS Local Authority Districts (December 2024) Boundaries UK BGC
node,6013983962,Screwfix,Screwfix,51.5691614,-0.0314792,E09000031,Waltham Forest,point_within,ONS Local Authority Districts (December 2024) Boundaries UK BGC
way,77906388,Screwfix,Screwfix,52.4604474,-1.8349395,E08000025,Birmingham,point_within,ONS Local Authority Districts (December 2024) Boundaries UK BGC
way,95223707,Screwfix,Screwfix,51.4583358,-0.0754616,E09000028,Southwark,point_within,ONS Local Authority Districts (December 2024) Boundaries UK BGC
way,837838758,Screwfix,Screwfix,51.45823,-0.1281157,E09000022,Lambeth,point_within,ONS Local Authority Districts (December 2024) Boundaries UK BGC
way,220010200,Screwfix,Screwfix,52.5099972,-1.9670761,E08000028,Sandwell,point_within,ONS Local Authority Districts (December 2024) Boundaries UK BGC
node,3889025964,Screwfix,Screwfix,51.5221697,-3.1958432,W06000015,Cardiff,point_within,ONS Local Authority Districts (December 2024) Boundaries UK BGC
node,7107655960,Screwfix,Screwfix,51.5129284,-0.1877763,E09000033,Westminster,point_within,ONS Local Authority Districts (December 2024) Boundaries UK BGC
node,7074561474,Screwfix,Screwfix,54.578811,-5.96612,N09000003,Belfast,point_within,ONS Local Authority Districts (December 2024) Boundaries UK BGC
node,3844586273,Screwfix,Screwfix,51.534914,-0.0221693,E09000030,Tower Hamlets,point_within,ONS Local Authority Districts (December 2024) Boundaries UK BGC
way,229206097,Screwfix,Screwfix,51.5917236,0.040848,E09000026,Redbridge,point_within,ONS Local Authority Districts (December 2024) Boundaries UK BGC
node,10995814157,Screwfix,Screwfix,51.6199615,-0.1418483,E09000003,Barnet,point_within,ONS Local Authority Districts (December 2024) Boundaries UK BGC
node,863018563,Screwfix,Screwfix,55.943434,-3.2352266,S12000036,City of Edinburgh,point_within,ONS Local Authority Districts (December 2024) Boundaries UK BGC
node,10266440527,Screwfix,Screwfix City,51.4804663,-0.0090181,E09000011,Greenwich,point_within,ONS Local Authority Districts (December 2024) Boundaries UK BGC
way,224040360,Screwfix,Screwfix,51.5923394,-0.1428354,E09000014,Haringey,point_within,ONS Local Authority Districts (December 2024) Boundaries UK BGC
way,704524498,Screwfix,Screwfix,53.5154246,-2.351663,E08000006,Salford,point_within,ONS Local Authority Districts (December 2024) Boundaries UK BGC
node,13056118134,Screwfix,Screwfix,51.4454121,-0.1447961,E09000022,Lambeth,point_within,ONS Local Authority Districts (December 2024) Boundaries UK BGC
way,1430101233,Screwfix,Screwfix,52.502562,-1.9942787,E08000028,Sandwell,point_within,ONS Local Authority Districts (December 2024) Boundaries UK BGC
node,7401591158,Screwfix,Screwfix,51.496975,-0.2054768,E09000020,Kensington and Chelsea,point_within,ONS Local Authority Districts (December 2024) Boundaries UK BGC
node,5140643082,Screwfix,Screwfix,51.4656447,-0.0162739,E09000023,Lewisham,point_within,ONS Local Authority Districts (December 2024) Boundaries UK BGC
node,3965095734,Screwfix,Screwfix,51.5218275,0.0032474,E09000025,Newham,point_within,ONS Local Authority Districts (December 2024) Boundaries UK BGC
way,35581998,Screwfix,Screwfix,53.4797722,-2.947846,E08000014,Sefton,point_within,ONS Local Authority Districts (December 2024) Boundaries UK BGC
node,10599900169,Screwfix,Screwfix,53.397729,-2.2541463,E08000003,Manchester,point_within,ONS Local Authority Districts (December 2024) Boundaries UK BGC
node,13669115272,Screwfix,Screwfix,52.4136615,-1.8805287,E08000025,Birmingham,point_within,ONS Local Authority Districts (December 2024) Boundaries UK BGC
way,191368681,Screwfix,Screwfix,52.5308139,-1.7777243,E08000025,Birmingham,point_within,ONS Local Authority Districts (December 2024) Boundaries UK BGC
node,1184851281,Screwfix,Screwfix,51.4879585,0.0236255,E09000011,Greenwich,point_within,ONS Local Authority Districts (December 2024) Boundaries UK BGC
node,13753358780,Screwfix,Screwfix,53.3322409,-2.9739902,E08000015,Wirral,point_within,ONS Local Authority Districts (December 2024) Boundaries UK BGC
node,2723174986,Screwfix,Screwfix,53.4263362,-2.1646654,E08000007,Stockport,point_within,ONS Local Authority Districts (December 2024) Boundaries UK BGC
way,740817886,Screwfix,Screwfix,51.618916,-0.1786435,E09000003,Barnet,point_within,ONS Local Authority Districts (December 2024) Boundaries UK BGC
node,9562496880,Screwfix,Screwfix,53.3985111,-2.3605962,E08000009,Trafford,point_within,ONS Local Authority Districts (December 2024) Boundaries UK BGC
node,13388362754,Screwfix,Screwfix,53.4762058,-2.8666162,E08000011,Knowsley,point_within,ONS Local Authority Districts (December 2024) Boundaries UK BGC
node,13383674000,Screwfix,Screwfix,51.5741997,0.0811871,E09000026,Redbridge,point_within,ONS Local Authority Districts (December 2024) Boundaries UK BGC
node,11148068813,Screwfix,Screwfix,55.8772753,-3.1689566,S12000019,Midlothian,point_within,ONS Local Authority Districts (December 2024) Boundaries UK BGC
node,8642718848,Screwfix,Screwfix,51.4243863,-0.171294,E09000032,Wandsworth,point_within,ONS Local Authority Districts (December 2024) Boundaries UK BGC
way,213501339,Screwfix,Screwfix,51.4234402,-0.0341739,E09000006,Bromley,point_within,ONS Local Authority Districts (December 2024) Boundaries UK BGC
node,4142491491,Screwfix,Screwfix,53.5469177,-2.1975766,E08000005,Rochdale,point_within,ONS Local Authority Districts (December 2024) Boundaries UK BGC
node,4587121596,Screwfix,Screwfix,52.4560431,-2.039314,E08000027,Dudley,point_within,ONS Local Authority Districts (December 2024) Boundaries UK BGC
node,9356405095,Screwfix,Screwfix,51.5867067,-0.2000375,E09000003,Barnet,point_within,ONS Local Authority Districts (December 2024) Boundaries UK BGC
node,10961634091,Screwfix,Screwfix,53.5218263,-2.1416877,E08000004,Oldham,point_within,ONS Local Authority Districts (December 2024) Boundaries UK BGC
way,33128510,Screwfix,Screwfix,55.9277714,-3.2973413,S12000036,City of Edinburgh,point_within,ONS Local Authority Districts (December 2024) Boundaries UK BGC
node,4005743409,Screwfix,Screwfix,53.4011623,-2.1542831,E08000007,Stockport,point_within,ONS Local Authority Districts (December 2024) Boundaries UK BGC
node,13158707313,Screwfix,Screwfix City,51.5336289,0.0536869,E09000025,Newham,point_within,ONS Local Authority Districts (December 2024) Boundaries UK BGC
node,12512159334,Screwfix,Screwfix,51.5974053,0.1157228,E09000026,Redbridge,point_within,ONS Local Authority Districts (December 2024) Boundaries UK BGC
node,5501697371,Screwfix,Screwfix,53.429216,-2.1211345,E08000007,Stockport,point_within,ONS Local Authority Districts (December 2024) Boundaries UK BGC
way,172055434,Screwfix,Screwfix,51.5696549,-0.231462,E09000005,Brent,point_within,ONS Local Authority Districts (December 2024) Boundaries UK BGC
node,9452463067,Screwfix,Screwfix,52.3977506,-1.809498,E08000029,Solihull,point_within,ONS Local Authority Districts (December 2024) Boundaries UK BGC
node,12086065633,Screwfix,Screwfix,51.5190089,0.0671936,E09000025,Newham,point_within,ONS Local Authority Districts (December 2024) Boundaries UK BGC
node,12396632176,Screwfix,Screwfix,51.5523407,-0.2560552,E09000005,Brent,point_within,ONS Local Authority Districts (December 2024) Boundaries UK BGC
node,8689122680,Screwfix,Screwfix,51.4107816,-0.1915996,E09000024,Merton,point_within,ONS Local Authority Districts (December 2024) Boundaries UK BGC
way,680977665,Screwfix,Screwfix,52.5163843,-2.0667919,E08000027,Dudley,point_within,ONS Local Authority Districts (December 2024) Boundaries UK BGC
way,312214114,Screwfix,Screwfix,51.535575,-0.2767388,E09000005,Brent,point_within,ONS Local Authority Districts (December 2024) Boundaries UK BGC
way,348775381,Screwfix,Screwfix,51.5261914,-0.2821259,E09000009,Ealing,point_within,ONS Local Authority Districts (December 2024) Boundaries UK BGC
node,11543657109,Screwfix,Screwfix,51.5701624,0.1271386,E09000026,Redbridge,point_within,ONS Local Authority Districts (December 2024) Boundaries UK BGC
node,1921825237,Screwfix,Screwfix,51.4923769,0.0851055,E09000011,Greenwich,point_within,ONS Local Authority Districts (December 2024) Boundaries UK BGC
node,10959247421,Screwfix,Screwfix,53.3587568,-2.2049011,E08000007,Stockport,point_within,ONS Local Authority Districts (December 2024) Boundaries UK BGC
node,2273231467,Screwfix,Screwfix,51.384113,-0.1226863,E09000008,Croydon,point_within,ONS Local Authority Districts (December 2024) Boundaries UK BGC
node,6586181101,Screwfix,Screwfix,51.491812,-0.3037887,E09000018,Hounslow,point_within,ONS Local Authority Districts (December 2024) Boundaries UK BGC
node,11008682073,Screwfix,Screwfix,51.5746149,-3.2903306,W06000016,Rhondda Cynon Taf,point_within,ONS Local Authority Districts (December 2024) Boundaries UK BGC
way,277502821,Screwfix,Screwfix,53.5971967,-2.3079636,E08000002,Bury,point_within,ONS Local Authority Districts (December 2024) Boundaries UK BGC
way,506514942,Screwfix,Screwfix,53.5707669,-2.4195963,E08000001,Bolton,point_within,ONS Local Authority Districts (December 2024) Boundaries UK BGC
node,9272690175,Screwfix,Screwfix,51.5683953,-3.0047075,W06000022,Newport,point_within,ONS Local Authority Districts (December 2024) Boundaries UK BGC
node,5520819360,Screwfix,Screwfix,55.8249846,-4.0438164,S12000050,North Lanarkshire,point_within,ONS Local Authority Districts (December 2024) Boundaries UK BGC
way,548367381,Screwfix,Screwfix,51.6459117,-0.2538943,E07000098,Hertsmere,point_within,ONS Local Authority Districts (December 2024) Boundaries UK BGC
node,9831572501,Screwfix,Screwfix,53.4821256,-2.5022483,E08000010,Wigan,point_within,ONS Local Authority Districts (December 2024) Boundaries UK BGC
node,11543310757,Screwfix,Screwfix,54.6488544,-5.686705,N09000011,Ards and North Down,point_within,ONS Local Authority Districts (December 2024) Boundaries UK BGC
node,11492204066,Screwfix,Screwfix,51.593146,-0.2645417,E09000005,Brent,point_within,ONS Local Authority Districts (December 2024) Boundaries UK BGC
node,12027162970,Screwfix,Screwfix,51.3993872,0.0339675,E09000006,Bromley,point_within,ONS Local Authority Districts (December 2024) Boundaries UK BGC
way,711268287,Screwfix,Screwfix,51.5312198,0.1273744,E09000002,Barking and Dagenham,point_within,ONS Local Authority Districts (December 2024) Boundaries UK BGC
way,384805092,Screwfix,Screwfix,54.5090074,-6.0383454,N09000007,Lisburn and Castlereagh,point_within,ONS Local Authority Districts (December 2024) Boundaries UK BGC
way,513538245,Screwfix,Screwfix,53.5572163,-2.1037789,E08000004,Oldham,point_within,ONS Local Authority Districts (December 2024) Boundaries UK BGC
node,4422934929,Screwfix,Screwfix,55.8341077,-3.2170704,S12000019,Midlothian,point_within,ONS Local Authority Districts (December 2024) Boundaries UK BGC
node,2929862696,Screwfix,Screwfix,51.3782304,-0.2079241,E09000029,Sutton,point_within,ONS Local Authority Districts (December 2024) Boundaries UK BGC
way,1135228752,Screwfix,Screwfix,53.4430788,-2.7266568,E08000013,St. Helens,point_within,ONS Local Authority Districts (December 2024) Boundaries UK BGC
node,2949653793,Screwfix,Screwfix,51.4288333,-0.3059287,E09000021,Kingston upon Thames,point_within,ONS Local Authority Districts (December 2024) Boundaries UK BGC
node,6499879916,Screwfix,Screwfix,51.3581501,-0.1454829,E09000029,Sutton,point_within,ONS Local Authority Districts (December 2024) Boundaries UK BGC
node,6393823281,Screwfix,Screwfix,56.0422258,-3.3600058,S12000047,Fife,point_within,ONS Local Authority Districts (December 2024) Boundaries UK BGC
way,1452752877,Screwfix,Screwfix,51.76235,0.0036099,E07000095,Broxbourne,point_within,ONS Local Authority Districts (December 2024) Boundaries UK BGC
node,11077295256,Screwfix,Screwfix,51.574938,-2.9665391,W06000022,Newport,point_within,ONS Local Authority Districts (December 2024) Boundaries UK BGC
node,2570412556,Screwfix,Screwfix,53.3641305,-2.7184471,E06000006,Halton,point_within,ONS Local Authority Districts (December 2024) Boundaries UK BGC
way,961265745,Screwfix,Screwfix,51.4455021,-0.3314939,E09000027,Richmond upon Thames,point_within,ONS Local Authority Districts (December 2024) Boundaries UK BGC
way,324757161,Screwfix,Screwfix,51.5061544,-0.357115,E09000009,Ealing,point_within,ONS Local Authority Districts (December 2024) Boundaries UK BGC
node,4451729930,Screwfix,Screwfix,52.4604534,-2.1480322,E08000027,Dudley,point_within,ONS Local Authority Districts (December 2024) Boundaries UK BGC
node,9925753598,Screwfix,Screwfix,56.1263756,-3.1693655,S12000047,Fife,point_within,ONS Local Authority Districts (December 2024) Boundaries UK BGC
way,570793497,Screwfix,Screwfix,51.5911937,-0.3273644,E09000015,Harrow,point_within,ONS Local Authority Districts (December 2024) Boundaries UK BGC
node,10774558088,Screwfix,Screwfix,53.6125222,-2.1455581,E08000005,Rochdale,point_within,ONS Local Authority Districts (December 2024) Boundaries UK BGC
way,319178806,Screwfix,Screwfix,51.4148557,0.1224713,E09000004,Bexley,point_within,ONS Local Authority Districts (December 2024) Boundaries UK BGC
way,309086394,Screwfix,Screwfix,53.5732559,-2.8781922,E07000127,West Lancashire,point_within,ONS Local Authority Districts (December 2024) Boundaries UK BGC
way,135164442,Screwfix,Screwfix,52.6023441,-1.677521,E07000199,Tamworth,point_within,ONS Local Authority Districts (December 2024) Boundaries UK BGC
way,999572838,Screwfix,Screwfix,53.5257861,-2.5514155,E08000010,Wigan,point_within,ONS Local Authority Districts (December 2024) Boundaries UK BGC
way,295736003,Screwfix,Screwfix,52.5744902,-2.1355286,E08000031,Wolverhampton,point_within,ONS Local Authority Districts (December 2024) Boundaries UK BGC
node,10270062378,Screwfix,Screwfix,51.332943,-0.12354,E09000008,Croydon,point_within,ONS Local Authority Districts (December 2024) Boundaries UK BGC
way,1155440835,Screwfix,Screwfix,51.3917148,0.1121469,E09000006,Bromley,point_within,ONS Local Authority Districts (December 2024) Boundaries UK BGC
node,12696183611,Screwfix,Screwfix,53.4520614,-1.980117,E07000037,High Peak,point_within,ONS Local Authority Districts (December 2024) Boundaries UK BGC
node,8078456877,Screwfix,Screwfix,52.5989324,-2.1286372,E08000031,Wolverhampton,point_within,ONS Local Authority Districts (December 2024) Boundaries UK BGC
node,5431586633,Screwfix,Screwfix,52.3109517,-1.9479067,E07000236,Redditch,point_within,ONS Local Authority Districts (December 2024) Boundaries UK BGC
way,1205297818,Screwfix,Screwfix,51.4503269,0.1854009,E09000004,Bexley,point_within,ONS Local Authority Districts (December 2024) Boundaries UK BGC
node,5175344042,Screwfix,Screwfix,56.0816993,-3.3938724,S12000047,Fife,point_within,ONS Local Authority Districts (December 2024) Boundaries UK BGC
node,8583331136,Screwfix,Screwfix,51.3166462,-0.0855827,E09000008,Croydon,point_within,ONS Local Authority Districts (December 2024) Boundaries UK BGC
node,10048842445,Screwfix,Screwfix,51.8023994,-0.0618792,E07000242,East Hertfordshire,point_within,ONS Local Authority Districts (December 2024) Boundaries UK BGC
node,11871730820,Screwfix,Screwfix,56.0494248,-3.4395325,S12000047,Fife,point_within,ONS Local Authority Districts (December 2024) Boundaries UK BGC
way,706397840,Screwfix,Screwfix,51.4734357,-0.4063335,E09000018,Hounslow,point_within,ONS Local Authority Districts (December 2024) Boundaries UK BGC
way,29232768,Screwfix,Screwfix,51.456389,0.1999905,E09000004,Bexley,point_within,ONS Local Authority Districts (December 2024) Boundaries UK BGC
node,10703009430,Screwfix,Screwfix,53.3824394,-2.5764188,E06000007,Warrington,point_within,ONS Local Authority Districts (December 2024) Boundaries UK BGC
way,127309788,Screwfix,Screwfix,51.3245939,-2.953881,E06000024,North Somerset,point_within,ONS Local Authority Districts (December 2024) Boundaries UK BGC
node,12633229650,Screwfix,Screwfix,51.5943256,-0.3830786,E09000015,Harrow,point_within,ONS Local Authority Districts (December 2024) Boundaries UK BGC
way,820426593,Screwfix,Screwfix,51.7520322,-0.277371,E07000240,St Albans,point_within,ONS Local Authority Districts (December 2024) Boundaries UK BGC
way,1204543478,Screwfix,Screwfix,53.401739,-2.5988669,E06000007,Warrington,point_within,ONS Local Authority Districts (December 2024) Boundaries UK BGC
node,2790420998,Screwfix,Screwfix,52.6837814,-1.799868,E07000194,Lichfield,point_within,ONS Local Authority Districts (December 2024) Boundaries UK BGC
node,11377566862,Screwfix,Screwfix,52.3179099,-2.0603385,E07000234,Bromsgrove,point_within,ONS Local Authority Districts (December 2024) Boundaries UK BGC
node,8829654232,Screwfix,Screwfix,51.7867189,0.1208173,E07000073,Harlow,point_within,ONS Local Authority Districts (December 2024) Boundaries UK BGC
node,2902504942,Screwfix,Screwfix,52.2839324,-1.9048206,E07000236,Redditch,point_within,ONS Local Authority Districts (December 2024) Boundaries UK BGC
node,13076350568,Screwfix,Screwfix,53.204634,-3.0169327,W06000005,Flintshire,point_within,ONS Local Authority Districts (December 2024) Boundaries UK BGC
way,56429023,Screwfix,Screwfix,52.3974348,-1.578885,E08000026,Coventry,point_within,ONS Local Authority Districts (December 2024) Boundaries UK BGC
way,1066832335,Screwfix,Screwfix,53.5447624,-2.6112579,E08000010,Wigan,point_within,ONS Local Authority Districts (December 2024) Boundaries UK BGC
node,2216729278,Screwfix,Screwfix,51.8064836,-0.1896357,E07000241,Welwyn Hatfield,point_within,ONS Local Authority Districts (December 2024) Boundaries UK BGC
node,10177309650,Screwfix,Screwfix,51.3880393,0.1879022,E07000111,Sevenoaks,point_within,ONS Local Authority Districts (December 2024) Boundaries UK BGC
node,12846567941,Screwfix,Screwfix,55.9764123,-3.9535769,S12000050,North Lanarkshire,point_within,ONS Local Authority Districts (December 2024) Boundaries UK BGC
way,60005598,Screwfix,Screwfix,51.3787296,-0.3881086,E07000207,Elmbridge,point_within,ONS Local Authority Districts (December 2024) Boundaries UK BGC
node,3377548127,Screwfix,Screwfix,55.9085842,-3.5096285,S12000040,West Lothian,point_within,ONS Local Authority Districts (December 2024) Boundaries UK BGC
node,7548397561,Screwfix,Screwfix,51.6467051,-0.3973043,E07000103,Watford,point_within,ONS Local Authority Districts (December 2024) Boundaries UK BGC
way,1127870748,Screwfix,Screwfix,51.4169853,-0.4264804,E07000213,Spelthorne,point_within,ONS Local Authority Districts (December 2024) Boundaries UK BGC
node,11901335021,Screwfix,Screwfix,53.1935673,-2.9155446,E06000050,Cheshire West and Chester,point_within,ONS Local Authority Districts (December 2024) Boundaries UK BGC
way,232307216,Screwfix,Screwfix,53.1935673,-2.9157974,E06000050,Cheshire West and Chester,point_within,ONS Local Authority Districts (December 2024) Boundaries UK BGC
way,359903679,Screwfix,Screwfix,56.1857069,-3.1463842,S12000047,Fife,point_within,ONS Local Authority Districts (December 2024) Boundaries UK BGC
node,5575643323,Screwfix,Screwfix,51.6705791,-0.3930642,E07000103,Watford,point_within,ONS Local Authority Districts (December 2024) Boundaries UK BGC
node,8393741597,Screwfix,Screwfix,51.5112675,-0.4617084,E09000017,Hillingdon,point_within,ONS Local Authority Districts (December 2024) Boundaries UK BGC
node,9688477443,Screwfix,Screwfix Abertillery - Aberbeeg,51.701775,-3.1418488,W06000019,Blaenau Gwent,point_within,ONS Local Authority Districts (December 2024) Boundaries UK BGC
node,7769601282,Screwfix,Screwfix,53.5409786,-2.6485707,E08000010,Wigan,point_within,ONS Local Authority Districts (December 2024) Boundaries UK BGC
node,2019514758,Screwfix,Screwfix,53.6405856,-2.968172,E08000014,Sefton,point_within,ONS Local Authority Districts (December 2024) Boundaries UK BGC
way,825496839,Screwfix,Screwfix,53.6976792,-2.2989273,E07000125,Rossendale,point_within,ONS Local Authority Districts (December 2024) Boundaries UK BGC
way,408488484,Screwfix,Screwfix,51.4802275,0.2791267,E06000034,Thurrock,point_within,ONS Local Authority Districts (December 2024) Boundaries UK BGC
node,4509026591,Screwfix,Screwfix,52.4236126,-1.510325,E08000026,Coventry,point_within,ONS Local Authority Districts (December 2024) Boundaries UK BGC
node,8582707663,Screwfix,Screwfix,51.5362641,-0.4864788,E09000017,Hillingdon,point_within,ONS Local Authority Districts (December 2024) Boundaries UK BGC
way,540270687,Screwfix,Screwfix,53.2635097,-2.5034506,E06000050,Cheshire West and Chester,point_within,ONS Local Authority Districts (December 2024) Boundaries UK BGC
way,63681709,Screwfix,Screwfix,52.3656268,-2.2385396,E07000239,Wyre Forest,point_within,ONS Local Authority Districts (December 2024) Boundaries UK BGC
way,683612777,Screwfix,Screwfix,51.4859116,-2.7566008,E06000024,North Somerset,point_within,ONS Local Authority Districts (December 2024) Boundaries UK BGC
way,224484649,Screwfix,Screwfix,51.6366843,0.3560289,E07000068,Brentwood,point_within,ONS Local Authority Districts (December 2024) Boundaries UK BGC
node,12486554647,Screwfix,Screwfix,52.4987605,-1.4752207,E07000219,Nuneaton and Bedworth,point_within,ONS Local Authority Districts (December 2024) Boundaries UK BGC
node,12389816909,Screwfix,Screwfix,51.2959818,-0.3358234,E07000210,Mole Valley,point_within,ONS Local Authority Districts (December 2024) Boundaries UK BGC
node,6166136773,Screwfix,Screwfix,51.499262,-3.5625191,W06000013,Bridgend,point_within,ONS Local Authority Districts (December 2024) Boundaries UK BGC
way,550149951,Screwfix,Screwfix,51.2499097,-0.1563294,E07000211,Reigate and Banstead,point_within,ONS Local Authority Districts (December 2024) Boundaries UK BGC
way,1378760476,Screwfix,Screwfix,51.4766668,0.3166821,E06000034,Thurrock,point_within,ONS Local Authority Districts (December 2024) Boundaries UK BGC
node,8334001532,Screwfix,Screwfix,53.2020472,-2.3477671,E06000049,Cheshire East,point_within,ONS Local Authority Districts (December 2024) Boundaries UK BGC
node,3269147164,Screwfix,Screwfix,51.3698376,-0.4746806,E07000212,Runnymede,point_within,ONS Local Authority Districts (December 2024) Boundaries UK BGC
way,1309416951,Screwfix,Screwfix,51.229655,-2.9605259,E06000066,Somerset,point_within,ONS Local Authority Districts (December 2024) Boundaries UK BGC
way,187661120,Screwfix,Screwfix,52.7630987,-1.9310897,E07000192,Cannock Chase,point_within,ONS Local Authority Districts (December 2024) Boundaries UK BGC
way,1102707233,Screwfix,Screwfix,52.426881,-1.4512305,E08000026,Coventry,point_within,ONS Local Authority Districts (December 2024) Boundaries UK BGC
way,609337962,Screwfix,Screwfix,51.4337775,-0.5302539,E07000212,Runnymede,point_within,ONS Local Authority Districts (December 2024) Boundaries UK BGC
node,13745939657,Screwfix,Screwfix,51.2989632,0.1943805,E07000111,Sevenoaks,point_within,ONS Local Authority Districts (December 2024) Boundaries UK BGC
way,1084327886,Screwfix,Screwfix,55.9806793,-3.6264623,S12000040,West Lothian,point_within,ONS Local Authority Districts (December 2024) Boundaries UK BGC
way,1268827852,Screwfix,Screwfix,51.6977769,-3.4192916,W06000016,Rhondda Cynon Taf,point_within,ONS Local Authority Districts (December 2024) Boundaries UK BGC
way,599020922,Screwfix,Screwfix,55.8913223,-3.615972,S12000040,West Lothian,point_within,ONS Local Authority Districts (December 2024) Boundaries UK BGC
way,442974338,Screwfix,Screwfix,52.3806987,-1.4613488,E08000026,Coventry,point_within,ONS Local Authority Districts (December 2024) Boundaries UK BGC
node,12985709167,Screwfix,Screwfix,51.4150643,-0.5341471,E07000212,Runnymede,point_within,ONS Local Authority Districts (December 2024) Boundaries UK BGC
node,7101483421,Screwfix,Screwfix,53.6624928,-2.631011,E07000118,Chorley,point_within,ONS Local Authority Districts (December 2024) Boundaries UK BGC
way,23713467,Screwfix,Screwfix,51.444343,0.3560977,E07000109,Gravesham,point_within,ONS Local Authority Districts (December 2024) Boundaries UK BGC
node,12992438947,Screwfix,Screwfix,54.4596218,-6.3300411,N09000002,"Armagh City, Banbridge and Craigavon",point_within,ONS Local Authority Districts (December 2024) Boundaries UK BGC
way,106546014,Screwfix,Screwfix,51.4995825,-2.6878643,E06000023,"Bristol, City of",point_within,ONS Local Authority Districts (December 2024) Boundaries UK BGC
node,8944638388,Screwfix,Screwfix,51.5871441,-0.5546299,E06000060,Buckinghamshire,point_within,ONS Local Authority Districts (December 2024) Boundaries UK BGC
node,2185042008,Screwfix,Screwfix,53.7564359,-2.3707516,E07000120,Hyndburn,point_within,ONS Local Authority Districts (December 2024) Boundaries UK BGC
way,36796618,Screwfix,Screwfix,51.8725886,0.1777938,E07000242,East Hertfordshire,point_within,ONS Local Authority Districts (December 2024) Boundaries UK BGC
node,11843429215,Screwfix,Screwfix,53.7395926,-2.478313,E06000008,Blackburn with Darwen,point_within,ONS Local Authority Districts (December 2024) Boundaries UK BGC
way,765925321,Screwfix,Screwfix,53.1981669,-2.4945967,E06000050,Cheshire West and Chester,point_within,ONS Local Authority Districts (December 2024) Boundaries UK BGC
way,1252801872,Screwfix,Screwfix,51.4188081,0.3571968,E07000109,Gravesham,point_within,ONS Local Authority Districts (December 2024) Boundaries UK BGC
node,4500465748,Screwfix,Screwfix,54.8517877,-6.2547966,N09000008,Mid and East Antrim,point_within,ONS Local Authority Districts (December 2024) Boundaries UK BGC
node,3522205531,Screwfix,Screwfix,52.5367547,-1.4022149,E07000132,Hinckley and Bosworth,point_within,ONS Local Authority Districts (December 2024) Boundaries UK BGC
way,100661389,Screwfix,Screwfix,52.2717704,-1.5438183,E07000222,Warwick,point_within,ONS Local Authority Districts (December 2024) Boundaries UK BGC
node,10253350444,Screwfix,Screwfix,53.1657565,-2.2115672,E06000049,Cheshire East,point_within,ONS Local Authority Districts (December 2024) Boundaries UK BGC
way,160613124,Screwfix,Screwfix,52.2019047,-1.7185419,E07000221,Stratford-on-Avon,point_within,ONS Local Authority Districts (December 2024) Boundaries UK BGC
way,1352784990,Screwfix,Screwfix,51.582971,0.4482989,E07000066,Basildon,point_within,ONS Local Authority Districts (December 2024) Boundaries UK BGC
node,2478112629,Screwfix,Screwfix,51.9049375,-0.2140482,E07000243,Stevenage,point_within,ONS Local Authority Districts (December 2024) Boundaries UK BGC
node,3543644416,Screwfix,Screwfix,53.7861835,-2.249824,E07000117,Burnley,point_within,ONS Local Authority Districts (December 2024) Boundaries UK BGC
node,6959917984,Screwfix,Screwfix,51.5195695,-0.6153471,E06000039,Slough,point_within,ONS Local Authority Districts (December 2024) Boundaries UK BGC
node,9516653442,Screwfix,Screwfix,51.7675826,-3.3683365,W06000024,Merthyr Tydfil,point_within,ONS Local Authority Districts (December 2024) Boundaries UK BGC
node,3146708163,Screwfix,Screwfix,53.3124088,-3.4815167,W06000004,Denbighshire,point_within,ONS Local Authority Districts (December 2024) Boundaries UK BGC
way,76110847,Screwfix,Screwfix,56.0113566,-3.7666902,S12000014,Falkirk,point_within,ONS Local Authority Districts (December 2024) Boundaries UK BGC
node,11396916766,Screwfix,Screwfix,53.6012909,-1.7809099,E08000034,Kirklees,point_within,ONS Local Authority Districts (December 2024) Boundaries UK BGC
node,5221876350,Screwfix,Screwfix,56.1116874,-3.9183972,S12000030,Stirling,point_within,ONS Local Authority Districts (December 2024) Boundaries UK BGC
way,1086982563,Screwfix,Screwfix,52.7904051,-1.6697108,E07000193,East Staffordshire,point_within,ONS Local Authority Districts (December 2024) Boundaries UK BGC
way,1150761117,Screwfix,Screwfix,51.724858,0.4525496,E07000070,Chelmsford,point_within,ONS Local Authority Districts (December 2024) Boundaries UK BGC
way,1166225937,Screwfix,Screwfix,53.796642,-2.3379674,E07000124,Ribble Valley,point_within,ONS Local Authority Districts (December 2024) Boundaries UK BGC
way,378764328,Screwfix,Screwfix,51.4382427,-2.6228281,E06000023,"Bristol, City of",point_within,ONS Local Authority Districts (December 2024) Boundaries UK BGC
way,1315194586,Screwfix,Screwfix,52.7696802,-1.584635,E07000039,South Derbyshire,point_within,ONS Local Authority Districts (December 2024) Boundaries UK BGC
node,8703148281,Screwfix,Screwfix,53.6347048,-1.7911647,E08000034,Kirklees,point_within,ONS Local Authority Districts (December 2024) Boundaries UK BGC
way,228581831,Screwfix,Screwfix,51.4671435,-2.612438,E06000023,"Bristol, City of",point_within,ONS Local Authority Districts (December 2024) Boundaries UK BGC
node,7474671615,Screwfix,Screwfix,51.6710461,-0.5873729,E06000060,Buckinghamshire,point_within,ONS Local Authority Districts (December 2024) Boundaries UK BGC
node,7109283386,Screwfix,Screwfix,51.6385806,-2.6740668,W06000021,Monmouthshire,point_within,ONS Local Authority Districts (December 2024) Boundaries UK BGC
way,1225791691,Screwfix,Screwfix,53.6799984,-1.8296279,E08000033,Calderdale,point_within,ONS Local Authority Districts (December 2024) Boundaries UK BGC
node,5632912886,Screwfix,Screwfix,51.8771566,-0.4038388,E06000032,Luton,point_within,ONS Local Authority Districts (December 2024) Boundaries UK BGC
way,224281304,Screwfix,Screwfix,51.4388086,-2.5991246,E06000023,"Bristol, City of",point_within,ONS Local Authority Districts (December 2024) Boundaries UK BGC
node,7251440896,Screwfix,Screwfix,53.1881862,-3.4122942,W06000004,Denbighshire,point_within,ONS Local Authority Districts (December 2024) Boundaries UK BGC
way,148218898,Screwfix,Screwfix,51.1388577,-2.9980193,E06000066,Somerset,point_within,ONS Local Authority Districts (December 2024) Boundaries UK BGC
way,544415031,Screwfix,Screwfix,52.8130137,-2.122346,E07000197,Stafford,point_within,ONS Local Authority Districts (December 2024) Boundaries UK BGC
node,2722573841,Screwfix,Screwfix,52.1960865,-2.206424,E07000237,Worcester,point_within,ONS Local Authority Districts (December 2024) Boundaries UK BGC
node,9029465343,Screwfix,Screwfix,51.8188954,-3.016169,W06000021,Monmouthshire,point_within,ONS Local Authority Districts (December 2024) Boundaries UK BGC
way,202097172,Screwfix,Screwfix,53.7250393,-1.8686961,E08000033,Calderdale,point_within,ONS Local Authority Districts (December 2024) Boundaries UK BGC
node,10601326594,Screwfix,Screwfix,53.7678679,-3.0146563,E07000119,Fylde,point_within,ONS Local Authority Districts (December 2024) Boundaries UK BGC
node,10944274029,Screwfix,Screwfix,51.4191837,-2.5873171,E06000023,"Bristol, City of",point_within,ONS Local Authority Districts (December 2024) Boundaries UK BGC
way,839505453,Screwfix,Screwfix,51.6990431,-0.6097025,E06000060,Buckinghamshire,point_within,ONS Local Authority Districts (December 2024) Boundaries UK BGC
way,63636529,Screwfix,Screwfix,53.0530852,-3.0115,W06000006,Wrexham,point_within,ONS Local Authority Districts (December 2024) Boundaries UK BGC
way,1005711248,Screwfix,Screwfix,55.6457836,-4.7980031,S12000021,North Ayrshire,point_within,ONS Local Authority Districts (December 2024) Boundaries UK BGC
way,744192096,Screwfix,Screwfix,51.7673023,-0.5784489,E07000096,Dacorum,point_within,ONS Local Authority Districts (December 2024) Boundaries UK BGC
way,93166517,Screwfix,Screwfix,51.7412607,0.5032543,E07000070,Chelmsford,point_within,ONS Local Authority Districts (December 2024) Boundaries UK BGC
way,1025368849,Screwfix,Screwfix,51.7414627,0.5033328,E07000070,Chelmsford,point_within,ONS Local Authority Districts (December 2024) Boundaries UK BGC
node,13013370254,Screwfix,Screwfix,54.4212892,-6.4402903,N09000002,"Armagh City, Banbridge and Craigavon",point_within,ONS Local Authority Districts (December 2024) Boundaries UK BGC
node,13142971812,Screwfix,Screwfix,51.1392723,-0.1638326,E07000226,Crawley,point_within,ONS Local Authority Districts (December 2024) Boundaries UK BGC
way,706670928,Screwfix,Screwfix,51.8851245,-0.4496439,E06000032,Luton,point_within,ONS Local Authority Districts (December 2024) Boundaries UK BGC
node,11165138122,Screwfix,Screwfix,56.3259129,-2.9869503,S12000047,Fife,point_within,ONS Local Authority Districts (December 2024) Boundaries UK BGC
way,448398477,Screwfix,Screwfix,51.1363604,-0.0357198,E07000228,Mid Sussex,point_within,ONS Local Authority Districts (December 2024) Boundaries UK BGC
way,677639234,Screwfix,Screwfix,51.5082213,-2.5618518,E06000025,South Gloucestershire,point_within,ONS Local Authority Districts (December 2024) Boundaries UK BGC
way,79613828,Screwfix,Screwfix,52.8263123,-1.6200407,E07000193,East Staffordshire,point_within,ONS Local Authority Districts (December 2024) Boundaries UK BGC
way,751736488,Screwfix,Screwfix,52.8333868,-2.1356838,E07000197,Stafford,point_within,ONS Local Authority Districts (December 2024) Boundaries UK BGC
way,751736491,Screwfix,Screwfix,52.8332238,-2.1373493,E07000197,Stafford,point_within,ONS Local Authority Districts (December 2024) Boundaries UK BGC
way,1330720241,Screwfix,Screwfix,51.4515944,-2.5546358,E06000023,"Bristol, City of",point_within,ONS Local Authority Districts (December 2024) Boundaries UK BGC
node,11067146522,Screwfix,Screwfix,51.4617159,-2.5529396,E06000023,"Bristol, City of",point_within,ONS Local Authority Districts (December 2024) Boundaries UK BGC
node,12297455031,Screwfix,Screwfix,56.1140579,-3.79134,S12000005,Clackmannanshire,point_within,ONS Local Authority Districts (December 2024) Boundaries UK BGC
way,883489510,Screwfix,Screwfix,53.8415287,-2.2171642,E07000122,Pendle,point_within,ONS Local Authority Districts (December 2024) Boundaries UK BGC
way,60623708,Screwfix,Screwfix,51.2608988,-0.5629496,E07000209,Guildford,point_within,ONS Local Authority Districts (December 2024) Boundaries UK BGC
way,48963773,Screwfix,Screwfix,51.5216758,-0.709926,E06000040,Windsor and Maidenhead,point_within,ONS Local Authority Districts (December 2024) Boundaries UK BGC
way,663128244,Screwfix,Screwfix,53.8400677,-2.3974186,E07000124,Ribble Valley,point_within,ONS Local Authority Districts (December 2024) Boundaries UK BGC
way,1036816771,Screwfix,Screwfix,53.6994209,-1.771222,E08000033,Calderdale,point_within,ONS Local Authority Districts (December 2024) Boundaries UK BGC
node,10284661988,Screwfix,Screwfix,53.7649491,-2.6858167,E07000123,Preston,point_within,ONS Local Authority Districts (December 2024) Boundaries UK BGC
way,782396366,Screwfix,Screwfix,53.0957451,-2.4311426,E06000049,Cheshire East,point_within,ONS Local Authority Districts (December 2024) Boundaries UK BGC
node,10236359481,Screwfix,Screwfix,52.247138,-1.4026394,E07000221,Stratford-on-Avon,point_within,ONS Local Authority Districts (December 2024) Boundaries UK BGC
node,9379429493,Screwfix,Screwfix,53.7951058,-3.0212555,E06000009,Blackpool,point_within,ONS Local Authority Districts (December 2024) Boundaries UK BGC
way,187538823,Screwfix,Screwfix,51.984281,-0.2068651,E07000099,North Hertfordshire,point_within,ONS Local Authority Districts (December 2024) Boundaries UK BGC
node,10669413696,Screwfix,Screwfix,51.3925927,0.4902164,E06000035,Medway,point_within,ONS Local Authority Districts (December 2024) Boundaries UK BGC
node,11612978742,Screwfix,Screwfix,55.6198929,-2.8153371,S12000026,Scottish Borders,point_within,ONS Local Authority Districts (December 2024) Boundaries UK BGC
node,10957896422,Screwfix,Screwfix,51.1936733,0.286535,E07000115,Tonbridge and Malling,point_within,ONS Local Authority Districts (December 2024) Boundaries UK BGC
way,705723593,Screwfix,Screwfix,52.7306815,-1.3753251,E07000134,North West Leicestershire,point_within,ONS Local Authority Districts (December 2024) Boundaries UK BGC
node,6352416548,Screwfix,Screwfix,51.1130776,-0.1795584,E07000226,Crawley,point_within,ONS Local Authority Districts (December 2024) Boundaries UK BGC
node,7723408302,Screwfix,Screwfix,52.7629746,-2.361677,E06000020,Telford and Wrekin,point_within,ONS Local Authority Districts (December 2024) Boundaries UK BGC
way,1147753782,Screwfix,Screwfix,51.6184883,-0.7146257,E06000060,Buckinghamshire,point_within,ONS Local Authority Districts (December 2024) Boundaries UK BGC
way,385548508,Screwfix,Screwfix,53.0951717,-2.0375482,E07000198,Staffordshire Moorlands,point_within,ONS Local Authority Districts (December 2024) Boundaries UK BGC
node,827608333,Screwfix,Screwfix,51.2458863,-0.590741,E07000209,Guildford,point_within,ONS Local Authority Districts (December 2024) Boundaries UK BGC
way,957060396,Screwfix,Screwfix,51.3527548,0.4991349,E07000115,Tonbridge and Malling,point_within,ONS Local Authority Districts (December 2024) Boundaries UK BGC
way,414437405,Screwfix,Screwfix,52.3809835,-1.2444265,E07000220,Rugby,point_within,ONS Local Authority Districts (December 2024) Boundaries UK BGC
node,4277400289,Screwfix,Screwfix,51.444184,-2.4995569,E06000025,South Gloucestershire,point_within,ONS Local Authority Districts (December 2024) Boundaries UK BGC
way,318974051,Screwfix,Screwfix,52.8997851,-1.8610856,E07000193,East Staffordshire,point_within,ONS Local Authority Districts (December 2024) Boundaries UK BGC
way,292305597,Screwfix,Screwfix,52.081096,-1.9463342,E07000238,Wychavon,point_within,ONS Local Authority Districts (December 2024) Boundaries UK BGC
way,443867046,Screwfix,Screwfix,51.6049641,-2.5253108,E06000025,South Gloucestershire,point_within,ONS Local Authority Districts (December 2024) Boundaries UK BGC
way,675393709,Screwfix,Screwfix,53.056814,-2.205186,E06000021,Stoke-on-Trent,point_within,ONS Local Authority Districts (December 2024) Boundaries UK BGC
node,9126441079,Screwfix,Screwfix,53.0781949,-2.5172713,E06000049,Cheshire East,point_within,ONS Local Authority Districts (December 2024) Boundaries UK BGC
way,332904114,Screwfix,Screwfix,51.2922035,0.472627,E07000115,Tonbridge and Malling,point_within,ONS Local Authority Districts (December 2024) Boundaries UK BGC
node,11023055172,Screwfix,Screwfix,53.0458351,-2.2442701,E07000195,Newcastle-under-Lyme,point_within,ONS Local Authority Districts (December 2024) Boundaries UK BGC
way,1356989822,Screwfix,Screwfix,53.0477977,-2.1815662,E06000021,Stoke-on-Trent,point_within,ONS Local Authority Districts (December 2024) Boundaries UK BGC
node,10049256192,Screwfix,Screwfix,52.4661089,-1.1944773,E07000131,Harborough,point_within,ONS Local Authority Districts (December 2024) Boundaries UK BGC
way,408699559,Screwfix,Screwfix,51.1403058,-2.7352878,E06000066,Somerset,point_within,ONS Local Authority Districts (December 2024) Boundaries UK BGC
way,970378716,Screwfix,Screwfix,53.719411,-1.7037067,E08000034,Kirklees,point_within,ONS Local Authority Districts (December 2024) Boundaries UK BGC
node,9756926955,Screwfix,Screwfix,53.8361387,-3.0245107,E06000009,Blackpool,point_within,ONS Local Authority Districts (December 2024) Boundaries UK BGC
node,2590372489,Screwfix,Screwfix,51.4163843,-0.7705635,E06000036,Bracknell Forest,point_within,ONS Local Authority Districts (December 2024) Boundaries UK BGC
way,480054718,Screwfix,Screwfix,51.1535771,0.2869746,E07000116,Tunbridge Wells,point_within,ONS Local Authority Districts (December 2024) Boundaries UK BGC
node,7985428819,Screwfix,Screwfix,51.5025071,-2.4696568,E06000025,South Gloucestershire,point_within,ONS Local Authority Districts (December 2024) Boundaries UK BGC
way,155305659,Screwfix,Screwfix,51.5700244,0.6432865,E06000033,Southend-on-Sea,point_within,ONS Local Authority Districts (December 2024) Boundaries UK BGC
node,3689713114,Screwfix,Screwfix,51.6206348,-0.7699214,E06000060,Buckinghamshire,point_within,ONS Local Authority Districts (December 2024) Boundaries UK BGC
way,1348312311,Screwfix,Screwfix,51.1505909,-0.5041715,E07000216,Waverley,point_within,ONS Local Authority Districts (December 2024) Boundaries UK BGC
node,11134187023,Screwfix,Screwfix,51.8106824,-2.7051385,W06000021,Monmouthshire,point_within,ONS Local Authority Districts (December 2024) Boundaries UK BGC
node,5374249366,Screwfix,Screwfix,52.1276936,-2.3017976,E07000235,Malvern Hills,point_within,ONS Local Authority Districts (December 2024) Boundaries UK BGC
way,99473354,Screwfix,Screwfix,53.6884556,-1.6305584,E08000034,Kirklees,point_within,ONS Local Authority Districts (December 2024) Boundaries UK BGC
node,13433528676,Screwfix,Screwfix,52.5620072,-1.1680094,E07000129,Blaby,point_within,ONS Local Authority Districts (December 2024) Boundaries UK BGC
way,343423727,Screwfix,Screwfix,51.0291537,-3.0806217,E06000066,Somerset,point_within,ONS Local Authority Districts (December 2024) Boundaries UK BGC
way,514612084,Screwfix,Screwfix,53.0200352,-2.2058061,E07000195,Newcastle-under-Lyme,point_within,ONS Local Authority Districts (December 2024) Boundaries UK BGC
node,12960239242,Screwfix,Screwfix,51.3139167,-0.7582164,E07000092,Rushmoor,point_within,ONS Local Authority Districts (December 2024) Boundaries UK BGC
way,1060088100,Screwfix,Screwfix,51.2695564,0.5164981,E07000110,Maidstone,point_within,ONS Local Authority Districts (December 2024) Boundaries UK BGC
node,1401620967,Screwfix,Screwfix,53.7807578,-1.7319929,E08000032,Bradford,point_within,ONS Local Authority Districts (December 2024) Boundaries UK BGC
way,721878720,Screwfix,Screwfix,52.7621456,-1.2954013,E07000130,Charnwood,point_within,ONS Local Authority Districts (December 2024) Boundaries UK BGC
way,1422061800,Screwfix,Screwfix,53.5446778,-1.532119,E08000016,Barnsley,point_within,ONS Local Authority Districts (December 2024) Boundaries UK BGC
way,173866261,Screwfix,Screwfix,53.0212923,-2.1583065,E06000021,Stoke-on-Trent,point_within,ONS Local Authority Districts (December 2024) Boundaries UK BGC
way,177041902,Screwfix,Screwfix,53.8623899,-1.9073543,E08000032,Bradford,point_within,ONS Local Authority Districts (December 2024) Boundaries UK BGC
node,9578945036,Screwfix,Screwfix,51.0709124,-0.3139342,E07000227,Horsham,point_within,ONS Local Authority Districts (December 2024) Boundaries UK BGC
way,146749170,Screwfix,Screwfix,51.5428173,-2.4351106,E06000025,South Gloucestershire,point_within,ONS Local Authority Districts (December 2024) Boundaries UK BGC
way,1256517905,Screwfix,Screwfix,53.9222953,-2.1851021,E07000122,Pendle,point_within,ONS Local Authority Districts (December 2024) Boundaries UK BGC
node,5311172018,Screwfix,Screwfix,51.8733902,0.5677967,E07000067,Braintree,point_within,ONS Local Authority Districts (December 2024) Boundaries UK BGC
way,122306881,Screwfix,Screwfix,51.0111955,-3.1316937,E06000066,Somerset,point_within,ONS Local Authority Districts (December 2024) Boundaries UK BGC
way,309828509,Screwfix,Screwfix,53.7422466,-1.6468927,E08000034,Kirklees,point_within,ONS Local Authority Districts (December 2024) Boundaries UK BGC
way,492679585,Screwfix,Screwfix,51.289106,-0.7644825,E07000092,Rushmoor,point_within,ONS Local Authority Districts (December 2024) Boundaries UK BGC
way,49798378,Screwfix,Screwfix,51.7370851,0.6806893,E07000074,Maldon,point_within,ONS Local Authority Districts (December 2024) Boundaries UK BGC
way,600204984,Screwfix,Screwfix,53.8591155,-1.8466598,E08000032,Bradford,point_within,ONS Local Authority Districts (December 2024) Boundaries UK BGC
node,11822659703,Screwfix,Screwfix,53.4111439,-1.4977699,E08000019,Sheffield,point_within,ONS Local Authority Districts (December 2024) Boundaries UK BGC
node,4063352005,Screwfix,Screwfix,51.4046097,-0.8424286,E06000041,Wokingham,point_within,ONS Local Authority Districts (December 2024) Boundaries UK BGC
way,377169279,Screwfix,Screwfix,51.8071367,0.6517518,E07000067,Braintree,point_within,ONS Local Authority Districts (December 2024) Boundaries UK BGC
way,377169282,Screwfix,Screwfix,51.8075375,0.6519669,E07000067,Braintree,point_within,ONS Local Authority Districts (December 2024) Boundaries UK BGC
way,90118014,Screwfix,Screwfix,52.6153709,-1.1352796,E06000016,Leicester,point_within,ONS Local Authority Districts (December 2024) Boundaries UK BGC
way,1122709434,Screwfix,Screwfix,52.5889104,-1.1229593,E07000135,Oadby and Wigston,point_within,ONS Local Authority Districts (December 2024) Boundaries UK BGC
way,486243235,Screwfix,Screwfix,51.2398092,-0.7438224,E07000092,Rushmoor,point_within,ONS Local Authority Districts (December 2024) Boundaries UK BGC
way,984976827,Screwfix,Screwfix,52.0100506,-0.4850446,E06000056,Central Bedfordshire,point_within,ONS Local Authority Districts (December 2024) Boundaries UK BGC
node,9164243446,Screwfix,Screwfix,52.9663205,-2.6606583,E06000051,Shropshire,point_within,ONS Local Authority Districts (December 2024) Boundaries UK BGC
way,1465128735,Screwfix,Screwfix,53.5007609,-1.4721793,E08000016,Barnsley,point_within,ONS Local Authority Districts (December 2024) Boundaries UK BGC
way,61568130,Screwfix,Screwfix,52.8983099,-1.4520625,E06000015,Derby,point_within,ONS Local Authority Districts (December 2024) Boundaries UK BGC
node,11265483508,Screwfix,Screwfix Shipley,53.8447671,-1.7546797,E08000032,Bradford,point_within,ONS Local Authority Districts (December 2024) Boundaries UK BGC
way,1246890219,Screwfix,Screwfix,51.2414427,0.5607719,E07000110,Maidstone,point_within,ONS Local Authority Districts (December 2024) Boundaries UK BGC
way,305491006,Screwfix,Screwfix,53.559309,-1.4705332,E08000016,Barnsley,point_within,ONS Local Authority Districts (December 2024) Boundaries UK BGC
node,7861716739,Screwfix,Screwfix,52.9206917,-1.4999651,E06000015,Derby,point_within,ONS Local Authority Districts (December 2024) Boundaries UK BGC
node,13041038843,Screwfix,Screwfix,51.0471773,0.1881548,E07000065,Wealden,point_within,ONS Local Authority Districts (December 2024) Boundaries UK BGC
node,5916454252,Screwfix,Screwfix,56.4194604,-3.4744367,S12000048,Perth and Kinross,point_within,ONS Local Authority Districts (December 2024) Boundaries UK BGC
way,444118894,Screwfix,ScrewFix,53.8051231,-1.6730546,E08000035,Leeds,point_within,ONS Local Authority Districts (December 2024) Boundaries UK BGC
node,3150221382,Screwfix,Screwfix,51.4542395,-0.8929031,E06000041,Wokingham,point_within,ONS Local Authority Districts (December 2024) Boundaries UK BGC
way,1119268956,Screwfix,Screwfix,50.9802286,-3.207012,E06000066,Somerset,point_within,ONS Local Authority Districts (December 2024) Boundaries UK BGC
way,133684737,Screwfix,Screwfix,53.369605,-1.4647972,E08000019,Sheffield,point_within,ONS Local Authority Districts (December 2024) Boundaries UK BGC
way,233750897,Screwfix,Screwfix,52.974526,-2.1718822,E06000021,Stoke-on-Trent,point_within,ONS Local Authority Districts (December 2024) Boundaries UK BGC
node,9170623457,Screwfix,Screwfix,54.1955642,-6.3467495,N09000010,"Newry, Mourne and Down",point_within,ONS Local Authority Districts (December 2024) Boundaries UK BGC
way,221466616,Screwfix,Screwfix,52.9744644,-2.1696332,E06000021,Stoke-on-Trent,point_within,ONS Local Authority Districts (December 2024) Boundaries UK BGC
way,92716242,Screwfix,Screwfix,51.3806235,-2.3700737,E06000022,Bath and North East Somerset,point_within,ONS Local Authority Districts (December 2024) Boundaries UK BGC
way,1267725434,Screwfix,Screwfix,56.4570531,-2.9878595,S12000042,Dundee City,point_within,ONS Local Authority Districts (December 2024) Boundaries UK BGC
way,657573049,Screwfix,Screwfix,52.9715378,-2.1684188,E06000021,Stoke-on-Trent,point_within,ONS Local Authority Districts (December 2024) Boundaries UK BGC
way,652264658,Screwfix,Screwfix,52.9713856,-2.1683365,E06000021,Stoke-on-Trent,point_within,ONS Local Authority Districts (December 2024) Boundaries UK BGC
way,1336652703,Screwfix,Screwfix,53.3909144,-1.4504255,E08000019,Sheffield,point_within,ONS Local Authority Districts (December 2024) Boundaries UK BGC
node,10601326588,Screwfix,Screwfix,53.9136832,-3.0226011,E07000128,Wyre,point_within,ONS Local Authority Districts (December 2024) Boundaries UK BGC
way,622834926,Screwfix,Screwfix,54.5128283,-6.7620035,N09000009,Mid Ulster,point_within,ONS Local Authority Districts (December 2024) Boundaries UK BGC
node,338803903,Screwfix,Screwfix,51.6585428,-3.9101326,W06000011,Swansea,point_within,ONS Local Authority Districts (December 2024) Boundaries UK BGC
way,361743681,Screwfix,Screwfix,53.3078448,-1.4783312,E07000038,North East Derbyshire,point_within,ONS Local Authority Districts (December 2024) Boundaries UK BGC
node,3193560821,Screwfix,Screwfix,52.7818481,-1.2090202,E07000130,Charnwood,point_within,ONS Local Authority Districts (December 2024) Boundaries UK BGC
way,336036801,Screwfix,Screwfix,51.2221833,-0.7746078,E07000216,Waverley,point_within,ONS Local Authority Districts (December 2024) Boundaries UK BGC
way,970889501,Screwfix,Screwfix,52.3660239,-2.6963345,E06000051,Shropshire,point_within,ONS Local Authority Districts (December 2024) Boundaries UK BGC
node,13431395850,Screwfix,Screwfix,51.6247872,-3.9380467,W06000011,Swansea,point_within,ONS Local Authority Districts (December 2024) Boundaries UK BGC
way,456748972,Screwfix,Screwfix,54.3566041,-6.6619024,N09000002,"Armagh City, Banbridge and Craigavon",point_within,ONS Local Authority Districts (December 2024) Boundaries UK BGC
node,11801381154,Screwfix,Screwfix,52.0004861,-2.125487,E07000083,Tewkesbury,point_within,ONS Local Authority Districts (December 2024) Boundaries UK BGC
node,12396856537,Screwfix,Screwfix,53.5391421,-1.4305602,E08000016,Barnsley,point_within,ONS Local Authority Districts (December 2024) Boundaries UK BGC
way,61012202,Screwfix,Screwfix,53.6758772,-1.4939422,E08000036,Wakefield,point_within,ONS Local Authority Districts (December 2024) Boundaries UK BGC
way,589403478,Screwfix,Screwfix,51.2791914,-0.8422037,E07000089,Hart,point_within,ONS Local Authority Districts (December 2024) Boundaries UK BGC
way,75649056,Screwfix,Screwfix,52.9379815,-1.4695464,E06000015,Derby,point_within,ONS Local Authority Districts (December 2024) Boundaries UK BGC
way,826335316,Screwfix,Screwfix,52.9113038,-1.3992281,E06000015,Derby,point_within,ONS Local Authority Districts (December 2024) Boundaries UK BGC
way,106554939,Screwfix,Screwfix,53.403567,-1.4168393,E08000019,Sheffield,point_within,ONS Local Authority Districts (December 2024) Boundaries UK BGC
way,150591346,Screwfix,Screwfix,53.7813899,-1.580184,E08000035,Leeds,point_within,ONS Local Authority Districts (December 2024) Boundaries UK BGC
node,12256251120,Screwfix,Screwfix,56.4763825,-2.9337449,S12000042,Dundee City,point_within,ONS Local Authority Districts (December 2024) Boundaries UK BGC
way,406155463,Screwfix,Screwfix,53.8683036,-1.7052396,E08000035,Leeds,point_within,ONS Local Authority Districts (December 2024) Boundaries UK BGC
way,946059014,Screwfix,Screwfix,51.8189827,-0.8303877,E06000060,Buckinghamshire,point_within,ONS Local Authority Districts (December 2024) Boundaries UK BGC
way,872717433,Screwfix,Screwfix,53.010938,-1.7417564,E07000035,Derbyshire Dales,point_within,ONS Local Authority Districts (December 2024) Boundaries UK BGC
way,753323097,Screwfix,Screwfix,51.6371634,-3.9719036,W06000011,Swansea,point_within,ONS Local Authority Districts (December 2024) Boundaries UK BGC
node,11939646194,Screwfix,Screwfix,51.8356446,-2.5105958,E07000080,Forest of Dean,point_within,ONS Local Authority Districts (December 2024) Boundaries UK BGC
node,7126021309,Screwfix,Screwfix,53.8457722,-1.6329989,E08000035,Leeds,point_within,ONS Local Authority Districts (December 2024) Boundaries UK BGC
way,1428604675,Screwfix,Screwfix,51.201572,-0.8172644,E07000216,Waverley,point_within,ONS Local Authority Districts (December 2024) Boundaries UK BGC
way,515670091,Screwfix,Screwfix,52.0723054,-1.3232154,E07000177,Cherwell,point_within,ONS Local Authority Districts (December 2024) Boundaries UK BGC
node,5792826475,Screwfix,Screwfix,51.4364171,-0.9693557,E06000038,Reading,point_within,ONS Local Authority Districts (December 2024) Boundaries UK BGC
way,1441731640,Screwfix,Screwfix,51.4087708,0.7657936,E07000113,Swale,point_within,ONS Local Authority Districts (December 2024) Boundaries UK BGC
node,11895825711,Screwfix,Screwfix,51.9424743,0.6559328,E07000067,Braintree,point_within,ONS Local Authority Districts (December 2024) Boundaries UK BGC
node,5218767238,Screwfix,Screwfix,53.2313419,-1.4547736,E07000034,Chesterfield,point_within,ONS Local Authority Districts (December 2024) Boundaries UK BGC
way,274850920,Screwfix,Screwfix,50.9691905,0.0866266,E07000065,Wealden,point_within,ONS Local Authority Districts (December 2024) Boundaries UK BGC
way,435459066,Screwfix,Screwfix,53.7760006,-1.5166334,E08000035,Leeds,point_within,ONS Local Authority Districts (December 2024) Boundaries UK BGC
way,945814814,Screwfix,Screwfix,50.9546637,-0.152241,E07000228,Mid Sussex,point_within,ONS Local Authority Districts (December 2024) Boundaries UK BGC
way,227506275,Screwfix,Screwfix,53.4441614,-1.3559777,E08000018,Rotherham,point_within,ONS Local Authority Districts (December 2024) Boundaries UK BGC
node,7760543785,Screwfix,Screwfix,52.0447791,-2.4239281,E06000019,"Herefordshire, County of",point_within,ONS Local Authority Districts (December 2024) Boundaries UK BGC
node,4178820066,Screwfix,Screwfix,52.0762286,0.4414524,E07000245,West Suffolk,point_within,ONS Local Authority Districts (December 2024) Boundaries UK BGC
way,322777130,Screwfix,Screwfix,52.8938545,-1.2650235,E07000036,Erewash,point_within,ONS Local Authority Districts (December 2024) Boundaries UK BGC
way,563078586,Screwfix,Screwfix,53.8097241,-1.5301432,E08000035,Leeds,point_within,ONS Local Authority Districts (December 2024) Boundaries UK BGC
way,137213417,Screwfix,Screwfix,51.0880626,-0.7089868,E07000216,Waverley,point_within,ONS Local Authority Districts (December 2024) Boundaries UK BGC
way,714068159,Screwfix,Screwfix,50.9291953,-2.9262987,E06000066,Somerset,point_within,ONS Local Authority Districts (December 2024) Boundaries UK BGC
way,374097172,Screwfix,Screwfix,52.8488598,-3.0316913,E06000051,Shropshire,point_within,ONS Local Authority Districts (December 2024) Boundaries UK BGC
way,263733979,Screwfix,Screwfix,53.2281287,-1.4234118,E07000034,Chesterfield,point_within,ONS Local Authority Districts (December 2024) Boundaries UK BGC
node,7968895942,Screwfix,Screwfix,51.4633566,-1.0132728,E06000038,Reading,point_within,ONS Local Authority Districts (December 2024) Boundaries UK BGC
node,13011383713,Screwfix,Screwfix,55.4354971,-2.7628952,S12000026,Scottish Borders,point_within,ONS Local Authority Districts (December 2024) Boundaries UK BGC
node,8498309017,Screwfix,Screwfix,51.9162443,-2.5733234,E06000019,"Herefordshire, County of",point_within,ONS Local Authority Districts (December 2024) Boundaries UK BGC
node,10889640289,Screwfix,Screwfix,52.6892497,-2.7734075,E06000051,Shropshire,point_within,ONS Local Authority Districts (December 2024) Boundaries UK BGC
way,267872953,Screwfix,Screwfix,52.7449131,-2.7354141,E06000051,Shropshire,point_within,ONS Local Authority Districts (December 2024) Boundaries UK BGC
node,5863721203,Screwfix,Screwfix,51.2778301,-0.959738,E07000089,Hart,point_within,ONS Local Authority Districts (December 2024) Boundaries UK BGC
node,7055261466,Screwfix,Screwfix,52.0072697,-0.7395174,E06000042,Milton Keynes,point_within,ONS Local Authority Districts (December 2024) Boundaries UK BGC
way,966172507,Screwfix,Screwfix,52.1494405,-0.4122411,E06000055,Bedford,point_within,ONS Local Authority Districts (December 2024) Boundaries UK BGC
node,8770124347,Screwfix,Screwfix,54.9049433,-5.023229,S12000006,Dumfries and Galloway,point_within,ONS Local Authority Districts (December 2024) Boundaries UK BGC
node,6487232305,Screwfix,Screwfix,51.2458478,-2.2913307,E06000066,Somerset,point_within,ONS Local Authority Districts (December 2024) Boundaries UK BGC
way,306327419,Screwfix,Screwfix,51.9181055,-2.0964588,E07000078,Cheltenham,point_within,ONS Local Authority Districts (December 2024) Boundaries UK BGC
node,10124833015,Screwfix,Screwfix,53.7155315,-1.3841241,E08000036,Wakefield,point_within,ONS Local Authority Districts (December 2024) Boundaries UK BGC
node,1969962863,Screwfix,Screwfix,52.1912466,0.1376201,E07000008,Cambridge,point_within,ONS Local Authority Districts (December 2024) Boundaries UK BGC
way,587596347,Screwfix,Screwfix,52.9602449,-1.2943114,E07000036,Erewash,point_within,ONS Local Authority Districts (December 2024) Boundaries UK BGC
way,895281322,Screwfix,Screwfix,53.7130076,-1.3476515,E08000036,Wakefield,point_within,ONS Local Authority Districts (December 2024) Boundaries UK BGC
node,4541774126,Screwfix,Screwfix,53.8272225,-1.457334,E08000035,Leeds,point_within,ONS Local Authority Districts (December 2024) Boundaries UK BGC
way,358590450,Screwfix,Screwfix,50.9476593,-2.6718677,E06000066,Somerset,point_within,ONS Local Authority Districts (December 2024) Boundaries UK BGC
way,358537721,Screwfix,Screwfix,50.9469804,-2.6716395,E06000066,Somerset,point_within,ONS Local Authority Districts (December 2024) Boundaries UK BGC
node,13747929454,Screwfix,Screwfix,51.8771029,0.8447702,E07000071,Colchester,point_within,ONS Local Authority Districts (December 2024) Boundaries UK BGC
node,1446374723,Screwfix,Screwfix,52.2098387,-0.287963,E07000011,Huntingdonshire,point_within,ONS Local Authority Districts (December 2024) Boundaries UK BGC
node,5037622216,Screwfix,Screwfix,51.1092099,-0.8654191,E07000085,East Hampshire,point_within,ONS Local Authority Districts (December 2024) Boundaries UK BGC
way,236401410,Screwfix,Screwfix,52.9304265,-1.1674116,E06000018,Nottingham,point_within,ONS Local Authority Districts (December 2024) Boundaries UK BGC
way,842071737,Screwfix,Screwfix,50.9332087,-2.6591408,E06000066,Somerset,point_within,ONS Local Authority Districts (December 2024) Boundaries UK BGC
node,9882928841,Screwfix,Screwfix,51.0519747,-2.4206749,E06000066,Somerset,point_within,ONS Local Authority Districts (December 2024) Boundaries UK BGC
node,9774910612,Screwfix,Screwfix,53.7980712,-1.380759,E08000035,Leeds,point_within,ONS Local Authority Districts (December 2024) Boundaries UK BGC
node,3082749611,Screwfix,Screwfix,52.2323994,0.1360212,E07000008,Cambridge,point_within,ONS Local Authority Districts (December 2024) Boundaries UK BGC
node,10239768229,Screwfix,Screwfix,51.4656604,-2.1440322,E06000054,Wiltshire,point_within,ONS Local Authority Districts (December 2024) Boundaries UK BGC
way,256732980,Screwfix,Screwfix,50.8788356,0.0185382,E07000063,Lewes,point_within,ONS Local Authority Districts (December 2024) Boundaries UK BGC
way,328480375,Screwfix,Screwfix,53.0047223,-1.28052,E07000172,Broxtowe,point_within,ONS Local Authority Districts (December 2024) Boundaries UK BGC
node,11813898964,Screwfix,Screwfix,53.3724039,-1.2261603,E08000018,Rotherham,point_within,ONS Local Authority Districts (December 2024) Boundaries UK BGC
node,10311404612,Screwfix,Screwfix,50.8662191,-0.1259442,E06000043,Brighton and Hove,point_within,ONS Local Authority Districts (December 2024) Boundaries UK BGC
way,298165368,Screwfix,Screwfix,52.050979,-0.7982244,E06000042,Milton Keynes,point_within,ONS Local Authority Districts (December 2024) Boundaries UK BGC
way,372253891,Screwfix,Screwfix,51.6823487,-4.1310132,W06000010,Carmarthenshire,point_within,ONS Local Authority Districts (December 2024) Boundaries UK BGC
way,470275806,Screwfix,Screwfix,52.2525796,-0.9145998,E06000062,West Northamptonshire,point_within,ONS Local Authority Districts (December 2024) Boundaries UK BGC
way,1140186739,Screwfix,Screwfix,52.0401029,-1.1381456,E06000062,West Northamptonshire,point_within,ONS Local Authority Districts (December 2024) Boundaries UK BGC
node,11446576941,Screwfix,Screwfix,52.2558395,0.0204047,E07000012,South Cambridgeshire,point_within,ONS Local Authority Districts (December 2024) Boundaries UK BGC
way,243386653,Screwfix,Screwfix,52.9450835,-1.1315776,E06000018,Nottingham,point_within,ONS Local Authority Districts (December 2024) Boundaries UK BGC
way,78192837,Screwfix,Screwfix,52.9449494,-1.1312715,E06000018,Nottingham,point_within,ONS Local Authority Districts (December 2024) Boundaries UK BGC
node,12335926047,Screwfix,Screwfix,52.9731623,-1.1754276,E06000018,Nottingham,point_within,ONS Local Authority Districts (December 2024) Boundaries UK BGC
way,592453293,Screwfix,Screwfix,52.0655845,-2.718638,E06000019,"Herefordshire, County of",point_within,ONS Local Authority Districts (December 2024) Boundaries UK BGC
node,9008300022,Screwfix,Screwfix,52.141289,-0.9924512,E06000062,West Northamptonshire,point_within,ONS Local Authority Districts (December 2024) Boundaries UK BGC
way,436358233,Screwfix,Screwfix,54.0597744,-2.8383377,E07000121,Lancaster,point_within,ONS Local Authority Districts (December 2024) Boundaries UK BGC
node,5884596491,Screwfix,Screwfix,54.0563789,-2.7923934,E07000121,Lancaster,point_within,ONS Local Authority Districts (December 2024) Boundaries UK BGC
way,1301169737,Screwfix,Screwfix,51.5970966,-1.1422367,E07000179,South Oxfordshire,point_within,ONS Local Authority Districts (December 2024) Boundaries UK BGC
way,684388332,Screwfix,Screwfix,52.0438082,0.7494373,E07000200,Babergh,point_within,ONS Local Authority Districts (December 2024) Boundaries UK BGC
node,3736774139,Screwfix,Screwfix,51.7929039,-4.0769722,W06000010,Carmarthenshire,point_within,ONS Local Authority Districts (December 2024) Boundaries UK BGC
way,194707339,Screwfix,Screwfix,55.7628778,-2.0221845,E06000057,Northumberland,point_within,ONS Local Authority Districts (December 2024) Boundaries UK BGC
node,11349825104,Screwfix,Screwfix,51.8363485,-2.2690201,E07000081,Gloucester,point_within,ONS Local Authority Districts (December 2024) Boundaries UK BGC
node,9779097804,Screwfix,Screwfix,55.1333848,-6.6543679,N09000004,Causeway Coast and Glens,point_within,ONS Local Authority Districts (December 2024) Boundaries UK BGC
way,352588601,Screwfix,Screwfix,51.8870406,0.9280346,E07000071,Colchester,point_within,ONS Local Authority Districts (December 2024) Boundaries UK BGC
way,250764602,Screwfix,Screwfix,51.8575788,-2.2215218,E07000081,Gloucester,point_within,ONS Local Authority Districts (December 2024) Boundaries UK BGC
node,10614738874,Screwfix,Screwfix,51.3719643,-1.1515197,E06000037,West Berkshire,point_within,ONS Local Authority Districts (December 2024) Boundaries UK BGC
node,8757754035,Screwfix,Screwfix,52.7670615,-0.8857533,E07000133,Melton,point_within,ONS Local Authority Districts (December 2024) Boundaries UK BGC
node,10820181414,Screwfix,Screwfix,56.5635522,-2.5883754,S12000041,Angus,point_within,ONS Local Authority Districts (December 2024) Boundaries UK BGC
node,536130871,Screwfix,Screwfix,51.2629411,-1.1057573,E07000084,Basingstoke and Deane,point_within,ONS Local Authority Districts (December 2024) Boundaries UK BGC
way,220430545,Screwfix,Screwfix,53.0120995,-1.1897733,E06000018,Nottingham,point_within,ONS Local Authority Districts (December 2024) Boundaries UK BGC
way,1080987160,Screwfix,Screwfix,53.5294366,-1.1475678,E08000017,Doncaster,point_within,ONS Local Authority Districts (December 2024) Boundaries UK BGC
way,620664405,Screwfix,Screwfix,50.8617362,0.2468962,E07000065,Wealden,point_within,ONS Local Authority Districts (December 2024) Boundaries UK BGC
way,235901522,Screwfix,Screwfix,50.8323087,-0.2559625,E07000223,Adur,point_within,ONS Local Authority Districts (December 2024) Boundaries UK BGC
node,4644850613,Screwfix,Screwfix,52.2163458,-0.8710088,E06000062,West Northamptonshire,point_within,ONS Local Authority Districts (December 2024) Boundaries UK BGC
way,234077515,Screwfix,Screwfix,50.8218543,-0.122924,E06000043,Brighton and Hove,point_within,ONS Local Authority Districts (December 2024) Boundaries UK BGC
node,13340699901,Screwfix,Screwfix,50.7922727,-3.2081983,E07000040,East Devon,point_within,ONS Local Authority Districts (December 2024) Boundaries UK BGC
way,1255038982,Screwfix,Screwfix,53.1103944,-1.2969334,E07000170,Ashfield,point_within,ONS Local Authority Districts (December 2024) Boundaries UK BGC
node,9712272821,Screwfix,Screwfix,52.2908632,0.176989,E07000012,South Cambridgeshire,point_within,ONS Local Authority Districts (December 2024) Boundaries UK BGC
node,9691991980,Screwfix,Screwfix,52.96772,-1.0619938,E07000173,Gedling,point_within,ONS Local Authority Districts (December 2024) Boundaries UK BGC
way,576476678,Screwfix,Screwfix,56.6468484,-2.8905968,S12000041,Angus,point_within,ONS Local Authority Districts (December 2024) Boundaries UK BGC
way,981319183,Screwfix,Screwfix,50.8277458,-0.3607741,E07000229,Worthing,point_within,ONS Local Authority Districts (December 2024) Boundaries UK BGC
way,95829478,Screwfix,Screwfix,51.0850566,-4.0825197,E07000043,North Devon,point_within,ONS Local Authority Districts (December 2024) Boundaries UK BGC
way,467058326,Screwfix,Screwfix,52.4061381,-0.7460643,E06000061,North Northamptonshire,point_within,ONS Local Authority Districts (December 2024) Boundaries UK BGC
node,6764555639,Screwfix,Screwfix,52.2610443,0.3903743,E07000245,West Suffolk,point_within,ONS Local Authority Districts (December 2024) Boundaries UK BGC
way,362621291,Screwfix,Screwfix,53.218544,-4.1064323,W06000002,Gwynedd,point_within,ONS Local Authority Districts (December 2024) Boundaries UK BGC
way,97219413,Screwfix,Screwfix,53.308774,-1.1216636,E07000171,Bassetlaw,point_within,ONS Local Authority Districts (December 2024) Boundaries UK BGC
way,859068771,Screwfix,Screwfix,53.9381198,-1.3838857,E08000035,Leeds,point_within,ONS Local Authority Districts (December 2024) Boundaries UK BGC
node,12673711741,Screwfix,Screwfix,54.1270183,-2.7504427,E07000121,Lancaster,point_within,ONS Local Authority Districts (December 2024) Boundaries UK BGC
node,8018239691,Screwfix,Screwfix,51.7388301,-1.1939967,E07000178,Oxford,point_within,ONS Local Authority Districts (December 2024) Boundaries UK BGC
node,4775850522,Screwfix,Screwfix,51.0293286,-2.2543354,E06000059,Dorset,point_within,ONS Local Authority Districts (December 2024) Boundaries UK BGC
node,10750834764,Screwfix,Screwfix,52.3773229,-0.7247038,E06000061,North Northamptonshire,point_within,ONS Local Authority Districts (December 2024) Boundaries UK BGC
way,731656498,Screwfix,Screwfix,53.157071,-1.1873452,E07000174,Mansfield,point_within,ONS Local Authority Districts (December 2024) Boundaries UK BGC
node,6766361810,Screwfix,Screwfix,52.3366042,-0.0613295,E07000011,Huntingdonshire,point_within,ONS Local Authority Districts (December 2024) Boundaries UK BGC
node,5614908819,Screwfix,Screwfix,54.1206119,-3.2417915,E06000064,Westmorland and Furness,point_within,ONS Local Authority Districts (December 2024) Boundaries UK BGC
way,993338446,Screwfix,Screwfix,51.6191701,-1.2574314,E07000180,Vale of White Horse,point_within,ONS Local Authority Districts (December 2024) Boundaries UK BGC
way,487521205,Screwfix,Screwfix,51.1285307,0.9000438,E07000105,Ashford,point_within,ONS Local Authority Districts (December 2024) Boundaries UK BGC
way,1198635990,Screwfix,Screwfix,51.9041768,-1.1329148,E07000177,Cherwell,point_within,ONS Local Authority Districts (December 2024) Boundaries UK BGC
node,1233079681,Screwfix,Screwfix,52.3408466,-0.1867619,E07000011,Huntingdonshire,point_within,ONS Local Authority Districts (December 2024) Boundaries UK BGC
way,661225140,Screwfix,Screwfix,51.3559906,1.0581211,E07000106,Canterbury,point_within,ONS Local Authority Districts (December 2024) Boundaries UK BGC
node,8743606628,Screwfix,Screwfix,52.5061154,-0.6791082,E06000061,North Northamptonshire,point_within,ONS Local Authority Districts (December 2024) Boundaries UK BGC
way,905527439,Screwfix,Screwfix,51.3680495,-1.9664083,E06000054,Wiltshire,point_within,ONS Local Authority Districts (December 2024) Boundaries UK BGC
way,392131304,Screwfix,Screwfix,50.8419508,0.4643101,E07000064,Rother,point_within,ONS Local Authority Districts (December 2024) Boundaries UK BGC
way,451076813,Screwfix,Screwfix,51.8291035,-1.3021754,E07000177,Cherwell,point_within,ONS Local Authority Districts (December 2024) Boundaries UK BGC
node,6942746866,Screwfix,Screwfix,51.7772853,-1.4903829,E07000181,West Oxfordshire,point_within,ONS Local Authority Districts (December 2024) Boundaries UK BGC
node,8479720229,Screwfix,Screwfix,50.8681753,0.5532303,E07000062,Hastings,point_within,ONS Local Authority Districts (December 2024) Boundaries UK BGC
way,487007175,Screwfix,Screwfix,50.7900954,0.2988785,E07000061,Eastbourne,point_within,ONS Local Authority Districts (December 2024) Boundaries UK BGC
way,125759534,Screwfix,Screwfix,51.9483257,1.051234,E07000076,Tendring,point_within,ONS Local Authority Districts (December 2024) Boundaries UK BGC
way,316609031,Screwfix,Screwfix,52.2938722,-0.6887,E06000061,North Northamptonshire,point_within,ONS Local Authority Districts (December 2024) Boundaries UK BGC
node,10301089120,Screwfix,Screwfix,51.4019482,-1.3122486,E06000037,West Berkshire,point_within,ONS Local Authority Districts (December 2024) Boundaries UK BGC
way,1276170029,Screwfix,Screwfix,51.7910922,1.1470487,E07000076,Tendring,point_within,ONS Local Authority Districts (December 2024) Boundaries UK BGC
way,542335574,Screwfix,Screwfix,51.2739031,1.0661018,E07000106,Canterbury,point_within,ONS Local Authority Districts (December 2024) Boundaries UK BGC
node,13671637361,Screwfix,Screwfix,50.8797264,0.6029955,E07000064,Rother,point_within,ONS Local Authority Districts (December 2024) Boundaries UK BGC
way,356571865,Screwfix,Screwfix,51.6712769,-1.3031898,E07000180,Vale of White Horse,point_within,ONS Local Authority Districts (December 2024) Boundaries UK BGC
way,783758751,Screwfix,Screwfix,52.0540622,0.9648336,E07000200,Babergh,point_within,ONS Local Authority Districts (December 2024) Boundaries UK BGC
node,5876887888,Screwfix,Screwfix,52.2995368,-0.614596,E06000061,North Northamptonshire,point_within,ONS Local Authority Districts (December 2024) Boundaries UK BGC
way,347164239,Screwfix,Screwfix,51.8031541,1.1646899,E07000076,Tendring,point_within,ONS Local Authority Districts (December 2024) Boundaries UK BGC
way,1150756843,Screwfix,Screwfix,51.7087982,-1.9594674,E07000079,Cotswold,point_within,ONS Local Authority Districts (December 2024) Boundaries UK BGC
way,1271824223,Screwfix,Screwfix,51.7087592,-1.9592794,E07000079,Cotswold,point_within,ONS Local Authority Districts (December 2024) Boundaries UK BGC
node,11112364181,Screwfix,Screwfix,52.2478861,0.6877854,E07000245,West Suffolk,point_within,ONS Local Authority Districts (December 2024) Boundaries UK BGC
node,2719872561,Screwfix,Screwfix,50.7189965,-3.4656862,E07000041,Exeter,point_within,ONS Local Authority Districts (December 2024) Boundaries UK BGC
relation,11497712,Screwfix,Screwfix,53.7673889,-1.0649599,E06000065,North Yorkshire,point_within,ONS Local Authority Districts (December 2024) Boundaries UK BGC
way,802259099,Screwfix,Screwfix,54.1913725,-3.1053905,E06000064,Westmorland and Furness,point_within,ONS Local Authority Districts (December 2024) Boundaries UK BGC
node,12193393005,Screwfix,Screwfix,50.7250372,-3.523431,E07000041,Exeter,point_within,ONS Local Authority Districts (December 2024) Boundaries UK BGC
node,4718349956,Screwfix,Screwfix,50.801652,-0.6656767,E07000224,Arun,point_within,ONS Local Authority Districts (December 2024) Boundaries UK BGC
way,1382575176,Screwfix,Screwfix,51.361761,1.1504896,E07000106,Canterbury,point_within,ONS Local Authority Districts (December 2024) Boundaries UK BGC
node,4005844761,Screwfix,Screwfix,50.8306288,-0.755255,E07000225,Chichester,point_within,ONS Local Authority Districts (December 2024) Boundaries UK BGC
way,860674353,Screwfix,Screwfix,52.2534657,-3.3771614,W06000023,Powys,point_within,ONS Local Authority Districts (December 2024) Boundaries UK BGC
node,11214311686,Screwfix,Screwfix,52.3869028,0.2279754,E07000009,East Cambridgeshire,point_within,ONS Local Authority Districts (December 2024) Boundaries UK BGC
way,327032987,Screwfix,Screwfix,52.2408984,0.7470652,E07000245,West Suffolk,point_within,ONS Local Authority Districts (December 2024) Boundaries UK BGC
way,238426478,Screwfix,Screwfix,54.1294989,-1.5085344,E06000065,North Yorkshire,point_within,ONS Local Authority Districts (December 2024) Boundaries UK BGC
node,3005852210,Screwfix,Screwfix,50.7038372,-3.528612,E07000041,Exeter,point_within,ONS Local Authority Districts (December 2024) Boundaries UK BGC
node,9858515399,Screwfix,Screwfix,54.5913967,-7.3152914,N09000006,Fermanagh and Omagh,point_within,ONS Local Authority Districts (December 2024) Boundaries UK BGC
way,1208322049,Screwfix,Screwfix,52.3550925,0.5078282,E07000245,West Suffolk,point_within,ONS Local Authority Districts (December 2024) Boundaries UK BGC
way,363617867,Screwfix,Screwfix,53.1387476,-4.2535459,W06000002,Gwynedd,point_within,ONS Local Authority Districts (December 2024) Boundaries UK BGC
way,1341780128,Screwfix,Screwfix,53.2507962,-4.3077075,W06000001,Isle of Anglesey,point_within,ONS Local Authority Districts (December 2024) Boundaries UK BGC
node,9062192482,Screwfix,Screwfix,51.8479444,-4.333967,W06000010,Carmarthenshire,point_within,ONS Local Authority Districts (December 2024) Boundaries UK BGC
node,11682609508,Screwfix,Screwfix,52.440199,-0.2706108,E07000011,Huntingdonshire,point_within,ONS Local Authority Districts (December 2024) Boundaries UK BGC
way,1274291225,Screwfix,Screwfix,51.5534691,-1.8087121,E06000030,Swindon,point_within,ONS Local Authority Districts (December 2024) Boundaries UK BGC
node,12628121945,Screwfix,Screwfix,51.5685361,-1.8036338,E06000030,Swindon,point_within,ONS Local Authority Districts (December 2024) Boundaries UK BGC
way,1491614565,Screwfix,Screwfix,52.457764,0.0407322,E07000010,Fenland,point_within,ONS Local Authority Districts (December 2024) Boundaries UK BGC
node,8736318099,Screwfix,Screwfix,50.6332263,-3.3751765,E07000040,East Devon,point_within,ONS Local Authority Districts (December 2024) Boundaries UK BGC
node,8241974950,Screwfix,Screwfix,53.7050679,-0.8956369,E06000011,East Riding of Yorkshire,point_within,ONS Local Authority Districts (December 2024) Boundaries UK BGC
node,10102722333,Screwfix,Screwfix,52.9025121,-0.6512672,E07000141,South Kesteven,point_within,ONS Local Authority Districts (December 2024) Boundaries UK BGC
way,28912509,Screwfix,Screwfix,52.0831853,1.113498,E07000202,Ipswich,point_within,ONS Local Authority Districts (December 2024) Boundaries UK BGC
way,1290082135,Screwfix,Screwfix,51.6526208,-1.5839051,E07000180,Vale of White Horse,point_within,ONS Local Authority Districts (December 2024) Boundaries UK BGC
node,3928741987,Screwfix,Screwfix,50.8494671,-0.991098,E07000090,Havant,point_within,ONS Local Authority Districts (December 2024) Boundaries UK BGC
way,440654329,Screwfix,Screwfix,52.5154296,-3.3043898,W06000023,Powys,point_within,ONS Local Authority Districts (December 2024) Boundaries UK BGC
way,988775154,Screwfix,Screwfix,51.0691335,-1.2993857,E07000094,Winchester,point_within,ONS Local Authority Districts (December 2024) Boundaries UK BGC
way,207809983,Screwfix,Screwfix,56.4078282,-5.4715147,S12000035,Argyll and Bute,point_within,ONS Local Authority Districts (December 2024) Boundaries UK BGC
way,161371155,Screwfix,Screwfix,51.5762682,-1.7676854,E06000030,Swindon,point_within,ONS Local Authority Districts (December 2024) Boundaries UK BGC
node,4759917712,Screwfix,Screwfix,53.9585189,-1.0673955,E06000014,York,point_within,ONS Local Authority Districts (December 2024) Boundaries UK BGC
way,133523505,Screwfix,Screwfix,53.9912656,-1.099426,E06000014,York,point_within,ONS Local Authority Districts (December 2024) Boundaries UK BGC
way,1461597119,Screwfix,Screwfix,51.9423499,1.2606143,E07000076,Tendring,point_within,ONS Local Authority Districts (December 2024) Boundaries UK BGC
way,205288426,Screwfix,Screwfix,50.716061,-2.4504838,E06000059,Dorset,point_within,ONS Local Authority Districts (December 2024) Boundaries UK BGC
way,105885168,Screwfix,Screwfix,52.0292754,1.206587,E07000202,Ipswich,point_within,ONS Local Authority Districts (December 2024) Boundaries UK BGC
node,6474845561,Screwfix,Screwfix,52.6568648,-0.4666455,E07000141,South Kesteven,point_within,ONS Local Authority Districts (December 2024) Boundaries UK BGC
node,13671826322,Screwfix,Screwfix,50.957096,-1.2096867,E07000094,Winchester,point_within,ONS Local Authority Districts (December 2024) Boundaries UK BGC
node,12227796246,Screwfix,Screwfix,51.4194958,-1.5154751,E06000037,West Berkshire,point_within,ONS Local Authority Districts (December 2024) Boundaries UK BGC
way,162542461,Screwfix,Screwfix,51.094953,1.1717709,E07000112,Folkestone and Hythe,point_within,ONS Local Authority Districts (December 2024) Boundaries UK BGC
way,200666338,Screwfix,Screwfix,53.0871563,-0.7852262,E07000175,Newark and Sherwood,point_within,ONS Local Authority Districts (December 2024) Boundaries UK BGC
node,8360177191,Screwfix,Screwfix,51.414935,-1.7208534,E06000054,Wiltshire,point_within,ONS Local Authority Districts (December 2024) Boundaries UK BGC
node,10114126395,Screwfix,Screwfix,53.9899973,-1.0459518,E06000014,York,point_within,ONS Local Authority Districts (December 2024) Boundaries UK BGC
node,2639594799,Screwfix,Screwfix,50.8272776,-1.0562411,E06000044,Portsmouth,point_within,ONS Local Authority Districts (December 2024) Boundaries UK BGC
way,354314092,Screwfix,Screwfix,54.3361735,-2.7424662,E06000064,Westmorland and Furness,point_within,ONS Local Authority Districts (December 2024) Boundaries UK BGC
node,6222020681,Screwfix,Screwfix,52.5257879,-0.2395964,E07000011,Huntingdonshire,point_within,ONS Local Authority Districts (December 2024) Boundaries UK BGC
way,287231750,Screwfix,Screwfix,52.4037983,0.7243499,E07000143,Breckland,point_within,ONS Local Authority Districts (December 2024) Boundaries UK BGC
way,1392068972,Screwfix,Screwfix,51.2118344,-1.5103098,E07000093,Test Valley,point_within,ONS Local Authority Districts (December 2024) Boundaries UK BGC
node,9177484047,Screwfix,Screwfix,54.2184755,-1.3564906,E06000065,North Yorkshire,point_within,ONS Local Authority Districts (December 2024) Boundaries UK BGC
node,12773056116,Screwfix,Screwfix,50.798037,-1.069335,E06000044,Portsmouth,point_within,ONS Local Authority Districts (December 2024) Boundaries UK BGC
way,25807550,Screwfix,Screwfix,52.0628917,1.2782705,E07000244,East Suffolk,point_within,ONS Local Authority Districts (December 2024) Boundaries UK BGC
way,59522603,Screwfix,Screwfix,54.1514573,-4.5255984,S12000006,Dumfries and Galloway,nearest_boundary,ONS Local Authority Districts (December 2024) Boundaries UK BGC
node,12639170288,Screwfix,Screwfix,53.7264455,-6.3890633,N09000010,"Newry, Mourne and Down",nearest_boundary,ONS Local Authority Districts (December 2024) Boundaries UK BGC
node,8248742645,Screwfix,Screwfix,52.5451229,-0.2603975,E06000031,Peterborough,point_within,ONS Local Authority Districts (December 2024) Boundaries UK BGC
way,346010150,Screwfix,Screwfix,51.3553535,1.409213,E07000114,Thanet,point_within,ONS Local Authority Districts (December 2024) Boundaries UK BGC
node,5302299657,Screwfix,Screwfix,51.1538746,1.303527,E07000108,Dover,point_within,ONS Local Authority Districts (December 2024) Boundaries UK BGC
node,7835470261,Screwfix,Screwfix,52.5597414,0.0677126,E07000010,Fenland,point_within,ONS Local Authority Districts (December 2024) Boundaries UK BGC
node,3641666172,Screwfix,Screwfix,50.9245274,-1.3068311,E07000086,Eastleigh,point_within,ONS Local Authority Districts (December 2024) Boundaries UK BGC
way,29473114,Screwfix,Screwfix,50.8355077,-1.1840941,E07000087,Fareham,point_within,ONS Local Authority Districts (December 2024) Boundaries UK BGC
way,60730039,Screwfix,Screwfix,51.0629316,-1.7818382,E06000054,Wiltshire,point_within,ONS Local Authority Districts (December 2024) Boundaries UK BGC
way,580857254,Screwfix,Screwfix,50.6149856,-2.4967065,E06000059,Dorset,point_within,ONS Local Authority Districts (December 2024) Boundaries UK BGC
node,8521589744,Screwfix,Screwfix,50.8682868,-1.2502555,E07000087,Fareham,point_within,ONS Local Authority Districts (December 2024) Boundaries UK BGC
node,7433455188,Screwfix,Screwfix,52.5706958,-0.2195594,E06000031,Peterborough,point_within,ONS Local Authority Districts (December 2024) Boundaries UK BGC
node,8111780321,Screwfix,Screwfix,50.5407689,-3.5967731,E07000045,Teignbridge,point_within,ONS Local Authority Districts (December 2024) Boundaries UK BGC
node,10049672093,Screwfix,Screwfix,53.603496,-0.6499698,E06000013,North Lincolnshire,point_within,ONS Local Authority Districts (December 2024) Boundaries UK BGC
way,176439537,Screwfix,Screwfix,50.9319026,-1.3836832,E06000045,Southampton,point_within,ONS Local Authority Districts (December 2024) Boundaries UK BGC
node,4269600728,Screwfix,Screwfix,55.3988445,-1.6876482,E06000057,Northumberland,point_within,ONS Local Authority Districts (December 2024) Boundaries UK BGC
way,1060445471,Screwfix,Screwfix,50.917215,-1.3859885,E06000045,Southampton,point_within,ONS Local Authority Districts (December 2024) Boundaries UK BGC
way,1419732670,Screwfix,Screwfix,53.2630557,-0.6393964,E07000142,West Lindsey,point_within,ONS Local Authority Districts (December 2024) Boundaries UK BGC
node,6710419853,Screwfix,Screwfix,54.3440909,-1.4423519,E06000065,North Yorkshire,point_within,ONS Local Authority Districts (December 2024) Boundaries UK BGC
way,1352917323,Screwfix,Screwfix,50.9947413,-1.4960627,E07000093,Test Valley,point_within,ONS Local Authority Districts (December 2024) Boundaries UK BGC
way,1305391968,Screwfix,Screwfix,52.5991223,0.3624057,E07000146,King's Lynn and West Norfolk,point_within,ONS Local Authority Districts (December 2024) Boundaries UK BGC
node,4481688490,Screwfix,Screwfix,50.4851482,-3.5476703,E06000027,Torbay,point_within,ONS Local Authority Districts (December 2024) Boundaries UK BGC
way,172704651,Screwfix,Screwfix,50.9175417,-1.4548219,E06000045,Southampton,point_within,ONS Local Authority Districts (December 2024) Boundaries UK BGC
way,270631058,Screwfix,Screwfix,50.7429355,-1.994443,E06000058,"Bournemouth, Christchurch and Poole",point_within,ONS Local Authority Districts (December 2024) Boundaries UK BGC
way,226733707,Screwfix,Screwfix,54.3419334,-7.6320355,N09000006,Fermanagh and Omagh,point_within,ONS Local Authority Districts (December 2024) Boundaries UK BGC
way,1113396790,Screwfix,Screwfix,54.926174,-2.9484479,E06000063,Cumberland,point_within,ONS Local Authority Districts (December 2024) Boundaries UK BGC
way,797661167,Screwfix,Screwfix,52.3717088,1.1206536,E07000149,South Norfolk,point_within,ONS Local Authority Districts (December 2024) Boundaries UK BGC
way,534175693,Screwfix,Screwfix,52.6546484,0.1474377,E07000010,Fenland,point_within,ONS Local Authority Districts (December 2024) Boundaries UK BGC
way,372283789,Screwfix,Screwfix,50.7379524,-1.9502371,E06000058,"Bournemouth, Christchurch and Poole",point_within,ONS Local Authority Districts (December 2024) Boundaries UK BGC
node,10682912953,Screwfix,Screwfix,53.2213754,-0.5554214,E07000138,Lincoln,point_within,ONS Local Authority Districts (December 2024) Boundaries UK BGC
way,698037160,Screwfix,Screwfix,50.8475322,-1.7880646,E07000091,New Forest,point_within,ONS Local Authority Districts (December 2024) Boundaries UK BGC
way,1385758828,Screwfix,Screwfix,53.5554263,-0.4984114,E06000013,North Lincolnshire,point_within,ONS Local Authority Districts (December 2024) Boundaries UK BGC
node,12462988801,Screwfix,Screwfix,56.8243007,-5.0903121,S12000017,Highland,point_within,ONS Local Authority Districts (December 2024) Boundaries UK BGC
way,554349406,Screwfix,Screwfix,52.4020436,-4.0411677,W06000008,Ceredigion,point_within,ONS Local Authority Districts (December 2024) Boundaries UK BGC
node,12193318312,Screwfix,Screwfix,53.6455541,-6.6985675,N09000010,"Newry, Mourne and Down",nearest_boundary,ONS Local Authority Districts (December 2024) Boundaries UK BGC
way,318387695,Screwfix,Screwfix,54.887338,-2.9308524,E06000063,Cumberland,point_within,ONS Local Authority Districts (December 2024) Boundaries UK BGC
node,10790775605,Screwfix,Screwfix,54.1264881,-0.8217308,E06000065,North Yorkshire,point_within,ONS Local Authority Districts (December 2024) Boundaries UK BGC
node,10686860555,Screwfix,Screwfix,50.7091253,-1.2950188,E06000046,Isle of Wight,point_within,ONS Local Authority Districts (December 2024) Boundaries UK BGC
node,7740077169,Screwfix,Screwfix,50.6456002,-1.1811566,E06000046,Isle of Wight,point_within,ONS Local Authority Districts (December 2024) Boundaries UK BGC
node,9609581767,Screwfix,Screwfix,50.7551305,-1.8419709,E06000058,"Bournemouth, Christchurch and Poole",point_within,ONS Local Authority Districts (December 2024) Boundaries UK BGC
way,1152614335,Screwfix,Screwfix,52.5063949,0.9989712,E07000143,Breckland,point_within,ONS Local Authority Districts (December 2024) Boundaries UK BGC
way,318048968,Screwfix,Screwfix,52.0850669,-4.6496296,W06000008,Ceredigion,point_within,ONS Local Authority Districts (December 2024) Boundaries UK BGC
way,428200183,Screwfix,Screwfix,52.8103048,-0.1382872,E07000140,South Holland,point_within,ONS Local Authority Districts (December 2024) Boundaries UK BGC
node,13017799167,Screwfix,Screwfix,53.7649249,-0.452845,E06000011,East Riding of Yorkshire,point_within,ONS Local Authority Districts (December 2024) Boundaries UK BGC
way,1247012098,Screwfix,Screwfix,50.5376177,-4.1486027,E07000047,West Devon,point_within,ONS Local Authority Districts (December 2024) Boundaries UK BGC
node,12369540254,Screwfix,Screwfix,50.6264224,-4.3575623,E06000052,Cornwall,point_within,ONS Local Authority Districts (December 2024) Boundaries UK BGC
node,10121104717,Screwfix,Screwfix,53.5221741,-6.4154312,N09000010,"Newry, Mourne and Down",nearest_boundary,ONS Local Authority Districts (December 2024) Boundaries UK BGC
way,587486374,Screwfix,Screwfix,54.5210886,-1.5113965,E06000005,Darlington,point_within,ONS Local Authority Districts (December 2024) Boundaries UK BGC
way,454849757,Screwfix,Screwfix,50.7387793,-1.7432701,E06000058,"Bournemouth, Christchurch and Poole",point_within,ONS Local Authority Districts (December 2024) Boundaries UK BGC
way,1236353092,Screwfix,Screwfix,57.0627075,-2.4746212,S12000034,Aberdeenshire,point_within,ONS Local Authority Districts (December 2024) Boundaries UK BGC
node,7052507491,Screwfix,Screwfix,50.7703445,-1.5449548,E07000091,New Forest,point_within,ONS Local Authority Districts (December 2024) Boundaries UK BGC
way,670591422,Screwfix,Screwfix,52.7432461,0.4167644,E07000146,King's Lynn and West Norfolk,point_within,ONS Local Authority Districts (December 2024) Boundaries UK BGC
node,3686887624,Screwfix,Screwfix,51.7887872,-4.9835786,W06000009,Pembrokeshire,point_within,ONS Local Authority Districts (December 2024) Boundaries UK BGC
node,8828345882,Screwfix,Screwfix - Swords,53.4482467,-6.2059785,N09000010,"Newry, Mourne and Down",nearest_boundary,ONS Local Authority Districts (December 2024) Boundaries UK BGC
way,1267181602,Screwfix,Screwfix,53.7466684,-0.3261101,E06000010,"Kingston upon Hull, City of",point_within,ONS Local Authority Districts (December 2024) Boundaries UK BGC
relation,19117313,Screwfix,Screwfix,52.5681917,1.1217268,E07000149,South Norfolk,point_within,ONS Local Authority Districts (December 2024) Boundaries UK BGC
way,616134059,Screwfix,Screwfix,55.1684735,-1.5507239,E06000057,Northumberland,point_within,ONS Local Authority Districts (December 2024) Boundaries UK BGC
way,42160967,Screwfix,Screwfix,50.383995,-3.9744003,E07000044,South Hams,point_within,ONS Local Authority Districts (December 2024) Boundaries UK BGC
node,10008330871,Screwfix,Screwfix,50.417599,-4.0889178,E06000026,Plymouth,point_within,ONS Local Authority Districts (December 2024) Boundaries UK BGC
node,10129026671,Screwfix,Screwfix,54.6400702,-1.6926201,E06000047,County Durham,point_within,ONS Local Authority Districts (December 2024) Boundaries UK BGC
node,7279485812,Screwfix,Screwfix,52.6702758,0.9522198,E07000143,Breckland,point_within,ONS Local Authority Districts (December 2024) Boundaries UK BGC
way,934936165,Screwfix,Screwfix,55.0961891,-1.6070208,E06000057,Northumberland,point_within,ONS Local Authority Districts (December 2024) Boundaries UK BGC
way,1274164817,Screwfix,Screwfix,55.1327383,-1.5313268,E06000057,Northumberland,point_within,ONS Local Authority Districts (December 2024) Boundaries UK BGC
node,4942060331,Screwfix,Screwfix,50.3883922,-4.0731643,E06000026,Plymouth,point_within,ONS Local Authority Districts (December 2024) Boundaries UK BGC
node,6696636029,Screwfix,Screwfix,54.6657349,-2.7710783,E06000064,Westmorland and Furness,point_within,ONS Local Authority Districts (December 2024) Boundaries UK BGC
node,8803227067,Screwfix,Screwfix,52.9846041,-0.0215945,E07000136,Boston,point_within,ONS Local Authority Districts (December 2024) Boundaries UK BGC
way,240660959,Screwfix,Screwfix,50.4208857,-4.2333144,E06000052,Cornwall,point_within,ONS Local Authority Districts (December 2024) Boundaries UK BGC
node,762330737,Screwfix,Screwfix,54.576853,-1.2835351,E06000004,Stockton-on-Tees,point_within,ONS Local Authority Districts (December 2024) Boundaries UK BGC
way,730684419,Screwfix,Screwfix,50.3704959,-4.1296042,E06000026,Plymouth,point_within,ONS Local Authority Districts (December 2024) Boundaries UK BGC
node,1541332702,Screwfix,Screwfix,55.0127695,-1.6629922,E08000021,Newcastle upon Tyne,point_within,ONS Local Authority Districts (December 2024) Boundaries UK BGC
way,42353415,Screwfix,Screwfix,53.3750145,-6.2922529,N09000010,"Newry, Mourne and Down",nearest_boundary,ONS Local Authority Districts (December 2024) Boundaries UK BGC
node,7682549606,Screwfix,Screwfix,54.6358933,-3.5612078,E06000063,Cumberland,point_within,ONS Local Authority Districts (December 2024) Boundaries UK BGC
way,1211282820,Screwfix,Screwfix,57.1473592,-2.2729545,S12000034,Aberdeenshire,point_within,ONS Local Authority Districts (December 2024) Boundaries UK BGC
way,1211282819,Screwfix,The Paint Shed,57.1475705,-2.2730164,S12000034,Aberdeenshire,point_within,ONS Local Authority Districts (December 2024) Boundaries UK BGC
way,638526205,Screwfix,Screwfix,52.602829,1.2880516,E07000148,Norwich,point_within,ONS Local Authority Districts (December 2024) Boundaries UK BGC
way,389435449,Screwfix,Screwfix,54.9684466,-1.6910081,E08000021,Newcastle upon Tyne,point_within,ONS Local Authority Districts (December 2024) Boundaries UK BGC
relation,7568095,Screwfix,Screwfix,52.6416815,1.2172033,E07000148,Norwich,point_within,ONS Local Authority Districts (December 2024) Boundaries UK BGC
node,12261028574,Screwfix,Screwfix,57.2029473,-3.8177139,S12000017,Highland,point_within,ONS Local Authority Districts (December 2024) Boundaries UK BGC
node,13319482468,Screwfix,Screwfix,54.6314556,-1.310007,E06000004,Stockton-on-Tees,point_within,ONS Local Authority Districts (December 2024) Boundaries UK BGC
node,9667801167,Screwfix,Screwfix,53.5799536,-0.1071543,E06000012,North East Lincolnshire,point_within,ONS Local Authority Districts (December 2024) Boundaries UK BGC
way,602534427,Screwfix,Screwfix,57.1293872,-2.0916203,S12000033,Aberdeen City,point_within,ONS Local Authority Districts (December 2024) Boundaries UK BGC
way,369251063,Screwfix,Screwfix,55.0211013,-1.5400686,E08000022,North Tyneside,point_within,ONS Local Authority Districts (December 2024) Boundaries UK BGC
node,12855445053,Screwfix,Screwfix,54.7064278,-1.5648625,E06000047,County Durham,point_within,ONS Local Authority Districts (December 2024) Boundaries UK BGC
way,329932118,Screwfix,Screwfix,52.6371058,1.2864441,E07000148,Norwich,point_within,ONS Local Authority Districts (December 2024) Boundaries UK BGC
way,815842579,Screwfix,Screwfix,53.3370794,-6.3463408,N09000010,"Newry, Mourne and Down",nearest_boundary,ONS Local Authority Districts (December 2024) Boundaries UK BGC
way,132697750,Screwfix,Screwfix,52.6568496,1.2797336,E07000148,Norwich,point_within,ONS Local Authority Districts (December 2024) Boundaries UK BGC
way,62225303,Screwfix,Screwfix,54.9771452,-1.572529,E08000021,Newcastle upon Tyne,point_within,ONS Local Authority Districts (December 2024) Boundaries UK BGC
node,13316148126,Screwfix,Screwfix,53.5356339,-0.0457738,E06000012,North East Lincolnshire,point_within,ONS Local Authority Districts (December 2024) Boundaries UK BGC
node,9836760457,Screwfix,Screwfix,54.606229,-1.1060171,E06000003,Redcar and Cleveland,point_within,ONS Local Authority Districts (December 2024) Boundaries UK BGC
node,9652000372,Screwfix,Screwfix,54.9607859,-1.582704,E08000037,Gateshead,point_within,ONS Local Authority Districts (December 2024) Boundaries UK BGC
node,3237280881,Screwfix,Screwfix Outlet,55.0019724,-1.487414,E08000022,North Tyneside,point_within,ONS Local Authority Districts (December 2024) Boundaries UK BGC
node,9453510331,Screwfix,Screwfix,52.6291583,1.3852286,E07000144,Broadland,point_within,ONS Local Authority Districts (December 2024) Boundaries UK BGC
way,483207438,Screwfix,Screwfix,54.2379223,-0.4128626,E06000065,North Yorkshire,point_within,ONS Local Authority Districts (December 2024) Boundaries UK BGC
node,4401149161,Screwfix,Screwfix,54.9232402,-1.607292,E08000037,Gateshead,point_within,ONS Local Authority Districts (December 2024) Boundaries UK BGC
way,81523132,Screwfix,Screwfix,53.2801961,-6.220222,N09000010,"Newry, Mourne and Down",nearest_boundary,ONS Local Authority Districts (December 2024) Boundaries UK BGC
node,519652101,Screwfix,Screwfix,54.6795559,-1.2122048,E06000001,Hartlepool,point_within,ONS Local Authority Districts (December 2024) Boundaries UK BGC
node,7474196307,Screwfix,Screwfix,54.0785665,-0.2143614,E06000011,East Riding of Yorkshire,point_within,ONS Local Authority Districts (December 2024) Boundaries UK BGC
node,7417071324,Screwfix,Screwfix,52.4448247,1.7228625,E07000244,East Suffolk,point_within,ONS Local Authority Districts (December 2024) Boundaries UK BGC
node,6280730090,Screwfix,Screwfix,54.779961,-1.542407,E06000047,County Durham,point_within,ONS Local Authority Districts (December 2024) Boundaries UK BGC
node,11029985878,Screwfix,Screwfix,54.755614,-1.3656351,E06000047,County Durham,point_within,ONS Local Authority Districts (December 2024) Boundaries UK BGC
way,995270180,Screwfix,Screwfix,50.4589213,-4.6975942,E06000052,Cornwall,point_within,ONS Local Authority Districts (December 2024) Boundaries UK BGC
way,919305201,Screwfix,Screwfix,54.8534515,-1.5743558,E06000047,County Durham,point_within,ONS Local Authority Districts (December 2024) Boundaries UK BGC
way,1036349441,Screwfix,Screwfix,50.5153069,-4.8534783,E06000052,Cornwall,point_within,ONS Local Authority Districts (December 2024) Boundaries UK BGC
node,10649833986,Screwfix,Screwfix,54.8350614,-1.4840931,E08000024,Sunderland,point_within,ONS Local Authority Districts (December 2024) Boundaries UK BGC
way,68176184,Screwfix,Screwfix,52.592634,1.7136695,E07000145,Great Yarmouth,point_within,ONS Local Authority Districts (December 2024) Boundaries UK BGC
node,6893739222,Screwfix,Screwfix,53.1420349,0.3193579,E07000137,East Lindsey,point_within,ONS Local Authority Districts (December 2024) Boundaries UK BGC
way,1431146427,Screwfix,Screwfix,52.8165523,1.3842631,E07000147,North Norfolk,point_within,ONS Local Authority Districts (December 2024) Boundaries UK BGC
node,10957767090,Screwfix,Screwfix,50.3435245,-4.7368777,E06000052,Cornwall,point_within,ONS Local Authority Districts (December 2024) Boundaries UK BGC
way,32211831,Screwfix,Screwfix,57.3675522,-2.0516404,S12000034,Aberdeenshire,point_within,ONS Local Authority Districts (December 2024) Boundaries UK BGC
way,345720852,Screwfix,Screwfix,52.9282922,1.2856135,E07000147,North Norfolk,point_within,ONS Local Authority Districts (December 2024) Boundaries UK BGC
node,8749836558,Screwfix,Screwfix,57.4863082,-4.2250073,S12000017,Highland,point_within,ONS Local Authority Districts (December 2024) Boundaries UK BGC
way,356843358,Screwfix,Screwfix,53.2697941,-7.4730918,N09000006,Fermanagh and Omagh,nearest_boundary,ONS Local Authority Districts (December 2024) Boundaries UK BGC
way,116596990,Screwfix,Screwfix,57.5838142,-3.8544578,S12000017,Highland,point_within,ONS Local Authority Districts (December 2024) Boundaries UK BGC
way,74863334,Screwfix,Screwfix,57.6393083,-3.3138106,S12000020,Moray,point_within,ONS Local Authority Districts (December 2024) Boundaries UK BGC
node,9264408769,Screwfix,ScrewFix,53.4213127,-7.9869276,N09000006,Fermanagh and Omagh,nearest_boundary,ONS Local Authority Districts (December 2024) Boundaries UK BGC
way,978237149,Screwfix,Screwfix,57.600672,-4.4436337,S12000017,Highland,point_within,ONS Local Authority Districts (December 2024) Boundaries UK BGC
way,433814828,Screwfix,Screwfix,50.2273077,-5.2499389,E06000052,Cornwall,point_within,ONS Local Authority Districts (December 2024) Boundaries UK BGC
node,6517940552,Screwfix,Screwfix,50.0988208,1.8665559,E07000112,Folkestone and Hythe,nearest_boundary,ONS Local Authority Districts (December 2024) Boundaries UK BGC
way,647821133,Screwfix,Screwfix,50.1938625,-5.3938371,E06000052,Cornwall,point_within,ONS Local Authority Districts (December 2024) Boundaries UK BGC
way,705817420,Screwfix,Screwfix,50.0993543,-5.2616913,E06000052,Cornwall,point_within,ONS Local Authority Districts (December 2024) Boundaries UK BGC
node,9264071465,Screwfix,Screwfix,52.6562912,-7.2361043,W06000009,Pembrokeshire,nearest_boundary,ONS Local Authority Districts (December 2024) Boundaries UK BGC
node,5955556928,Screwfix,Screwfix,52.3132443,-6.4565155,W06000009,Pembrokeshire,nearest_boundary,ONS Local Authority Districts (December 2024) Boundaries UK BGC
node,11994319863,Screwfix,Screwfix,58.4313777,-3.0965626,S12000017,Highland,point_within,ONS Local Authority Districts (December 2024) Boundaries UK BGC
way,44131554,Screwfix,Screwfix,52.2502404,-7.1173282,W06000009,Pembrokeshire,nearest_boundary,ONS Local Authority Districts (December 2024) Boundaries UK BGC
way,153223809,Screwfix,Screwfix,52.3626409,-7.68945,W06000009,Pembrokeshire,nearest_boundary,ONS Local Authority Districts (December 2024) Boundaries UK BGC
node,11420343213,Screwfix,Screwfix,52.6503657,-8.5809218,N09000006,Fermanagh and Omagh,nearest_boundary,ONS Local Authority Districts (December 2024) Boundaries UK BGC
way,1190630338,Screwfix,Screwfix,51.9052274,-8.3469526,W06000009,Pembrokeshire,nearest_boundary,ONS Local Authority Districts (December 2024) Boundaries UK BGC
node,10109899566,Screwfix,Screwfix,51.8751984,-8.470252,W06000009,Pembrokeshire,nearest_boundary,ONS Local Authority Districts (December 2024) Boundaries UK BGC
way,559074599,Screwfix,Screwfix,51.8881024,-8.6103102,W06000009,Pembrokeshire,nearest_boundary,ONS Local Authority Districts (December 2024) Boundaries UK BGC
way,163401481,Selco Builders Warehouse,Selco Builders Warehouse,53.4781328,-2.2750764,E08000006,Salford,point_within,ONS Local Authority Districts (December 2024) Boundaries UK BGC
node,10180478668,Selco Builders Warehouse,Selco Builders Warehouse,51.4654045,-3.1958437,W06000015,Cardiff,point_within,ONS Local Authority Districts (December 2024) Boundaries UK BGC
node,11022629606,Selco Builders Warehouse,Selco Builders Warehouse,51.6065956,-0.0936161,E09000014,Haringey,point_within,ONS Local Authority Districts (December 2024) Boundaries UK BGC
node,11961318377,Selco Builders Warehouse,Selco Builders Warehouse,53.4686486,-2.219435,E08000003,Manchester,point_within,ONS Local Authority Districts (December 2024) Boundaries UK BGC
way,182980085,Selco Builders Warehouse,Selco Builders Warehouse,51.6525194,-0.0544381,E09000010,Enfield,point_within,ONS Local Authority Districts (December 2024) Boundaries UK BGC
way,429460783,Selco Builders Warehouse,Selco Builders Warehouse,52.5298595,-1.9097997,E08000025,Birmingham,point_within,ONS Local Authority Districts (December 2024) Boundaries UK BGC
way,31896373,Selco Builders Warehouse,Selco Builders Warehouse,52.4570109,-1.8264379,E08000025,Birmingham,point_within,ONS Local Authority Districts (December 2024) Boundaries UK BGC
way,26223768,Selco Builders Warehouse,Selco Builders Warehouse,51.5255148,-3.1938274,W06000015,Cardiff,point_within,ONS Local Authority Districts (December 2024) Boundaries UK BGC
node,10995814158,Selco Builders Warehouse,Selco Builders Warehouse,51.6200553,-0.1407575,E09000003,Barnet,point_within,ONS Local Authority Districts (December 2024) Boundaries UK BGC
way,132275690,Selco Builders Warehouse,Selco Builders Warehouse,52.519504,-1.8053865,E08000025,Birmingham,point_within,ONS Local Authority Districts (December 2024) Boundaries UK BGC
way,283637693,Selco Builders Warehouse,Selco,52.5196689,-1.8047563,E08000025,Birmingham,point_within,ONS Local Authority Districts (December 2024) Boundaries UK BGC
way,132956969,Selco Builders Warehouse,Selco Builders Warehouse,51.5201963,0.0030452,E09000025,Newham,point_within,ONS Local Authority Districts (December 2024) Boundaries UK BGC
way,391993067,Selco Builders Warehouse,Selco,52.4244236,-1.9238662,E08000025,Birmingham,point_within,ONS Local Authority Districts (December 2024) Boundaries UK BGC
way,253084901,Selco Builders Warehouse,Selco Builders Warehouse,53.3991323,-2.2988437,E08000003,Manchester,point_within,ONS Local Authority Districts (December 2024) Boundaries UK BGC
way,106566203,Selco Builders Warehouse,Selco Builders Warehouse,52.4243769,-1.9247549,E08000025,Birmingham,point_within,ONS Local Authority Districts (December 2024) Boundaries UK BGC
way,375842444,Selco Builders Warehouse,Selco Builders Warehouse,51.4885398,0.03185,E09000011,Greenwich,point_within,ONS Local Authority Districts (December 2024) Boundaries UK BGC
node,5264542542,Selco Builders Warehouse,Selco Builders Warehouse,51.4358123,-0.0197495,E09000023,Lewisham,point_within,ONS Local Authority Districts (December 2024) Boundaries UK BGC
way,30693546,Selco Builders Warehouse,Selco Builders Warehouse,51.5405204,0.0674642,E09000002,Barking and Dagenham,point_within,ONS Local Authority Districts (December 2024) Boundaries UK BGC
way,1268847645,Selco Builders Warehouse,Selco Builders Warehouse,52.517617,-2.0656137,E08000028,Sandwell,point_within,ONS Local Authority Districts (December 2024) Boundaries UK BGC
way,216442357,Selco Builders Warehouse,Selco Builders Warehouse,51.5314348,-0.296888,E09000009,Ealing,point_within,ONS Local Authority Districts (December 2024) Boundaries UK BGC
way,713067702,Selco Builders Warehouse,Selco Builders Warehouse,51.3540176,-0.1195763,E09000008,Croydon,point_within,ONS Local Authority Districts (December 2024) Boundaries UK BGC
way,196776215,Selco Builders Warehouse,Selco Builders Warehouse,51.5066039,-0.3564287,E09000009,Ealing,point_within,ONS Local Authority Districts (December 2024) Boundaries UK BGC
node,613900062,Selco Builders Warehouse,Selco Builders Warehouse,51.4138287,0.1255547,E09000006,Bromley,point_within,ONS Local Authority Districts (December 2024) Boundaries UK BGC
way,28498499,Selco Builders Warehouse,Selco,51.3869038,0.1078005,E09000006,Bromley,point_within,ONS Local Authority Districts (December 2024) Boundaries UK BGC
node,8078456880,Selco Builders Warehouse,Selco Builders Warehouse,52.5995384,-2.1288464,E08000031,Wolverhampton,point_within,ONS Local Authority Districts (December 2024) Boundaries UK BGC
way,544312102,Selco Builders Warehouse,Selco Builders Warehouse,51.5006411,-0.4267976,E09000017,Hillingdon,point_within,ONS Local Authority Districts (December 2024) Boundaries UK BGC
node,12739951829,Selco Builders Warehouse,Selco Builders Warehouse,51.7490863,-0.3016038,E07000240,St Albans,point_within,ONS Local Authority Districts (December 2024) Boundaries UK BGC
way,31502688,Selco Builders Warehouse,Selco Builders Warehouse,53.3896048,-2.6056959,E06000007,Warrington,point_within,ONS Local Authority Districts (December 2024) Boundaries UK BGC
way,709241193,Selco Builders Warehouse,Selco Builders Warehouse,51.6691727,-0.393861,E07000103,Watford,point_within,ONS Local Authority Districts (December 2024) Boundaries UK BGC
way,94172299,Selco Builders Warehouse,Selco Builders Warehouse,52.4280632,-1.4821924,E08000026,Coventry,point_within,ONS Local Authority Districts (December 2024) Boundaries UK BGC
node,13164970047,Selco Builders Warehouse,Selco Builders Warehouse,51.3487137,-0.4764655,E07000207,Elmbridge,point_within,ONS Local Authority Districts (December 2024) Boundaries UK BGC
way,157027607,Selco Builders Warehouse,Selco Builders Warehouse,51.197096,-0.1635726,E07000211,Reigate and Banstead,point_within,ONS Local Authority Districts (December 2024) Boundaries UK BGC
way,665389752,Selco Builders Warehouse,Selco Builders Warehouse,51.581148,0.4503959,E07000066,Basildon,point_within,ONS Local Authority Districts (December 2024) Boundaries UK BGC
way,459600836,Selco Builders Warehouse,Selco Builders Warehouse,51.5216579,-0.6158446,E06000039,Slough,point_within,ONS Local Authority Districts (December 2024) Boundaries UK BGC
way,554572644,Selco Builders Warehouse,Selco Builders Warehouse,51.7245154,0.4535263,E07000070,Chelmsford,point_within,ONS Local Authority Districts (December 2024) Boundaries UK BGC
way,128069575,Selco Builders Warehouse,Selco Builders Warehouse,51.4371795,-2.6015406,E06000023,"Bristol, City of",point_within,ONS Local Authority Districts (December 2024) Boundaries UK BGC
way,583596404,Selco Builders Warehouse,Selco Builders Warehouse,51.522044,-2.5667733,E06000025,South Gloucestershire,point_within,ONS Local Authority Districts (December 2024) Boundaries UK BGC
node,9955658417,Selco Builders Warehouse,Selco Builders Warehouse,51.2624504,-0.5717194,E07000209,Guildford,point_within,ONS Local Authority Districts (December 2024) Boundaries UK BGC
way,1160182976,Selco Builders Warehouse,Selco Builders Warehouse,51.398893,0.5164518,E06000035,Medway,point_within,ONS Local Authority Districts (December 2024) Boundaries UK BGC
node,639273877,Selco Builders Warehouse,Selco Builders Warehouse,53.7701162,-1.7187682,E08000032,Bradford,point_within,ONS Local Authority Districts (December 2024) Boundaries UK BGC
way,318343340,Selco Builders Warehouse,Selco Builders Warehouse,52.653069,-1.1435091,E06000016,Leicester,point_within,ONS Local Authority Districts (December 2024) Boundaries UK BGC
way,205810406,Selco Builders Warehouse,Selco Builders Warehouse,53.7749189,-1.5800232,E08000035,Leeds,point_within,ONS Local Authority Districts (December 2024) Boundaries UK BGC
node,5437278631,Selco Builders Warehouse,Selco Builders Warehouse,53.8095209,-1.5315038,E08000035,Leeds,point_within,ONS Local Authority Districts (December 2024) Boundaries UK BGC
node,5600037528,Selco Builders Warehouse,Selco Builders Warehouse,51.4612373,-1.000449,E06000038,Reading,point_within,ONS Local Authority Districts (December 2024) Boundaries UK BGC
node,7119164739,Selco Builders Warehouse,Selco Builders Warehouse,52.0050442,-0.7346808,E06000042,Milton Keynes,point_within,ONS Local Authority Districts (December 2024) Boundaries UK BGC
way,1146552946,Selco Builders Warehouse,Selco Builders Warehouse,51.9183676,-2.0951896,E07000078,Cheltenham,point_within,ONS Local Authority Districts (December 2024) Boundaries UK BGC
way,228147911,Selco Builders Warehouse,Selco Builders Warehouse,52.9766238,-1.1744905,E06000018,Nottingham,point_within,ONS Local Authority Districts (December 2024) Boundaries UK BGC
node,11439359794,Selco Builders Warehouse,Selco Builders Warehouse,50.7093062,-3.5318068,E07000041,Exeter,point_within,ONS Local Authority Districts (December 2024) Boundaries UK BGC
way,220554554,Selco Builders Warehouse,Selco Builders Warehouse,53.9575357,-1.0258668,E06000014,York,point_within,ONS Local Authority Districts (December 2024) Boundaries UK BGC
way,89175133,Selco Builders Warehouse,Selco Builders Warehouse,52.5779318,-0.2150224,E06000031,Peterborough,point_within,ONS Local Authority Districts (December 2024) Boundaries UK BGC
way,709622869,Selco Builders Warehouse,Selco Builders Warehouse,50.9194989,-1.4642347,E06000045,Southampton,point_within,ONS Local Authority Districts (December 2024) Boundaries UK BGC
way,670520724,Selco Builders Warehouse,Selco Builders Warehouse,50.7432355,-1.984536,E06000058,"Bournemouth, Christchurch and Poole",point_within,ONS Local Authority Districts (December 2024) Boundaries UK BGC
node,3670910757,Toolstation,Toolstation,55.9647845,-3.1320719,S12000036,City of Edinburgh,point_within,ONS Local Authority Districts (December 2024) Boundaries UK BGC
node,12140884160,Toolstation,Toolstation,55.8528007,-4.2755573,S12000049,Glasgow City,point_within,ONS Local Authority Districts (December 2024) Boundaries UK BGC
node,3574870606,Toolstation,Toolstation,52.4996032,-1.8809272,E08000025,Birmingham,point_within,ONS Local Authority Districts (December 2024) Boundaries UK BGC
node,6479063510,Toolstation,Toolstation,53.4780477,-2.2742853,E08000006,Salford,point_within,ONS Local Authority Districts (December 2024) Boundaries UK BGC
way,23376431,Toolstation,Toolstation,51.5909682,-0.0408336,E09000031,Waltham Forest,point_within,ONS Local Authority Districts (December 2024) Boundaries UK BGC
way,296031563,Toolstation,Toolstation,53.4095808,-2.9212882,E08000012,Liverpool,point_within,ONS Local Authority Districts (December 2024) Boundaries UK BGC
way,965958280,Toolstation,Toolstation,55.8297434,-4.2967328,S12000049,Glasgow City,point_within,ONS Local Authority Districts (December 2024) Boundaries UK BGC
way,86248088,Toolstation,Toolstation,51.4718544,-3.1993615,W06000015,Cardiff,point_within,ONS Local Authority Districts (December 2024) Boundaries UK BGC
node,11022629607,Toolstation,Toolstation,51.6069779,-0.0929829,E09000014,Haringey,point_within,ONS Local Authority Districts (December 2024) Boundaries UK BGC
node,6846599925,Toolstation,Toolstation,51.4891954,-0.0560171,E09000028,Southwark,point_within,ONS Local Authority Districts (December 2024) Boundaries UK BGC
way,724201312,Toolstation,Toolstation,55.8532363,-4.2145575,S12000049,Glasgow City,point_within,ONS Local Authority Districts (December 2024) Boundaries UK BGC
way,1012885570,Toolstation,Toolstation,51.5818367,-0.0691831,E09000014,Haringey,point_within,ONS Local Authority Districts (December 2024) Boundaries UK BGC
way,467150796,Toolstation,Toolstation,52.5241942,-1.8946983,E08000025,Birmingham,point_within,ONS Local Authority Districts (December 2024) Boundaries UK BGC
node,4469329366,Toolstation,Toolstation,53.478208,-2.2221093,E08000003,Manchester,point_within,ONS Local Authority Districts (December 2024) Boundaries UK BGC
node,6419169276,Toolstation,Toolstation,55.9328565,-3.1011615,S12000036,City of Edinburgh,point_within,ONS Local Authority Districts (December 2024) Boundaries UK BGC
node,418329556,Toolstation,Toolstation,51.4793752,-0.0569004,E09000028,Southwark,point_within,ONS Local Authority Districts (December 2024) Boundaries UK BGC
node,12186238403,Toolstation,Toolstation,53.4326474,-2.3187684,E08000009,Trafford,point_within,ONS Local Authority Districts (December 2024) Boundaries UK BGC
node,12070335686,Toolstation,Toolstation,52.5272577,-1.9244732,E08000025,Birmingham,point_within,ONS Local Authority Districts (December 2024) Boundaries UK BGC
node,3579185977,Toolstation,Toolstation,51.6540221,-0.02939,E09000010,Enfield,point_within,ONS Local Authority Districts (December 2024) Boundaries UK BGC
node,822300720,Toolstation,Toolstation,53.3784593,-3.0112844,E08000015,Wirral,point_within,ONS Local Authority Districts (December 2024) Boundaries UK BGC
node,12954049608,Toolstation,Toolstation,52.4604026,-1.8367374,E08000025,Birmingham,point_within,ONS Local Authority Districts (December 2024) Boundaries UK BGC
node,10068538759,Toolstation,Toolstation,51.5499342,-0.1195334,E09000019,Islington,point_within,ONS Local Authority Districts (December 2024) Boundaries UK BGC
way,1245779844,Toolstation,Toolstation,51.4578507,-0.1274657,E09000022,Lambeth,point_within,ONS Local Authority Districts (December 2024) Boundaries UK BGC
way,373710192,Toolstation,Toolstation,51.5434897,-0.1501081,E09000007,Camden,point_within,ONS Local Authority Districts (December 2024) Boundaries UK BGC
node,7467419138,Toolstation,Toolstation,53.5176732,-2.2737067,E08000002,Bury,point_within,ONS Local Authority Districts (December 2024) Boundaries UK BGC
node,12120509637,Toolstation,Toolstation,52.4384967,-1.8931863,E08000025,Birmingham,point_within,ONS Local Authority Districts (December 2024) Boundaries UK BGC
node,12120716964,Toolstation,Toolstation,51.555239,-0.0743771,E09000012,Hackney,point_within,ONS Local Authority Districts (December 2024) Boundaries UK BGC
node,12139519865,Toolstation,Toolstation,51.5229537,-3.1951406,W06000015,Cardiff,point_within,ONS Local Authority Districts (December 2024) Boundaries UK BGC
node,3844586275,Toolstation,Toolstation,51.5355061,-0.022441,E09000030,Tower Hamlets,point_within,ONS Local Authority Districts (December 2024) Boundaries UK BGC
node,10602422611,Toolstation,Toolstation,51.5921014,0.0424442,E09000026,Redbridge,point_within,ONS Local Authority Districts (December 2024) Boundaries UK BGC
node,10995814159,Toolstation,Toolstation,51.6197945,-0.1420327,E09000003,Barnet,point_within,ONS Local Authority Districts (December 2024) Boundaries UK BGC
way,566765395,Toolstation,Toolstation,55.8045392,-4.3399633,S12000049,Glasgow City,point_within,ONS Local Authority Districts (December 2024) Boundaries UK BGC
node,4305980394,Toolstation,Toolstation,51.4435396,-0.0673723,E09000028,Southwark,point_within,ONS Local Authority Districts (December 2024) Boundaries UK BGC
node,13056118137,Toolstation,Toolstation,51.4455647,-0.144911,E09000022,Lambeth,point_within,ONS Local Authority Districts (December 2024) Boundaries UK BGC
way,336078131,Toolstation,Toolstation,52.5027412,-1.9951104,E08000028,Sandwell,point_within,ONS Local Authority Districts (December 2024) Boundaries UK BGC
node,3965095736,Toolstation,Toolstation,51.5218907,0.0022818,E09000025,Newham,point_within,ONS Local Authority Districts (December 2024) Boundaries UK BGC
way,1317812912,Toolstation,Toolstation,51.5254224,-0.2043989,E09000033,Westminster,point_within,ONS Local Authority Districts (December 2024) Boundaries UK BGC
node,10259290100,Toolstation,Toolstation,51.4587721,-0.0127403,E09000023,Lewisham,point_within,ONS Local Authority Districts (December 2024) Boundaries UK BGC
node,10599891730,Toolstation,Toolstation,53.397543,-2.2541631,E08000003,Manchester,point_within,ONS Local Authority Districts (December 2024) Boundaries UK BGC
way,191368682,Toolstation,Toolstation,52.530382,-1.7796169,E08000025,Birmingham,point_within,ONS Local Authority Districts (December 2024) Boundaries UK BGC
node,3210115027,Toolstation,Toolstation,51.4882208,0.0236211,E09000011,Greenwich,point_within,ONS Local Authority Districts (December 2024) Boundaries UK BGC
node,3931861565,Toolstation,Toolstation,52.41325,-1.9256646,E08000025,Birmingham,point_within,ONS Local Authority Districts (December 2024) Boundaries UK BGC
node,8807247058,Toolstation,Toolstation,51.4599408,-0.2140935,E09000032,Wandsworth,point_within,ONS Local Authority Districts (December 2024) Boundaries UK BGC
node,3850524730,Toolstation,Toolstation,51.4322031,-0.0317862,E09000023,Lewisham,point_within,ONS Local Authority Districts (December 2024) Boundaries UK BGC
node,5267265133,Toolstation,Toolstation,51.4354564,-0.0197056,E09000023,Lewisham,point_within,ONS Local Authority Districts (December 2024) Boundaries UK BGC
node,11148068818,Toolstation,Toolstation,55.8773624,-3.169381,S12000019,Midlothian,point_within,ONS Local Authority Districts (December 2024) Boundaries UK BGC
node,8520658868,Toolstation,Toolstation,51.4136284,-0.1247667,E09000022,Lambeth,point_within,ONS Local Authority Districts (December 2024) Boundaries UK BGC
node,12320523031,Toolstation,Toolstation,53.5468258,-2.1987964,E08000005,Rochdale,point_within,ONS Local Authority Districts (December 2024) Boundaries UK BGC
node,12294614901,Toolstation,Toolstation,51.5209168,-0.253776,E09000009,Ealing,point_within,ONS Local Authority Districts (December 2024) Boundaries UK BGC
node,4587104330,Toolstation,Toolstation,52.4562056,-2.0390655,E08000027,Dudley,point_within,ONS Local Authority Districts (December 2024) Boundaries UK BGC
node,5695350968,Toolstation,Toolstation,55.9231716,-3.2910289,S12000036,City of Edinburgh,point_within,ONS Local Authority Districts (December 2024) Boundaries UK BGC
node,5412061452,Toolstation,Toolstation,53.3460499,-2.8398388,E08000012,Liverpool,point_within,ONS Local Authority Districts (December 2024) Boundaries UK BGC
node,11184464375,Toolstation,Toolstation,53.5235228,-2.1415943,E08000004,Oldham,point_within,ONS Local Authority Districts (December 2024) Boundaries UK BGC
node,12512159335,Toolstation,Toolstation,51.5973396,0.1163148,E09000026,Redbridge,point_within,ONS Local Authority Districts (December 2024) Boundaries UK BGC
node,6333598879,Toolstation,Toolstation,52.3963097,-1.8028846,E08000029,Solihull,point_within,ONS Local Authority Districts (December 2024) Boundaries UK BGC
node,11397680920,Toolstation,Toolstation,51.4127707,-0.1940033,E09000024,Merton,point_within,ONS Local Authority Districts (December 2024) Boundaries UK BGC
way,680977704,Toolstation,Toolstation,52.5159336,-2.0662069,E08000027,Dudley,point_within,ONS Local Authority Districts (December 2024) Boundaries UK BGC
way,262346971,Toolstation,Toolstation,52.5841451,-1.9919615,E08000030,Walsall,point_within,ONS Local Authority Districts (December 2024) Boundaries UK BGC
way,50317038,Toolstation,Toolstation,51.4644539,-0.275627,E09000027,Richmond upon Thames,point_within,ONS Local Authority Districts (December 2024) Boundaries UK BGC
node,10090592127,Toolstation,Toolstation,51.5319791,0.1080541,E09000002,Barking and Dagenham,point_within,ONS Local Authority Districts (December 2024) Boundaries UK BGC
node,6586181100,Toolstation,Toolstation,51.4918269,-0.3034819,E09000018,Hounslow,point_within,ONS Local Authority Districts (December 2024) Boundaries UK BGC
node,6913799486,Toolstation,Toolstation,51.4390259,0.0750742,E09000011,Greenwich,point_within,ONS Local Authority Districts (December 2024) Boundaries UK BGC
node,11008670944,Toolstation,Toolstation,51.5737918,-3.289245,W06000016,Rhondda Cynon Taf,point_within,ONS Local Authority Districts (December 2024) Boundaries UK BGC
way,169139782,Toolstation,Toolstation,53.570296,-2.4214342,E08000001,Bolton,point_within,ONS Local Authority Districts (December 2024) Boundaries UK BGC
node,11341045987,Toolstation,Toolstation,53.5488202,-2.1009774,E08000004,Oldham,point_within,ONS Local Authority Districts (December 2024) Boundaries UK BGC
node,12027162971,Toolstation,Toolstation,51.3994006,0.0332138,E09000006,Bromley,point_within,ONS Local Authority Districts (December 2024) Boundaries UK BGC
node,5978888913,Toolstation,Toolstation,51.3771162,-0.0263185,E09000008,Croydon,point_within,ONS Local Authority Districts (December 2024) Boundaries UK BGC
node,10605723681,Toolstation,Toolstation,53.491139,-2.5055479,E08000010,Wigan,point_within,ONS Local Authority Districts (December 2024) Boundaries UK BGC
node,9281569807,Toolstation,Toolstation,51.6581316,-0.2545311,E07000098,Hertsmere,point_within,ONS Local Authority Districts (December 2024) Boundaries UK BGC
node,1531991568,Toolstation,Toolstation,53.3728863,-2.1079786,E08000007,Stockport,point_within,ONS Local Authority Districts (December 2024) Boundaries UK BGC
node,2294903023,Toolstation,Toolstation,51.5518743,-0.3388623,E09000009,Ealing,point_within,ONS Local Authority Districts (December 2024) Boundaries UK BGC
node,7160911550,Toolstation,Toolstation,51.5748843,-2.9641658,W06000022,Newport,point_within,ONS Local Authority Districts (December 2024) Boundaries UK BGC
node,8819002408,Toolstation,Toolstation,52.4608838,-2.147552,E08000027,Dudley,point_within,ONS Local Authority Districts (December 2024) Boundaries UK BGC
node,9925828369,Toolstation,Toolstation,56.1263522,-3.1698153,S12000047,Fife,point_within,ONS Local Authority Districts (December 2024) Boundaries UK BGC
way,570793498,Toolstation,Toolstation,51.5912556,-0.3275177,E09000015,Harrow,point_within,ONS Local Authority Districts (December 2024) Boundaries UK BGC
node,10774527048,Toolstation,Toolstation,53.6120173,-2.1455536,E08000005,Rochdale,point_within,ONS Local Authority Districts (December 2024) Boundaries UK BGC
way,1056841751,Toolstation,Toolstation,53.5720765,-2.88042,E07000127,West Lancashire,point_within,ONS Local Authority Districts (December 2024) Boundaries UK BGC
node,10814838151,Toolstation,Toolstation,51.5976897,0.2238726,E09000016,Havering,point_within,ONS Local Authority Districts (December 2024) Boundaries UK BGC
way,142507911,Toolstation,Toolstation,52.6267934,-1.7110351,E07000199,Tamworth,point_within,ONS Local Authority Districts (December 2024) Boundaries UK BGC
node,13729984823,Toolstation,Toolstation,51.3753394,-0.303178,E09000021,Kingston upon Thames,point_within,ONS Local Authority Districts (December 2024) Boundaries UK BGC
node,8078456879,Toolstation,Toolstation,52.5992012,-2.1287337,E08000031,Wolverhampton,point_within,ONS Local Authority Districts (December 2024) Boundaries UK BGC
node,10549102361,Toolstation,Toolstation,51.3171409,-0.0863911,E09000008,Croydon,point_within,ONS Local Authority Districts (December 2024) Boundaries UK BGC
way,711303388,Toolstation,Toolstation,51.4501571,0.1866187,E09000004,Bexley,point_within,ONS Local Authority Districts (December 2024) Boundaries UK BGC
node,10048842446,Toolstation,Toolstation,51.80185,-0.0635789,E07000242,East Hertfordshire,point_within,ONS Local Authority Districts (December 2024) Boundaries UK BGC
way,1238830969,Toolstation,Toolstation,51.3424391,-0.2603779,E07000208,Epsom and Ewell,point_within,ONS Local Authority Districts (December 2024) Boundaries UK BGC
node,11871730821,Toolstation,Toolstation,56.0494875,-3.4394242,S12000047,Fife,point_within,ONS Local Authority Districts (December 2024) Boundaries UK BGC
way,164341627,Toolstation,Toolstation,51.7830471,0.1106421,E07000073,Harlow,point_within,ONS Local Authority Districts (December 2024) Boundaries UK BGC
way,4370113,Toolstation,Toolstation,51.751869,-0.2780128,E07000240,St Albans,point_within,ONS Local Authority Districts (December 2024) Boundaries UK BGC
way,32687410,Toolstation,Toolstation,53.4012206,-2.596985,E06000007,Warrington,point_within,ONS Local Authority Districts (December 2024) Boundaries UK BGC
node,11377566863,Toolstation,Toolstation,52.3179722,-2.0600994,E07000234,Bromsgrove,point_within,ONS Local Authority Districts (December 2024) Boundaries UK BGC
way,286266042,Toolstation,Toolstation,52.2887748,-1.8928252,E07000236,Redditch,point_within,ONS Local Authority Districts (December 2024) Boundaries UK BGC
node,10096125000,Toolstation,Toolstation,53.4826782,-2.6373649,E08000010,Wigan,point_within,ONS Local Authority Districts (December 2024) Boundaries UK BGC
way,56429033,Toolstation,Toolstation,52.3973931,-1.5794459,E08000026,Coventry,point_within,ONS Local Authority Districts (December 2024) Boundaries UK BGC
node,13176759939,Toolstation,Toolstation,53.201719,-3.012998,W06000005,Flintshire,point_within,ONS Local Authority Districts (December 2024) Boundaries UK BGC
node,2216729279,Toolstation,Toolstation,51.8070359,-0.1898268,E07000241,Welwyn Hatfield,point_within,ONS Local Authority Districts (December 2024) Boundaries UK BGC
node,12846567940,Toolstation,Toolstation,55.9768975,-3.9530699,S12000050,North Lanarkshire,point_within,ONS Local Authority Districts (December 2024) Boundaries UK BGC
way,69072885,Toolstation,Toolstation,56.1835716,-3.1419162,S12000047,Fife,point_within,ONS Local Authority Districts (December 2024) Boundaries UK BGC
node,7112955506,Toolstation,Toolstation,55.9086814,-3.5108882,S12000040,West Lothian,point_within,ONS Local Authority Districts (December 2024) Boundaries UK BGC
node,8722871322,Toolstation,Toolstation,51.6467249,-0.3964917,E07000103,Watford,point_within,ONS Local Authority Districts (December 2024) Boundaries UK BGC
way,996335613,Toolstation,Toolstation,51.6672873,-0.3905283,E07000103,Watford,point_within,ONS Local Authority Districts (December 2024) Boundaries UK BGC
way,874942991,Toolstation,Toolstation,53.1937964,-2.9152512,E06000050,Cheshire West and Chester,point_within,ONS Local Authority Districts (December 2024) Boundaries UK BGC
way,1127870747,Toolstation,Toolstation,51.4171083,-0.4265016,E07000213,Spelthorne,point_within,ONS Local Authority Districts (December 2024) Boundaries UK BGC
node,8393741596,Toolstation,Toolstation,51.5112157,-0.4628753,E09000017,Hillingdon,point_within,ONS Local Authority Districts (December 2024) Boundaries UK BGC
node,11875198128,Toolstation,Toolstation,51.4797242,0.2777986,E06000034,Thurrock,point_within,ONS Local Authority Districts (December 2024) Boundaries UK BGC
way,28431779,Toolstation,Toolstation,51.3091431,-0.3337824,E07000210,Mole Valley,point_within,ONS Local Authority Districts (December 2024) Boundaries UK BGC
way,320859317,Toolstation,Toolstation,53.2634489,-2.5054026,E06000050,Cheshire West and Chester,point_within,ONS Local Authority Districts (December 2024) Boundaries UK BGC
node,8582718871,Toolstation,Toolstation,51.539581,-0.4936064,E09000017,Hillingdon,point_within,ONS Local Authority Districts (December 2024) Boundaries UK BGC
node,12641373288,Toolstation,Toolstation,51.6381975,0.3557124,E07000068,Brentwood,point_within,ONS Local Authority Districts (December 2024) Boundaries UK BGC
node,12486554646,Toolstation,Toolstation,52.4988565,-1.4748049,E07000219,Nuneaton and Bedworth,point_within,ONS Local Authority Districts (December 2024) Boundaries UK BGC
node,6166135774,Toolstation,Toolstation,51.5002782,-3.5623676,W06000013,Bridgend,point_within,ONS Local Authority Districts (December 2024) Boundaries UK BGC
way,550149942,Toolstation,Toolstation,51.2507139,-0.1564819,E07000211,Reigate and Banstead,point_within,ONS Local Authority Districts (December 2024) Boundaries UK BGC
way,996303134,Toolstation,Toolstation,51.6360012,-0.4661038,E07000102,Three Rivers,point_within,ONS Local Authority Districts (December 2024) Boundaries UK BGC
node,8334001531,Toolstation,Toolstation,53.2021594,-2.3476612,E06000049,Cheshire East,point_within,ONS Local Authority Districts (December 2024) Boundaries UK BGC
node,3269147165,Toolstation,Toolstation,51.3698572,-0.4759561,E07000212,Runnymede,point_within,ONS Local Authority Districts (December 2024) Boundaries UK BGC
way,1355497100,Toolstation,Toolstation,51.2274339,-2.9609478,E06000066,Somerset,point_within,ONS Local Authority Districts (December 2024) Boundaries UK BGC
way,609337963,Toolstation,Toolstation,51.4339214,-0.5301605,E07000212,Runnymede,point_within,ONS Local Authority Districts (December 2024) Boundaries UK BGC
way,1084327887,Toolstation,Toolstation,55.9810488,-3.6262044,S12000040,West Lothian,point_within,ONS Local Authority Districts (December 2024) Boundaries UK BGC
way,200357588,Toolstation,Toolstation,51.3483905,-0.4771671,E07000207,Elmbridge,point_within,ONS Local Authority Districts (December 2024) Boundaries UK BGC
node,13740428016,Toolstation,Toolstation,51.2898623,0.1952701,E07000111,Sevenoaks,point_within,ONS Local Authority Districts (December 2024) Boundaries UK BGC
node,9278283447,Toolstation,Toolstation,53.6623792,-2.6319578,E07000118,Chorley,point_within,ONS Local Authority Districts (December 2024) Boundaries UK BGC
way,1100642425,Toolstation,Toolstation,52.3968963,-1.439474,E08000026,Coventry,point_within,ONS Local Authority Districts (December 2024) Boundaries UK BGC
way,106546021,Toolstation,Toolstation,51.4993895,-2.6884866,E06000023,"Bristol, City of",point_within,ONS Local Authority Districts (December 2024) Boundaries UK BGC
way,1339321088,Toolstation,Toolstation,51.8723256,0.1782405,E07000242,East Hertfordshire,point_within,ONS Local Authority Districts (December 2024) Boundaries UK BGC
node,11843429216,Toolstation,Toolstation,53.7398807,-2.4780538,E06000008,Blackburn with Darwen,point_within,ONS Local Authority Districts (December 2024) Boundaries UK BGC
way,870309788,Toolstation,Toolstation,53.1982853,-2.494154,E06000050,Cheshire West and Chester,point_within,ONS Local Authority Districts (December 2024) Boundaries UK BGC
node,9902122452,Toolstation,Toolstation,52.279466,-1.5446819,E07000222,Warwick,point_within,ONS Local Authority Districts (December 2024) Boundaries UK BGC
node,11190443935,Toolstation,Toolstation,51.4189206,0.357337,E07000109,Gravesham,point_within,ONS Local Authority Districts (December 2024) Boundaries UK BGC
node,10253350445,Toolstation,Toolstation,53.1657638,-2.2113752,E06000049,Cheshire East,point_within,ONS Local Authority Districts (December 2024) Boundaries UK BGC
way,1352798976,Toolstation,Toolstation,51.5827055,0.4473272,E07000066,Basildon,point_within,ONS Local Authority Districts (December 2024) Boundaries UK BGC
way,160614890,Toolstation,Toolstation,52.1985914,-1.7126811,E07000221,Stratford-on-Avon,point_within,ONS Local Authority Districts (December 2024) Boundaries UK BGC
way,59019387,Toolstation,Toolstation,51.2302623,-0.3386164,E07000210,Mole Valley,point_within,ONS Local Authority Districts (December 2024) Boundaries UK BGC
node,9937042618,Toolstation,Toolstation,52.5343346,-1.374669,E07000132,Hinckley and Bosworth,point_within,ONS Local Authority Districts (December 2024) Boundaries UK BGC
node,9516653443,Toolstation,Toolstation,51.7674796,-3.3682024,W06000024,Merthyr Tydfil,point_within,ONS Local Authority Districts (December 2024) Boundaries UK BGC
way,192127344,Toolstation,Toolstation,56.0110021,-3.7688047,S12000014,Falkirk,point_within,ONS Local Authority Districts (December 2024) Boundaries UK BGC
node,9556558296,Toolstation,Toolstation,56.1153696,-3.9127168,S12000030,Stirling,point_within,ONS Local Authority Districts (December 2024) Boundaries UK BGC
way,570531707,Toolstation,Toolstation,51.4379618,-2.6226649,E06000023,"Bristol, City of",point_within,ONS Local Authority Districts (December 2024) Boundaries UK BGC
way,908876166,Toolstation,Toolstation,51.199443,-3.4607861,E06000066,Somerset,point_within,ONS Local Authority Districts (December 2024) Boundaries UK BGC
way,1315194587,Toolstation,Toolstation,52.7701266,-1.5847717,E07000039,South Derbyshire,point_within,ONS Local Authority Districts (December 2024) Boundaries UK BGC
way,224640936,Toolstation,Toolstation,51.4601873,-2.6093051,E06000023,"Bristol, City of",point_within,ONS Local Authority Districts (December 2024) Boundaries UK BGC
node,11988816862,Toolstation,Toolstation,51.670715,-0.5878907,E06000060,Buckinghamshire,point_within,ONS Local Authority Districts (December 2024) Boundaries UK BGC
way,148759415,Toolstation,Toolstation,51.1486452,-2.9948705,E06000066,Somerset,point_within,ONS Local Authority Districts (December 2024) Boundaries UK BGC
way,148759414,Toolstation,Toolstation,51.1479241,-2.9947171,E06000066,Somerset,point_within,ONS Local Authority Districts (December 2024) Boundaries UK BGC
node,4613078428,Toolstation,Toolstation,53.6532704,-1.7841882,E08000034,Kirklees,point_within,ONS Local Authority Districts (December 2024) Boundaries UK BGC
way,148218890,Toolstation,Toolstation,51.1398071,-2.9966494,E06000066,Somerset,point_within,ONS Local Authority Districts (December 2024) Boundaries UK BGC
node,2722573854,Toolstation,Toolstation,52.1971093,-2.2065399,E07000237,Worcester,point_within,ONS Local Authority Districts (December 2024) Boundaries UK BGC
way,202093415,Toolstation,Toolstation,53.726533,-1.8725522,E08000033,Calderdale,point_within,ONS Local Authority Districts (December 2024) Boundaries UK BGC
way,201187556,Toolstation,Toolstation,51.511019,-2.5734712,E06000025,South Gloucestershire,point_within,ONS Local Authority Districts (December 2024) Boundaries UK BGC
way,778612613,Toolstation,Toolstation,51.743666,0.50105,E07000070,Chelmsford,point_within,ONS Local Authority Districts (December 2024) Boundaries UK BGC
way,893175301,Toolstation,Toolstation,53.043159,-2.9894384,W06000006,Wrexham,point_within,ONS Local Authority Districts (December 2024) Boundaries UK BGC
way,515090010,Toolstation,Toolstation,51.4510568,-2.56233,E06000023,"Bristol, City of",point_within,ONS Local Authority Districts (December 2024) Boundaries UK BGC
way,907119053,Toolstation,Toolstation,51.1355243,-0.0375732,E07000228,Mid Sussex,point_within,ONS Local Authority Districts (December 2024) Boundaries UK BGC
node,5327324667,Toolstation,Toolstation,52.8249496,-1.6216967,E07000193,East Staffordshire,point_within,ONS Local Authority Districts (December 2024) Boundaries UK BGC
way,70978526,Toolstation,Toolstation,51.5442992,-2.5637356,E06000025,South Gloucestershire,point_within,ONS Local Authority Districts (December 2024) Boundaries UK BGC
node,13113179480,Toolstation,Toolstation,51.1312388,-0.1684169,E07000226,Crawley,point_within,ONS Local Authority Districts (December 2024) Boundaries UK BGC
node,9431571622,Toolstation,Toolstation,51.520547,-0.7112569,E06000040,Windsor and Maidenhead,point_within,ONS Local Authority Districts (December 2024) Boundaries UK BGC
way,1036816770,Toolstation,Toolstation,53.6994782,-1.7714345,E08000033,Calderdale,point_within,ONS Local Authority Districts (December 2024) Boundaries UK BGC
node,10605986655,Toolstation,Toolstation,53.103835,-2.0272746,E07000198,Staffordshire Moorlands,point_within,ONS Local Authority Districts (December 2024) Boundaries UK BGC
node,12260542830,Toolstation,Toolstation,51.2459635,-0.5788586,E07000209,Guildford,point_within,ONS Local Authority Districts (December 2024) Boundaries UK BGC
way,1147753781,Toolstation,Toolstation,51.6183642,-0.7147758,E06000060,Buckinghamshire,point_within,ONS Local Authority Districts (December 2024) Boundaries UK BGC
node,6866197622,Toolstation,Toolstation,51.3966242,0.5172347,E06000035,Medway,point_within,ONS Local Authority Districts (December 2024) Boundaries UK BGC
node,9122306426,Toolstation,Toolstation,51.4439127,-2.4989523,E06000025,South Gloucestershire,point_within,ONS Local Authority Districts (December 2024) Boundaries UK BGC
node,9321167112,Toolstation,Toolstation,53.0772381,-2.5149944,E06000049,Cheshire East,point_within,ONS Local Authority Districts (December 2024) Boundaries UK BGC
node,8680544901,Toolstation,Toolstation,53.0527489,-2.2103007,E06000021,Stoke-on-Trent,point_within,ONS Local Authority Districts (December 2024) Boundaries UK BGC
node,5448948891,Toolstation,Toolstation,55.4802877,-4.6056308,S12000028,South Ayrshire,point_within,ONS Local Authority Districts (December 2024) Boundaries UK BGC
node,5596857691,Toolstation,Toolstation,51.4158922,-0.76205,E06000036,Bracknell Forest,point_within,ONS Local Authority Districts (December 2024) Boundaries UK BGC
node,11023055171,Toolstation,Toolstation,53.0460029,-2.2442664,E07000195,Newcastle-under-Lyme,point_within,ONS Local Authority Districts (December 2024) Boundaries UK BGC
node,10741290173,Toolstation,Toolstation,51.3018111,0.4926337,E07000115,Tonbridge and Malling,point_within,ONS Local Authority Districts (December 2024) Boundaries UK BGC
way,705060141,Toolstation,Toolstation,52.4625501,-1.1976762,E07000131,Harborough,point_within,ONS Local Authority Districts (December 2024) Boundaries UK BGC
way,480054714,Toolstation,Toolstation,51.1541989,0.2879735,E07000116,Tunbridge Wells,point_within,ONS Local Authority Districts (December 2024) Boundaries UK BGC
node,7985428820,Toolstation,Toolstation,51.5034526,-2.4709786,E06000025,South Gloucestershire,point_within,ONS Local Authority Districts (December 2024) Boundaries UK BGC
node,12589988619,Toolstation,Toolstation,51.5705149,0.6437481,E06000033,Southend-on-Sea,point_within,ONS Local Authority Districts (December 2024) Boundaries UK BGC
way,329092568,Toolstation,Toolstation,51.6212952,-0.7718685,E06000060,Buckinghamshire,point_within,ONS Local Authority Districts (December 2024) Boundaries UK BGC
node,4587771560,Toolstation,Toolstation,52.1308524,-2.3011262,E07000235,Malvern Hills,point_within,ONS Local Authority Districts (December 2024) Boundaries UK BGC
way,532907209,Toolstation,Toolstation,51.0283209,-3.0811372,E06000066,Somerset,point_within,ONS Local Authority Districts (December 2024) Boundaries UK BGC
way,1309462901,Toolstation,Toolstation,53.0204632,-2.2061146,E07000195,Newcastle-under-Lyme,point_within,ONS Local Authority Districts (December 2024) Boundaries UK BGC
node,11819291362,Toolstation,Toolstation,51.3313247,-0.7711962,E07000214,Surrey Heath,point_within,ONS Local Authority Districts (December 2024) Boundaries UK BGC
node,8025686964,Toolstation,Toolstation,53.0118936,-2.1656729,E06000021,Stoke-on-Trent,point_within,ONS Local Authority Districts (December 2024) Boundaries UK BGC
way,553864078,Toolstation,Toolstation,51.2879615,-0.7656581,E07000092,Rushmoor,point_within,ONS Local Authority Districts (December 2024) Boundaries UK BGC
way,408940083,Toolstation,Toolstation,52.6164816,-1.1345916,E06000016,Leicester,point_within,ONS Local Authority Districts (December 2024) Boundaries UK BGC
node,13204458662,Toolstation,Toolstation,52.8954367,-1.4745057,E06000015,Derby,point_within,ONS Local Authority Districts (December 2024) Boundaries UK BGC
node,4551239591,Toolstation,Toolstation,51.3834719,-2.3971031,E06000022,Bath and North East Somerset,point_within,ONS Local Authority Districts (December 2024) Boundaries UK BGC
node,9164243447,Toolstation,Toolstation,52.9663146,-2.6608489,E06000051,Shropshire,point_within,ONS Local Authority Districts (December 2024) Boundaries UK BGC
way,1465128740,Toolstation,Toolstation,53.500216,-1.4724344,E08000016,Barnsley,point_within,ONS Local Authority Districts (December 2024) Boundaries UK BGC
node,13528475259,Toolstation,Toolstation,53.3956804,-1.4751533,E08000019,Sheffield,point_within,ONS Local Authority Districts (December 2024) Boundaries UK BGC
way,1137088317,Toolstation,Toolstation,51.2410263,0.5598453,E07000110,Maidstone,point_within,ONS Local Authority Districts (December 2024) Boundaries UK BGC
node,11379176380,Toolstation,Toolstation,52.9205453,-1.499763,E06000015,Derby,point_within,ONS Local Authority Districts (December 2024) Boundaries UK BGC
node,12296327577,Toolstation,Toolstation,56.4197841,-3.4731576,S12000048,Perth and Kinross,point_within,ONS Local Authority Districts (December 2024) Boundaries UK BGC
way,444118810,Toolstation,Toolstation,53.8053415,-1.6751569,E08000035,Leeds,point_within,ONS Local Authority Districts (December 2024) Boundaries UK BGC
way,1134160599,Toolstation,Toolstation,53.3398831,-1.4807794,E08000019,Sheffield,point_within,ONS Local Authority Districts (December 2024) Boundaries UK BGC
node,7379606286,Toolstation,Toolstation,51.4541696,-0.8931429,E06000041,Wokingham,point_within,ONS Local Authority Districts (December 2024) Boundaries UK BGC
way,61722843,Toolstation,Toolstation,52.9132181,-1.4637302,E06000015,Derby,point_within,ONS Local Authority Districts (December 2024) Boundaries UK BGC
way,1119268955,Toolstation,Toolstation,50.9803626,-3.2070794,E06000066,Somerset,point_within,ONS Local Authority Districts (December 2024) Boundaries UK BGC
node,10601326593,Toolstation,Toolstation,53.9136192,-3.0215681,E07000128,Wyre,point_within,ONS Local Authority Districts (December 2024) Boundaries UK BGC
node,9403357384,Toolstation,Toolstation,51.2240363,-0.7729013,E07000216,Waverley,point_within,ONS Local Authority Districts (December 2024) Boundaries UK BGC
way,1313924464,Toolstation,Toolstation,52.3650266,-2.695497,E06000051,Shropshire,point_within,ONS Local Authority Districts (December 2024) Boundaries UK BGC
node,12396856536,Toolstation,Toolstation,53.5391989,-1.4303203,E08000016,Barnsley,point_within,ONS Local Authority Districts (December 2024) Boundaries UK BGC
way,205810396,Toolstation,Toolstation,53.774338,-1.580449,E08000035,Leeds,point_within,ONS Local Authority Districts (December 2024) Boundaries UK BGC
way,106555024,Toolstation,Toolstation,53.4036706,-1.4178023,E08000019,Sheffield,point_within,ONS Local Authority Districts (December 2024) Boundaries UK BGC
way,824955740,Toolstation,Toolstation,52.9440647,-1.4658441,E06000015,Derby,point_within,ONS Local Authority Districts (December 2024) Boundaries UK BGC
way,753323069,Toolstation,Toolstation,51.6357716,-3.9708937,W06000011,Swansea,point_within,ONS Local Authority Districts (December 2024) Boundaries UK BGC
node,11939590787,Toolstation,Toolstation,51.8350876,-2.5104278,E07000080,Forest of Dean,point_within,ONS Local Authority Districts (December 2024) Boundaries UK BGC
node,9382533214,Toolstation,Toolstation,52.0683424,-1.3371473,E07000177,Cherwell,point_within,ONS Local Authority Districts (December 2024) Boundaries UK BGC
node,6296208502,Toolstation,Toolstation,51.4385406,-0.9723205,E06000038,Reading,point_within,ONS Local Authority Districts (December 2024) Boundaries UK BGC
way,274789596,Toolstation,Toolstation,50.9686204,0.0919528,E07000065,Wealden,point_within,ONS Local Authority Districts (December 2024) Boundaries UK BGC
way,1025537341,Toolstation,Toolstation,52.8883286,-1.2647182,E07000036,Erewash,point_within,ONS Local Authority Districts (December 2024) Boundaries UK BGC
way,505615834,Toolstation,Toolstation,50.954585,-0.1535659,E07000228,Mid Sussex,point_within,ONS Local Authority Districts (December 2024) Boundaries UK BGC
node,12100828134,Toolstation,Toolstation,53.2553183,-1.4282441,E07000034,Chesterfield,point_within,ONS Local Authority Districts (December 2024) Boundaries UK BGC
way,228817506,Toolstation,Toolstation,53.4469884,-1.3513047,E08000018,Rotherham,point_within,ONS Local Authority Districts (December 2024) Boundaries UK BGC
way,195438436,Toolstation,Toolstation,53.7883734,-1.508346,E08000035,Leeds,point_within,ONS Local Authority Districts (December 2024) Boundaries UK BGC
way,563078587,Toolstation,Toolstation,53.8098052,-1.529863,E08000035,Leeds,point_within,ONS Local Authority Districts (December 2024) Boundaries UK BGC
node,12985730181,Toolstation,Toolstation,51.0900884,-0.7165607,E07000216,Waverley,point_within,ONS Local Authority Districts (December 2024) Boundaries UK BGC
node,13011383716,Toolstation,Toolstation,55.4355992,-2.7627102,S12000026,Scottish Borders,point_within,ONS Local Authority Districts (December 2024) Boundaries UK BGC
node,8498244518,Toolstation,Toolstation,51.9161992,-2.5729259,E06000019,"Herefordshire, County of",point_within,ONS Local Authority Districts (December 2024) Boundaries UK BGC
node,7366496254,Toolstation,Toolstation,51.4640382,-1.0158599,E06000038,Reading,point_within,ONS Local Authority Districts (December 2024) Boundaries UK BGC
way,420532585,Toolstation,Toolstation,53.0163692,-1.4843781,E07000032,Amber Valley,point_within,ONS Local Authority Districts (December 2024) Boundaries UK BGC
node,7055261465,Toolstation,Toolstation,52.0077946,-0.7362119,E06000042,Milton Keynes,point_within,ONS Local Authority Districts (December 2024) Boundaries UK BGC
node,9236067880,Toolstation,Toolstation,51.916779,-2.0959081,E07000078,Cheltenham,point_within,ONS Local Authority Districts (December 2024) Boundaries UK BGC
node,1969962991,Toolstation,Toolstation,52.1918813,0.1387507,E07000008,Cambridge,point_within,ONS Local Authority Districts (December 2024) Boundaries UK BGC
way,863256131,Toolstation,Toolstation,53.7182768,-1.3782813,E08000036,Wakefield,point_within,ONS Local Authority Districts (December 2024) Boundaries UK BGC
way,579408172,Toolstation,Toolstation,52.9763515,-1.3209747,E07000036,Erewash,point_within,ONS Local Authority Districts (December 2024) Boundaries UK BGC
way,833505434,Toolstation,Toolstation,53.8288372,-1.4620008,E08000035,Leeds,point_within,ONS Local Authority Districts (December 2024) Boundaries UK BGC
node,13747929452,Toolstation,Toolstation,51.8774864,0.8452055,E07000071,Colchester,point_within,ONS Local Authority Districts (December 2024) Boundaries UK BGC
way,895663199,Toolstation,Toolstation,50.9355972,-2.662642,E06000066,Somerset,point_within,ONS Local Authority Districts (December 2024) Boundaries UK BGC
way,731857089,Toolstation,Toolstation,53.6941554,-1.2992611,E08000036,Wakefield,point_within,ONS Local Authority Districts (December 2024) Boundaries UK BGC
way,265438478,Toolstation,Toolstation,51.4647642,-2.1478865,E06000054,Wiltshire,point_within,ONS Local Authority Districts (December 2024) Boundaries UK BGC
way,37079660,Toolstation,Toolstation,52.9374448,-1.1617879,E06000018,Nottingham,point_within,ONS Local Authority Districts (December 2024) Boundaries UK BGC
node,3787820582,Toolstation,Toolstation,52.2327187,0.1364439,E07000008,Cambridge,point_within,ONS Local Authority Districts (December 2024) Boundaries UK BGC
way,79373238,Toolstation,Toolstation,52.9277066,-1.1382684,E07000176,Rushcliffe,point_within,ONS Local Authority Districts (December 2024) Boundaries UK BGC
way,298165367,Toolstation,Toolstation,52.0508676,-0.7981338,E06000042,Milton Keynes,point_within,ONS Local Authority Districts (December 2024) Boundaries UK BGC
node,9201926923,Toolstation,Toolstation,51.1530575,-0.9618835,E07000085,East Hampshire,point_within,ONS Local Authority Districts (December 2024) Boundaries UK BGC
way,1140186742,Toolstation,Toolstation,52.0406154,-1.1376622,E06000062,West Northamptonshire,point_within,ONS Local Authority Districts (December 2024) Boundaries UK BGC
way,1241795054,Toolstation,Toolstation,52.2356845,-0.913899,E06000062,West Northamptonshire,point_within,ONS Local Authority Districts (December 2024) Boundaries UK BGC
node,7869212474,Toolstation,Toolstation,54.0597728,-2.8390112,E07000121,Lancaster,point_within,ONS Local Authority Districts (December 2024) Boundaries UK BGC
node,13342706951,Toolstation,Toolstation,56.5514441,-2.6129435,S12000041,Angus,point_within,ONS Local Authority Districts (December 2024) Boundaries UK BGC
node,11352356830,Toolstation,Toolstation,51.8661885,-2.2097687,E07000081,Gloucester,point_within,ONS Local Authority Districts (December 2024) Boundaries UK BGC
node,8112361854,Toolstation,Toolstation,52.0717584,-2.7213445,E06000019,"Herefordshire, County of",point_within,ONS Local Authority Districts (December 2024) Boundaries UK BGC
way,685449882,Toolstation,Toolstation,52.0448669,0.7525429,E07000200,Babergh,point_within,ONS Local Authority Districts (December 2024) Boundaries UK BGC
way,1080987159,Toolstation,Toolstation,53.529358,-1.1478819,E08000017,Doncaster,point_within,ONS Local Authority Districts (December 2024) Boundaries UK BGC
way,620664403,Toolstation,Toolstation,50.8616989,0.2471911,E07000065,Wealden,point_within,ONS Local Authority Districts (December 2024) Boundaries UK BGC
way,234077514,Toolstation,Toolstation,50.8222078,-0.1240817,E06000043,Brighton and Hove,point_within,ONS Local Authority Districts (December 2024) Boundaries UK BGC
node,9691991981,Toolstation,Toolstation,52.9675617,-1.0621548,E07000173,Gedling,point_within,ONS Local Authority Districts (December 2024) Boundaries UK BGC
way,981319219,Toolstation,Toolstation,50.8296471,-0.3641702,E07000229,Worthing,point_within,ONS Local Authority Districts (December 2024) Boundaries UK BGC
node,11878552189,Toolstation,Toolstation,52.4048401,-0.7432653,E06000061,North Northamptonshire,point_within,ONS Local Authority Districts (December 2024) Boundaries UK BGC
node,10263449924,Toolstation,Toolstation,51.0354327,-2.2715803,E06000059,Dorset,point_within,ONS Local Authority Districts (December 2024) Boundaries UK BGC
way,362622055,Toolstation,Toolstation,53.2191334,-4.1064146,W06000002,Gwynedd,point_within,ONS Local Authority Districts (December 2024) Boundaries UK BGC
node,12646595762,Toolstation,Toolstation,50.798194,0.0558736,E07000063,Lewes,point_within,ONS Local Authority Districts (December 2024) Boundaries UK BGC
node,12969276127,Toolstation,Toolstation,51.7381274,-1.195693,E07000178,Oxford,point_within,ONS Local Authority Districts (December 2024) Boundaries UK BGC
node,5614908820,Toolstation,Toolstation,54.1204197,-3.2418215,E06000064,Westmorland and Furness,point_within,ONS Local Authority Districts (December 2024) Boundaries UK BGC
way,487521212,Toolstation,Toolstation,51.1290149,0.8991666,E07000105,Ashford,point_within,ONS Local Authority Districts (December 2024) Boundaries UK BGC
way,327685710,Toolstation,Toolstation,52.3450806,-0.1848359,E07000011,Huntingdonshire,point_within,ONS Local Authority Districts (December 2024) Boundaries UK BGC
node,8743485605,Toolstation,Toolstation,52.5044918,-0.6785694,E06000061,North Northamptonshire,point_within,ONS Local Authority Districts (December 2024) Boundaries UK BGC
way,260420204,Toolstation,Toolstation,51.3639966,-1.9745743,E06000054,Wiltshire,point_within,ONS Local Authority Districts (December 2024) Boundaries UK BGC
node,6949764469,Toolstation,Toolstation,51.776507,-1.4898083,E07000181,West Oxfordshire,point_within,ONS Local Authority Districts (December 2024) Boundaries UK BGC
way,28375249,Toolstation,Toolstation,50.8694656,0.552636,E07000062,Hastings,point_within,ONS Local Authority Districts (December 2024) Boundaries UK BGC
way,487007163,Toolstation,Toolstation,50.7909738,0.2997647,E07000061,Eastbourne,point_within,ONS Local Authority Districts (December 2024) Boundaries UK BGC
node,6296272130,Toolstation,Toolstation,51.399262,-1.305733,E06000037,West Berkshire,point_within,ONS Local Authority Districts (December 2024) Boundaries UK BGC
way,1276170030,Toolstation,Toolstation,51.7911115,1.1468457,E07000076,Tendring,point_within,ONS Local Authority Districts (December 2024) Boundaries UK BGC
node,11420194963,Toolstation,Toolstation,51.2733189,1.0685108,E07000106,Canterbury,point_within,ONS Local Authority Districts (December 2024) Boundaries UK BGC
node,5059947062,Toolstation,Toolstation,51.6733014,-1.307223,E07000180,Vale of White Horse,point_within,ONS Local Authority Districts (December 2024) Boundaries UK BGC
node,3554867381,Toolstation,Toolstation,51.752285,-1.284828,E07000178,Oxford,point_within,ONS Local Authority Districts (December 2024) Boundaries UK BGC
node,10955932167,Toolstation,Toolstation,51.7061698,-1.963457,E07000079,Cotswold,point_within,ONS Local Authority Districts (December 2024) Boundaries UK BGC
node,12065036092,Toolstation,Toolstation,50.7233282,-3.4652507,E07000041,Exeter,point_within,ONS Local Authority Districts (December 2024) Boundaries UK BGC
way,835811309,Toolstation,Toolstation,53.7670928,-1.0647266,E06000065,North Yorkshire,point_within,ONS Local Authority Districts (December 2024) Boundaries UK BGC
node,11871952452,Toolstation,Toolstation,51.3620612,1.1471904,E07000106,Canterbury,point_within,ONS Local Authority Districts (December 2024) Boundaries UK BGC
node,11897392436,Toolstation,Toolstation,52.2523699,-3.3761485,W06000023,Powys,point_within,ONS Local Authority Districts (December 2024) Boundaries UK BGC
node,5105538953,Toolstation,Toolstation,50.7957705,-0.6710021,E07000224,Arun,point_within,ONS Local Authority Districts (December 2024) Boundaries UK BGC
way,319692909,Toolstation,Toolstation,52.2402481,0.7423872,E07000245,West Suffolk,point_within,ONS Local Authority Districts (December 2024) Boundaries UK BGC
node,8457228930,Toolstation,Toolstation,54.1300526,-1.5091947,E06000065,North Yorkshire,point_within,ONS Local Authority Districts (December 2024) Boundaries UK BGC
node,10852989441,Toolstation,Toolstation,50.703733,-3.5280181,E07000041,Exeter,point_within,ONS Local Authority Districts (December 2024) Boundaries UK BGC
node,12967244105,Toolstation,Toolstation,51.8505403,-4.3076298,W06000010,Carmarthenshire,point_within,ONS Local Authority Districts (December 2024) Boundaries UK BGC
way,1341780126,Toolstation,Toolstation,53.2507574,-4.3079166,W06000001,Isle of Anglesey,point_within,ONS Local Authority Districts (December 2024) Boundaries UK BGC
node,4975629530,Toolstation,Toolstation,51.5766342,-1.8072791,E06000030,Swindon,point_within,ONS Local Authority Districts (December 2024) Boundaries UK BGC
node,12021419217,Toolstation,Toolstation,56.7261624,-2.4640936,S12000041,Angus,point_within,ONS Local Authority Districts (December 2024) Boundaries UK BGC
node,8734052062,Toolstation,Toolstation,50.6332765,-3.3757424,E07000040,East Devon,point_within,ONS Local Authority Districts (December 2024) Boundaries UK BGC
node,8241974951,Toolstation,Toolstation,53.7050605,-0.8958251,E06000011,East Riding of Yorkshire,point_within,ONS Local Authority Districts (December 2024) Boundaries UK BGC
node,5242957386,Toolstation,Toolstation,52.0519493,1.1471023,E07000202,Ipswich,point_within,ONS Local Authority Districts (December 2024) Boundaries UK BGC
way,349858074,Toolstation,Toolstation,52.0820919,1.1171418,E07000202,Ipswich,point_within,ONS Local Authority Districts (December 2024) Boundaries UK BGC
way,87976575,Toolstation,Toolstation,51.6522224,-1.583541,E07000180,Vale of White Horse,point_within,ONS Local Authority Districts (December 2024) Boundaries UK BGC
way,1103653805,Toolstation,Toolstation,52.9111217,-0.6522328,E07000141,South Kesteven,point_within,ONS Local Authority Districts (December 2024) Boundaries UK BGC
node,3928741986,Toolstation,Toolstation,50.8494975,-0.991436,E07000090,Havant,point_within,ONS Local Authority Districts (December 2024) Boundaries UK BGC
way,576478705,Toolstation,Toolstation,51.069458,-1.298221,E07000094,Winchester,point_within,ONS Local Authority Districts (December 2024) Boundaries UK BGC
way,707008650,Toolstation,Toolstation,51.5748303,-1.768248,E06000030,Swindon,point_within,ONS Local Authority Districts (December 2024) Boundaries UK BGC
node,12384856766,Toolstation,Toolstation,53.9579306,-1.0657735,E06000014,York,point_within,ONS Local Authority Districts (December 2024) Boundaries UK BGC
node,9989516298,Toolstation,Toolstation,53.9901485,-1.0947054,E06000014,York,point_within,ONS Local Authority Districts (December 2024) Boundaries UK BGC
node,8809843836,Toolstation,Toolstation,51.4212279,-1.5177056,E06000037,West Berkshire,point_within,ONS Local Authority Districts (December 2024) Boundaries UK BGC
way,187100252,Toolstation,Toolstation,51.0958531,1.1665399,E07000112,Folkestone and Hythe,point_within,ONS Local Authority Districts (December 2024) Boundaries UK BGC
node,12388412690,Toolstation,Toolstation,51.4149899,-1.7205622,E06000054,Wiltshire,point_within,ONS Local Authority Districts (December 2024) Boundaries UK BGC
way,200666374,Toolstation,Toolstation,53.0916088,-0.7887783,E07000175,Newark and Sherwood,point_within,ONS Local Authority Districts (December 2024) Boundaries UK BGC
way,803474314,Toolstation,Toolstation,54.3351089,-2.7409242,E06000064,Westmorland and Furness,point_within,ONS Local Authority Districts (December 2024) Boundaries UK BGC
way,849119162,Toolstation,Toolstation,52.4071126,0.7314049,E07000143,Breckland,point_within,ONS Local Authority Districts (December 2024) Boundaries UK BGC
way,598656754,Toolstation,Toolstation,50.797999,-1.0627822,E06000044,Portsmouth,point_within,ONS Local Authority Districts (December 2024) Boundaries UK BGC
node,9177484055,Toolstation,Toolstation,54.2187527,-1.3552545,E06000065,North Yorkshire,point_within,ONS Local Authority Districts (December 2024) Boundaries UK BGC
way,424541581,Toolstation,Toolstation,51.3570714,1.3894389,E07000114,Thanet,point_within,ONS Local Authority Districts (December 2024) Boundaries UK BGC
way,51876728,Toolstation,Toolstation,52.0626791,1.2790351,E07000244,East Suffolk,point_within,ONS Local Authority Districts (December 2024) Boundaries UK BGC
way,531564356,Toolstation,Toolstation,52.5596088,0.0671621,E07000010,Fenland,point_within,ONS Local Authority Districts (December 2024) Boundaries UK BGC
node,5584834711,Toolstation,Toolstation,50.9245025,-1.3073778,E07000086,Eastleigh,point_within,ONS Local Authority Districts (December 2024) Boundaries UK BGC
way,580857835,Toolstation,Toolstation,50.6150614,-2.4962878,E06000059,Dorset,point_within,ONS Local Authority Districts (December 2024) Boundaries UK BGC
way,266157456,Toolstation,Toolstation,52.5716633,-0.2128822,E06000031,Peterborough,point_within,ONS Local Authority Districts (December 2024) Boundaries UK BGC
node,8111794221,Toolstation,Toolstation,50.5410293,-3.5974238,E07000045,Teignbridge,point_within,ONS Local Authority Districts (December 2024) Boundaries UK BGC
node,10049672092,Toolstation,Toolstation,53.603853,-0.6510859,E06000013,North Lincolnshire,point_within,ONS Local Authority Districts (December 2024) Boundaries UK BGC
way,1168151316,Toolstation,Toolstation,52.5907962,-0.2591233,E06000031,Peterborough,point_within,ONS Local Authority Districts (December 2024) Boundaries UK BGC
way,1060448078,Toolstation,Toolstation,50.9167841,-1.3853001,E06000045,Southampton,point_within,ONS Local Authority Districts (December 2024) Boundaries UK BGC
way,1013694584,Toolstation,Toolstation,54.3499128,-1.4421189,E06000065,North Yorkshire,point_within,ONS Local Authority Districts (December 2024) Boundaries UK BGC
node,4481688489,Toolstation,Toolstation,50.4845797,-3.5479568,E06000027,Torbay,point_within,ONS Local Authority Districts (December 2024) Boundaries UK BGC
way,352890805,Toolstation,Toolstation,50.9159044,-1.4563612,E06000045,Southampton,point_within,ONS Local Authority Districts (December 2024) Boundaries UK BGC
way,1113396791,Toolstation,Toolstation,54.9251295,-2.9486788,E06000063,Cumberland,point_within,ONS Local Authority Districts (December 2024) Boundaries UK BGC
way,350862283,Toolstation,Toolstation,52.3718543,1.1215534,E07000149,South Norfolk,point_within,ONS Local Authority Districts (December 2024) Boundaries UK BGC
way,376511833,Toolstation,Toolstation,50.7431129,-1.9539393,E06000058,"Bournemouth, Christchurch and Poole",point_within,ONS Local Authority Districts (December 2024) Boundaries UK BGC
way,761766221,Toolstation,Toolstation,50.7566084,-1.9265542,E06000058,"Bournemouth, Christchurch and Poole",point_within,ONS Local Authority Districts (December 2024) Boundaries UK BGC
relation,16465441,Toolstation,Toolstation,50.8480991,-1.7880928,E07000091,New Forest,point_within,ONS Local Authority Districts (December 2024) Boundaries UK BGC
node,9344796717,Toolstation,Toolstation,52.4011784,-4.0433721,W06000008,Ceredigion,point_within,ONS Local Authority Districts (December 2024) Boundaries UK BGC
node,10790774905,Toolstation,Toolstation,54.1265714,-0.8212543,E06000065,North Yorkshire,point_within,ONS Local Authority Districts (December 2024) Boundaries UK BGC
node,11215393973,Toolstation,Toolstation,50.7082378,-1.2947559,E06000046,Isle of Wight,point_within,ONS Local Authority Districts (December 2024) Boundaries UK BGC
node,9609581768,Toolstation,Toolstation,50.7552839,-1.8418397,E06000058,"Bournemouth, Christchurch and Poole",point_within,ONS Local Authority Districts (December 2024) Boundaries UK BGC
node,13017799168,Toolstation,Toolstation,53.7650018,-0.4528533,E06000011,East Riding of Yorkshire,point_within,ONS Local Authority Districts (December 2024) Boundaries UK BGC
node,12369540376,Toolstation,Toolstation,50.6282316,-4.3730583,E06000052,Cornwall,point_within,ONS Local Authority Districts (December 2024) Boundaries UK BGC
node,11375731959,Toolstation,Toolstation,50.736212,-1.768201,E06000058,"Bournemouth, Christchurch and Poole",point_within,ONS Local Authority Districts (December 2024) Boundaries UK BGC
node,11388625900,Toolstation,Toolstation,54.5213851,-1.5040782,E06000005,Darlington,point_within,ONS Local Authority Districts (December 2024) Boundaries UK BGC
way,493917561,Toolstation,Toolstation,52.7397838,0.4148355,E07000146,King's Lynn and West Norfolk,point_within,ONS Local Authority Districts (December 2024) Boundaries UK BGC
way,1420055733,Toolstation,Toolstation,50.7724746,-1.5508935,E07000091,New Forest,point_within,ONS Local Authority Districts (December 2024) Boundaries UK BGC
way,825374594,Toolstation,Toolstation,55.1677964,-1.5484299,E06000057,Northumberland,point_within,ONS Local Authority Districts (December 2024) Boundaries UK BGC
node,11011809809,Toolstation,Toolstation,52.5766629,1.1342847,E07000149,South Norfolk,point_within,ONS Local Authority Districts (December 2024) Boundaries UK BGC
node,10008330870,Toolstation,Toolstation,50.4174583,-4.0900013,E06000026,Plymouth,point_within,ONS Local Authority Districts (December 2024) Boundaries UK BGC
node,7279485813,Toolstation,Toolstation,52.670094,0.9522867,E07000143,Breckland,point_within,ONS Local Authority Districts (December 2024) Boundaries UK BGC
way,88736298,Toolstation,Toolstation,55.0961917,-1.6067702,E06000057,Northumberland,point_within,ONS Local Authority Districts (December 2024) Boundaries UK BGC
node,10542905329,Toolstation,Toolstation,52.9803663,-0.0339169,E07000136,Boston,point_within,ONS Local Authority Districts (December 2024) Boundaries UK BGC
node,4942060332,Toolstation,Toolstation,50.3885504,-4.0737959,E06000026,Plymouth,point_within,ONS Local Authority Districts (December 2024) Boundaries UK BGC
node,9483420274,Toolstation,Toolstation,54.5768637,-1.2848911,E06000004,Stockton-on-Tees,point_within,ONS Local Authority Districts (December 2024) Boundaries UK BGC
node,6501756283,Toolstation,Toolstation,50.420549,-4.2351683,E06000052,Cornwall,point_within,ONS Local Authority Districts (December 2024) Boundaries UK BGC
node,9270319996,Toolstation,Toolstation,50.3689624,-4.1150888,E06000026,Plymouth,point_within,ONS Local Authority Districts (December 2024) Boundaries UK BGC
way,1211282818,Toolstation,Toolstation,57.1477412,-2.2728888,S12000034,Aberdeenshire,point_within,ONS Local Authority Districts (December 2024) Boundaries UK BGC
way,625123499,Toolstation,Toolstation,52.603509,1.2880269,E07000148,Norwich,point_within,ONS Local Authority Districts (December 2024) Boundaries UK BGC
node,9929778569,Toolstation,Toolstation,55.0078723,-1.5987014,E08000021,Newcastle upon Tyne,point_within,ONS Local Authority Districts (December 2024) Boundaries UK BGC
way,1286609980,Toolstation,Toolstation,53.5779841,-0.10712,E06000012,North East Lincolnshire,point_within,ONS Local Authority Districts (December 2024) Boundaries UK BGC
node,1812400311,Toolstation,Toolstation,52.4588812,1.563008,E07000244,East Suffolk,point_within,ONS Local Authority Districts (December 2024) Boundaries UK BGC
way,369251075,Toolstation,Toolstation,55.0209469,-1.5409481,E08000022,North Tyneside,point_within,ONS Local Authority Districts (December 2024) Boundaries UK BGC
way,117007231,Toolstation,Toolstation,52.63687,1.2831352,E07000148,Norwich,point_within,ONS Local Authority Districts (December 2024) Boundaries UK BGC
node,6855654353,Toolstation,Toolstation,54.9636043,-1.6313866,E08000021,Newcastle upon Tyne,point_within,ONS Local Authority Districts (December 2024) Boundaries UK BGC
way,941511790,Toolstation,Toolstation,50.453883,-4.4904518,E06000052,Cornwall,point_within,ONS Local Authority Districts (December 2024) Boundaries UK BGC
node,7329542272,Toolstation,Toolstation,55.0021582,-1.4876639,E08000022,North Tyneside,point_within,ONS Local Authority Districts (December 2024) Boundaries UK BGC
node,4402671722,Toolstation,Toolstation,54.9323171,-1.6165718,E08000037,Gateshead,point_within,ONS Local Authority Districts (December 2024) Boundaries UK BGC
node,9702375827,Toolstation,Toolstation,52.629173,1.3846671,E07000144,Broadland,point_within,ONS Local Authority Districts (December 2024) Boundaries UK BGC
way,391450096,Toolstation,Toolstation,52.8356972,0.8684102,E07000147,North Norfolk,point_within,ONS Local Authority Districts (December 2024) Boundaries UK BGC
node,11473486755,Toolstation,Toolstation,54.675612,-1.2097889,E06000001,Hartlepool,point_within,ONS Local Authority Districts (December 2024) Boundaries UK BGC
way,664931773,Toolstation,Toolstation,54.2703003,-0.4152116,E06000065,North Yorkshire,point_within,ONS Local Authority Districts (December 2024) Boundaries UK BGC
way,508361077,Toolstation,Toolstation,54.868766,-1.6970262,E06000047,County Durham,point_within,ONS Local Authority Districts (December 2024) Boundaries UK BGC
node,12469374521,Toolstation,Toolstation,54.9919759,-1.4358375,E08000023,South Tyneside,point_within,ONS Local Authority Districts (December 2024) Boundaries UK BGC
way,115981554,Toolstation,Toolstation,54.7801144,-1.5347685,E06000047,County Durham,point_within,ONS Local Authority Districts (December 2024) Boundaries UK BGC
node,11906719758,Toolstation,Toolstation,54.9091042,-1.5402778,E08000024,Sunderland,point_within,ONS Local Authority Districts (December 2024) Boundaries UK BGC
node,11029985892,Toolstation,Toolstation,54.754859,-1.3656583,E06000047,County Durham,point_within,ONS Local Authority Districts (December 2024) Boundaries UK BGC
node,9687978474,Toolstation,Toolstation,50.4712426,-4.7036822,E06000052,Cornwall,point_within,ONS Local Authority Districts (December 2024) Boundaries UK BGC
way,68173124,Toolstation,Toolstation,52.5928612,1.7121015,E07000145,Great Yarmouth,point_within,ONS Local Authority Districts (December 2024) Boundaries UK BGC
node,6893763618,Toolstation,Toolstation,53.1420084,0.3188361,E07000137,East Lindsey,point_within,ONS Local Authority Districts (December 2024) Boundaries UK BGC
way,1432337865,Toolstation,Toolstation,52.8157562,1.3846787,E07000147,North Norfolk,point_within,ONS Local Authority Districts (December 2024) Boundaries UK BGC
node,10957767089,Toolstation,Toolstation,50.343747,-4.7378862,E06000052,Cornwall,point_within,ONS Local Authority Districts (December 2024) Boundaries UK BGC
node,8749836535,Toolstation,Toolstation,57.4885081,-4.2206173,S12000017,Highland,point_within,ONS Local Authority Districts (December 2024) Boundaries UK BGC
way,1174030604,Toolstation,Toolstation,57.6393521,-3.3136094,S12000020,Moray,point_within,ONS Local Authority Districts (December 2024) Boundaries UK BGC
way,656018560,Toolstation,Toolstation,50.2633961,-5.1213086,E06000052,Cornwall,point_within,ONS Local Authority Districts (December 2024) Boundaries UK BGC
way,546614138,Toolstation,Toolstation,50.2281967,-5.2583721,E06000052,Cornwall,point_within,ONS Local Authority Districts (December 2024) Boundaries UK BGC
way,1228390824,Toolstation,Toolstation,50.0991937,-5.2602798,E06000052,Cornwall,point_within,ONS Local Authority Districts (December 2024) Boundaries UK BGC
way,27660133,Travis Perkins,Travis Perkins,51.479058,-3.1627125,W06000015,Cardiff,point_within,ONS Local Authority Districts (December 2024) Boundaries UK BGC
node,4505184111,Travis Perkins,Travis Perkins,51.6047158,-0.049221,E09000014,Haringey,point_within,ONS Local Authority Districts (December 2024) Boundaries UK BGC
way,777466105,Travis Perkins,Travis Perkins,55.9543161,-3.1270505,S12000036,City of Edinburgh,point_within,ONS Local Authority Districts (December 2024) Boundaries UK BGC
way,680383550,Travis Perkins,Travis Perkins,55.8431354,-4.2618411,S12000049,Glasgow City,point_within,ONS Local Authority Districts (December 2024) Boundaries UK BGC
way,87374534,Travis Perkins,Travis Perkins,52.5022505,-1.8747706,E08000025,Birmingham,point_within,ONS Local Authority Districts (December 2024) Boundaries UK BGC
way,132520176,Travis Perkins,Travis Perkins,52.4960741,-1.9171186,E08000025,Birmingham,point_within,ONS Local Authority Districts (December 2024) Boundaries UK BGC
way,244005253,Travis Perkins,Travis Perkins,53.4903218,-2.2756963,E08000006,Salford,point_within,ONS Local Authority Districts (December 2024) Boundaries UK BGC
way,244005259,Travis Perkins,Travis Perkins,53.4905215,-2.2764689,E08000006,Salford,point_within,ONS Local Authority Districts (December 2024) Boundaries UK BGC
way,628314240,Travis Perkins,Travis Perkins,53.4905965,-2.275239,E08000006,Salford,point_within,ONS Local Authority Districts (December 2024) Boundaries UK BGC
way,1454397944,Travis Perkins,Travis Perkins,53.4301531,-2.9936634,E08000012,Liverpool,point_within,ONS Local Authority Districts (December 2024) Boundaries UK BGC
node,11088684710,Travis Perkins,Travis Perkins,51.4815291,-0.1242058,E09000022,Lambeth,point_within,ONS Local Authority Districts (December 2024) Boundaries UK BGC
node,11662302392,Travis Perkins,Travis Perkins,55.934523,-3.1457076,S12000036,City of Edinburgh,point_within,ONS Local Authority Districts (December 2024) Boundaries UK BGC
way,544484759,Travis Perkins,Travis Perkins,51.4903013,-0.1527688,E09000033,Westminster,point_within,ONS Local Authority Districts (December 2024) Boundaries UK BGC
way,51195252,Travis Perkins,Travis Perkins,52.4548171,-1.8836838,E08000025,Birmingham,point_within,ONS Local Authority Districts (December 2024) Boundaries UK BGC
node,13311041354,Travis Perkins,Travis Perkins,51.4457976,-3.1890304,W06000014,Vale of Glamorgan,point_within,ONS Local Authority Districts (December 2024) Boundaries UK BGC
way,1466439072,Travis Perkins,Travis Perkins,51.6304588,-0.0973247,E09000010,Enfield,point_within,ONS Local Authority Districts (December 2024) Boundaries UK BGC
way,219839082,Travis Perkins,Travis Perkins,51.5282826,-0.0566639,E09000030,Tower Hamlets,point_within,ONS Local Authority Districts (December 2024) Boundaries UK BGC
way,219840330,Travis Perkins,Travis Perkins,51.5870233,-0.0021364,E09000031,Waltham Forest,point_within,ONS Local Authority Districts (December 2024) Boundaries UK BGC
way,1071543707,Travis Perkins,Travis Perkins,51.6164401,-0.1114284,E09000010,Enfield,point_within,ONS Local Authority Districts (December 2024) Boundaries UK BGC
way,952261206,Travis Perkins,Travis Perkins,53.432679,-2.3206048,E08000009,Trafford,point_within,ONS Local Authority Districts (December 2024) Boundaries UK BGC
way,651478661,Travis Perkins,Travis Perkins,53.380894,-3.0130146,E08000015,Wirral,point_within,ONS Local Authority Districts (December 2024) Boundaries UK BGC
way,58116337,Travis Perkins,Travis Perkins,52.4611464,-1.8379242,E08000025,Birmingham,point_within,ONS Local Authority Districts (December 2024) Boundaries UK BGC
way,1314418081,Travis Perkins,Travis Perkins,53.4484355,-2.3506712,E08000009,Trafford,point_within,ONS Local Authority Districts (December 2024) Boundaries UK BGC
way,660600578,Travis Perkins,Travis Perkins,51.5998153,-0.1199564,E09000014,Haringey,point_within,ONS Local Authority Districts (December 2024) Boundaries UK BGC
way,50695376,Travis Perkins,Travis Perkins,51.548621,-0.0671836,E09000012,Hackney,point_within,ONS Local Authority Districts (December 2024) Boundaries UK BGC
way,366663038,Travis Perkins,Travis Perkins,51.5521004,-0.0799665,E09000012,Hackney,point_within,ONS Local Authority Districts (December 2024) Boundaries UK BGC
way,731842273,Travis Perkins,Travis Perkins,51.5196102,-0.1787515,E09000033,Westminster,point_within,ONS Local Authority Districts (December 2024) Boundaries UK BGC
relation,1365184,Travis Perkins,Travis Perkins,51.5911268,0.0266202,E09000026,Redbridge,point_within,ONS Local Authority Districts (December 2024) Boundaries UK BGC
node,12109407671,Travis Perkins,Travis Perkins,51.5204302,-3.1953757,W06000015,Cardiff,point_within,ONS Local Authority Districts (December 2024) Boundaries UK BGC
way,144157015,Travis Perkins,Travis Perkins,52.5372172,-1.844485,E08000025,Birmingham,point_within,ONS Local Authority Districts (December 2024) Boundaries UK BGC
way,1112004692,Travis Perkins,Travis Perkins,53.4996137,-2.2022691,E08000003,Manchester,point_within,ONS Local Authority Districts (December 2024) Boundaries UK BGC
way,333539820,Travis Perkins,Travis Perkins,51.4711664,-0.1768345,E09000032,Wandsworth,point_within,ONS Local Authority Districts (December 2024) Boundaries UK BGC
way,115333929,Travis Perkins,Travis Perkins,52.4352073,-1.9174191,E08000025,Birmingham,point_within,ONS Local Authority Districts (December 2024) Boundaries UK BGC
way,187926655,Travis Perkins,Travis Perkins,51.6125456,-0.1409891,E09000010,Enfield,point_within,ONS Local Authority Districts (December 2024) Boundaries UK BGC
way,366122520,Travis Perkins,Travis Perkins,51.5644976,0.0077357,E09000031,Waltham Forest,point_within,ONS Local Authority Districts (December 2024) Boundaries UK BGC
node,13056118163,Travis Perkins,Travis Perkins,51.4455603,-0.1445073,E09000022,Lambeth,point_within,ONS Local Authority Districts (December 2024) Boundaries UK BGC
node,639021557,Travis Perkins,Travis Perkins,52.426031,-1.9244618,E08000025,Birmingham,point_within,ONS Local Authority Districts (December 2024) Boundaries UK BGC
way,438438896,Travis Perkins,Travis Perkins,52.4956235,-2.0040631,E08000028,Sandwell,point_within,ONS Local Authority Districts (December 2024) Boundaries UK BGC
node,5703850375,Travis Perkins,Travis Perkins,51.442535,-0.0492661,E09000023,Lewisham,point_within,ONS Local Authority Districts (December 2024) Boundaries UK BGC
way,685000076,Travis Perkins,Travis Perkins,53.397653,-2.256278,E08000003,Manchester,point_within,ONS Local Authority Districts (December 2024) Boundaries UK BGC
node,13533225833,Travis Perkins,Travis Perkins,51.4303563,-0.1015799,E09000022,Lambeth,point_within,ONS Local Authority Districts (December 2024) Boundaries UK BGC
way,104242294,Travis Perkins,Travis Perkins,52.5280702,-1.7853802,E08000025,Birmingham,point_within,ONS Local Authority Districts (December 2024) Boundaries UK BGC
way,437783182,Travis Perkins,Travis Perkins,51.5325143,-0.2133041,E09000005,Brent,point_within,ONS Local Authority Districts (December 2024) Boundaries UK BGC
node,10092051288,Travis Perkins,Travis Perkins,51.4438503,-0.0186719,E09000023,Lewisham,point_within,ONS Local Authority Districts (December 2024) Boundaries UK BGC
way,423466549,Travis Perkins,Travis Perkins,51.5310961,-0.2318382,E09000013,Hammersmith and Fulham,point_within,ONS Local Authority Districts (December 2024) Boundaries UK BGC
way,985815147,Travis Perkins,Travis Perkins,51.4895503,0.0365883,E09000011,Greenwich,point_within,ONS Local Authority Districts (December 2024) Boundaries UK BGC
node,5499509310,Travis Perkins,Travis Perkins,52.4767671,-2.0329617,E08000028,Sandwell,point_within,ONS Local Authority Districts (December 2024) Boundaries UK BGC
way,638802982,Travis Perkins,Travis Perkins,55.8757373,-3.1681599,S12000019,Midlothian,point_within,ONS Local Authority Districts (December 2024) Boundaries UK BGC
node,12206633360,Travis Perkins,Travis Perkins,55.9238941,-3.293189,S12000036,City of Edinburgh,point_within,ONS Local Authority Districts (December 2024) Boundaries UK BGC
way,1343880872,Travis Perkins,Travis Perkins,51.7069912,-0.107839,E07000241,Welwyn Hatfield,point_within,ONS Local Authority Districts (December 2024) Boundaries UK BGC
node,6333598880,Travis Perkins,Travis Perkins,52.3965297,-1.8035748,E08000029,Solihull,point_within,ONS Local Authority Districts (December 2024) Boundaries UK BGC
way,975004970,Travis Perkins,Travis Perkins,51.6907668,-0.1793009,E07000098,Hertsmere,point_within,ONS Local Authority Districts (December 2024) Boundaries UK BGC
way,24549435,Travis Perkins,Travis Perkins,51.3987193,-0.1755294,E09000024,Merton,point_within,ONS Local Authority Districts (December 2024) Boundaries UK BGC
way,542882765,Travis Perkins,Travis Perkins,53.5782042,-2.3561353,E08000002,Bury,point_within,ONS Local Authority Districts (December 2024) Boundaries UK BGC
node,7434024258,Travis Perkins,Travis Perkins,51.4660263,-0.2899917,E09000027,Richmond upon Thames,point_within,ONS Local Authority Districts (December 2024) Boundaries UK BGC
way,858900236,Travis Perkins,Travis Perkins,51.568356,0.1381248,E09000002,Barking and Dagenham,point_within,ONS Local Authority Districts (December 2024) Boundaries UK BGC
way,44919559,Travis Perkins,Travis Perkins,51.4987101,-0.3021092,E09000009,Ealing,point_within,ONS Local Authority Districts (December 2024) Boundaries UK BGC
node,12865478841,Travis Perkins,Travis Perkins,53.5499911,-2.1207302,E08000004,Oldham,point_within,ONS Local Authority Districts (December 2024) Boundaries UK BGC
way,471209362,Travis Perkins,Travis Perkins,52.6109545,-1.9584877,E08000030,Walsall,point_within,ONS Local Authority Districts (December 2024) Boundaries UK BGC
node,12875354089,Travis Perkins,Travis Perkins,53.389526,-3.1783668,E08000015,Wirral,point_within,ONS Local Authority Districts (December 2024) Boundaries UK BGC
node,10587972067,Travis Perkins,Travis Perkins,53.5447639,-2.1026828,E08000004,Oldham,point_within,ONS Local Authority Districts (December 2024) Boundaries UK BGC
node,4030782245,Travis Perkins,Travis Perkins,53.3743627,-2.1153913,E08000007,Stockport,point_within,ONS Local Authority Districts (December 2024) Boundaries UK BGC
node,5978888914,Travis Perkins,Travis Perkins,51.3773215,-0.0239134,E09000006,Bromley,point_within,ONS Local Authority Districts (December 2024) Boundaries UK BGC
way,1435128969,Travis Perkins,Travis Perkins,53.4959611,-2.5119562,E08000010,Wigan,point_within,ONS Local Authority Districts (December 2024) Boundaries UK BGC
way,448048826,Travis Perkins,Travis Perkins,53.4964341,-2.5118661,E08000010,Wigan,point_within,ONS Local Authority Districts (December 2024) Boundaries UK BGC
way,1435128971,Travis Perkins,Travis Perkins,53.4962266,-2.5122989,E08000010,Wigan,point_within,ONS Local Authority Districts (December 2024) Boundaries UK BGC
way,1435128970,Travis Perkins,Travis Perkins,53.4961191,-2.5124467,E08000010,Wigan,point_within,ONS Local Authority Districts (December 2024) Boundaries UK BGC
way,1435128973,Travis Perkins,Travis Perkins,53.4962436,-2.5126891,E08000010,Wigan,point_within,ONS Local Authority Districts (December 2024) Boundaries UK BGC
way,1435128972,Travis Perkins,Travis Perkins,53.4963741,-2.5126627,E08000010,Wigan,point_within,ONS Local Authority Districts (December 2024) Boundaries UK BGC
way,998903534,Travis Perkins,Travis Perkins,51.435049,0.1031692,E09000004,Bexley,point_within,ONS Local Authority Districts (December 2024) Boundaries UK BGC
way,547598714,Travis Perkins,Travis Perkins,53.3951345,-2.0648554,E08000007,Stockport,point_within,ONS Local Authority Districts (December 2024) Boundaries UK BGC
node,9864212469,Travis Perkins,Travis Perkins,51.5787172,-2.984176,W06000022,Newport,point_within,ONS Local Authority Districts (December 2024) Boundaries UK BGC
way,1118588695,Travis Perkins,Travis Perkins,53.4511762,-2.723228,E08000013,St. Helens,point_within,ONS Local Authority Districts (December 2024) Boundaries UK BGC
node,6081600579,Travis Perkins,Travis Perkins,53.3198236,-2.2382885,E06000049,Cheshire East,point_within,ONS Local Authority Districts (December 2024) Boundaries UK BGC
way,87386115,Travis Perkins,Travis Perkins,51.7614563,1.1e-06,E07000095,Broxbourne,point_within,ONS Local Authority Districts (December 2024) Boundaries UK BGC
way,220337390,Travis Perkins,Travis Perkins,51.5591726,-0.3341751,E09000015,Harrow,point_within,ONS Local Authority Districts (December 2024) Boundaries UK BGC
node,1871649241,Travis Perkins,Travis Perkins,51.5315334,-3.399883,W06000016,Rhondda Cynon Taf,point_within,ONS Local Authority Districts (December 2024) Boundaries UK BGC
way,10428419,Travis Perkins,Travis Perkins,51.7389662,-0.2142688,E07000241,Welwyn Hatfield,point_within,ONS Local Authority Districts (December 2024) Boundaries UK BGC
node,12384674555,Travis Perkins,Travis Perkins,51.3835207,-0.2859771,E09000021,Kingston upon Thames,point_within,ONS Local Authority Districts (December 2024) Boundaries UK BGC
way,202829048,Travis Perkins,Travis Perkins,53.6149674,-2.1496144,E08000005,Rochdale,point_within,ONS Local Authority Districts (December 2024) Boundaries UK BGC
way,1314417703,Travis Perkins,Travis Perkins,53.3068525,-2.3635284,E06000049,Cheshire East,point_within,ONS Local Authority Districts (December 2024) Boundaries UK BGC
node,5408691679,Travis Perkins,Travis Perkins,51.5935165,-0.3327184,E09000015,Harrow,point_within,ONS Local Authority Districts (December 2024) Boundaries UK BGC
way,307556140,Travis Perkins,Travis Perkins,51.5255225,0.1914094,E09000016,Havering,point_within,ONS Local Authority Districts (December 2024) Boundaries UK BGC
way,135166612,Travis Perkins,Travis Perkins,52.6039726,-1.6745805,E07000199,Tamworth,point_within,ONS Local Authority Districts (December 2024) Boundaries UK BGC
way,1259729713,Travis Perkins,Travis Perkins,52.607434,-1.6748648,E07000199,Tamworth,point_within,ONS Local Authority Districts (December 2024) Boundaries UK BGC
way,244428246,Travis Perkins,Travis Perkins,52.3432977,-2.0518199,E07000234,Bromsgrove,point_within,ONS Local Authority Districts (December 2024) Boundaries UK BGC
way,723145177,Travis Perkins,Travis Perkins,52.6675002,-1.8313474,E07000194,Lichfield,point_within,ONS Local Authority Districts (December 2024) Boundaries UK BGC
way,95640166,Travis Perkins,Travis Perkins,51.3414143,-2.9581704,E06000024,North Somerset,point_within,ONS Local Authority Districts (December 2024) Boundaries UK BGC
way,104634615,Travis Perkins,Travis Perkins,51.6096238,-3.3681384,W06000016,Rhondda Cynon Taf,point_within,ONS Local Authority Districts (December 2024) Boundaries UK BGC
way,238297399,Travis Perkins,Travis Perkins,53.5907233,-2.5385588,E08000001,Bolton,point_within,ONS Local Authority Districts (December 2024) Boundaries UK BGC
way,681753541,Travis Perkins,Travis Perkins,56.054303,-3.4469988,S12000047,Fife,point_within,ONS Local Authority Districts (December 2024) Boundaries UK BGC
way,903968625,Travis Perkins,Travis Perkins,51.784584,0.1261803,E07000073,Harlow,point_within,ONS Local Authority Districts (December 2024) Boundaries UK BGC
way,709246400,Travis Perkins,Travis Perkins,51.6658773,-0.3644886,E07000098,Hertsmere,point_within,ONS Local Authority Districts (December 2024) Boundaries UK BGC
way,37879038,Travis Perkins,Travis Perkins,51.5069482,-0.4322877,E09000017,Hillingdon,point_within,ONS Local Authority Districts (December 2024) Boundaries UK BGC
node,13090733505,Travis Perkins,Travis Perkins,53.2087301,-3.0322949,W06000005,Flintshire,point_within,ONS Local Authority Districts (December 2024) Boundaries UK BGC
way,975314973,Travis Perkins,Travis Perkins,53.4864853,-2.633421,E08000010,Wigan,point_within,ONS Local Authority Districts (December 2024) Boundaries UK BGC
way,369303283,Travis Perkins,Travis Perkins,51.419244,-0.4129146,E07000213,Spelthorne,point_within,ONS Local Authority Districts (December 2024) Boundaries UK BGC
way,693713108,Travis Perkins,Travis Perkins,51.8032223,-0.1999443,E07000241,Welwyn Hatfield,point_within,ONS Local Authority Districts (December 2024) Boundaries UK BGC
way,1230436851,Travis Perkins,Travis Perkins,51.304187,-0.218587,E07000211,Reigate and Banstead,point_within,ONS Local Authority Districts (December 2024) Boundaries UK BGC
way,84193486,Travis Perkins,Travis Perkins,51.3805373,-0.3868524,E07000207,Elmbridge,point_within,ONS Local Authority Districts (December 2024) Boundaries UK BGC
way,4372372,Travis Perkins,Travis Perkins,51.7494529,-0.3187769,E07000240,St Albans,point_within,ONS Local Authority Districts (December 2024) Boundaries UK BGC
way,586047277,Travis Perkins,Travis Perkins,53.193307,-2.9174213,E06000050,Cheshire West and Chester,point_within,ONS Local Authority Districts (December 2024) Boundaries UK BGC
way,127675290,Travis Perkins,Travis Perkins,53.5425748,-2.6341312,E08000010,Wigan,point_within,ONS Local Authority Districts (December 2024) Boundaries UK BGC
way,56200709,Travis Perkins,Travis Perkins,52.3930363,-1.5501235,E08000026,Coventry,point_within,ONS Local Authority Districts (December 2024) Boundaries UK BGC
way,28431769,Travis Perkins,Travis Perkins,51.3095356,-0.3338705,E07000210,Mole Valley,point_within,ONS Local Authority Districts (December 2024) Boundaries UK BGC
way,631299728,Travis Perkins,Travis Perkins,51.4760547,-2.7609292,E06000024,North Somerset,point_within,ONS Local Authority Districts (December 2024) Boundaries UK BGC
way,654819096,Travis Perkins,Travis Perkins,51.4385093,-2.7519432,E06000024,North Somerset,point_within,ONS Local Authority Districts (December 2024) Boundaries UK BGC
way,7915046,Travis Perkins,Travis Perkins,51.2506442,-0.1650833,E07000211,Reigate and Banstead,point_within,ONS Local Authority Districts (December 2024) Boundaries UK BGC
way,230239410,Travis Perkins,Travis Perkins,51.4784499,0.318263,E06000034,Thurrock,point_within,ONS Local Authority Districts (December 2024) Boundaries UK BGC
way,259266112,Travis Perkins,Travis Perkins,52.225432,-1.8672829,E07000221,Stratford-on-Avon,point_within,ONS Local Authority Districts (December 2024) Boundaries UK BGC
node,685783779,Travis Perkins,Travis Perkins,53.1654378,-3.1436176,W06000005,Flintshire,point_within,ONS Local Authority Districts (December 2024) Boundaries UK BGC
node,8324158688,Travis Perkins,Travis Perkins,51.3710466,-0.4763746,E07000212,Runnymede,point_within,ONS Local Authority Districts (December 2024) Boundaries UK BGC
way,981007710,Travis Perkins,Travis Perkins,53.1651711,-3.1440705,W06000005,Flintshire,point_within,ONS Local Authority Districts (December 2024) Boundaries UK BGC
way,259731314,Travis Perkins,Travis Perkins,51.4331913,-0.5310052,E07000212,Runnymede,point_within,ONS Local Authority Districts (December 2024) Boundaries UK BGC
node,7746201831,Travis Perkins,Travis Perkins,51.2906751,0.1930009,E07000111,Sevenoaks,point_within,ONS Local Authority Districts (December 2024) Boundaries UK BGC
way,27763883,Travis Perkins,Travis Perkins,51.2908066,0.1935358,E07000111,Sevenoaks,point_within,ONS Local Authority Districts (December 2024) Boundaries UK BGC
way,999044608,Travis Perkins,Travis Perkins,51.4386936,0.3486194,E07000109,Gravesham,point_within,ONS Local Authority Districts (December 2024) Boundaries UK BGC
way,261927275,Travis Perkins,Travis Perkins,51.7431088,-0.4720045,E07000096,Dacorum,point_within,ONS Local Authority Districts (December 2024) Boundaries UK BGC
way,209193697,Travis Perkins,Travis Perkins,52.2789211,-1.5440333,E07000222,Warwick,point_within,ONS Local Authority Districts (December 2024) Boundaries UK BGC
way,1075274109,Travis Perkins,Travis Perkins,56.023804,-3.8291323,S12000014,Falkirk,point_within,ONS Local Authority Districts (December 2024) Boundaries UK BGC
way,945486607,Travis Perkins,Travis Perkins,51.2754791,-2.7851115,E06000066,Somerset,point_within,ONS Local Authority Districts (December 2024) Boundaries UK BGC
way,158023827,Travis Perkins,Travis Perkins,52.1989491,-1.7149035,E07000221,Stratford-on-Avon,point_within,ONS Local Authority Districts (December 2024) Boundaries UK BGC
way,566390107,Travis Perkins,Travis Perkins,51.7514457,-3.3903147,W06000024,Merthyr Tydfil,point_within,ONS Local Authority Districts (December 2024) Boundaries UK BGC
way,444329772,Travis Perkins,Travis Perkins,53.7863279,-2.2687262,E07000117,Burnley,point_within,ONS Local Authority Districts (December 2024) Boundaries UK BGC
way,317350895,Travis Perkins,Travis Perkins,53.1836172,-2.5545346,E06000050,Cheshire West and Chester,point_within,ONS Local Authority Districts (December 2024) Boundaries UK BGC
way,55433340,Travis Perkins,Travis Perkins,52.2139658,-2.1796799,E07000237,Worcester,point_within,ONS Local Authority Districts (December 2024) Boundaries UK BGC
node,11188309893,Travis Perkins,Travis Perkins,51.523057,-0.6323083,E06000039,Slough,point_within,ONS Local Authority Districts (December 2024) Boundaries UK BGC
node,5217122062,Travis Perkins,Travis Perkins,51.2056408,-3.4691877,E06000066,Somerset,point_within,ONS Local Authority Districts (December 2024) Boundaries UK BGC
way,70451399,Travis Perkins,Travis Perkins,51.4647425,-2.6087396,E06000023,"Bristol, City of",point_within,ONS Local Authority Districts (December 2024) Boundaries UK BGC
way,540035136,Travis Perkins,Travis Perkins,52.7719073,-1.5700867,E07000039,South Derbyshire,point_within,ONS Local Authority Districts (December 2024) Boundaries UK BGC
relation,5655617,Travis Perkins,Travis Perkins,53.1945504,-3.4097072,W06000004,Denbighshire,point_within,ONS Local Authority Districts (December 2024) Boundaries UK BGC
way,161969346,Travis Perkins,Travis Perkins,51.627906,-3.6578115,W06000013,Bridgend,point_within,ONS Local Authority Districts (December 2024) Boundaries UK BGC
way,583364546,Travis Perkins,Travis Perkins,51.4959316,-2.5973255,E06000023,"Bristol, City of",point_within,ONS Local Authority Districts (December 2024) Boundaries UK BGC
way,375152561,Travis Perkins,Travis Perkins,51.7615993,-0.5575946,E07000096,Dacorum,point_within,ONS Local Authority Districts (December 2024) Boundaries UK BGC
way,148218886,Travis Perkins,Travis Perkins,51.1387353,-2.9981703,E06000066,Somerset,point_within,ONS Local Authority Districts (December 2024) Boundaries UK BGC
node,1134045681,Travis Perkins,Travis Perkins,52.8147328,-2.1156574,E07000197,Stafford,point_within,ONS Local Authority Districts (December 2024) Boundaries UK BGC
node,7177561084,Travis Perkins,Travis Perkins,51.883018,-0.4351777,E06000032,Luton,point_within,ONS Local Authority Districts (December 2024) Boundaries UK BGC
way,506305643,Travis Perkins,Travis Perkins,52.8156968,-1.6266786,E07000193,East Staffordshire,point_within,ONS Local Authority Districts (December 2024) Boundaries UK BGC
node,12768830754,Travis Perkins,Travis Perkins,51.4539436,-2.5715305,E06000023,"Bristol, City of",point_within,ONS Local Authority Districts (December 2024) Boundaries UK BGC
way,332959939,Travis Perkins,Travis Perkins,53.1126592,-2.4424711,E06000049,Cheshire East,point_within,ONS Local Authority Districts (December 2024) Boundaries UK BGC
way,558941242,Travis Perkins,Travis Perkins,51.5944061,-0.6834021,E06000060,Buckinghamshire,point_within,ONS Local Authority Districts (December 2024) Boundaries UK BGC
way,460068860,Travis Perkins,Travis Perkins,51.5089036,-2.557203,E06000025,South Gloucestershire,point_within,ONS Local Authority Districts (December 2024) Boundaries UK BGC
node,2875286594,Travis Perkins,Travis Perkins,53.7891298,-2.9880551,E07000119,Fylde,point_within,ONS Local Authority Districts (December 2024) Boundaries UK BGC
node,6890867137,Travis Perkins,Travis Perkins,52.1760342,-2.2310113,E07000237,Worcester,point_within,ONS Local Authority Districts (December 2024) Boundaries UK BGC
way,73889866,Travis Perkins,Travis Perkins,53.7655313,-2.7206444,E07000123,Preston,point_within,ONS Local Authority Districts (December 2024) Boundaries UK BGC
way,1036816805,Travis Perkins,Travis Perkins,53.700412,-1.7702479,E08000033,Calderdale,point_within,ONS Local Authority Districts (December 2024) Boundaries UK BGC
way,390103394,Travis Perkins,Travis Perkins,51.4318823,-2.539134,E06000023,"Bristol, City of",point_within,ONS Local Authority Districts (December 2024) Boundaries UK BGC
node,8479217917,Travis Perkins,Travis Perkins,51.4747969,-2.5347553,E06000023,"Bristol, City of",point_within,ONS Local Authority Districts (December 2024) Boundaries UK BGC
way,49159799,Travis Perkins,Travis Perkins,51.5169657,-0.7330297,E06000040,Windsor and Maidenhead,point_within,ONS Local Authority Districts (December 2024) Boundaries UK BGC
way,1162060768,Travis Perkins,Travis Perkins,52.6802123,-2.4585567,E06000020,Telford and Wrekin,point_within,ONS Local Authority Districts (December 2024) Boundaries UK BGC
way,60952231,Travis Perkins,Travis Perkins,51.2456011,-0.5797237,E07000209,Guildford,point_within,ONS Local Authority Districts (December 2024) Boundaries UK BGC
way,230330364,Travis Perkins,Travis Perkins,53.0983378,-2.0338853,E07000198,Staffordshire Moorlands,point_within,ONS Local Authority Districts (December 2024) Boundaries UK BGC
node,12480211325,Travis Perkins,Travis Perkins,52.7655859,-2.3774446,E06000020,Telford and Wrekin,point_within,ONS Local Authority Districts (December 2024) Boundaries UK BGC
node,5015482767,Travis Perkins,Travis Perkins,51.5172999,-2.501558,E06000025,South Gloucestershire,point_within,ONS Local Authority Districts (December 2024) Boundaries UK BGC
way,930719634,Travis Perkins,Travis Perkins,51.3761545,0.5264534,E06000035,Medway,point_within,ONS Local Authority Districts (December 2024) Boundaries UK BGC
way,157081479,Travis Perkins,Travis Perkins,52.0749136,-1.9327067,E07000238,Wychavon,point_within,ONS Local Authority Districts (December 2024) Boundaries UK BGC
way,420034204,Travis Perkins,Travis Perkins,52.9072259,-1.8727369,E07000193,East Staffordshire,point_within,ONS Local Authority Districts (December 2024) Boundaries UK BGC
node,4226288182,Travis Perkins,Travis Perkins,51.0964099,-0.2405292,E07000227,Horsham,point_within,ONS Local Authority Districts (December 2024) Boundaries UK BGC
way,265879133,Travis Perkins,Travis Perkins,52.9971935,-3.0413191,W06000006,Wrexham,point_within,ONS Local Authority Districts (December 2024) Boundaries UK BGC
way,331528867,Travis Perkins,Travis Perkins,53.882144,-2.3709279,E07000124,Ribble Valley,point_within,ONS Local Authority Districts (December 2024) Boundaries UK BGC
node,5596857689,Travis Perkins,Travis Perkins,51.4159479,-0.7617932,E06000036,Bracknell Forest,point_within,ONS Local Authority Districts (December 2024) Boundaries UK BGC
way,481870687,Travis Perkins,Travis Perkins,51.1551807,0.288742,E07000116,Tunbridge Wells,point_within,ONS Local Authority Districts (December 2024) Boundaries UK BGC
way,986127561,Travis Perkins,Travis Perkins,51.2994041,0.4982838,E07000110,Maidstone,point_within,ONS Local Authority Districts (December 2024) Boundaries UK BGC
node,9756926957,Travis Perkins,Travis Perkins,53.8382328,-3.0227089,E06000009,Blackpool,point_within,ONS Local Authority Districts (December 2024) Boundaries UK BGC
way,387135838,Travis Perkins,Travis Perkins,52.0545298,-1.7555545,E07000079,Cotswold,point_within,ONS Local Authority Districts (December 2024) Boundaries UK BGC
node,8242630192,Travis Perkins,Travis Perkins,51.3284624,-0.7550504,E07000214,Surrey Heath,point_within,ONS Local Authority Districts (December 2024) Boundaries UK BGC
way,343423725,Travis Perkins,Travis Perkins,51.0277064,-3.084701,E06000066,Somerset,point_within,ONS Local Authority Districts (December 2024) Boundaries UK BGC
node,2281844095,Travis Perkins,Travis Perkins,51.3712624,-0.7917906,E06000036,Bracknell Forest,point_within,ONS Local Authority Districts (December 2024) Boundaries UK BGC
node,687080965,Travis Perkins,Travis Perkins,53.7702262,-1.7152522,E08000032,Bradford,point_within,ONS Local Authority Districts (December 2024) Boundaries UK BGC
node,11397089629,Travis Perkins,Travis Perkins,53.787458,-1.7428243,E08000032,Bradford,point_within,ONS Local Authority Districts (December 2024) Boundaries UK BGC
way,721878721,Travis Perkins,Travis Perkins,52.7623822,-1.2950784,E07000130,Charnwood,point_within,ONS Local Authority Districts (December 2024) Boundaries UK BGC
way,945061641,Travis Perkins,Travis Perkins,52.7629234,-1.2949169,E07000130,Charnwood,point_within,ONS Local Authority Districts (December 2024) Boundaries UK BGC
way,541797109,Travis Perkins,Travis Perkins,51.5442258,-2.4331987,E06000025,South Gloucestershire,point_within,ONS Local Authority Districts (December 2024) Boundaries UK BGC
way,239056316,Travis Perkins,Travis Perkins,53.013623,-2.2148722,E06000021,Stoke-on-Trent,point_within,ONS Local Authority Districts (December 2024) Boundaries UK BGC
way,103184637,Travis Perkins,Travis Perkins,51.7831389,-2.6085358,E07000080,Forest of Dean,point_within,ONS Local Authority Districts (December 2024) Boundaries UK BGC
node,7100300380,Travis Perkins,Travis Perkins,53.4013694,-1.5042753,E08000019,Sheffield,point_within,ONS Local Authority Districts (December 2024) Boundaries UK BGC
way,941030945,Travis Perkins,Travis Perkins,51.7386272,0.6824631,E07000074,Maldon,point_within,ONS Local Authority Districts (December 2024) Boundaries UK BGC
node,2929927240,Travis Perkins,Travis Perkins,52.9706787,-2.6731947,E06000051,Shropshire,point_within,ONS Local Authority Districts (December 2024) Boundaries UK BGC
way,408940074,Travis Perkins,Travis Perkins Clearance Warehouse,52.6164869,-1.1343428,E06000016,Leicester,point_within,ONS Local Authority Districts (December 2024) Boundaries UK BGC
way,490672707,Travis Perkins,Travis Perkins,52.5882488,-1.1224752,E07000135,Oadby and Wigston,point_within,ONS Local Authority Districts (December 2024) Boundaries UK BGC
way,1181161240,Travis Perkins,Travis Perkins,51.5446945,0.7146454,E06000033,Southend-on-Sea,point_within,ONS Local Authority Districts (December 2024) Boundaries UK BGC
relation,9235805,Travis Perkins,Travis Perkins,52.6448952,-1.1433193,E06000016,Leicester,point_within,ONS Local Authority Districts (December 2024) Boundaries UK BGC
way,621207803,Travis Perkins,Travis Perkins,56.4137639,-3.4584177,S12000048,Perth and Kinross,point_within,ONS Local Authority Districts (December 2024) Boundaries UK BGC
way,438259489,Travis Perkins,Travis Perkins,52.9672534,-2.0656029,E07000198,Staffordshire Moorlands,point_within,ONS Local Authority Districts (December 2024) Boundaries UK BGC
node,12169417728,Travis Perkins,Travis Perkins,52.9029417,-1.4539917,E06000015,Derby,point_within,ONS Local Authority Districts (December 2024) Boundaries UK BGC
way,1246890241,Travis Perkins,Travis Perkins,51.2347484,0.5591517,E07000110,Maidstone,point_within,ONS Local Authority Districts (December 2024) Boundaries UK BGC
way,190799513,Travis Perkins,Travis Perkins,51.0444202,0.1824343,E07000065,Wealden,point_within,ONS Local Authority Districts (December 2024) Boundaries UK BGC
way,173078395,Travis Perkins,Travis Perkins,53.3658904,-1.4677852,E08000019,Sheffield,point_within,ONS Local Authority Districts (December 2024) Boundaries UK BGC
way,331311810,Travis Perkins,Travis Perkins,53.553855,-1.4594042,E08000016,Barnsley,point_within,ONS Local Authority Districts (December 2024) Boundaries UK BGC
way,1312791831,Travis Perkins,Travis Perkins,51.3798466,-2.3696237,E06000022,Bath and North East Somerset,point_within,ONS Local Authority Districts (December 2024) Boundaries UK BGC
node,5915573845,Travis Perkins,Travis Perkins,51.3809999,-0.8836934,E06000041,Wokingham,point_within,ONS Local Authority Districts (December 2024) Boundaries UK BGC
way,173591406,Travis Perkins,Travis Perkins,52.3701813,-2.6986945,E06000051,Shropshire,point_within,ONS Local Authority Districts (December 2024) Boundaries UK BGC
way,326567324,Travis Perkins,Travis Perkins,51.2830677,-0.838948,E07000089,Hart,point_within,ONS Local Authority Districts (December 2024) Boundaries UK BGC
way,704919056,Travis Perkins,Travis Perkins,52.2474693,-1.1542066,E06000062,West Northamptonshire,point_within,ONS Local Authority Districts (December 2024) Boundaries UK BGC
way,328759161,Travis Perkins,Travis Perkins,51.2831528,-0.8395126,E07000089,Hart,point_within,ONS Local Authority Districts (December 2024) Boundaries UK BGC
way,1287971654,Travis Perkins,Travis Perkins,51.0177204,-3.5320437,E06000066,Somerset,point_within,ONS Local Authority Districts (December 2024) Boundaries UK BGC
way,734600982,Travis Perkins,Travis Perkins,51.478255,-0.9319519,E07000179,South Oxfordshire,point_within,ONS Local Authority Districts (December 2024) Boundaries UK BGC
way,505587952,Travis Perkins,Travis Perkins,52.6837039,-1.0985272,E07000130,Charnwood,point_within,ONS Local Authority Districts (December 2024) Boundaries UK BGC
way,380041964,Travis Perkins,Travis Perkins,51.9976855,-2.1526426,E07000083,Tewkesbury,point_within,ONS Local Authority Districts (December 2024) Boundaries UK BGC
way,522930634,Travis Perkins,Travis Perkins,53.792638,-1.5978633,E08000035,Leeds,point_within,ONS Local Authority Districts (December 2024) Boundaries UK BGC
way,1314576512,Travis Perkins,Travis Perkins,52.9435693,-1.4669057,E06000015,Derby,point_within,ONS Local Authority Districts (December 2024) Boundaries UK BGC
way,946059018,Travis Perkins,Travis Perkins,51.8184442,-0.8296542,E06000060,Buckinghamshire,point_within,ONS Local Authority Districts (December 2024) Boundaries UK BGC
way,1291664724,Travis Perkins,Travis Perkins,51.8254664,-2.5108431,E07000080,Forest of Dean,point_within,ONS Local Authority Districts (December 2024) Boundaries UK BGC
way,1314374724,Travis Perkins,Travis Perkins,51.632972,0.8135714,E07000074,Maldon,point_within,ONS Local Authority Districts (December 2024) Boundaries UK BGC
way,495004694,Travis Perkins,Travis Perkins,52.0753835,-1.3260928,E07000177,Cherwell,point_within,ONS Local Authority Districts (December 2024) Boundaries UK BGC
way,713923310,Travis Perkins,Travis Perkins,51.2056884,-0.8214423,E07000216,Waverley,point_within,ONS Local Authority Districts (December 2024) Boundaries UK BGC
way,142143538,Travis Perkins,Travis Perkins,55.5907516,-2.4313678,S12000026,Scottish Borders,point_within,ONS Local Authority Districts (December 2024) Boundaries UK BGC
node,600580280,Travis Perkins,Travis Perkins,52.1446212,0.1467154,E07000012,South Cambridgeshire,point_within,ONS Local Authority Districts (December 2024) Boundaries UK BGC
way,146034169,Travis Perkins,Travis Perkins,52.8857526,-1.2684266,E07000036,Erewash,point_within,ONS Local Authority Districts (December 2024) Boundaries UK BGC
way,509603870,Travis Perkins,Travis Perkins,53.2627761,-1.4271453,E07000034,Chesterfield,point_within,ONS Local Authority Districts (December 2024) Boundaries UK BGC
way,505623889,Travis Perkins,Travis Perkins,50.9553109,-0.1410136,E07000228,Mid Sussex,point_within,ONS Local Authority Districts (December 2024) Boundaries UK BGC
way,156329065,Travis Perkins,Travis Perkins,53.4073862,-1.3607555,E08000018,Rotherham,point_within,ONS Local Authority Districts (December 2024) Boundaries UK BGC
node,471496839,Travis Perkins,Travis Perkins,52.0744284,0.4428855,E07000245,West Suffolk,point_within,ONS Local Authority Districts (December 2024) Boundaries UK BGC
way,219770358,Travis Perkins,Travis Perkins,52.0748103,0.4425886,E07000245,West Suffolk,point_within,ONS Local Authority Districts (December 2024) Boundaries UK BGC
way,380329661,Travis Perkins,Travis Perkins,53.2336054,-1.4375734,E07000034,Chesterfield,point_within,ONS Local Authority Districts (December 2024) Boundaries UK BGC
way,127212790,Travis Perkins,Travis Perkins,52.8526417,-3.0470792,E06000051,Shropshire,point_within,ONS Local Authority Districts (December 2024) Boundaries UK BGC
way,1314382542,Travis Perkins,Travis Perkins,52.0367777,-2.4346867,E06000019,"Herefordshire, County of",point_within,ONS Local Authority Districts (December 2024) Boundaries UK BGC
node,3268232406,Travis Perkins,Travis Perkins,51.0962244,0.5263136,E07000116,Tunbridge Wells,point_within,ONS Local Authority Districts (December 2024) Boundaries UK BGC
node,10862450597,Travis Perkins,Travis Perkins,52.7430017,-2.7322548,E06000051,Shropshire,point_within,ONS Local Authority Districts (December 2024) Boundaries UK BGC
way,1074782841,Travis Perkins,Travis Perkins,51.9404962,-1.554629,E07000181,West Oxfordshire,point_within,ONS Local Authority Districts (December 2024) Boundaries UK BGC
way,424322863,Travis Perkins,Travis Perkins,51.9125346,-2.0983085,E07000078,Cheltenham,point_within,ONS Local Authority Districts (December 2024) Boundaries UK BGC
way,344601448,Travis Perkins,Travis Perkins,52.9600354,-1.2946869,E07000036,Erewash,point_within,ONS Local Authority Districts (December 2024) Boundaries UK BGC
way,126328194,Travis Perkins,Travis Perkins,51.4517,-1.0549107,E06000037,West Berkshire,point_within,ONS Local Authority Districts (December 2024) Boundaries UK BGC
way,1189678462,Travis Perkins,Travis Perkins,52.1948667,0.172919,E07000008,Cambridge,point_within,ONS Local Authority Districts (December 2024) Boundaries UK BGC
way,1189678461,Travis Perkins,Travis Perkins,52.1951615,0.1733916,E07000008,Cambridge,point_within,ONS Local Authority Districts (December 2024) Boundaries UK BGC
node,6528406356,Travis Perkins,Travis Perkins,53.8269842,-1.4572496,E08000035,Leeds,point_within,ONS Local Authority Districts (December 2024) Boundaries UK BGC
way,308752000,Travis Perkins,Travis Perkins,50.9033522,-3.4808111,E07000042,Mid Devon,point_within,ONS Local Authority Districts (December 2024) Boundaries UK BGC
way,645304709,Travis Perkins,Travis Perkins,53.6951636,-1.3183936,E08000036,Wakefield,point_within,ONS Local Authority Districts (December 2024) Boundaries UK BGC
way,1304753812,Travis Perkins,Travis Perkins,51.8826504,-2.0750009,E07000078,Cheltenham,point_within,ONS Local Authority Districts (December 2024) Boundaries UK BGC
way,1419654934,Travis Perkins,Travis Perkins,51.4146251,-2.165854,E06000054,Wiltshire,point_within,ONS Local Authority Districts (December 2024) Boundaries UK BGC
way,1319289777,Travis Perkins,Travis Perkins,51.0563466,-2.4139975,E06000066,Somerset,point_within,ONS Local Authority Districts (December 2024) Boundaries UK BGC
way,247955103,Travis Perkins,Travis Perkins,52.9367727,-1.1650571,E06000018,Nottingham,point_within,ONS Local Authority Districts (December 2024) Boundaries UK BGC
way,397866989,Travis Perkins,Travis Perkins,53.0184198,-1.3216786,E07000032,Amber Valley,point_within,ONS Local Authority Districts (December 2024) Boundaries UK BGC
way,587065623,Travis Perkins,Travis Perkins,52.2337968,0.1347153,E07000008,Cambridge,point_within,ONS Local Authority Districts (December 2024) Boundaries UK BGC
way,64240846,Travis Perkins,Travis Perkins,56.5869514,-3.3299918,S12000048,Perth and Kinross,point_within,ONS Local Authority Districts (December 2024) Boundaries UK BGC
node,9453862883,Travis Perkins,Travis Perkins,53.048546,-1.3856392,E07000032,Amber Valley,point_within,ONS Local Authority Districts (December 2024) Boundaries UK BGC
way,552944083,Travis Perkins,Travis Perkins,51.4581927,-2.1306597,E06000054,Wiltshire,point_within,ONS Local Authority Districts (December 2024) Boundaries UK BGC
way,1230436263,Travis Perkins,Travis Perkins,52.0548142,-2.7234855,E06000019,"Herefordshire, County of",point_within,ONS Local Authority Districts (December 2024) Boundaries UK BGC
way,1129979626,Travis Perkins,Travis Perkins,51.7440191,-2.2213824,E07000082,Stroud,point_within,ONS Local Authority Districts (December 2024) Boundaries UK BGC
way,232753430,Travis Perkins,Travis Perkins,51.275915,-1.0654902,E07000084,Basingstoke and Deane,point_within,ONS Local Authority Districts (December 2024) Boundaries UK BGC
way,156859801,Travis Perkins,Travis Perkins,51.6736124,-4.1420191,W06000010,Carmarthenshire,point_within,ONS Local Authority Districts (December 2024) Boundaries UK BGC
way,470279536,Travis Perkins,Travis Perkins,52.2352488,-0.9164939,E06000062,West Northamptonshire,point_within,ONS Local Authority Districts (December 2024) Boundaries UK BGC
way,936774319,Travis Perkins,Travis Perkins,52.7537665,-0.9094128,E07000133,Melton,point_within,ONS Local Authority Districts (December 2024) Boundaries UK BGC
way,102355671,Travis Perkins,Travis Perkins,52.0231343,-1.1461379,E06000062,West Northamptonshire,point_within,ONS Local Authority Districts (December 2024) Boundaries UK BGC
way,1012847883,Travis Perkins,Travis Perkins,56.5523553,-2.6159951,S12000041,Angus,point_within,ONS Local Authority Districts (December 2024) Boundaries UK BGC
way,254558480,Travis Perkins,Travis Perkins,52.4450473,-0.8136663,E06000061,North Northamptonshire,point_within,ONS Local Authority Districts (December 2024) Boundaries UK BGC
way,1210078462,Travis Perkins,Travis Perkins,54.070798,-2.8627265,E07000121,Lancaster,point_within,ONS Local Authority Districts (December 2024) Boundaries UK BGC
way,1471633110,Travis Perkins,Travis Perkins,51.8809041,0.9296218,E07000071,Colchester,point_within,ONS Local Authority Districts (December 2024) Boundaries UK BGC
way,330244636,Travis Perkins,Travis Perkins,53.0099566,-1.1887932,E06000018,Nottingham,point_within,ONS Local Authority Districts (December 2024) Boundaries UK BGC
node,12345891453,Travis Perkins,Travis Perkins,50.8276907,-0.1393726,E06000043,Brighton and Hove,point_within,ONS Local Authority Districts (December 2024) Boundaries UK BGC
way,235901525,Travis Perkins,Travis Perkins,50.8320502,-0.2534372,E07000223,Adur,point_within,ONS Local Authority Districts (December 2024) Boundaries UK BGC
node,565763579,Travis Perkins,Travis Perkins,50.8318811,-0.2532852,E07000223,Adur,point_within,ONS Local Authority Districts (December 2024) Boundaries UK BGC
node,565763578,Travis Perkins,Travis Perkins,50.8319759,-0.2554118,E07000223,Adur,point_within,ONS Local Authority Districts (December 2024) Boundaries UK BGC
way,620660998,Travis Perkins,Travis Perkins,50.8608301,0.2476501,E07000065,Wealden,point_within,ONS Local Authority Districts (December 2024) Boundaries UK BGC
way,108858932,Travis Perkins,Travis Perkins,52.2155761,-0.8530571,E06000062,West Northamptonshire,point_within,ONS Local Authority Districts (December 2024) Boundaries UK BGC
way,152901525,Travis Perkins,Travis Perkins,52.2953299,0.1292729,E07000012,South Cambridgeshire,point_within,ONS Local Authority Districts (December 2024) Boundaries UK BGC
way,108858960,Travis Perkins,Travis Perkins,52.2159642,-0.8480184,E06000062,West Northamptonshire,point_within,ONS Local Authority Districts (December 2024) Boundaries UK BGC
way,398734706,Travis Perkins,Travis Perkins,51.0746913,-4.0601659,E07000043,North Devon,point_within,ONS Local Authority Districts (December 2024) Boundaries UK BGC
node,1843701795,Travis Perkins,Travis Perkins,51.9888335,-0.9913558,E06000060,Buckinghamshire,point_within,ONS Local Authority Districts (December 2024) Boundaries UK BGC
way,981388766,Travis Perkins,Travis Perkins,50.8282215,-0.3659369,E07000229,Worthing,point_within,ONS Local Authority Districts (December 2024) Boundaries UK BGC
way,1284521723,Travis Perkins,Travis Perkins,53.3143544,-1.1414628,E07000171,Bassetlaw,point_within,ONS Local Authority Districts (December 2024) Boundaries UK BGC
node,11056594213,Travis Perkins,Travis Perkins,50.8419532,-0.4498992,E07000224,Arun,point_within,ONS Local Authority Districts (December 2024) Boundaries UK BGC
way,637975359,Travis Perkins,Travis Perkins,52.259532,0.3897486,E07000245,West Suffolk,point_within,ONS Local Authority Districts (December 2024) Boundaries UK BGC
way,467058333,Travis Perkins,Travis Perkins,52.4070339,-0.744402,E06000061,North Northamptonshire,point_within,ONS Local Authority Districts (December 2024) Boundaries UK BGC
way,813650035,Travis Perkins,Travis Perkins,51.1421338,0.8717787,E07000105,Ashford,point_within,ONS Local Authority Districts (December 2024) Boundaries UK BGC
way,643087565,Travis Perkins,Travis Perkins,51.606905,-1.234388,E07000179,South Oxfordshire,point_within,ONS Local Authority Districts (December 2024) Boundaries UK BGC
way,238260900,Travis Perkins,Travis Perkins,54.1259594,-2.7692416,E07000121,Lancaster,point_within,ONS Local Authority Districts (December 2024) Boundaries UK BGC
way,338932612,Travis Perkins,Travis Perkins,54.1172341,-3.2373242,E06000064,Westmorland and Furness,point_within,ONS Local Authority Districts (December 2024) Boundaries UK BGC
way,178280261,Travis Perkins,Travis Perkins,52.6734249,-0.733309,E06000017,Rutland,point_within,ONS Local Authority Districts (December 2024) Boundaries UK BGC
way,295889921,Travis Perkins,Travis Perkins,54.002836,-1.4487383,E06000065,North Yorkshire,point_within,ONS Local Authority Districts (December 2024) Boundaries UK BGC
way,1271149320,Travis Perkins,Travis Perkins,51.1010823,-4.1532979,E07000043,North Devon,point_within,ONS Local Authority Districts (December 2024) Boundaries UK BGC
way,546607551,Travis Perkins,Travis Perkins,52.339684,-0.18774,E07000011,Huntingdonshire,point_within,ONS Local Authority Districts (December 2024) Boundaries UK BGC
way,135354178,Travis Perkins,Travis Perkins,50.8071104,-0.5424132,E07000224,Arun,point_within,ONS Local Authority Districts (December 2024) Boundaries UK BGC
way,1498168898,Travis Perkins,Travis Perkins,51.7763087,-1.4859147,E07000181,West Oxfordshire,point_within,ONS Local Authority Districts (December 2024) Boundaries UK BGC
way,1436553228,Travis Perkins,Travis Perkins,51.7757467,-1.4859241,E07000181,West Oxfordshire,point_within,ONS Local Authority Districts (December 2024) Boundaries UK BGC
node,13203804551,Travis Perkins,Travis Perkins,51.7757384,-1.4859254,E07000181,West Oxfordshire,point_within,ONS Local Authority Districts (December 2024) Boundaries UK BGC
node,11547267292,Travis Perkins,Travis Perkins,50.7285645,-2.9450495,E06000059,Dorset,point_within,ONS Local Authority Districts (December 2024) Boundaries UK BGC
way,554135984,Travis Perkins,Travis Perkins,52.3188932,-0.6797774,E06000061,North Northamptonshire,point_within,ONS Local Authority Districts (December 2024) Boundaries UK BGC
node,2525938409,Travis Perkins,Travis Perkins,51.0185776,-2.1876499,E06000054,Wiltshire,point_within,ONS Local Authority Districts (December 2024) Boundaries UK BGC
relation,14553398,Travis Perkins,Travis Perkins,51.7306847,-4.3072561,W06000010,Carmarthenshire,point_within,ONS Local Authority Districts (December 2024) Boundaries UK BGC
way,912467636,Travis Perkins,Travis Perkins,50.8620795,0.5558323,E07000062,Hastings,point_within,ONS Local Authority Districts (December 2024) Boundaries UK BGC
way,368298847,Travis Perkins,Travis Perkins,52.6548528,-3.1387567,W06000023,Powys,point_within,ONS Local Authority Districts (December 2024) Boundaries UK BGC
way,108447191,Travis Perkins,Travis Perkins,51.7999912,1.1573595,E07000076,Tendring,point_within,ONS Local Authority Districts (December 2024) Boundaries UK BGC
way,820493771,Travis Perkins,Travis Perkins,50.7747351,0.2884763,E07000061,Eastbourne,point_within,ONS Local Authority Districts (December 2024) Boundaries UK BGC
way,373920287,Travis Perkins,Travis Perkins,51.7043711,-1.9592593,E07000079,Cotswold,point_within,ONS Local Authority Districts (December 2024) Boundaries UK BGC
node,12199138171,Travis Perkins,Travis Perkins,50.7395231,-2.7455435,E06000059,Dorset,point_within,ONS Local Authority Districts (December 2024) Boundaries UK BGC
node,315537668,Travis Perkins,Travis Perkins,51.2919392,1.100205,E07000106,Canterbury,point_within,ONS Local Authority Districts (December 2024) Boundaries UK BGC
way,254761711,Travis Perkins,Travis Perkins,51.7523198,-1.2957605,E07000180,Vale of White Horse,point_within,ONS Local Authority Districts (December 2024) Boundaries UK BGC
way,238426473,Travis Perkins,Travis Perkins,54.1287294,-1.5045671,E06000065,North Yorkshire,point_within,ONS Local Authority Districts (December 2024) Boundaries UK BGC
node,8986305124,Travis Perkins,Travis Perkins,50.7039557,-3.5267253,E07000041,Exeter,point_within,ONS Local Authority Districts (December 2024) Boundaries UK BGC
way,224229810,Travis Perkins,Travis Perkins,52.399319,0.2728144,E07000009,East Cambridgeshire,point_within,ONS Local Authority Districts (December 2024) Boundaries UK BGC
way,1259078161,Travis Perkins,Travis Perkins,54.228448,-2.775568,E06000064,Westmorland and Furness,point_within,ONS Local Authority Districts (December 2024) Boundaries UK BGC
way,296052464,Travis Perkins,Travis Perkins,53.1351878,-4.2711287,W06000002,Gwynedd,point_within,ONS Local Authority Districts (December 2024) Boundaries UK BGC
way,1466042200,Travis Perkins,Travis Perkins,51.563574,-1.8203706,E06000030,Swindon,point_within,ONS Local Authority Districts (December 2024) Boundaries UK BGC
way,245864254,Travis Perkins,Travis Perkins,56.7267356,-2.4623972,S12000041,Angus,point_within,ONS Local Authority Districts (December 2024) Boundaries UK BGC
way,821400921,Travis Perkins,Travis Perkins,52.4633972,0.0475566,E07000010,Fenland,point_within,ONS Local Authority Districts (December 2024) Boundaries UK BGC
way,28943267,Travis Perkins,Travis Perkins,52.0616313,1.127698,E07000202,Ipswich,point_within,ONS Local Authority Districts (December 2024) Boundaries UK BGC
way,225902620,Travis Perkins,Travis Perkins,52.9300727,-4.1434261,W06000002,Gwynedd,point_within,ONS Local Authority Districts (December 2024) Boundaries UK BGC
node,12127642716,Travis Perkins,Travis Perkins,52.1205944,-4.0777995,W06000008,Ceredigion,point_within,ONS Local Authority Districts (December 2024) Boundaries UK BGC
way,445044314,Travis Perkins,Travis Perkins,52.186428,1.0012324,E07000203,Mid Suffolk,point_within,ONS Local Authority Districts (December 2024) Boundaries UK BGC
way,665769441,Travis Perkins,Travis Perkins,52.5121998,-3.314214,W06000023,Powys,point_within,ONS Local Authority Districts (December 2024) Boundaries UK BGC
way,59109929,Travis Perkins,Travis Perkins,53.9586776,-1.0718091,E06000014,York,point_within,ONS Local Authority Districts (December 2024) Boundaries UK BGC
node,11985259510,Travis Perkins,Travis Perkins,51.5748986,-1.7677591,E06000030,Swindon,point_within,ONS Local Authority Districts (December 2024) Boundaries UK BGC
node,5679130432,Travis Perkins,Travis Perkins,53.9873002,-1.0972878,E06000014,York,point_within,ONS Local Authority Districts (December 2024) Boundaries UK BGC
way,769262687,Travis Perkins,Travis Perkins,52.6633225,-0.4661952,E07000141,South Kesteven,point_within,ONS Local Authority Districts (December 2024) Boundaries UK BGC
way,1190467063,Travis Perkins,Travis Perkins,51.0931688,1.1482745,E07000112,Folkestone and Hythe,point_within,ONS Local Authority Districts (December 2024) Boundaries UK BGC
way,295802539,Travis Perkins,Travis Perkins,51.4182198,-1.7290811,E06000054,Wiltshire,point_within,ONS Local Authority Districts (December 2024) Boundaries UK BGC
way,200666298,Travis Perkins,Travis Perkins,53.0905983,-0.7872615,E07000175,Newark and Sherwood,point_within,ONS Local Authority Districts (December 2024) Boundaries UK BGC
way,992211869,Travis Perkins,Travis Perkins,50.7436296,-3.9975473,E07000047,West Devon,point_within,ONS Local Authority Districts (December 2024) Boundaries UK BGC
way,32235666,Travis Perkins,Travis Perkins,50.8218974,-1.0528007,E06000044,Portsmouth,point_within,ONS Local Authority Districts (December 2024) Boundaries UK BGC
way,354300786,Travis Perkins,Travis Perkins,54.3351765,-2.7420856,E06000064,Westmorland and Furness,point_within,ONS Local Authority Districts (December 2024) Boundaries UK BGC
way,153073758,Travis Perkins,Travis Perkins,51.2131111,-1.4875372,E07000093,Test Valley,point_within,ONS Local Authority Districts (December 2024) Boundaries UK BGC
way,968530786,Travis Perkins,Travis Perkins,52.4366221,0.6076283,E07000245,West Suffolk,point_within,ONS Local Authority Districts (December 2024) Boundaries UK BGC
way,340899380,Travis Perkins,Travis Perkins,51.3690107,1.3889617,E07000114,Thanet,point_within,ONS Local Authority Districts (December 2024) Boundaries UK BGC
way,190429577,Travis Perkins,Travis Perkins,52.0655179,1.2805741,E07000244,East Suffolk,point_within,ONS Local Authority Districts (December 2024) Boundaries UK BGC
node,11357352877,Travis Perkins,Travis Perkins,51.1536834,1.3043468,E07000108,Dover,point_within,ONS Local Authority Districts (December 2024) Boundaries UK BGC
way,80499173,Travis Perkins,Travis Perkins,50.9759175,-1.3615428,E07000086,Eastleigh,point_within,ONS Local Authority Districts (December 2024) Boundaries UK BGC
way,89159280,Travis Perkins,Travis Perkins,52.5765768,-0.2191231,E06000031,Peterborough,point_within,ONS Local Authority Districts (December 2024) Boundaries UK BGC
way,429675834,Travis Perkins,Travis Perkins,53.3045749,-4.6314065,W06000001,Isle of Anglesey,point_within,ONS Local Authority Districts (December 2024) Boundaries UK BGC
way,306236220,Travis Perkins,Travis Perkins,53.9285695,-0.7787632,E06000011,East Riding of Yorkshire,point_within,ONS Local Authority Districts (December 2024) Boundaries UK BGC
way,93812426,Travis Perkins,Travis Perkins,51.7317522,-4.7249285,W06000009,Pembrokeshire,point_within,ONS Local Authority Districts (December 2024) Boundaries UK BGC
way,148511211,Travis Perkins,Travis Perkins,50.9968617,-1.4971853,E07000093,Test Valley,point_within,ONS Local Authority Districts (December 2024) Boundaries UK BGC
way,201321411,Travis Perkins,Travis Perkins,50.4893112,-3.5353166,E06000027,Torbay,point_within,ONS Local Authority Districts (December 2024) Boundaries UK BGC
node,4095048298,Travis Perkins,Travis Perkins,50.7186249,-1.1555375,E06000046,Isle of Wight,point_within,ONS Local Authority Districts (December 2024) Boundaries UK BGC
way,775589601,Travis Perkins,Travis Perkins,52.3790736,1.1060611,E07000149,South Norfolk,point_within,ONS Local Authority Districts (December 2024) Boundaries UK BGC
node,848521210,Travis Perkins,Travis Perkins,50.841171,-1.3919887,E07000091,New Forest,point_within,ONS Local Authority Districts (December 2024) Boundaries UK BGC
way,406963394,Travis Perkins,Travis Perkins,52.6575724,0.1525515,E07000010,Fenland,point_within,ONS Local Authority Districts (December 2024) Boundaries UK BGC
way,243575694,Travis Perkins,Travis Perkins,50.7521207,-1.9264675,E06000058,"Bournemouth, Christchurch and Poole",point_within,ONS Local Authority Districts (December 2024) Boundaries UK BGC
way,1228816381,Travis Perkins,Travis Perkins,52.4752775,0.95227,E07000143,Breckland,point_within,ONS Local Authority Districts (December 2024) Boundaries UK BGC
way,526577710,Travis Perkins,Travis Perkins,52.5890881,-4.0969261,W06000002,Gwynedd,point_within,ONS Local Authority Districts (December 2024) Boundaries UK BGC
node,12123907721,Travis Perkins,Travis Perkins,56.8244223,-5.0870181,S12000017,Highland,point_within,ONS Local Authority Districts (December 2024) Boundaries UK BGC
node,13241136475,Travis Perkins,Travis Perkins,50.7475584,-1.8782976,E06000058,"Bournemouth, Christchurch and Poole",point_within,ONS Local Authority Districts (December 2024) Boundaries UK BGC
way,722865226,Travis Perkins,Travis Perkins,50.8278526,-4.5435685,E06000052,Cornwall,point_within,ONS Local Authority Districts (December 2024) Boundaries UK BGC
way,318388378,Travis Perkins,Travis Perkins,54.8837479,-2.9338651,E06000063,Cumberland,point_within,ONS Local Authority Districts (December 2024) Boundaries UK BGC
way,136378313,Travis Perkins,Travis Perkins,50.4339755,-3.6888092,E07000044,South Hams,point_within,ONS Local Authority Districts (December 2024) Boundaries UK BGC
way,1162824281,Travis Perkins,Travis Perkins,50.7304417,-1.8387917,E06000058,"Bournemouth, Christchurch and Poole",point_within,ONS Local Authority Districts (December 2024) Boundaries UK BGC
way,1263209225,Travis Perkins,Travis Perkins,50.5384094,-4.1467281,E07000047,West Devon,point_within,ONS Local Authority Districts (December 2024) Boundaries UK BGC
way,394441289,Travis Perkins,Travis Perkins,52.6510691,0.6772149,E07000143,Breckland,point_within,ONS Local Authority Districts (December 2024) Boundaries UK BGC
node,11435872099,Travis Perkins,Travis Perkins,50.616481,-1.2223014,E06000046,Isle of Wight,point_within,ONS Local Authority Districts (December 2024) Boundaries UK BGC
way,454871176,Travis Perkins,Travis Perkins,50.736996,-1.7534257,E06000058,"Bournemouth, Christchurch and Poole",point_within,ONS Local Authority Districts (December 2024) Boundaries UK BGC
way,601097224,Travis Perkins,Travis Perkins,50.3531525,-3.5783411,E07000044,South Hams,point_within,ONS Local Authority Districts (December 2024) Boundaries UK BGC
node,4375555060,Travis Perkins,Travis Perkins,54.5237613,-3.5255754,E06000063,Cumberland,point_within,ONS Local Authority Districts (December 2024) Boundaries UK BGC
node,13342475316,Travis Perkins,Travis Perkins,53.3892665,-0.3318349,E07000142,West Lindsey,point_within,ONS Local Authority Districts (December 2024) Boundaries UK BGC
way,1420055731,Travis Perkins,Travis Perkins,50.7726338,-1.5499391,E07000091,New Forest,point_within,ONS Local Authority Districts (December 2024) Boundaries UK BGC
way,1314412850,Travis Perkins,Travis Perkins,51.7982164,-4.9842512,W06000009,Pembrokeshire,point_within,ONS Local Authority Districts (December 2024) Boundaries UK BGC
node,5448836312,Travis Perkins,Travis Perkins,50.747856,-1.6656483,E07000091,New Forest,point_within,ONS Local Authority Districts (December 2024) Boundaries UK BGC
way,376737333,Travis Perkins,Travis Perkins,52.7654263,0.3965901,E07000146,King's Lynn and West Norfolk,point_within,ONS Local Authority Districts (December 2024) Boundaries UK BGC
way,1131178538,Travis Perkins,Travis Perkins,51.7268039,-5.0304472,W06000009,Pembrokeshire,point_within,ONS Local Authority Districts (December 2024) Boundaries UK BGC
way,203292781,Travis Perkins,Travis Perkins,53.7461271,-0.324436,E06000010,"Kingston upon Hull, City of",point_within,ONS Local Authority Districts (December 2024) Boundaries UK BGC
way,336042622,Travis Perkins,Travis Perkins,54.6044707,-3.118751,E06000063,Cumberland,point_within,ONS Local Authority Districts (December 2024) Boundaries UK BGC
node,9004779046,Travis Perkins,Travis Perkins,52.5382927,1.1915038,E07000149,South Norfolk,point_within,ONS Local Authority Districts (December 2024) Boundaries UK BGC
node,3829074794,Travis Perkins,Travis Perkins,54.6389437,-1.6965969,E06000047,County Durham,point_within,ONS Local Authority Districts (December 2024) Boundaries UK BGC
way,394956648,Travis Perkins,Travis Perkins,52.6746205,0.9524308,E07000143,Breckland,point_within,ONS Local Authority Districts (December 2024) Boundaries UK BGC
way,190654921,Travis Perkins,Travis Perkins,52.9718858,-0.0263687,E07000136,Boston,point_within,ONS Local Authority Districts (December 2024) Boundaries UK BGC
node,6698465970,Travis Perkins,Travis Perkins,54.6668104,-2.7608486,E06000064,Westmorland and Furness,point_within,ONS Local Authority Districts (December 2024) Boundaries UK BGC
way,240777471,Travis Perkins,Travis Perkins,50.417839,-4.2327077,E06000052,Cornwall,point_within,ONS Local Authority Districts (December 2024) Boundaries UK BGC
way,1230436707,Travis Perkins,Travis Perkins,50.3699985,-4.1292658,E06000026,Plymouth,point_within,ONS Local Authority Districts (December 2024) Boundaries UK BGC
way,294333965,Travis Perkins,Travis Perkins,54.6388316,-3.561173,E06000063,Cumberland,point_within,ONS Local Authority Districts (December 2024) Boundaries UK BGC
node,4432335742,Travis Perkins,Travis Perkins,54.9661925,-1.7088984,E08000037,Gateshead,point_within,ONS Local Authority Districts (December 2024) Boundaries UK BGC
way,233274332,Travis Perkins,Travis Perkins,53.209338,-0.1177907,E07000137,East Lindsey,point_within,ONS Local Authority Districts (December 2024) Boundaries UK BGC
way,547315153,Travis Perkins,Travis Perkins,52.6138109,1.3098164,E07000148,Norwich,point_within,ONS Local Authority Districts (December 2024) Boundaries UK BGC
way,333527164,Travis Perkins,Travis Perkins,55.0204949,-1.5433592,E08000022,North Tyneside,point_within,ONS Local Authority Districts (December 2024) Boundaries UK BGC
way,1170049708,Travis Perkins,Travis Perkins,52.4635555,1.5663859,E07000244,East Suffolk,point_within,ONS Local Authority Districts (December 2024) Boundaries UK BGC
way,114868987,Travis Perkins,Travis Perkins,53.5756344,-0.0738541,E06000012,North East Lincolnshire,point_within,ONS Local Authority Districts (December 2024) Boundaries UK BGC
node,11410790664,Travis Perkins,Travis Perkins,52.6555022,1.2836342,E07000148,Norwich,point_within,ONS Local Authority Districts (December 2024) Boundaries UK BGC
way,445484512,Travis Perkins,Travis Perkins,54.8966996,-1.7313417,E06000047,County Durham,point_within,ONS Local Authority Districts (December 2024) Boundaries UK BGC
way,1257419128,Travis Perkins,Travis Perkins,52.6284599,1.3844353,E07000144,Broadland,point_within,ONS Local Authority Districts (December 2024) Boundaries UK BGC
way,501700108,Travis Perkins,Travis Perkins,54.2398536,-0.4139521,E06000065,North Yorkshire,point_within,ONS Local Authority Districts (December 2024) Boundaries UK BGC
way,1230436711,Travis Perkins,Travis Perkins,54.6670933,-1.2140382,E06000001,Hartlepool,point_within,ONS Local Authority Districts (December 2024) Boundaries UK BGC
way,793241020,Travis Perkins,Travis Perkins,52.4460948,1.7218093,E07000244,East Suffolk,point_within,ONS Local Authority Districts (December 2024) Boundaries UK BGC
way,194669253,Travis Perkins,Travis Perkins,54.7814204,-1.5389337,E06000047,County Durham,point_within,ONS Local Authority Districts (December 2024) Boundaries UK BGC
way,242644127,Travis Perkins,Travis Perkins,50.4589083,-4.7081647,E06000052,Cornwall,point_within,ONS Local Authority Districts (December 2024) Boundaries UK BGC
way,243486056,Travis Perkins,Travis Perkins,52.5947815,1.7182309,E07000145,Great Yarmouth,point_within,ONS Local Authority Districts (December 2024) Boundaries UK BGC
way,1026103474,Travis Perkins,Travis Perkins,52.8264297,1.3702574,E07000147,North Norfolk,point_within,ONS Local Authority Districts (December 2024) Boundaries UK BGC
way,210041502,Travis Perkins,Travis Perkins,52.9273716,1.2868505,E07000147,North Norfolk,point_within,ONS Local Authority Districts (December 2024) Boundaries UK BGC
way,959098649,Travis Perkins,Travis Perkins,57.541508,-2.4594929,S12000034,Aberdeenshire,point_within,ONS Local Authority Districts (December 2024) Boundaries UK BGC
way,67916362,Travis Perkins,Travis Perkins,57.4845957,-4.2291066,S12000017,Highland,point_within,ONS Local Authority Districts (December 2024) Boundaries UK BGC
way,656018943,Travis Perkins,Travis Perkins,50.2655748,-5.1009406,E06000052,Cornwall,point_within,ONS Local Authority Districts (December 2024) Boundaries UK BGC
way,978237203,Travis Perkins,Travis Perkins,57.5991674,-4.4407622,S12000017,Highland,point_within,ONS Local Authority Districts (December 2024) Boundaries UK BGC
way,717932713,Travis Perkins,Travis Perkins,57.6884205,-4.175759,S12000017,Highland,point_within,ONS Local Authority Districts (December 2024) Boundaries UK BGC
way,172190965,Wolseley,Wolseley,53.4813513,-2.2757286,E08000006,Salford,point_within,ONS Local Authority Districts (December 2024) Boundaries UK BGC
node,3120449211,Wolseley,Wolseley,55.96304,-3.1652856,S12000036,City of Edinburgh,point_within,ONS Local Authority Districts (December 2024) Boundaries UK BGC
way,127892543,Wolseley,Wolseley,51.6011151,-0.0226466,E09000031,Waltham Forest,point_within,ONS Local Authority Districts (December 2024) Boundaries UK BGC
way,409579454,Wolseley,Wolseley,51.6010086,-0.0226183,E09000031,Waltham Forest,point_within,ONS Local Authority Districts (December 2024) Boundaries UK BGC
node,10951422057,Wolseley,Wolseley,55.8755493,-4.2629461,S12000049,Glasgow City,point_within,ONS Local Authority Districts (December 2024) Boundaries UK BGC
node,11662302391,Wolseley,Wolseley,55.9342389,-3.1463253,S12000036,City of Edinburgh,point_within,ONS Local Authority Districts (December 2024) Boundaries UK BGC
node,12677563334,Wolseley,Wolseley,52.5086843,-1.9708521,E08000028,Sandwell,point_within,ONS Local Authority Districts (December 2024) Boundaries UK BGC
node,10949097579,Wolseley,Wolseley,53.4663614,-2.9937851,E08000014,Sefton,point_within,ONS Local Authority Districts (December 2024) Boundaries UK BGC
node,10951424190,Wolseley,Wolseley,55.8033297,-4.3273205,S12000049,Glasgow City,point_within,ONS Local Authority Districts (December 2024) Boundaries UK BGC
node,13056118130,Wolseley,Wolseley,51.4457809,-0.1452936,E09000022,Lambeth,point_within,ONS Local Authority Districts (December 2024) Boundaries UK BGC
way,1430101237,Wolseley,Wolseley,52.5021361,-1.9952656,E08000028,Sandwell,point_within,ONS Local Authority Districts (December 2024) Boundaries UK BGC
node,3851589997,Wolseley,Wolseley,55.9355099,-3.2426706,S12000036,City of Edinburgh,point_within,ONS Local Authority Districts (December 2024) Boundaries UK BGC
way,223478954,Wolseley,Wolseley,51.5804271,-0.1530042,E09000014,Haringey,point_within,ONS Local Authority Districts (December 2024) Boundaries UK BGC
way,191368665,Wolseley,Wolseley,52.5299716,-1.7806223,E08000025,Birmingham,point_within,ONS Local Authority Districts (December 2024) Boundaries UK BGC
way,740817888,Wolseley,Wolseley,51.6189167,-0.1782713,E09000003,Barnet,point_within,ONS Local Authority Districts (December 2024) Boundaries UK BGC
node,12925609366,Wolseley,Wolseley,51.4910355,0.0293659,E09000011,Greenwich,point_within,ONS Local Authority Districts (December 2024) Boundaries UK BGC
way,555320958,Wolseley,Wolseley,51.432101,-0.0324846,E09000023,Lewisham,point_within,ONS Local Authority Districts (December 2024) Boundaries UK BGC
node,3567214645,Wolseley,Wolseley,55.9291553,-3.297413,S12000036,City of Edinburgh,point_within,ONS Local Authority Districts (December 2024) Boundaries UK BGC
way,1425516370,Wolseley,Wolseley,55.92702,-3.2964642,S12000036,City of Edinburgh,point_within,ONS Local Authority Districts (December 2024) Boundaries UK BGC
way,313914304,Wolseley,Wolseley,55.9269724,-3.2967797,S12000036,City of Edinburgh,point_within,ONS Local Authority Districts (December 2024) Boundaries UK BGC
node,777995496,Wolseley,Wolseley,52.3981669,-1.8089423,E08000029,Solihull,point_within,ONS Local Authority Districts (December 2024) Boundaries UK BGC
node,10949032753,Wolseley,Wolseley,53.484137,-2.1020982,E08000008,Tameside,point_within,ONS Local Authority Districts (December 2024) Boundaries UK BGC
node,11397680924,Wolseley,Wolseley,51.4125294,-0.1955505,E09000024,Merton,point_within,ONS Local Authority Districts (December 2024) Boundaries UK BGC
way,482702724,Wolseley,Wolseley,53.4163704,-2.7774459,E08000013,St. Helens,point_within,ONS Local Authority Districts (December 2024) Boundaries UK BGC
node,10949039499,Wolseley,Wolseley,51.5319945,0.1063791,E09000002,Barking and Dagenham,point_within,ONS Local Authority Districts (December 2024) Boundaries UK BGC
node,13203307133,Wolseley,Wolseley,51.7040528,-0.1995413,E07000098,Hertsmere,point_within,ONS Local Authority Districts (December 2024) Boundaries UK BGC
node,6503338421,Wolseley,Wolseley,51.3721001,-0.1168002,E09000008,Croydon,point_within,ONS Local Authority Districts (December 2024) Boundaries UK BGC
node,11341045994,Wolseley,Wolseley,53.547926,-2.100885,E08000004,Oldham,point_within,ONS Local Authority Districts (December 2024) Boundaries UK BGC
way,213504633,Wolseley,Wolseley,51.3818731,-0.0145183,E09000006,Bromley,point_within,ONS Local Authority Districts (December 2024) Boundaries UK BGC
way,213504629,Wolseley,Wolseley,51.3818385,-0.0143658,E09000006,Bromley,point_within,ONS Local Authority Districts (December 2024) Boundaries UK BGC
node,13203516512,Wolseley,Wolseley,51.7062005,-0.2036415,E07000098,Hertsmere,point_within,ONS Local Authority Districts (December 2024) Boundaries UK BGC
node,8449676985,Wolseley,Wolseley,51.443932,-0.3380587,E09000027,Richmond upon Thames,point_within,ONS Local Authority Districts (December 2024) Boundaries UK BGC
node,5012761593,Wolseley,Wolseley,55.9300796,-3.4146667,S12000036,City of Edinburgh,point_within,ONS Local Authority Districts (December 2024) Boundaries UK BGC
node,9925753599,Wolseley,Wolseley,56.1264029,-3.1686056,S12000047,Fife,point_within,ONS Local Authority Districts (December 2024) Boundaries UK BGC
node,10905432100,Wolseley,Wolseley,51.5910445,-0.327115,E09000015,Harrow,point_within,ONS Local Authority Districts (December 2024) Boundaries UK BGC
way,275871734,Wolseley,Wolseley,52.5766206,-2.1248432,E08000031,Wolverhampton,point_within,ONS Local Authority Districts (December 2024) Boundaries UK BGC
node,9904482732,Wolseley,Wolseley,53.3964771,-2.5415518,E06000007,Warrington,point_within,ONS Local Authority Districts (December 2024) Boundaries UK BGC
way,758637321,Wolseley,Wolseley,51.389023,0.1088613,E09000006,Bromley,point_within,ONS Local Authority Districts (December 2024) Boundaries UK BGC
way,97117870,Wolseley,Wolseley,51.3411296,-2.960083,E06000024,North Somerset,point_within,ONS Local Authority Districts (December 2024) Boundaries UK BGC
node,12215894179,Wolseley,Wolseley Plumb Centre Blackwood,51.6583942,-3.1753719,W06000018,Caerphilly,point_within,ONS Local Authority Districts (December 2024) Boundaries UK BGC
node,11508822251,Wolseley,Wolseley,51.4008468,-0.3574278,E07000207,Elmbridge,point_within,ONS Local Authority Districts (December 2024) Boundaries UK BGC
way,76473517,Wolseley,Wolseley,52.6244479,-1.6685351,E07000199,Tamworth,point_within,ONS Local Authority Districts (December 2024) Boundaries UK BGC
way,343578273,Wolseley,Wolseley,52.3172528,-2.0605421,E07000234,Bromsgrove,point_within,ONS Local Authority Districts (December 2024) Boundaries UK BGC
way,311880039,Wolseley,Wolseley,55.9103371,-3.4971035,S12000040,West Lothian,point_within,ONS Local Authority Districts (December 2024) Boundaries UK BGC
node,1764424179,Wolseley,Wolseley,51.7496499,-0.3145639,E07000240,St Albans,point_within,ONS Local Authority Districts (December 2024) Boundaries UK BGC
node,11832692641,Wolseley,Wolseley,56.1843111,-3.1461085,S12000047,Fife,point_within,ONS Local Authority Districts (December 2024) Boundaries UK BGC
way,910152790,Wolseley,Wolseley,51.5099565,-0.4625238,E09000017,Hillingdon,point_within,ONS Local Authority Districts (December 2024) Boundaries UK BGC
node,10957889567,Wolseley,Wolseley,51.3765179,-0.4082081,E07000207,Elmbridge,point_within,ONS Local Authority Districts (December 2024) Boundaries UK BGC
way,415100948,Wolseley,Wolseley,51.4788593,0.271527,E06000034,Thurrock,point_within,ONS Local Authority Districts (December 2024) Boundaries UK BGC
way,217363709,Wolseley,Wolseley,52.4238769,-1.5093089,E08000026,Coventry,point_within,ONS Local Authority Districts (December 2024) Boundaries UK BGC
way,63703218,Wolseley,Wolseley,52.3756176,-2.2517441,E07000239,Wyre Forest,point_within,ONS Local Authority Districts (December 2024) Boundaries UK BGC
node,13741168243,Wolseley,Wolseley Plumb & Parts,51.2911693,0.1936547,E07000111,Sevenoaks,point_within,ONS Local Authority Districts (December 2024) Boundaries UK BGC
way,1339321081,Wolseley,Wolseley,51.8719182,0.1789666,E07000242,East Hertfordshire,point_within,ONS Local Authority Districts (December 2024) Boundaries UK BGC
node,8115176953,Wolseley,Wolseley,53.6753294,-2.655623,E07000118,Chorley,point_within,ONS Local Authority Districts (December 2024) Boundaries UK BGC
way,317313653,Wolseley,Wolseley,53.1927102,-2.5268352,E06000050,Cheshire West and Chester,point_within,ONS Local Authority Districts (December 2024) Boundaries UK BGC
way,1178749206,Wolseley,Wolseley,55.6087412,-4.6425672,S12000021,North Ayrshire,point_within,ONS Local Authority Districts (December 2024) Boundaries UK BGC
way,280903118,Wolseley,Wolseley,53.3163992,-3.4788206,W06000004,Denbighshire,point_within,ONS Local Authority Districts (December 2024) Boundaries UK BGC
node,10957775708,Wolseley,Wolseley,56.1137962,-3.9265823,S12000030,Stirling,point_within,ONS Local Authority Districts (December 2024) Boundaries UK BGC
way,55433369,Wolseley,Wolseley,52.214978,-2.1738238,E07000237,Worcester,point_within,ONS Local Authority Districts (December 2024) Boundaries UK BGC
node,7176802988,Wolseley,Wolseley,51.5193574,-0.6252023,E06000039,Slough,point_within,ONS Local Authority Districts (December 2024) Boundaries UK BGC
way,265516576,Wolseley,Wolseley,52.2155402,-2.1967415,E07000237,Worcester,point_within,ONS Local Authority Districts (December 2024) Boundaries UK BGC
node,11988816857,Wolseley,Wolseley,51.6713858,-0.5881934,E06000060,Buckinghamshire,point_within,ONS Local Authority Districts (December 2024) Boundaries UK BGC
way,201738350,Wolseley,Wolseley,53.6400778,-1.7853301,E08000034,Kirklees,point_within,ONS Local Authority Districts (December 2024) Boundaries UK BGC
node,4193517408,Wolseley,Wolseley,51.8772765,-0.4047069,E06000032,Luton,point_within,ONS Local Authority Districts (December 2024) Boundaries UK BGC
way,190594116,Wolseley,Wolseley,51.467469,-2.5889773,E06000023,"Bristol, City of",point_within,ONS Local Authority Districts (December 2024) Boundaries UK BGC
node,6757989446,Wolseley,Wolseley,51.8184262,-3.016271,W06000021,Monmouthshire,point_within,ONS Local Authority Districts (December 2024) Boundaries UK BGC
node,11229594229,Wolseley,Wolseley,54.2617138,-5.9283773,N09000010,"Newry, Mourne and Down",point_within,ONS Local Authority Districts (December 2024) Boundaries UK BGC
way,1025368802,Wolseley,Wolseley,51.7426412,0.5077637,E07000070,Chelmsford,point_within,ONS Local Authority Districts (December 2024) Boundaries UK BGC
way,515090018,Wolseley,Wolseley,51.4508307,-2.5622529,E06000023,"Bristol, City of",point_within,ONS Local Authority Districts (December 2024) Boundaries UK BGC
way,874792373,Wolseley,Wolseley,53.0418618,-2.9866677,W06000006,Wrexham,point_within,ONS Local Authority Districts (December 2024) Boundaries UK BGC
node,13113179488,Wolseley,Wolseley,51.1318562,-0.1681356,E07000226,Crawley,point_within,ONS Local Authority Districts (December 2024) Boundaries UK BGC
way,900510266,Wolseley,Wolseley,51.1330946,-0.0151347,E07000228,Mid Sussex,point_within,ONS Local Authority Districts (December 2024) Boundaries UK BGC
way,91897990,Wolseley,Wolseley,53.0961087,-2.4311881,E06000049,Cheshire East,point_within,ONS Local Authority Districts (December 2024) Boundaries UK BGC
node,10957896420,Wolseley,Wolseley,51.1941137,0.2849901,E07000115,Tonbridge and Malling,point_within,ONS Local Authority Districts (December 2024) Boundaries UK BGC
node,2882477891,Wolseley,Wolseley,51.6214192,-0.7233382,E06000060,Buckinghamshire,point_within,ONS Local Authority Districts (December 2024) Boundaries UK BGC
way,371772231,Wolseley,Wolseley,55.6086348,-2.7881173,S12000026,Scottish Borders,point_within,ONS Local Authority Districts (December 2024) Boundaries UK BGC
way,326373218,Wolseley,Wolseley,56.3302207,-2.8048377,S12000047,Fife,point_within,ONS Local Authority Districts (December 2024) Boundaries UK BGC
way,55840096,Wolseley,Wolseley,51.2915972,0.4671675,E07000115,Tonbridge and Malling,point_within,ONS Local Authority Districts (December 2024) Boundaries UK BGC
node,9321162756,Wolseley,Wolseley Plumb & Parts,53.077334,-2.5151232,E06000049,Cheshire East,point_within,ONS Local Authority Districts (December 2024) Boundaries UK BGC
node,9756926956,Wolseley,Wolseley Plumb & Parts,53.8367129,-3.0235378,E06000009,Blackpool,point_within,ONS Local Authority Districts (December 2024) Boundaries UK BGC
way,122074916,Wolseley,Wolseley,51.0250908,-3.0873245,E06000066,Somerset,point_within,ONS Local Authority Districts (December 2024) Boundaries UK BGC
node,11397089630,Wolseley,Wolseley,53.7875525,-1.7416673,E08000032,Bradford,point_within,ONS Local Authority Districts (December 2024) Boundaries UK BGC
way,205094201,Wolseley,Wolseley,51.5415162,-2.4353146,E06000025,South Gloucestershire,point_within,ONS Local Authority Districts (December 2024) Boundaries UK BGC
way,398812887,Wolseley,Wolseley,53.2902711,-3.7056133,W06000003,Conwy,point_within,ONS Local Authority Districts (December 2024) Boundaries UK BGC
node,11638356121,Wolseley,Wolseley,53.4093128,-1.4966136,E08000019,Sheffield,point_within,ONS Local Authority Districts (December 2024) Boundaries UK BGC
way,409117762,Wolseley,Wolseley,52.6184291,-1.1331685,E06000016,Leicester,point_within,ONS Local Authority Districts (December 2024) Boundaries UK BGC
way,320892572,Wolseley,Wolseley,52.6400673,-1.1389689,E06000016,Leicester,point_within,ONS Local Authority Districts (December 2024) Boundaries UK BGC
way,61570035,Wolseley,Wolseley,52.8982498,-1.4541891,E06000015,Derby,point_within,ONS Local Authority Districts (December 2024) Boundaries UK BGC
way,61570038,Wolseley,Wolseley,52.8982902,-1.454434,E06000015,Derby,point_within,ONS Local Authority Districts (December 2024) Boundaries UK BGC
way,61568174,Wolseley,Wolseley,52.898193,-1.4538518,E06000015,Derby,point_within,ONS Local Authority Districts (December 2024) Boundaries UK BGC
way,1063687127,Wolseley,Wolseley,53.5599454,-1.472366,E08000016,Barnsley,point_within,ONS Local Authority Districts (December 2024) Boundaries UK BGC
way,1246890200,Wolseley,Wolseley,51.2369555,0.5601318,E07000110,Maidstone,point_within,ONS Local Authority Districts (December 2024) Boundaries UK BGC
way,93170088,Wolseley,Wolseley,53.3739221,-1.4645039,E08000019,Sheffield,point_within,ONS Local Authority Districts (December 2024) Boundaries UK BGC
node,5734588800,Wolseley,Wolseley,52.9220779,-1.4639111,E06000015,Derby,point_within,ONS Local Authority Districts (December 2024) Boundaries UK BGC
node,3700724757,Wolseley,Wolseley,53.9468778,-2.0184214,E06000065,North Yorkshire,point_within,ONS Local Authority Districts (December 2024) Boundaries UK BGC
node,8985664027,Wolseley,Wolseley,52.3663875,-2.6955932,E06000051,Shropshire,point_within,ONS Local Authority Districts (December 2024) Boundaries UK BGC
way,291689211,Wolseley,Wolseley,51.2169327,-0.7919893,E07000216,Waverley,point_within,ONS Local Authority Districts (December 2024) Boundaries UK BGC
way,1104721857,Wolseley,Wolseley,53.3896133,-1.4089436,E08000019,Sheffield,point_within,ONS Local Authority Districts (December 2024) Boundaries UK BGC
way,946059012,Wolseley,Wolseley,51.8195097,-0.8310187,E06000060,Buckinghamshire,point_within,ONS Local Authority Districts (December 2024) Boundaries UK BGC
way,58898039,Wolseley,Wolseley,52.0329314,-0.5923756,E06000056,Central Bedfordshire,point_within,ONS Local Authority Districts (December 2024) Boundaries UK BGC
way,146034156,Wolseley,Wolseley,52.8868045,-1.2678234,E07000036,Erewash,point_within,ONS Local Authority Districts (December 2024) Boundaries UK BGC
way,930965048,Wolseley,Wolseley,52.0598754,-1.3326894,E07000177,Cherwell,point_within,ONS Local Authority Districts (December 2024) Boundaries UK BGC
way,117293155,Wolseley,Wolseley,52.73798,-2.729705,E06000051,Shropshire,point_within,ONS Local Authority Districts (December 2024) Boundaries UK BGC
node,7366496244,Wolseley,Wolseley,51.4636825,-1.0109261,E06000038,Reading,point_within,ONS Local Authority Districts (December 2024) Boundaries UK BGC
node,4486018728,Wolseley,Wolseley,53.2198087,-1.4230146,E07000034,Chesterfield,point_within,ONS Local Authority Districts (December 2024) Boundaries UK BGC
node,1969962954,Wolseley,Wolseley,52.1901416,0.138811,E07000008,Cambridge,point_within,ONS Local Authority Districts (December 2024) Boundaries UK BGC
way,577545802,Wolseley,Wolseley,52.977146,-1.321324,E07000036,Erewash,point_within,ONS Local Authority Districts (December 2024) Boundaries UK BGC
node,4902262125,Wolseley,Wolseley,52.2169139,0.1561622,E07000008,Cambridge,point_within,ONS Local Authority Districts (December 2024) Boundaries UK BGC
way,731857088,Wolseley,Wolseley,53.6946752,-1.2991233,E08000036,Wakefield,point_within,ONS Local Authority Districts (December 2024) Boundaries UK BGC
node,10957904167,Wolseley,Wolseley,50.9474742,-2.6105471,E06000066,Somerset,point_within,ONS Local Authority Districts (December 2024) Boundaries UK BGC
way,1126352034,Wolseley,Wolseley,52.0601883,-2.7291427,E06000019,"Herefordshire, County of",point_within,ONS Local Authority Districts (December 2024) Boundaries UK BGC
node,6646438051,Wolseley,Wolseley,54.059479,-2.8372935,E07000121,Lancaster,point_within,ONS Local Authority Districts (December 2024) Boundaries UK BGC
way,506664690,Wolseley,Wolseley,52.2314846,-0.9104252,E06000062,West Northamptonshire,point_within,ONS Local Authority Districts (December 2024) Boundaries UK BGC
node,13342706952,Wolseley,Wolseley,56.5513269,-2.6127871,S12000041,Angus,point_within,ONS Local Authority Districts (December 2024) Boundaries UK BGC
way,978460359,Wolseley,Wolseley,52.0440884,0.7485,E07000200,Babergh,point_within,ONS Local Authority Districts (December 2024) Boundaries UK BGC
way,105871504,Wolseley,Wolseley,51.8355363,-2.2709174,E07000081,Gloucester,point_within,ONS Local Authority Districts (December 2024) Boundaries UK BGC
way,1425517276,Wolseley,Wolseley,51.8355549,-2.2706237,E07000081,Gloucester,point_within,ONS Local Authority Districts (December 2024) Boundaries UK BGC
node,10957474846,Wolseley,Wolseley,52.0626908,-0.8216706,E06000042,Milton Keynes,point_within,ONS Local Authority Districts (December 2024) Boundaries UK BGC
way,1021653674,Wolseley,Wolseley,50.87283,0.2507581,E07000065,Wealden,point_within,ONS Local Authority Districts (December 2024) Boundaries UK BGC
way,371698637,Wolseley,Wolseley,52.764121,-0.8811466,E07000133,Melton,point_within,ONS Local Authority Districts (December 2024) Boundaries UK BGC
way,830008820,Wolseley,Wolseley,51.072672,-4.0322389,E07000043,North Devon,point_within,ONS Local Authority Districts (December 2024) Boundaries UK BGC
way,536841784,Wolseley,Wolseley,53.5213727,-1.137903,E08000017,Doncaster,point_within,ONS Local Authority Districts (December 2024) Boundaries UK BGC
node,7074500495,Wolseley,Wolseley,53.00593,-1.1299934,E07000173,Gedling,point_within,ONS Local Authority Districts (December 2024) Boundaries UK BGC
way,981319221,Wolseley,Wolseley Plumb & Parts,50.82981,-0.3655057,E07000229,Worthing,point_within,ONS Local Authority Districts (December 2024) Boundaries UK BGC
node,10949062965,Wolseley,Wolseley,51.1483168,0.8566439,E07000105,Ashford,point_within,ONS Local Authority Districts (December 2024) Boundaries UK BGC
node,13732671920,Wolseley,Wolseley,52.2482146,-0.8096265,E06000062,West Northamptonshire,point_within,ONS Local Authority Districts (December 2024) Boundaries UK BGC
way,467058342,Wolseley,Wolseley,52.4095581,-0.7403473,E06000061,North Northamptonshire,point_within,ONS Local Authority Districts (December 2024) Boundaries UK BGC
node,12972064337,Wolseley,Wolseley,51.7377963,-1.194164,E07000178,Oxford,point_within,ONS Local Authority Districts (December 2024) Boundaries UK BGC
node,1327167389,Wolseley,Wolseley,52.3449099,-0.1816529,E07000011,Huntingdonshire,point_within,ONS Local Authority Districts (December 2024) Boundaries UK BGC
way,28612754,Wolseley,Wolseley,50.8902969,0.5520752,E07000062,Hastings,point_within,ONS Local Authority Districts (December 2024) Boundaries UK BGC
way,349141420,Wolseley,Wolseley,54.1352417,-3.2351386,E06000064,Westmorland and Furness,point_within,ONS Local Authority Districts (December 2024) Boundaries UK BGC
way,897230478,Wolseley,Wolseley,51.3445532,-1.9765309,E06000054,Wiltshire,point_within,ONS Local Authority Districts (December 2024) Boundaries UK BGC
way,341316726,Wolseley,Wolseley,52.2994157,-0.7039542,E06000061,North Northamptonshire,point_within,ONS Local Authority Districts (December 2024) Boundaries UK BGC
node,13246704617,Wolseley,Wolseley,51.7772494,-1.4910857,E07000181,West Oxfordshire,point_within,ONS Local Authority Districts (December 2024) Boundaries UK BGC
way,487007165,Wolseley,Wolseley,50.7908168,0.2987083,E07000061,Eastbourne,point_within,ONS Local Authority Districts (December 2024) Boundaries UK BGC
way,542335573,Wolseley,Wolseley,51.2736896,1.0656162,E07000106,Canterbury,point_within,ONS Local Authority Districts (December 2024) Boundaries UK BGC
way,112559445,Wolseley,Wolseley,51.8016263,1.1602984,E07000076,Tendring,point_within,ONS Local Authority Districts (December 2024) Boundaries UK BGC
node,7006817373,Wolseley,Wolseley,50.7231949,-3.4651633,E07000041,Exeter,point_within,ONS Local Authority Districts (December 2024) Boundaries UK BGC
node,11091231021,Wolseley,Wolseley,51.7519094,-1.2935748,E07000180,Vale of White Horse,point_within,ONS Local Authority Districts (December 2024) Boundaries UK BGC
node,11091231025,Wolseley,Wolseley,51.7515445,-1.294697,E07000180,Vale of White Horse,point_within,ONS Local Authority Districts (December 2024) Boundaries UK BGC
way,313090097,Wolseley,Wolseley,52.2400746,0.7417904,E07000245,West Suffolk,point_within,ONS Local Authority Districts (December 2024) Boundaries UK BGC
way,224247720,Wolseley,Wolseley,52.3882503,0.2633863,E07000009,East Cambridgeshire,point_within,ONS Local Authority Districts (December 2024) Boundaries UK BGC
way,442584751,Wolseley,Wolseley,54.1308234,-1.5126202,E06000065,North Yorkshire,point_within,ONS Local Authority Districts (December 2024) Boundaries UK BGC
node,8986305054,Wolseley,Wolseley,50.7052537,-3.5256791,E07000041,Exeter,point_within,ONS Local Authority Districts (December 2024) Boundaries UK BGC
way,368293067,Wolseley,Wolseley,54.131706,-1.5128842,E06000065,North Yorkshire,point_within,ONS Local Authority Districts (December 2024) Boundaries UK BGC
way,1411264760,Wolseley,Wolseley,51.8517197,-4.3054169,W06000010,Carmarthenshire,point_within,ONS Local Authority Districts (December 2024) Boundaries UK BGC
way,516266127,Wolseley,Wolseley,52.9297117,-4.1404553,W06000002,Gwynedd,point_within,ONS Local Authority Districts (December 2024) Boundaries UK BGC
way,136578261,Wolseley,Wolseley,52.0819484,1.1162319,E07000202,Ipswich,point_within,ONS Local Authority Districts (December 2024) Boundaries UK BGC
way,576483472,Wolseley,Wolseley,51.0695548,-1.295511,E07000094,Winchester,point_within,ONS Local Authority Districts (December 2024) Boundaries UK BGC
node,3355649164,Wolseley,Wolseley,53.9570511,-1.0685384,E06000014,York,point_within,ONS Local Authority Districts (December 2024) Boundaries UK BGC
way,161371149,Wolseley,Wolseley,51.5772581,-1.7631156,E06000030,Swindon,point_within,ONS Local Authority Districts (December 2024) Boundaries UK BGC
way,595929356,Wolseley,Wolseley,53.991383,-1.0943548,E06000014,York,point_within,ONS Local Authority Districts (December 2024) Boundaries UK BGC
way,140321220,Wolseley,Wolseley,52.0522,1.181964,E07000202,Ipswich,point_within,ONS Local Authority Districts (December 2024) Boundaries UK BGC
way,28899163,Wolseley,Wolseley,52.0291677,1.2040612,E07000202,Ipswich,point_within,ONS Local Authority Districts (December 2024) Boundaries UK BGC
way,641133153,Wolseley,Wolseley,52.5001885,-3.3364841,W06000023,Powys,point_within,ONS Local Authority Districts (December 2024) Boundaries UK BGC
node,10957764054,Wolseley,Wolseley,52.65922,-0.4655778,E07000141,South Kesteven,point_within,ONS Local Authority Districts (December 2024) Boundaries UK BGC
way,931575398,Wolseley,Wolseley,51.0933699,1.1660331,E07000112,Folkestone and Hythe,point_within,ONS Local Authority Districts (December 2024) Boundaries UK BGC
way,32524972,Wolseley,Wolseley,50.8275175,-1.0583742,E06000044,Portsmouth,point_within,ONS Local Authority Districts (December 2024) Boundaries UK BGC
way,202862796,Wolseley,Wolseley,54.3350529,-2.7383173,E06000064,Westmorland and Furness,point_within,ONS Local Authority Districts (December 2024) Boundaries UK BGC
way,287231776,Wolseley,Wolseley,52.4030435,0.7256592,E07000143,Breckland,point_within,ONS Local Authority Districts (December 2024) Boundaries UK BGC
node,8250348683,Wolseley,Wolseley,51.3571639,1.4131222,E07000114,Thanet,point_within,ONS Local Authority Districts (December 2024) Boundaries UK BGC
way,59384664,Wolseley,Wolseley,54.1463449,-4.4830368,S12000006,Dumfries and Galloway,nearest_boundary,ONS Local Authority Districts (December 2024) Boundaries UK BGC
node,4269600702,Wolseley,Wolseley,55.3976362,-1.6906357,E06000057,Northumberland,point_within,ONS Local Authority Districts (December 2024) Boundaries UK BGC
way,1126709602,Wolseley,Wolseley,54.9252457,-2.9484774,E06000063,Cumberland,point_within,ONS Local Authority Districts (December 2024) Boundaries UK BGC
node,9188615133,Wolseley,Wolseley,50.7051624,-1.2945149,E06000046,Isle of Wight,point_within,ONS Local Authority Districts (December 2024) Boundaries UK BGC
way,605888537,Wolseley,Wolseley,52.079277,-4.6573959,W06000008,Ceredigion,point_within,ONS Local Authority Districts (December 2024) Boundaries UK BGC
way,992012336,Wolseley,Wolseley Plumb & Parts,50.7416558,-1.7965494,E06000058,"Bournemouth, Christchurch and Poole",point_within,ONS Local Authority Districts (December 2024) Boundaries UK BGC
node,3549957167,Wolseley,Wolseley,54.979123,-2.089464,E06000057,Northumberland,point_within,ONS Local Authority Districts (December 2024) Boundaries UK BGC
way,214690137,Wolseley,Wolseley,50.3904773,-4.0767659,E06000026,Plymouth,point_within,ONS Local Authority Districts (December 2024) Boundaries UK BGC
node,4500550724,Wolseley,Wolseley,54.9689043,-1.842614,E06000057,Northumberland,point_within,ONS Local Authority Districts (December 2024) Boundaries UK BGC
node,3826823717,Wolseley,Wolseley,54.6589895,-1.6727746,E06000047,County Durham,point_within,ONS Local Authority Districts (December 2024) Boundaries UK BGC
way,654347233,Wolseley,Wolseley,50.2832809,-3.7829046,E07000044,South Hams,point_within,ONS Local Authority Districts (December 2024) Boundaries UK BGC
way,553565585,Wolseley,Wolseley,54.5763031,-1.273531,E06000004,Stockton-on-Tees,point_within,ONS Local Authority Districts (December 2024) Boundaries UK BGC
way,914977034,Wolseley,Wolseley,50.3653518,-4.119581,E06000026,Plymouth,point_within,ONS Local Authority Districts (December 2024) Boundaries UK BGC
way,914977035,Wolseley,Wolseley,50.3654621,-4.1198503,E06000026,Plymouth,point_within,ONS Local Authority Districts (December 2024) Boundaries UK BGC
way,705105942,Wolseley,Wolseley,50.3640564,-4.1180534,E06000026,Plymouth,point_within,ONS Local Authority Districts (December 2024) Boundaries UK BGC
way,294339314,Wolseley,Wolseley,54.6365665,-3.5576171,E06000063,Cumberland,point_within,ONS Local Authority Districts (December 2024) Boundaries UK BGC
node,9709259583,Wolseley,Wolseley Plumb & Parts,53.5733994,-0.0864825,E06000012,North East Lincolnshire,point_within,ONS Local Authority Districts (December 2024) Boundaries UK BGC
way,455487143,Wolseley,Wolseley,52.6539616,1.256536,E07000144,Broadland,point_within,ONS Local Authority Districts (December 2024) Boundaries UK BGC
way,314546726,Wolseley,Wolseley,57.1480043,-2.079513,S12000033,Aberdeen City,point_within,ONS Local Authority Districts (December 2024) Boundaries UK BGC
way,96630529,Wolseley,Wolseley,55.0217792,-1.4990741,E08000022,North Tyneside,point_within,ONS Local Authority Districts (December 2024) Boundaries UK BGC
way,941511793,Wolseley,Wolseley Plumb Centre,50.4552089,-4.4920548,E06000052,Cornwall,point_within,ONS Local Authority Districts (December 2024) Boundaries UK BGC
node,4629607070,Wolseley,Wolseley,54.9870708,-1.5339021,E08000022,North Tyneside,point_within,ONS Local Authority Districts (December 2024) Boundaries UK BGC
node,4629607071,Wolseley,Wolseley,54.9871696,-1.5337232,E08000022,North Tyneside,point_within,ONS Local Authority Districts (December 2024) Boundaries UK BGC
node,4690343231,Wolseley,Wolseley,55.0028435,-1.4869984,E08000022,North Tyneside,point_within,ONS Local Authority Districts (December 2024) Boundaries UK BGC
node,4401149159,Wolseley,Wolseley,54.9238259,-1.6066644,E08000037,Gateshead,point_within,ONS Local Authority Districts (December 2024) Boundaries UK BGC
node,12750049361,Wolseley,Wolseley (Plumb Centre),53.3800582,-0.0090713,E07000137,East Lindsey,point_within,ONS Local Authority Districts (December 2024) Boundaries UK BGC
way,676023215,Wolseley,Wolseley,54.675685,-1.209116,E06000001,Hartlepool,point_within,ONS Local Authority Districts (December 2024) Boundaries UK BGC
node,12521358330,Wolseley,Wolseley,52.4790183,1.7577362,E07000244,East Suffolk,point_within,ONS Local Authority Districts (December 2024) Boundaries UK BGC
node,10949107122,Wolseley,Wolseley,50.4718545,-4.7432721,E06000052,Cornwall,point_within,ONS Local Authority Districts (December 2024) Boundaries UK BGC
relation,3522702,Wolseley,Wolseley,52.5921265,1.7161916,E07000145,Great Yarmouth,point_within,ONS Local Authority Districts (December 2024) Boundaries UK BGC
node,11198368537,Wolseley,Wolseley,52.9313768,1.2973389,E07000147,North Norfolk,point_within,ONS Local Authority Districts (December 2024) Boundaries UK BGC
node,10951398393,Wolseley,Wolseley,57.4949258,-4.2252112,S12000017,Highland,point_within,ONS Local Authority Districts (December 2024) Boundaries UK BGC
way,1138521299,Wolseley,Wolseley,57.6482329,-3.2959284,S12000020,Moray,point_within,ONS Local Authority Districts (December 2024) Boundaries UK BGC
way,208052635,YESSS Electrical,YESSS Electrical,51.515867,-0.0240145,E09000030,Tower Hamlets,point_within,ONS Local Authority Districts (December 2024) Boundaries UK BGC
way,57914235,YESSS Electrical,YESSS Electrical,53.7072614,-1.3850477,E08000036,Wakefield,point_within,ONS Local Authority Districts (December 2024) Boundaries UK BGC
