competitor,matched_osm_values,store_name,osm_type,osm_id,latitude,longitude,postcode,city,street,nearest_hilti_store,nearest_hilti_city,distance_to_nearest_hilti_km,threat_band,osm_source_url,data_source,retrieved_utc
B&Q TradePoint,TradePoint | B&Q TradePoint,TradePoint,node,5357958064,51.4316337,-0.0328412,,,,Hilti Store Southwark,London,9.38,5-10 km metro overlap,https://www.openstreetmap.org/node/5357958064,OpenStreetMap via Overpass API exact brand/name selectors,2026-04-23
B&Q TradePoint,TradePoint | B&Q TradePoint,TradePoint,node,13691314142,51.5323649,0.1103514,,,,Hilti Store Edmonton,London,14.07,10-25 km regional catchment,https://www.openstreetmap.org/node/13691314142,OpenStreetMap via Overpass API exact brand/name selectors,2026-04-23
B&Q TradePoint,TradePoint | B&Q TradePoint,TradePoint,node,7996764010,53.586713,-2.4275844,,,,Hilti Store Manchester,Manchester,16.43,10-25 km regional catchment,https://www.openstreetmap.org/node/7996764010,OpenStreetMap via Overpass API exact brand/name selectors,2026-04-23
B&Q TradePoint,TradePoint | B&Q TradePoint,TradePoint,node,9955625907,51.2486124,-0.5805254,GU1 1AJ,Guildford,Europa Park Road,Hilti Store Southwark,London,43.73,25+ km lower direct store threat,https://www.openstreetmap.org/node/9955625907,OpenStreetMap via Overpass API exact brand/name selectors,2026-04-23
B&Q TradePoint,TradePoint | B&Q TradePoint,TradePoint,node,13522690773,53.3712739,-1.462791,,,,Hilti Store Manchester,Manchester,55.25,25+ km lower direct store threat,https://www.openstreetmap.org/node/13522690773,OpenStreetMap via Overpass API exact brand/name selectors,2026-04-23
B&Q TradePoint,TradePoint | B&Q TradePoint,TradePoint,node,6790760424,51.6446704,-3.9326775,,,,Hilti Store Cardiff,Cardiff,56.97,25+ km lower direct store threat,https://www.openstreetmap.org/node/6790760424,OpenStreetMap via Overpass API exact brand/name selectors,2026-04-23
B&Q TradePoint,TradePoint | B&Q TradePoint,TradePoint,way,1130560444,53.7087835,-1.336365,,,,Hilti Store Manchester,Manchester,67.86,25+ km lower direct store threat,https://www.openstreetmap.org/way/1130560444,OpenStreetMap via Overpass API exact brand/name selectors,2026-04-23
B&Q TradePoint,TradePoint | B&Q TradePoint,TradePoint,way,533922841,53.1329768,-1.2377414,,,,Hilti Store Manchester,Manchester,78.66,25+ km lower direct store threat,https://www.openstreetmap.org/way/533922841,OpenStreetMap via Overpass API exact brand/name selectors,2026-04-23
B&Q TradePoint,TradePoint | B&Q TradePoint,TradePoint,node,13274791928,51.776608,-1.4933232,OX28 4GF,Witney,Thorney Leys Park,Hilti Store Birmingham,Birmingham,83.86,25+ km lower direct store threat,https://www.openstreetmap.org/node/13274791928,OpenStreetMap via Overpass API exact brand/name selectors,2026-04-23
B&Q TradePoint,TradePoint | B&Q TradePoint,TradePoint,node,8258515712,51.7548159,-1.2951073,,,,Hilti Store Southwark,London,86.95,25+ km lower direct store threat,https://www.openstreetmap.org/node/8258515712,OpenStreetMap via Overpass API exact brand/name selectors,2026-04-23
B&Q TradePoint,TradePoint | B&Q TradePoint,TradePoint,node,10686860583,50.7081707,-1.2972987,,,,Hilti Store Southwark,London,121.67,25+ km lower direct store threat,https://www.openstreetmap.org/node/10686860583,OpenStreetMap via Overpass API exact brand/name selectors,2026-04-23
Buildbase,Buildbase,Buildbase,node,7679905418,51.468975,-0.0636591,SE15 3SU,London,Blackpool Road,Hilti Store Southwark,London,4.73,2-5 km strong urban overlap,https://www.openstreetmap.org/node/7679905418,OpenStreetMap via Overpass API exact brand/name selectors,2026-04-23
Buildbase,Buildbase,Buildbase,way,419548759,51.5639804,-0.0299488,,,,Hilti Store Edmonton,London,5.54,5-10 km metro overlap,https://www.openstreetmap.org/way/419548759,OpenStreetMap via Overpass API exact brand/name selectors,2026-04-23
Buildbase,Buildbase,Buildbase,node,12310300179,51.3817368,-0.0153974,BR4 0EH,West Wickham,Station Approach,Hilti Store Southwark,London,14.88,10-25 km regional catchment,https://www.openstreetmap.org/node/12310300179,OpenStreetMap via Overpass API exact brand/name selectors,2026-04-23
Buildbase,Buildbase,Buildbase,way,967231144,51.4644107,0.1325003,,,,Hilti Store Southwark,London,16.81,10-25 km regional catchment,https://www.openstreetmap.org/way/967231144,OpenStreetMap via Overpass API exact brand/name selectors,2026-04-23
Buildbase,Buildbase,Buildbase,node,7880483241,53.5868343,-2.4537482,,,,Hilti Store Manchester,Manchester,17.51,10-25 km regional catchment,https://www.openstreetmap.org/node/7880483241,OpenStreetMap via Overpass API exact brand/name selectors,2026-04-23
Buildbase,Buildbase,Buildbase,relation,6184816,52.6036803,-1.6737677,B77 5BY,Tamworth,Magnus,Hilti Store Birmingham,Birmingham,19.29,10-25 km regional catchment,https://www.openstreetmap.org/relation/6184816,OpenStreetMap via Overpass API exact brand/name selectors,2026-04-23
Buildbase,Buildbase,Buildbase,way,286613922,52.3042291,-1.9384058,,,,Hilti Store Birmingham,Birmingham,20.96,10-25 km regional catchment,https://www.openstreetmap.org/way/286613922,OpenStreetMap via Overpass API exact brand/name selectors,2026-04-23
Buildbase,Buildbase,Buildbase,way,33544965,53.4881059,-2.6649154,,Ashton-in-Makerfield,Gibbon's Road,Hilti Store Liverpool,Liverpool,21.57,10-25 km regional catchment,https://www.openstreetmap.org/way/33544965,OpenStreetMap via Overpass API exact brand/name selectors,2026-04-23
Buildbase,Buildbase,Buildbase,node,1390244262,52.5283954,-1.4631394,,,,Hilti Store Birmingham,Birmingham,29.18,25+ km lower direct store threat,https://www.openstreetmap.org/node/1390244262,OpenStreetMap via Overpass API exact brand/name selectors,2026-04-23
Buildbase,Buildbase,Buildbase,way,336820481,52.1977866,-1.7152768,,,,Hilti Store Birmingham,Birmingham,34.63,25+ km lower direct store threat,https://www.openstreetmap.org/way/336820481,OpenStreetMap via Overpass API exact brand/name selectors,2026-04-23
Buildbase,Buildbase,Buildbase,way,1218974904,52.7793975,-1.5915478,DE11 0TX,Swadlincote,Park Road,Hilti Store Birmingham,Birmingham,37.92,25+ km lower direct store threat,https://www.openstreetmap.org/way/1218974904,OpenStreetMap via Overpass API exact brand/name selectors,2026-04-23
Buildbase,Buildbase,Buildbase,way,198478908,51.4447923,-2.4990727,BS30 7ER,Bristol,Aldermoor Way,Hilti Store Cardiff,Cardiff,45.58,25+ km lower direct store threat,https://www.openstreetmap.org/way/198478908,OpenStreetMap via Overpass API exact brand/name selectors,2026-04-23
Buildbase,Buildbase,Buildbase,way,292294671,52.0802696,-1.9474881,,,,Hilti Store Birmingham,Birmingham,45.78,25+ km lower direct store threat,https://www.openstreetmap.org/way/292294671,OpenStreetMap via Overpass API exact brand/name selectors,2026-04-23
Buildbase,Buildbase,Buildbase,way,133613234,53.0770706,-2.5175694,CW5 6RG,Nantwich,Beam Heath Way,Hilti Store Manchester,Manchester,46.18,25+ km lower direct store threat,https://www.openstreetmap.org/way/133613234,OpenStreetMap via Overpass API exact brand/name selectors,2026-04-23
Buildbase,Buildbase,Buildbase,way,398355980,50.9660349,-3.2482427,,,,Hilti Store Cardiff,Cardiff,56.94,25+ km lower direct store threat,https://www.openstreetmap.org/way/398355980,OpenStreetMap via Overpass API exact brand/name selectors,2026-04-23
Buildbase,Buildbase,Buildbase,way,309564448,52.6942076,-1.0812594,,,,Hilti Store Birmingham,Birmingham,59.13,25+ km lower direct store threat,https://www.openstreetmap.org/way/309564448,OpenStreetMap via Overpass API exact brand/name selectors,2026-04-23
Buildbase,Buildbase,Buildbase,way,304141564,53.2388706,-1.4283009,,,,Hilti Store Manchester,Manchester,62.03,25+ km lower direct store threat,https://www.openstreetmap.org/way/304141564,OpenStreetMap via Overpass API exact brand/name selectors,2026-04-23
Buildbase,Buildbase,Buildbase,way,914629423,53.5929764,-1.3238074,,,,Hilti Store Manchester,Manchester,64.77,25+ km lower direct store threat,https://www.openstreetmap.org/way/914629423,OpenStreetMap via Overpass API exact brand/name selectors,2026-04-23
Buildbase,Buildbase,Buildbase,way,814719242,52.9963226,-1.2795235,NG16 2TA,Nottingham,,Hilti Store Birmingham,Birmingham,69.66,25+ km lower direct store threat,https://www.openstreetmap.org/way/814719242,OpenStreetMap via Overpass API exact brand/name selectors,2026-04-23
Buildbase,Buildbase,Buildbase,way,170105990,51.2720973,-1.0630359,,,,Hilti Store Southwark,London,71.53,25+ km lower direct store threat,https://www.openstreetmap.org/way/170105990,OpenStreetMap via Overpass API exact brand/name selectors,2026-04-23
Buildbase,Buildbase,Buildbase,way,682623771,52.0426919,0.7524346,,,,Hilti Store Edmonton,London,72.84,25+ km lower direct store threat,https://www.openstreetmap.org/way/682623771,OpenStreetMap via Overpass API exact brand/name selectors,2026-04-23
Buildbase,Buildbase,Buildbase,way,310276730,53.1213659,-1.3092447,,,,Hilti Store Manchester,Manchester,75.17,25+ km lower direct store threat,https://www.openstreetmap.org/way/310276730,OpenStreetMap via Overpass API exact brand/name selectors,2026-04-23
Buildbase,Buildbase,Buildbase,node,11182036277,51.7262562,-1.1909342,,,,Hilti Store Southwark,London,79.15,25+ km lower direct store threat,https://www.openstreetmap.org/node/11182036277,OpenStreetMap via Overpass API exact brand/name selectors,2026-04-23
Buildbase,Buildbase,Buildbase,node,11182036278,51.7260733,-1.1914307,,,,Hilti Store Southwark,London,79.18,25+ km lower direct store threat,https://www.openstreetmap.org/node/11182036278,OpenStreetMap via Overpass API exact brand/name selectors,2026-04-23
Buildbase,Buildbase,Buildbase,way,941512165,52.4907176,-0.6763805,,,,Hilti Store Birmingham,Birmingham,82.16,25+ km lower direct store threat,https://www.openstreetmap.org/way/941512165,OpenStreetMap via Overpass API exact brand/name selectors,2026-04-23
Buildbase,Buildbase,Buildbase,node,6296272128,51.3990597,-1.3079791,RG14 5SU,Newbury,Mandarin Court,Hilti Store Southwark,London,84.4,25+ km lower direct store threat,https://www.openstreetmap.org/node/6296272128,OpenStreetMap via Overpass API exact brand/name selectors,2026-04-23
Buildbase,Buildbase,Buildbase,way,773641992,52.0533864,0.9635384,IP7 6BQ,Ipswich,Crockatt Road,Hilti Store Edmonton,London,85.0,25+ km lower direct store threat,https://www.openstreetmap.org/way/773641992,OpenStreetMap via Overpass API exact brand/name selectors,2026-04-23
Buildbase,Buildbase,Buildbase,way,109610301,52.2979947,-0.6229305,NN10 6AR,Rushden,Northampton Road,Hilti Store Edmonton,London,85.82,25+ km lower direct store threat,https://www.openstreetmap.org/way/109610301,OpenStreetMap via Overpass API exact brand/name selectors,2026-04-23
Buildbase,Buildbase,Buildbase,way,1007137746,55.4332323,-5.6146405,,Campbeltown,,Hilti Store Belfast,Belfast,91.91,25+ km lower direct store threat,https://www.openstreetmap.org/way/1007137746,OpenStreetMap via Overpass API exact brand/name selectors,2026-04-23
Buildbase,Buildbase,Buildbase,way,160392355,50.6288936,-3.3830913,,,,Hilti Store Cardiff,Cardiff,95.4,25+ km lower direct store threat,https://www.openstreetmap.org/way/160392355,OpenStreetMap via Overpass API exact brand/name selectors,2026-04-23
Buildbase,Buildbase,Buildbase,node,4064435266,53.9561337,-1.0665958,YO10 3ET,York,Charlotte Street,Hilti Store Manchester,Manchester,96.63,25+ km lower direct store threat,https://www.openstreetmap.org/node/4064435266,OpenStreetMap via Overpass API exact brand/name selectors,2026-04-23
Buildbase,Buildbase,Buildbase,way,762356754,52.6532531,-0.4849762,,,,Hilti Store Birmingham,Birmingham,96.65,25+ km lower direct store threat,https://www.openstreetmap.org/way/762356754,OpenStreetMap via Overpass API exact brand/name selectors,2026-04-23
Buildbase,Buildbase,Buildbase,way,534169660,52.6592704,0.1648957,,,,Hilti Store Edmonton,London,117.28,25+ km lower direct store threat,https://www.openstreetmap.org/way/534169660,OpenStreetMap via Overpass API exact brand/name selectors,2026-04-23
Buildbase,Buildbase,Buildbase,way,426313075,55.6883194,-6.2232725,PA42 7DD,Glenegedale Lotts,,Hilti Store Belfast,Belfast,119.88,25+ km lower direct store threat,https://www.openstreetmap.org/way/426313075,OpenStreetMap via Overpass API exact brand/name selectors,2026-04-23
Buildbase,Buildbase,Buildbase,node,1554347198,52.4335092,1.226427,,,,Hilti Store Edmonton,London,126.19,25+ km lower direct store threat,https://www.openstreetmap.org/node/1554347198,OpenStreetMap via Overpass API exact brand/name selectors,2026-04-23
Buildbase,Buildbase,Buildbase,node,3926242221,58.209837,-6.3846706,,,,Hilti Store Glasgow,Glasgow,291.47,25+ km lower direct store threat,https://www.openstreetmap.org/node/3926242221,OpenStreetMap via Overpass API exact brand/name selectors,2026-04-23
CEF,CEF | City Electrical Factors,CEF,node,12140884163,55.8532632,-4.2760752,,,,Hilti Store Glasgow,Glasgow,0.11,0-2 km direct local threat,https://www.openstreetmap.org/node/12140884163,OpenStreetMap via Overpass API exact brand/name selectors,2026-04-23
CEF,CEF | City Electrical Factors,City Electrical Factors,way,75109497,52.4934419,-1.8907152,B6 4NF,Birmingham,Miller Street,Hilti Store Birmingham,Birmingham,0.34,0-2 km direct local threat,https://www.openstreetmap.org/way/75109497,OpenStreetMap via Overpass API exact brand/name selectors,2026-04-23
CEF,CEF | City Electrical Factors,CEF,node,13470467106,53.4761711,-2.2957758,,,,Hilti Store Manchester,Manchester,1.38,0-2 km direct local threat,https://www.openstreetmap.org/node/13470467106,OpenStreetMap via Overpass API exact brand/name selectors,2026-04-23
CEF,CEF | City Electrical Factors,City Electrical Factors,way,157016589,51.5218467,-0.0735715,E1 6SF,London,Grey Eagle Street,Hilti Store Southwark,London,2.76,2-5 km strong urban overlap,https://www.openstreetmap.org/way/157016589,OpenStreetMap via Overpass API exact brand/name selectors,2026-04-23
CEF,CEF | City Electrical Factors,City Electrical Factors,way,345791764,51.5186271,-0.1370628,W1T 3JA,London,Mortimer Street,Hilti Store Southwark,London,2.92,2-5 km strong urban overlap,https://www.openstreetmap.org/way/345791764,OpenStreetMap via Overpass API exact brand/name selectors,2026-04-23
CEF,CEF | City Electrical Factors,CEF,way,28555304,55.9349075,-3.1455827,,,,Hilti Store Edinburgh,Edinburgh,3.45,2-5 km strong urban overlap,https://www.openstreetmap.org/way/28555304,OpenStreetMap via Overpass API exact brand/name selectors,2026-04-23
CEF,CEF | City Electrical Factors,City Electrical Factors,node,4223731434,55.972302,-3.186447,,Edinburgh,Graham Street,Hilti Store Edinburgh,Edinburgh,3.45,2-5 km strong urban overlap,https://www.openstreetmap.org/node/4223731434,OpenStreetMap via Overpass API exact brand/name selectors,2026-04-23
CEF,CEF | City Electrical Factors,City Electrical Factors Ltd,way,89798387,51.4696701,-3.2066647,,,,Hilti Store Cardiff,Cardiff,3.61,2-5 km strong urban overlap,https://www.openstreetmap.org/way/89798387,OpenStreetMap via Overpass API exact brand/name selectors,2026-04-23
CEF,CEF | City Electrical Factors,CEF,node,11955446272,53.4722613,-2.2178095,M12 6DD,Manchester,Thames Industrial Estate,Hilti Store Manchester,Manchester,4.2,2-5 km strong urban overlap,https://www.openstreetmap.org/node/11955446272,OpenStreetMap via Overpass API exact brand/name selectors,2026-04-23
CEF,CEF | City Electrical Factors,City Electrical Factors,node,8180552065,51.4830714,-0.1861348,,London,Fulham Road,Hilti Store Southwark,London,6.3,5-10 km metro overlap,https://www.openstreetmap.org/node/8180552065,OpenStreetMap via Overpass API exact brand/name selectors,2026-04-23
CEF,CEF | City Electrical Factors,City Electrical Factors,node,5177104748,51.5356027,-0.0231876,,,,Hilti Store Southwark,London,6.45,5-10 km metro overlap,https://www.openstreetmap.org/node/5177104748,OpenStreetMap via Overpass API exact brand/name selectors,2026-04-23
CEF,CEF | City Electrical Factors,CEF,node,7310027794,51.5186145,-0.2251979,,London,Latimer Road,Hilti Store Southwark,London,8.69,5-10 km metro overlap,https://www.openstreetmap.org/node/7310027794,OpenStreetMap via Overpass API exact brand/name selectors,2026-04-23
CEF,CEF | City Electrical Factors,CEF,way,740817887,51.6189202,-0.1784402,N12 8QA,London,Finchley Industrial Centre,Hilti Store Edmonton,London,9.09,5-10 km metro overlap,https://www.openstreetmap.org/way/740817887,OpenStreetMap via Overpass API exact brand/name selectors,2026-04-23
CEF,CEF | City Electrical Factors,City Electrical Factors,way,102445936,52.5629416,-1.815415,B75 7BB,Sutton Coldfield,Norris Way,Hilti Store Birmingham,Birmingham,9.51,5-10 km metro overlap,https://www.openstreetmap.org/way/102445936,OpenStreetMap via Overpass API exact brand/name selectors,2026-04-23
CEF,CEF | City Electrical Factors,City Electrical Factors,node,4721922712,53.3966558,-2.3649718,,,,Hilti Store Manchester,Manchester,9.65,5-10 km metro overlap,https://www.openstreetmap.org/node/4721922712,OpenStreetMap via Overpass API exact brand/name selectors,2026-04-23
CEF,CEF | City Electrical Factors,cef,node,4573901191,55.8480945,-4.4347839,PA3 1TQ,,Underwood Road,Hilti Store Glasgow,Glasgow,10.03,10-25 km regional catchment,https://www.openstreetmap.org/node/4573901191,OpenStreetMap via Overpass API exact brand/name selectors,2026-04-23
CEF,CEF | City Electrical Factors,CEF,node,12818764502,53.5469559,-2.1983936,,,,Hilti Store Manchester,Manchester,10.38,10-25 km regional catchment,https://www.openstreetmap.org/node/12818764502,OpenStreetMap via Overpass API exact brand/name selectors,2026-04-23
CEF,CEF | City Electrical Factors,CEF,node,10961634090,53.5218909,-2.1416126,OL8 4RG,Oldham,Junction Trade Park,Hilti Store Manchester,Manchester,11.01,10-25 km regional catchment,https://www.openstreetmap.org/node/10961634090,OpenStreetMap via Overpass API exact brand/name selectors,2026-04-23
CEF,CEF | City Electrical Factors,City Electrical Factors,node,9213068915,53.4041246,-2.1516406,SK1 3EY,Stockport,Unity Way,Hilti Store Manchester,Manchester,11.08,10-25 km regional catchment,https://www.openstreetmap.org/node/9213068915,OpenStreetMap via Overpass API exact brand/name selectors,2026-04-23
CEF,CEF | City Electrical Factors,CEF,node,13031870496,55.9245737,-3.2997871,,,,Hilti Store Edinburgh,Edinburgh,11.35,10-25 km regional catchment,https://www.openstreetmap.org/node/13031870496,OpenStreetMap via Overpass API exact brand/name selectors,2026-04-23
CEF,CEF | City Electrical Factors,City Electrical Factors,way,680977678,52.5158458,-2.0667915,,,,Hilti Store Birmingham,Birmingham,12.31,10-25 km regional catchment,https://www.openstreetmap.org/way/680977678,OpenStreetMap via Overpass API exact brand/name selectors,2026-04-23
CEF,CEF | City Electrical Factors,City Electrical Factors,node,1921825236,51.4924236,0.0854864,,,,Hilti Store Southwark,London,13.03,10-25 km regional catchment,https://www.openstreetmap.org/node/1921825236,OpenStreetMap via Overpass API exact brand/name selectors,2026-04-23
CEF,CEF | City Electrical Factors,CEF,node,6582885239,51.4106595,-0.2328157,,,,Hilti Store Southwark,London,13.82,10-25 km regional catchment,https://www.openstreetmap.org/node/6582885239,OpenStreetMap via Overpass API exact brand/name selectors,2026-04-23
CEF,CEF | City Electrical Factors,City Electrical Factors,way,1288282017,51.5485468,0.1580069,,,,Hilti Store Edmonton,London,15.86,10-25 km regional catchment,https://www.openstreetmap.org/way/1288282017,OpenStreetMap via Overpass API exact brand/name selectors,2026-04-23
CEF,CEF | City Electrical Factors,CEF,node,11077295270,51.575307,-2.9656922,NP19 4PT,Newport,Langland Way,Hilti Store Cardiff,Cardiff,17.23,10-25 km regional catchment,https://www.openstreetmap.org/node/11077295270,OpenStreetMap via Overpass API exact brand/name selectors,2026-04-23
CEF,CEF | City Electrical Factors,CEF,node,10905431623,51.5914879,-0.3284465,,,,Hilti Store Southwark,London,18.43,10-25 km regional catchment,https://www.openstreetmap.org/node/10905431623,OpenStreetMap via Overpass API exact brand/name selectors,2026-04-23
CEF,CEF | City Electrical Factors,City Electrical Factors,node,4721822547,53.6225318,-2.1521941,,,,Hilti Store Manchester,Manchester,19.22,10-25 km regional catchment,https://www.openstreetmap.org/node/4721822547,OpenStreetMap via Overpass API exact brand/name selectors,2026-04-23
CEF,CEF | City Electrical Factors,CEF,node,11405661194,51.5949554,-0.3428088,,,,Hilti Store Southwark,London,19.48,10-25 km regional catchment,https://www.openstreetmap.org/node/11405661194,OpenStreetMap via Overpass API exact brand/name selectors,2026-04-23
CEF,CEF | City Electrical Factors,City Electrical Factors,way,414509088,52.6085014,-1.6770031,B77 5DU,Tamworth,Viking,Hilti Store Birmingham,Birmingham,19.48,10-25 km regional catchment,https://www.openstreetmap.org/way/414509088,OpenStreetMap via Overpass API exact brand/name selectors,2026-04-23
CEF,CEF | City Electrical Factors,CEF,node,13729784361,53.2498755,-3.1396377,,,,Hilti Store Liverpool,Liverpool,21.46,10-25 km regional catchment,https://www.openstreetmap.org/node/13729784361,OpenStreetMap via Overpass API exact brand/name selectors,2026-04-23
CEF,CEF | City Electrical Factors,CEF,way,1204518129,53.4012207,-2.5967561,WA2 8NT,Warrington,Kerfoot Street,Hilti Store Manchester,Manchester,22.19,10-25 km regional catchment,https://www.openstreetmap.org/way/1204518129,OpenStreetMap via Overpass API exact brand/name selectors,2026-04-23
CEF,CEF | City Electrical Factors,CEF,node,6595731273,52.3160348,-2.064389,,,,Hilti Store Birmingham,Birmingham,22.72,10-25 km regional catchment,https://www.openstreetmap.org/node/6595731273,OpenStreetMap via Overpass API exact brand/name selectors,2026-04-23
CEF,CEF | City Electrical Factors,City Electrical Factors,node,2902504940,52.2837416,-1.9045919,,,,Hilti Store Birmingham,Birmingham,23.0,10-25 km regional catchment,https://www.openstreetmap.org/node/2902504940,OpenStreetMap via Overpass API exact brand/name selectors,2026-04-23
CEF,CEF | City Electrical Factors,CEF,way,272378164,55.9044982,-3.4999936,,,,Hilti Store Edinburgh,Edinburgh,23.86,10-25 km regional catchment,https://www.openstreetmap.org/way/272378164,OpenStreetMap via Overpass API exact brand/name selectors,2026-04-23
CEF,CEF | City Electrical Factors,CEF,node,12537211707,51.5112193,-0.4624882,UB7 8HP,Yiewsley,Crown Trade Park,Hilti Store Southwark,London,24.98,10-25 km regional catchment,https://www.openstreetmap.org/node/12537211707,OpenStreetMap via Overpass API exact brand/name selectors,2026-04-23
CEF,CEF | City Electrical Factors,City Electrical Factors,node,3752996718,53.6426622,-2.9864111,PR8 6BT,Southport,Hart Street,Hilti Store Liverpool,Liverpool,25.68,25+ km lower direct store threat,https://www.openstreetmap.org/node/3752996718,OpenStreetMap via Overpass API exact brand/name selectors,2026-04-23
CEF,CEF | City Electrical Factors,CEF,way,235165836,52.407336,-1.5281983,,Coventry,Shakleton Road,Hilti Store Birmingham,Birmingham,26.19,25+ km lower direct store threat,https://www.openstreetmap.org/way/235165836,OpenStreetMap via Overpass API exact brand/name selectors,2026-04-23
CEF,CEF | City Electrical Factors,CEF,way,324046567,52.3425942,-1.5742559,CV8 1JJ,Kenilworth,Station Road,Hilti Store Birmingham,Birmingham,26.99,25+ km lower direct store threat,https://www.openstreetmap.org/way/324046567,OpenStreetMap via Overpass API exact brand/name selectors,2026-04-23
CEF,CEF | City Electrical Factors,City Electrical Factors,node,541142869,55.5979526,-4.4905335,KA1 3XL,Kilmarnock,Queens Drive,Hilti Store Glasgow,Glasgow,31.45,25+ km lower direct store threat,https://www.openstreetmap.org/node/541142869,OpenStreetMap via Overpass API exact brand/name selectors,2026-04-23
CEF,CEF | City Electrical Factors,CEF,node,7101483423,53.6627185,-2.6293132,,,,Hilti Store Manchester,Manchester,31.64,25+ km lower direct store threat,https://www.openstreetmap.org/node/7101483423,OpenStreetMap via Overpass API exact brand/name selectors,2026-04-23
CEF,CEF | City Electrical Factors,CEF,way,1339321082,51.8717249,0.1787385,CM23 5PJ,Bishop's Stortford,Raynham Close,Hilti Store Edmonton,London,32.74,25+ km lower direct store threat,https://www.openstreetmap.org/way/1339321082,OpenStreetMap via Overpass API exact brand/name selectors,2026-04-23
CEF,CEF | City Electrical Factors,City Electrical Factors,node,4500465921,54.8491913,-6.2581747,,,,Hilti Store Belfast,Belfast,33.29,25+ km lower direct store threat,https://www.openstreetmap.org/node/4500465921,OpenStreetMap via Overpass API exact brand/name selectors,2026-04-23
CEF,CEF | City Electrical Factors,CEF,way,1352798967,51.5827898,0.4452164,SS14 3GN,Basildon,Miles Gray Road,Hilti Store Edmonton,London,34.17,25+ km lower direct store threat,https://www.openstreetmap.org/way/1352798967,OpenStreetMap via Overpass API exact brand/name selectors,2026-04-23
CEF,CEF | City Electrical Factors,CEF,way,459579876,51.522646,-0.6269109,,,,Hilti Store Southwark,London,36.4,25+ km lower direct store threat,https://www.openstreetmap.org/way/459579876,OpenStreetMap via Overpass API exact brand/name selectors,2026-04-23
CEF,CEF | City Electrical Factors,City Electrical Factors,node,5423388683,56.1152708,-3.914268,FK7 7SW,Stirling,Cunningham Road,Hilti Store Glasgow,Glasgow,36.75,25+ km lower direct store threat,https://www.openstreetmap.org/node/5423388683,OpenStreetMap via Overpass API exact brand/name selectors,2026-04-23
CEF,CEF | City Electrical Factors,City Electrical Factors,way,295287115,53.3147129,-3.5002381,,,,Hilti Store Liverpool,Liverpool,37.15,25+ km lower direct store threat,https://www.openstreetmap.org/way/295287115,OpenStreetMap via Overpass API exact brand/name selectors,2026-04-23
CEF,CEF | City Electrical Factors,City Electrical Factors,node,4193517396,51.8774212,-0.403965,,Luton,Thistle Road,Hilti Store Edmonton,London,38.35,25+ km lower direct store threat,https://www.openstreetmap.org/node/4193517396,OpenStreetMap via Overpass API exact brand/name selectors,2026-04-23
CEF,CEF | City Electrical Factors,CEF,node,11057645869,53.6499089,-1.7790416,HD1 6DD,Huddersfield,Leeds Road,Hilti Store Manchester,Manchester,38.85,25+ km lower direct store threat,https://www.openstreetmap.org/node/11057645869,OpenStreetMap via Overpass API exact brand/name selectors,2026-04-23
CEF,CEF | City Electrical Factors,CEF,way,705395048,51.7423172,0.5033488,CM2 6TX,Chelmsford,Montrose Road,Hilti Store Edmonton,London,40.6,25+ km lower direct store threat,https://www.openstreetmap.org/way/705395048,OpenStreetMap via Overpass API exact brand/name selectors,2026-04-23
CEF,CEF | City Electrical Factors,CEF Wrexham,way,893175285,53.0430381,-2.9888221,LL13 8DL,Wrexham,Rivulet Road,Hilti Store Liverpool,Liverpool,41.07,25+ km lower direct store threat,https://www.openstreetmap.org/way/893175285,OpenStreetMap via Overpass API exact brand/name selectors,2026-04-23
CEF,CEF | City Electrical Factors,CEF,node,13113179486,51.1315664,-0.1678171,,,,Hilti Store Southwark,London,41.7,25+ km lower direct store threat,https://www.openstreetmap.org/node/13113179486,OpenStreetMap via Overpass API exact brand/name selectors,2026-04-23
CEF,CEF | City Electrical Factors,CEF,node,7916582517,51.3933236,0.491045,,,,Hilti Store Southwark,London,42.89,25+ km lower direct store threat,https://www.openstreetmap.org/node/7916582517,OpenStreetMap via Overpass API exact brand/name selectors,2026-04-23
CEF,CEF | City Electrical Factors,CEF,node,11612978743,55.621022,-2.8170996,,,,Hilti Store Edinburgh,Edinburgh,43.04,25+ km lower direct store threat,https://www.openstreetmap.org/node/11612978743,OpenStreetMap via Overpass API exact brand/name selectors,2026-04-23
CEF,CEF | City Electrical Factors,CEF,way,705723592,52.73066,-1.3746029,,,,Hilti Store Birmingham,Birmingham,43.86,25+ km lower direct store threat,https://www.openstreetmap.org/way/705723592,OpenStreetMap via Overpass API exact brand/name selectors,2026-04-23
CEF,CEF | City Electrical Factors,City Electrical Factors,way,292305595,52.0808374,-1.9473958,,,St Richards Road,Hilti Store Birmingham,Birmingham,45.71,25+ km lower direct store threat,https://www.openstreetmap.org/way/292305595,OpenStreetMap via Overpass API exact brand/name selectors,2026-04-23
CEF,CEF | City Electrical Factors,CEF,node,13009675545,53.8753607,-2.3806169,,,,Hilti Store Manchester,Manchester,45.83,25+ km lower direct store threat,https://www.openstreetmap.org/node/13009675545,OpenStreetMap via Overpass API exact brand/name selectors,2026-04-23
CEF,CEF | City Electrical Factors,CEF,node,8242630190,51.3256599,-0.7559873,,,,Hilti Store Southwark,London,49.53,25+ km lower direct store threat,https://www.openstreetmap.org/node/8242630190,OpenStreetMap via Overpass API exact brand/name selectors,2026-04-23
CEF,CEF | City Electrical Factors,CEF,node,5922943751,51.6312644,-0.7906079,,,,Hilti Store Southwark,London,49.66,25+ km lower direct store threat,https://www.openstreetmap.org/node/5922943751,OpenStreetMap via Overpass API exact brand/name selectors,2026-04-23
CEF,CEF | City Electrical Factors,CEF,way,532907210,51.0277254,-3.0812292,TA2 8RX,Taunton,Crown Close,Hilti Store Cardiff,Cardiff,49.98,25+ km lower direct store threat,https://www.openstreetmap.org/way/532907210,OpenStreetMap via Overpass API exact brand/name selectors,2026-04-23
CEF,CEF | City Electrical Factors,CEF,way,514612085,53.019711,-2.2056234,ST4 6JQ,,Etruria Way,Hilti Store Manchester,Manchester,50.04,25+ km lower direct store threat,https://www.openstreetmap.org/way/514612085,OpenStreetMap via Overpass API exact brand/name selectors,2026-04-23
CEF,CEF | City Electrical Factors,CEF,node,9600903830,51.0712498,-0.3137656,RH13 5TX,Horsham,Foundry Close,Hilti Store Southwark,London,50.36,25+ km lower direct store threat,https://www.openstreetmap.org/node/9600903830,OpenStreetMap via Overpass API exact brand/name selectors,2026-04-23
CEF,CEF | City Electrical Factors,City Electrical Factors,way,185198095,53.8656733,-1.90223,,,,Hilti Store Manchester,Manchester,50.82,25+ km lower direct store threat,https://www.openstreetmap.org/way/185198095,OpenStreetMap via Overpass API exact brand/name selectors,2026-04-23
CEF,CEF | City Electrical Factors,CEF,node,4121971292,51.2488577,-0.7367774,GU12 4YD,Aldershot,Gresham Industrial Estate,Hilti Store Southwark,London,52.43,25+ km lower direct store threat,https://www.openstreetmap.org/node/4121971292,OpenStreetMap via Overpass API exact brand/name selectors,2026-04-23
CEF,CEF | City Electrical Factors,City Electrical Factors,way,694826547,52.0780262,-0.2337718,SG18 8XP,Biggleswade,Juno Place,Hilti Store Edmonton,London,53.31,25+ km lower direct store threat,https://www.openstreetmap.org/way/694826547,OpenStreetMap via Overpass API exact brand/name selectors,2026-04-23
CEF,CEF | City Electrical Factors,City Electrical Factors,way,89179003,53.3960465,-1.4849791,,,,Hilti Store Manchester,Manchester,53.32,25+ km lower direct store threat,https://www.openstreetmap.org/way/89179003,OpenStreetMap via Overpass API exact brand/name selectors,2026-04-23
CEF,CEF | City Electrical Factors,CEF,way,1291165311,52.6538189,-1.1432378,,,,Hilti Store Birmingham,Birmingham,53.63,25+ km lower direct store threat,https://www.openstreetmap.org/way/1291165311,OpenStreetMap via Overpass API exact brand/name selectors,2026-04-23
CEF,CEF | City Electrical Factors,City Electrical Factors,way,61583670,52.9009083,-1.4558492,DE24 8UJ,Derby,Longbridge Lane,Hilti Store Birmingham,Birmingham,54.21,25+ km lower direct store threat,https://www.openstreetmap.org/way/61583670,OpenStreetMap via Overpass API exact brand/name selectors,2026-04-23
CEF,CEF | City Electrical Factors,CEF,way,55848981,51.2385297,0.5651614,,,,Hilti Store Southwark,London,54.92,25+ km lower direct store threat,https://www.openstreetmap.org/way/55848981,OpenStreetMap via Overpass API exact brand/name selectors,2026-04-23
CEF,CEF | City Electrical Factors,City Electrical Factors,way,366083274,53.9458006,-2.0169457,BD23 2QR,Skipton,Snaygill Industrial Estate,Hilti Store Manchester,Manchester,55.95,25+ km lower direct store threat,https://www.openstreetmap.org/way/366083274,OpenStreetMap via Overpass API exact brand/name selectors,2026-04-23
CEF,CEF | City Electrical Factors,CEF,way,1222215888,53.5444238,-1.4423961,S70 3DP,Barnsley,Hunningley Close,Hilti Store Manchester,Manchester,56.1,25+ km lower direct store threat,https://www.openstreetmap.org/way/1222215888,OpenStreetMap via Overpass API exact brand/name selectors,2026-04-23
CEF,CEF | City Electrical Factors,City Electrical Factors,way,108394595,52.9372919,-1.4703006,,,,Hilti Store Birmingham,Birmingham,57.16,25+ km lower direct store threat,https://www.openstreetmap.org/way/108394595,OpenStreetMap via Overpass API exact brand/name selectors,2026-04-23
CEF,CEF | City Electrical Factors,CEF,way,83659233,53.6867166,-1.4899766,WF1 4PY,Wakefield,Grantley Way,Hilti Store Manchester,Manchester,57.62,25+ km lower direct store threat,https://www.openstreetmap.org/way/83659233,OpenStreetMap via Overpass API exact brand/name selectors,2026-04-23
CEF,CEF | City Electrical Factors,CEF,node,13645289242,51.8246291,-2.5105822,,,,Hilti Store Cardiff,Cardiff,59.09,25+ km lower direct store threat,https://www.openstreetmap.org/node/13645289242,OpenStreetMap via Overpass API exact brand/name selectors,2026-04-23
CEF,CEF | City Electrical Factors,CEF,way,238821092,53.7896915,-1.5680796,,,,Hilti Store Manchester,Manchester,59.09,25+ km lower direct store threat,https://www.openstreetmap.org/way/238821092,OpenStreetMap via Overpass API exact brand/name selectors,2026-04-23
CEF,CEF | City Electrical Factors,City Electrical Factors,way,229152285,53.4326421,-1.3717872,,,,Hilti Store Manchester,Manchester,60.32,25+ km lower direct store threat,https://www.openstreetmap.org/way/229152285,OpenStreetMap via Overpass API exact brand/name selectors,2026-04-23
CEF,CEF | City Electrical Factors,City Electrical Factors,node,3381733970,53.1384804,-1.5529956,,,,Hilti Store Manchester,Manchester,60.64,25+ km lower direct store threat,https://www.openstreetmap.org/node/3381733970,OpenStreetMap via Overpass API exact brand/name selectors,2026-04-23
CEF,CEF | City Electrical Factors,CEF,node,4344840540,50.9684737,0.0892907,,,,Hilti Store Southwark,London,61.05,25+ km lower direct store threat,https://www.openstreetmap.org/node/4344840540,OpenStreetMap via Overpass API exact brand/name selectors,2026-04-23
CEF,CEF | City Electrical Factors,City Electrical Factors,way,250800232,53.2518752,-1.426928,,,,Hilti Store Manchester,Manchester,61.53,25+ km lower direct store threat,https://www.openstreetmap.org/way/250800232,OpenStreetMap via Overpass API exact brand/name selectors,2026-04-23
CEF,CEF | City Electrical Factors,CEF,node,11237794531,51.4641201,-1.0132737,,,,Hilti Store Southwark,London,63.28,25+ km lower direct store threat,https://www.openstreetmap.org/node/11237794531,OpenStreetMap via Overpass API exact brand/name selectors,2026-04-23
CEF,CEF | City Electrical Factors,City Electrical Factors (CEF),node,12546126727,52.0120285,-0.7471796,,,,Hilti Store Edmonton,London,65.49,25+ km lower direct store threat,https://www.openstreetmap.org/node/12546126727,OpenStreetMap via Overpass API exact brand/name selectors,2026-04-23
CEF,CEF | City Electrical Factors,CEF,way,579720254,52.978038,-1.3213522,DE7 8EF,Ilkeston,Buxton Court,Hilti Store Birmingham,Birmingham,66.37,25+ km lower direct store threat,https://www.openstreetmap.org/way/579720254,OpenStreetMap via Overpass API exact brand/name selectors,2026-04-23
CEF,CEF | City Electrical Factors,CEF,way,1030293532,53.7100363,-1.3338534,WF10 4SR,Castleford,Carr Wood Road,Hilti Store Manchester,Manchester,68.07,25+ km lower direct store threat,https://www.openstreetmap.org/way/1030293532,OpenStreetMap via Overpass API exact brand/name selectors,2026-04-23
CEF,CEF | City Electrical Factors,CEF,way,144429492,52.2145358,0.149621,CB5 8HY,Cambridge,Mercers Row,Hilti Store Edmonton,London,68.28,25+ km lower direct store threat,https://www.openstreetmap.org/way/144429492,OpenStreetMap via Overpass API exact brand/name selectors,2026-04-23
CEF,CEF | City Electrical Factors,City Electrical Factors (CEF),node,6781595198,52.0667674,-2.7198649,,,,Hilti Store Cardiff,Cardiff,72.32,25+ km lower direct store threat,https://www.openstreetmap.org/node/6781595198,OpenStreetMap via Overpass API exact brand/name selectors,2026-04-23
CEF,CEF | City Electrical Factors,City Electrical Factors,node,6646438052,54.059358,-2.8374182,LA3 3AY,Morecambe,Northgate,Hilti Store Liverpool,Liverpool,72.46,25+ km lower direct store threat,https://www.openstreetmap.org/node/6646438052,OpenStreetMap via Overpass API exact brand/name selectors,2026-04-23
CEF,CEF | City Electrical Factors,City Electrical Factors,way,425646010,52.9788515,-1.1598706,,,Ellesmere Crescent,Hilti Store Birmingham,Birmingham,73.25,25+ km lower direct store threat,https://www.openstreetmap.org/way/425646010,OpenStreetMap via Overpass API exact brand/name selectors,2026-04-23
CEF,CEF | City Electrical Factors,CEF,way,281231313,53.0898217,-1.3753178,DE55 7RL,Alfreton,Monk Road,Hilti Store Manchester,Manchester,73.4,25+ km lower direct store threat,https://www.openstreetmap.org/way/281231313,OpenStreetMap via Overpass API exact brand/name selectors,2026-04-23
CEF,CEF | City Electrical Factors,City electrical factors,node,10908324095,55.132572,-6.6557707,,,,Hilti Store Belfast,Belfast,73.72,25+ km lower direct store threat,https://www.openstreetmap.org/node/10908324095,OpenStreetMap via Overpass API exact brand/name selectors,2026-04-23
CEF,CEF | City Electrical Factors,City Electrical Factors,way,250764592,51.8580631,-2.221882,,,,Hilti Store Birmingham,Birmingham,73.87,25+ km lower direct store threat,https://www.openstreetmap.org/way/250764592,OpenStreetMap via Overpass API exact brand/name selectors,2026-04-23
CEF,CEF | City Electrical Factors,CEF,node,13669685772,50.8371934,-0.1754836,,,,Hilti Store Southwark,London,74.36,25+ km lower direct store threat,https://www.openstreetmap.org/node/13669685772,OpenStreetMap via Overpass API exact brand/name selectors,2026-04-23
CEF,CEF | City Electrical Factors,CEF,node,13141238535,56.561219,-2.5865872,DD11 1UH,Arbroath,Hume Street,Hilti Store Edinburgh,Edinburgh,74.37,25+ km lower direct store threat,https://www.openstreetmap.org/node/13141238535,OpenStreetMap via Overpass API exact brand/name selectors,2026-04-23
CEF,CEF | City Electrical Factors,CEF,way,220430554,53.0104515,-1.189804,NG6 8EP,Nottingham,Saxondale Court,Hilti Store Birmingham,Birmingham,74.59,25+ km lower direct store threat,https://www.openstreetmap.org/way/220430554,OpenStreetMap via Overpass API exact brand/name selectors,2026-04-23
CEF,CEF | City Electrical Factors,CEF City Electrical Factors,way,620929272,50.8602357,0.2505871,,,,Hilti Store Southwark,London,75.71,25+ km lower direct store threat,https://www.openstreetmap.org/way/620929272,OpenStreetMap via Overpass API exact brand/name selectors,2026-04-23
CEF,CEF | City Electrical Factors,City Electrical Factors,node,9749231558,50.8225523,-0.1238751,BN2 0DF,Brighton & Hove,Stevenson Road,Hilti Store Southwark,London,75.82,25+ km lower direct store threat,https://www.openstreetmap.org/node/9749231558,OpenStreetMap via Overpass API exact brand/name selectors,2026-04-23
CEF,CEF | City Electrical Factors,City Electrical Factors,way,988994913,53.5275294,-1.1315071,,,,Hilti Store Manchester,Manchester,76.31,25+ km lower direct store threat,https://www.openstreetmap.org/way/988994913,OpenStreetMap via Overpass API exact brand/name selectors,2026-04-23
CEF,CEF | City Electrical Factors,CEF,way,981319216,50.8291683,-0.3652991,BN14 8NQ,Worthing,,Hilti Store Southwark,London,77.29,25+ km lower direct store threat,https://www.openstreetmap.org/way/981319216,OpenStreetMap via Overpass API exact brand/name selectors,2026-04-23
CEF,CEF | City Electrical Factors,City Electrical Factors,way,467058343,52.4101838,-0.7397269,,,,Hilti Store Birmingham,Birmingham,78.45,25+ km lower direct store threat,https://www.openstreetmap.org/way/467058343,OpenStreetMap via Overpass API exact brand/name selectors,2026-04-23
CEF,CEF | City Electrical Factors,CEF,node,8367547617,54.1214408,-3.2417214,,,,Hilti Store Liverpool,Liverpool,80.95,25+ km lower direct store threat,https://www.openstreetmap.org/node/8367547617,OpenStreetMap via Overpass API exact brand/name selectors,2026-04-23
CEF,CEF | City Electrical Factors,City Electrical Factors,way,487521209,51.1289066,0.8993589,,,,Hilti Store Southwark,London,81.13,25+ km lower direct store threat,https://www.openstreetmap.org/way/487521209,OpenStreetMap via Overpass API exact brand/name selectors,2026-04-23
CEF,CEF | City Electrical Factors,City Electrical Factors,way,295927670,53.2127198,-4.1450862,LL57 4SU,Bangor,Ffordd Caernarfon,Hilti Store Liverpool,Liverpool,81.5,25+ km lower direct store threat,https://www.openstreetmap.org/way/295927670,OpenStreetMap via Overpass API exact brand/name selectors,2026-04-23
CEF,CEF | City Electrical Factors,CEF,way,28612806,50.8901984,0.5525681,TN37 7PJ,St. Leonards-On-Sea,The Ridge West,Hilti Store Southwark,London,82.1,25+ km lower direct store threat,https://www.openstreetmap.org/way/28612806,OpenStreetMap via Overpass API exact brand/name selectors,2026-04-23
CEF,CEF | City Electrical Factors,City Electrical Factors,way,579054065,52.322423,-0.6902271,NN8 4RN,Wellingborough,Bridle Close,Hilti Store Birmingham,Birmingham,83.49,25+ km lower direct store threat,https://www.openstreetmap.org/way/579054065,OpenStreetMap via Overpass API exact brand/name selectors,2026-04-23
CEF,CEF | City Electrical Factors,City Electrical Factors,way,487007166,50.7909495,0.2988589,,Eastbourne,Hawthorn Road,Hilti Store Southwark,London,84.1,25+ km lower direct store threat,https://www.openstreetmap.org/way/487007166,OpenStreetMap via Overpass API exact brand/name selectors,2026-04-23
CEF,CEF | City Electrical Factors,City Electrical Factors,way,368298831,52.6525038,-3.1412522,SY21 7DF,Welshpool,,Hilti Store Liverpool,Liverpool,85.29,25+ km lower direct store threat,https://www.openstreetmap.org/way/368298831,OpenStreetMap via Overpass API exact brand/name selectors,2026-04-23
CEF,CEF | City Electrical Factors,CEF,way,592469429,51.2934038,1.0921589,CT2 7SN,Canterbury,Broad Oak Road,Hilti Store Southwark,London,86.08,25+ km lower direct store threat,https://www.openstreetmap.org/way/592469429,OpenStreetMap via Overpass API exact brand/name selectors,2026-04-23
CEF,CEF | City Electrical Factors,City Electrical Factors,node,11263298300,51.7054098,-1.9616151,GL7 1YG,Cirencester,Love Lane,Hilti Store Cardiff,Cardiff,86.35,25+ km lower direct store threat,https://www.openstreetmap.org/node/11263298300,OpenStreetMap via Overpass API exact brand/name selectors,2026-04-23
CEF,CEF | City Electrical Factors,City Electrical Factors,way,1107732345,51.8167286,1.169866,CO15 4LR,Clacton-On-Sea,Paxton Road,Hilti Store Edmonton,London,86.86,25+ km lower direct store threat,https://www.openstreetmap.org/way/1107732345,OpenStreetMap via Overpass API exact brand/name selectors,2026-04-23
CEF,CEF | City Electrical Factors,CEF,way,1431537685,52.2406056,0.745063,IP32 7EY,Bury St Edmunds,Chamberlayne Road,Hilti Store Edmonton,London,88.47,25+ km lower direct store threat,https://www.openstreetmap.org/way/1431537685,OpenStreetMap via Overpass API exact brand/name selectors,2026-04-23
CEF,CEF | City Electrical Factors,City Electrical Factors,way,94205871,53.3355882,-0.9554633,,,,Hilti Store Manchester,Manchester,89.08,25+ km lower direct store threat,https://www.openstreetmap.org/way/94205871,OpenStreetMap via Overpass API exact brand/name selectors,2026-04-23
CEF,CEF | City Electrical Factors,CEF,node,6113711047,53.9735167,-1.1336492,,,,Hilti Store Manchester,Manchester,94.14,25+ km lower direct store threat,https://www.openstreetmap.org/node/6113711047,OpenStreetMap via Overpass API exact brand/name selectors,2026-04-23
CEF,CEF | City Electrical Factors,CEF,node,4643132370,52.0829995,1.1145691,IP1 5NP,,Goddard Road,Hilti Store Edmonton,London,95.41,25+ km lower direct store threat,https://www.openstreetmap.org/node/4643132370,OpenStreetMap via Overpass API exact brand/name selectors,2026-04-23
CEF,CEF | City Electrical Factors,CEF,way,576483476,51.0691572,-1.2952349,SO23 7FA,Winchester,,Hilti Store Southwark,London,96.07,25+ km lower direct store threat,https://www.openstreetmap.org/way/576483476,OpenStreetMap via Overpass API exact brand/name selectors,2026-04-23
CEF,CEF | City Electrical Factors,City Electrical Factors,way,161371111,51.5741489,-1.7707239,,,,Hilti Store Cardiff,Cardiff,96.42,25+ km lower direct store threat,https://www.openstreetmap.org/way/161371111,OpenStreetMap via Overpass API exact brand/name selectors,2026-04-23
CEF,CEF | City Electrical Factors,CEF,way,162974158,53.9904022,-1.0958945,,,,Hilti Store Manchester,Manchester,97.24,25+ km lower direct store threat,https://www.openstreetmap.org/way/162974158,OpenStreetMap via Overpass API exact brand/name selectors,2026-04-23
CEF,CEF | City Electrical Factors,City Electrical Factors,node,3598162076,54.3382976,-2.7449994,LA9 4RU,Kendal,Dockray Hall Road,Hilti Store Manchester,Manchester,101.49,25+ km lower direct store threat,https://www.openstreetmap.org/node/3598162076,OpenStreetMap via Overpass API exact brand/name selectors,2026-04-23
CEF,CEF | City Electrical Factors,CEF,node,6814245985,51.0724054,-1.8127748,,,,Hilti Store Cardiff,Cardiff,103.55,25+ km lower direct store threat,https://www.openstreetmap.org/node/6814245985,OpenStreetMap via Overpass API exact brand/name selectors,2026-04-23
CEF,CEF | City Electrical Factors,City Electrical Factors,node,5302299659,51.1539137,1.3031954,,,,Hilti Store Southwark,London,105.1,25+ km lower direct store threat,https://www.openstreetmap.org/node/5302299659,OpenStreetMap via Overpass API exact brand/name selectors,2026-04-23
CEF,CEF | City Electrical Factors,CEF,way,900485879,54.1471892,-4.5039162,IM2 1AL,Douglas,,Hilti Store Belfast,Belfast,105.67,25+ km lower direct store threat,https://www.openstreetmap.org/way/900485879,OpenStreetMap via Overpass API exact brand/name selectors,2026-04-23
CEF,CEF | City Electrical Factors,CEF,way,229185594,50.9741418,-1.3721698,,Eastleigh,Manor Road,Hilti Store Southwark,London,106.29,25+ km lower direct store threat,https://www.openstreetmap.org/way/229185594,OpenStreetMap via Overpass API exact brand/name selectors,2026-04-23
CEF,CEF | City Electrical Factors,City Electrical Factors (CEF),way,89175288,52.5751571,-0.2089957,PE1 5XG,Peterborough,Fengate,Hilti Store Edmonton,London,107.6,25+ km lower direct store threat,https://www.openstreetmap.org/way/89175288,OpenStreetMap via Overpass API exact brand/name selectors,2026-04-23
CEF,CEF | City Electrical Factors,CEF,node,6031507214,54.411551,-1.7462018,,,,Hilti Store Manchester,Manchester,110.65,25+ km lower direct store threat,https://www.openstreetmap.org/node/6031507214,OpenStreetMap via Overpass API exact brand/name selectors,2026-04-23
CEF,CEF | City Electrical Factors,City Electrical Factors,node,3412940617,54.3440932,-1.4426315,,,,Hilti Store Manchester,Manchester,111.87,25+ km lower direct store threat,https://www.openstreetmap.org/node/3412940617,OpenStreetMap via Overpass API exact brand/name selectors,2026-04-23
CEF,CEF | City Electrical Factors,City Electrical Factors,way,366893762,50.9178108,-1.4839322,SO40 3AE,,Mill Road,Hilti Store Southwark,London,116.28,25+ km lower direct store threat,https://www.openstreetmap.org/way/366893762,OpenStreetMap via Overpass API exact brand/name selectors,2026-04-23
CEF,CEF | City Electrical Factors,CEF,way,333248488,54.895362,-2.9522409,CA2 7AF,Carlisle,Port Road Business Park,Hilti Store Edinburgh,Edinburgh,119.49,25+ km lower direct store threat,https://www.openstreetmap.org/way/333248488,OpenStreetMap via Overpass API exact brand/name selectors,2026-04-23
CEF,CEF | City Electrical Factors,CEF,node,10686860556,50.7092026,-1.2956531,,,,Hilti Store Southwark,London,121.5,25+ km lower direct store threat,https://www.openstreetmap.org/node/10686860556,OpenStreetMap via Overpass API exact brand/name selectors,2026-04-23
CEF,CEF | City Electrical Factors,City Electrical Factors,node,10905695563,50.7298248,-1.8560601,,,Holdenhurst Road,Hilti Store Cardiff,Cardiff,122.84,25+ km lower direct store threat,https://www.openstreetmap.org/node/10905695563,OpenStreetMap via Overpass API exact brand/name selectors,2026-04-23
CEF,CEF | City Electrical Factors,City Electrical Factors,way,605658606,52.0788849,-4.6563616,SA43 3AG,Cardigan / Aberteifi,,Hilti Store Cardiff,Cardiff,123.2,25+ km lower direct store threat,https://www.openstreetmap.org/way/605658606,OpenStreetMap via Overpass API exact brand/name selectors,2026-04-23
CEF,CEF | City Electrical Factors,CEF,node,3842747733,54.538084,-1.5558143,DL3 0QR,Darlington,Meynell Road,Hilti Store Manchester,Manchester,128.12,25+ km lower direct store threat,https://www.openstreetmap.org/node/3842747733,OpenStreetMap via Overpass API exact brand/name selectors,2026-04-23
CEF,CEF | City Electrical Factors,CEF,way,1221785429,53.8407079,-0.4185755,HU17 0EW,Beverley,Priory Road,Hilti Store Manchester,Manchester,129.54,25+ km lower direct store threat,https://www.openstreetmap.org/way/1221785429,OpenStreetMap via Overpass API exact brand/name selectors,2026-04-23
CEF,CEF | City Electrical Factors,City Electrical Factors,node,1000844212,55.0956878,-1.6106967,NE23 1WQ,Cramlington,Baker Road,Hilti Store Edinburgh,Edinburgh,136.07,25+ km lower direct store threat,https://www.openstreetmap.org/node/1000844212,OpenStreetMap via Overpass API exact brand/name selectors,2026-04-23
CEF,CEF | City Electrical Factors,CEF,node,6709406881,54.6581792,-2.7670868,CA11 9EU,Penrith,Haweswater Road,Hilti Store Manchester,Manchester,136.15,25+ km lower direct store threat,https://www.openstreetmap.org/node/6709406881,OpenStreetMap via Overpass API exact brand/name selectors,2026-04-23
CEF,CEF | City Electrical Factors,CEF,way,40188910,50.3965452,-4.090093,,,,Hilti Store Cardiff,Cardiff,136.62,25+ km lower direct store threat,https://www.openstreetmap.org/way/40188910,OpenStreetMap via Overpass API exact brand/name selectors,2026-04-23
CEF,CEF | City Electrical Factors,CEF,way,1058657937,50.3684597,-4.1281953,,,,Hilti Store Cardiff,Cardiff,140.66,25+ km lower direct store threat,https://www.openstreetmap.org/way/1058657937,OpenStreetMap via Overpass API exact brand/name selectors,2026-04-23
CEF,CEF | City Electrical Factors,CEF,node,2979252150,54.6357896,-3.5608781,,,,Hilti Store Liverpool,Liverpool,141.53,25+ km lower direct store threat,https://www.openstreetmap.org/node/2979252150,OpenStreetMap via Overpass API exact brand/name selectors,2026-04-23
CEF,CEF | City Electrical Factors,CEF,way,925908986,52.4615831,1.5683492,,,Common Lane North Industrial Estate,Hilti Store Edmonton,London,145.33,25+ km lower direct store threat,https://www.openstreetmap.org/way/925908986,OpenStreetMap via Overpass API exact brand/name selectors,2026-04-23
CEF,CEF | City Electrical Factors,City Electrical Factors,way,112840133,52.6394657,1.2835648,NR2 4TN,,,Hilti Store Edmonton,London,145.9,25+ km lower direct store threat,https://www.openstreetmap.org/way/112840133,OpenStreetMap via Overpass API exact brand/name selectors,2026-04-23
CEF,CEF | City Electrical Factors,CEF,way,627858513,57.1468787,-2.0846597,AB11 5FT,Aberdeen,Church Street,Hilti Store Edinburgh,Edinburgh,146.26,25+ km lower direct store threat,https://www.openstreetmap.org/way/627858513,OpenStreetMap via Overpass API exact brand/name selectors,2026-04-23
CEF,CEF | City Electrical Factors,CEF,node,4655592614,54.9905223,-1.5253826,,Wallsend,Hadrian Road,Hilti Store Edinburgh,Edinburgh,148.31,25+ km lower direct store threat,https://www.openstreetmap.org/node/4655592614,OpenStreetMap via Overpass API exact brand/name selectors,2026-04-23
CEF,CEF | City Electrical Factors,City Electrical Factors,node,12875941851,54.7539034,-1.6085449,DH7 8JA,,,Hilti Store Manchester,Manchester,149.6,25+ km lower direct store threat,https://www.openstreetmap.org/node/12875941851,OpenStreetMap via Overpass API exact brand/name selectors,2026-04-23
CEF,CEF | City Electrical Factors,City Electrical Factors,node,4409427712,54.9265142,-1.6215838,,Gateshead,Dukesway,Hilti Store Edinburgh,Edinburgh,149.71,25+ km lower direct store threat,https://www.openstreetmap.org/node/4409427712,OpenStreetMap via Overpass API exact brand/name selectors,2026-04-23
CEF,CEF | City Electrical Factors,City Electrical Factors,way,1239668553,53.3715778,0.0018269,,,,Hilti Store Manchester,Manchester,151.63,25+ km lower direct store threat,https://www.openstreetmap.org/way/1239668553,OpenStreetMap via Overpass API exact brand/name selectors,2026-04-23
CEF,CEF | City Electrical Factors,City Electrical Factors,node,4343112152,54.9912237,-1.4346526,NE33 5QU,South Shields,Western Approach,Hilti Store Edinburgh,Edinburgh,152.22,25+ km lower direct store threat,https://www.openstreetmap.org/node/4343112152,OpenStreetMap via Overpass API exact brand/name selectors,2026-04-23
CEF,CEF | City Electrical Factors,City Electrical Factors,way,157458376,53.5168137,-7.3576454,,,,Hilti Store Belfast,Belfast,155.04,25+ km lower direct store threat,https://www.openstreetmap.org/way/157458376,OpenStreetMap via Overpass API exact brand/name selectors,2026-04-23
CEF,CEF | City Electrical Factors,CEF,way,1138521298,57.6482029,-3.2956769,IV30 1XY,Elgin,Tyock Industrial Estate,Hilti Store Edinburgh,Edinburgh,187.42,25+ km lower direct store threat,https://www.openstreetmap.org/way/1138521298,OpenStreetMap via Overpass API exact brand/name selectors,2026-04-23
CEF,CEF | City Electrical Factors,City Electrical Factors,way,1096836454,50.2658499,-5.0979504,,Treliske,,Hilti Store Cardiff,Cardiff,191.45,25+ km lower direct store threat,https://www.openstreetmap.org/way/1096836454,OpenStreetMap via Overpass API exact brand/name selectors,2026-04-23
CEF,CEF | City Electrical Factors,City Electrical Factors,way,545055855,50.2271664,-5.2549969,TR15 3RQ,,Wilson Way,Hilti Store Cardiff,Cardiff,202.41,25+ km lower direct store threat,https://www.openstreetmap.org/way/545055855,OpenStreetMap via Overpass API exact brand/name selectors,2026-04-23
CEF,CEF | City Electrical Factors,CEF,node,6655314537,52.6494954,-8.5858087,,,,Hilti Store Belfast,Belfast,281.47,25+ km lower direct store threat,https://www.openstreetmap.org/node/6655314537,OpenStreetMap via Overpass API exact brand/name selectors,2026-04-23
CEF,CEF | City Electrical Factors,City Electrical Factors,node,7256396981,51.8718237,-8.4873318,,Cork,Matthew Hill Business Park,Hilti Store Belfast,Belfast,350.65,25+ km lower direct store threat,https://www.openstreetmap.org/node/7256396981,OpenStreetMap via Overpass API exact brand/name selectors,2026-04-23
City Plumbing,City Plumbing,City Plumbing,way,409579443,51.6010843,-0.0216942,,London,Waltham Park Way,Hilti Store Edmonton,London,2.18,2-5 km strong urban overlap,https://www.openstreetmap.org/way/409579443,OpenStreetMap via Overpass API exact brand/name selectors,2026-04-23
City Plumbing,City Plumbing,City Plumbing,node,11833734760,51.4968618,-3.1468363,,,,Hilti Store Cardiff,Cardiff,2.52,2-5 km strong urban overlap,https://www.openstreetmap.org/node/11833734760,OpenStreetMap via Overpass API exact brand/name selectors,2026-04-23
City Plumbing,City Plumbing,City Plumbing,way,896331798,51.4686504,-3.1986255,CF11 8BA,Cardiff,Bessemer Road,Hilti Store Cardiff,Cardiff,3.08,2-5 km strong urban overlap,https://www.openstreetmap.org/way/896331798,OpenStreetMap via Overpass API exact brand/name selectors,2026-04-23
City Plumbing,City Plumbing,City Plumbing,way,164483474,51.5295518,-0.0778062,,London,Kingsland Road,Hilti Store Southwark,London,3.26,2-5 km strong urban overlap,https://www.openstreetmap.org/way/164483474,OpenStreetMap via Overpass API exact brand/name selectors,2026-04-23
City Plumbing,City Plumbing,City Plumbing,node,2100644207,53.3783294,-3.0111972,,,,Hilti Store Liverpool,Liverpool,4.86,2-5 km strong urban overlap,https://www.openstreetmap.org/node/2100644207,OpenStreetMap via Overpass API exact brand/name selectors,2026-04-23
City Plumbing,City Plumbing,City Plumbing,relation,15603020,52.5367204,-1.8896922,B44 8JP,Birmingham,Kingstanding Road,Hilti Store Birmingham,Birmingham,5.15,5-10 km metro overlap,https://www.openstreetmap.org/relation/15603020,OpenStreetMap via Overpass API exact brand/name selectors,2026-04-23
City Plumbing,City Plumbing,City Plumbing,way,1430101235,52.5024466,-1.9942548,,,Redwood Trade Park,Hilti Store Birmingham,Birmingham,7.19,5-10 km metro overlap,https://www.openstreetmap.org/way/1430101235,OpenStreetMap via Overpass API exact brand/name selectors,2026-04-23
City Plumbing,City Plumbing Supplies,City Plumbing Supplies,node,4026071536,55.9288919,-3.2539389,,Edinburgh,Stenhouse Mill Wynd,Hilti Store Edinburgh,Edinburgh,8.57,5-10 km metro overlap,https://www.openstreetmap.org/node/4026071536,OpenStreetMap via Overpass API exact brand/name selectors,2026-04-23
City Plumbing,City Plumbing,City Plumbing,way,167569980,52.5306281,-1.779269,B76 1DH,,Stockton Close,Hilti Store Birmingham,Birmingham,8.72,5-10 km metro overlap,https://www.openstreetmap.org/way/167569980,OpenStreetMap via Overpass API exact brand/name selectors,2026-04-23
City Plumbing,City Plumbing Supplies,City Plumbing Supplies,way,313914302,55.9268587,-3.2975856,,,,Hilti Store Edinburgh,Edinburgh,11.12,10-25 km regional catchment,https://www.openstreetmap.org/way/313914302,OpenStreetMap via Overpass API exact brand/name selectors,2026-04-23
City Plumbing,City Plumbing,City Plumbing,node,11341045986,53.5490696,-2.1004958,OL1 4EB,Oldham,Oldham Central Trading Park,Hilti Store Manchester,Manchester,14.98,10-25 km regional catchment,https://www.openstreetmap.org/node/11341045986,OpenStreetMap via Overpass API exact brand/name selectors,2026-04-23
City Plumbing,City Plumbing,City Plumbing,node,10582197723,53.4439854,-2.7257447,,,,Hilti Store Liverpool,Liverpool,16.22,10-25 km regional catchment,https://www.openstreetmap.org/node/10582197723,OpenStreetMap via Overpass API exact brand/name selectors,2026-04-23
City Plumbing,City Plumbing Supplies,City Plumbing Supplies,way,963775011,51.4582955,0.1349325,,,,Hilti Store Southwark,London,17.17,10-25 km regional catchment,https://www.openstreetmap.org/way/963775011,OpenStreetMap via Overpass API exact brand/name selectors,2026-04-23
City Plumbing,City Plumbing Supplies,City Plumbing Supplies,node,5800792881,52.5906296,-2.1191543,,,,Hilti Store Birmingham,Birmingham,19.1,10-25 km regional catchment,https://www.openstreetmap.org/node/5800792881,OpenStreetMap via Overpass API exact brand/name selectors,2026-04-23
City Plumbing,City Plumbing,City Plumbing,way,479069422,53.4165946,-2.6650028,WA5 4AH,Warrington,Lockheed Road,Hilti Store Liverpool,Liverpool,19.86,10-25 km regional catchment,https://www.openstreetmap.org/way/479069422,OpenStreetMap via Overpass API exact brand/name selectors,2026-04-23
City Plumbing,City Plumbing,City Plumbing,way,261589507,52.6662448,-1.8314362,WS14 9BJ,Lichfield,Birmingham Road,Hilti Store Birmingham,Birmingham,19.94,10-25 km regional catchment,https://www.openstreetmap.org/way/261589507,OpenStreetMap via Overpass API exact brand/name selectors,2026-04-23
City Plumbing,City Plumbing,City Plumbing,node,12106030705,56.0441791,-3.4335034,KY11 2SF,Rosyth,Primrose Lane,Hilti Store Edinburgh,Edinburgh,20.68,10-25 km regional catchment,https://www.openstreetmap.org/node/12106030705,OpenStreetMap via Overpass API exact brand/name selectors,2026-04-23
City Plumbing,City Plumbing Supplies,City Plumbing Supplies,way,670823988,56.0744839,-3.4531379,,,,Hilti Store Edinburgh,Edinburgh,23.35,10-25 km regional catchment,https://www.openstreetmap.org/way/670823988,OpenStreetMap via Overpass API exact brand/name selectors,2026-04-23
City Plumbing,City Plumbing Supplies,City Plumbing Supplies,node,6512945580,51.803062,-0.1985829,,,,Hilti Store Edmonton,London,23.61,10-25 km regional catchment,https://www.openstreetmap.org/node/6512945580,OpenStreetMap via Overpass API exact brand/name selectors,2026-04-23
City Plumbing,City Plumbing,City Plumbing,node,3738732911,53.6409395,-2.9685894,,Southport,Crowland Street,Hilti Store Liverpool,Liverpool,25.45,25+ km lower direct store threat,https://www.openstreetmap.org/node/3738732911,OpenStreetMap via Overpass API exact brand/name selectors,2026-04-23
City Plumbing,City Plumbing,City Plumbing,way,58537608,51.3850994,-0.4169459,,,,Hilti Store Southwark,London,25.55,25+ km lower direct store threat,https://www.openstreetmap.org/way/58537608,OpenStreetMap via Overpass API exact brand/name selectors,2026-04-23
City Plumbing,City Plumbing,City Plumbing,way,217363704,52.423759,-1.5103113,CV1 4DW,Coventry,Kingfield Road,Hilti Store Birmingham,Birmingham,26.76,25+ km lower direct store threat,https://www.openstreetmap.org/way/217363704,OpenStreetMap via Overpass API exact brand/name selectors,2026-04-23
City Plumbing,City Plumbing,City Plumbing,node,3278598896,51.3700101,-0.4758999,KT15 2SD,Addlestone,Hamm Moor Lane,Hilti Store Southwark,London,29.93,25+ km lower direct store threat,https://www.openstreetmap.org/node/3278598896,OpenStreetMap via Overpass API exact brand/name selectors,2026-04-23
City Plumbing,City Plumbing,City Plumbing,way,609337960,51.4336202,-0.5304015,TW18 3AY,Staines-upon-Thames,Hawthorn Road,Hilti Store Southwark,London,30.71,25+ km lower direct store threat,https://www.openstreetmap.org/way/609337960,OpenStreetMap via Overpass API exact brand/name selectors,2026-04-23
City Plumbing,City Plumbing,City Plumbing,node,13741168239,51.2909651,0.1925516,TN14 5DQ,Sevenoaks,Crampton Road,Hilti Store Southwark,London,31.3,25+ km lower direct store threat,https://www.openstreetmap.org/node/13741168239,OpenStreetMap via Overpass API exact brand/name selectors,2026-04-23
City Plumbing,City Plumbing,City Plumbing,node,9902122453,52.2798192,-1.5451059,,,,Hilti Store Birmingham,Birmingham,33.1,25+ km lower direct store threat,https://www.openstreetmap.org/node/9902122453,OpenStreetMap via Overpass API exact brand/name selectors,2026-04-23
City Plumbing,City Plumbing,City Plumbing,way,870309789,53.1982381,-2.4943311,CW7 3QE,Winsford,Road One,Hilti Store Manchester,Manchester,33.13,25+ km lower direct store threat,https://www.openstreetmap.org/way/870309789,OpenStreetMap via Overpass API exact brand/name selectors,2026-04-23
City Plumbing,City Plumbing Supplies,City Plumbing Supplies,way,539508634,51.7679928,-3.3639214,,,,Hilti Store Cardiff,Cardiff,35.65,25+ km lower direct store threat,https://www.openstreetmap.org/way/539508634,OpenStreetMap via Overpass API exact brand/name selectors,2026-04-23
City Plumbing,City Plumbing,City Plumbing,way,1353475664,51.5835157,0.4673555,SS14 3WN,Basildon,Carnival Close,Hilti Store Edmonton,London,35.68,25+ km lower direct store threat,https://www.openstreetmap.org/way/1353475664,OpenStreetMap via Overpass API exact brand/name selectors,2026-04-23
City Plumbing,City Plumbing,City Plumbing,way,1150761112,51.7243498,0.451666,CM1 3AR,Chelmsford,Westway,Hilti Store Edmonton,London,36.57,25+ km lower direct store threat,https://www.openstreetmap.org/way/1150761112,OpenStreetMap via Overpass API exact brand/name selectors,2026-04-23
City Plumbing,City Plumbing,City Plumbing,node,4193516582,51.876782,-0.4036646,,Luton,Thistle Road,Hilti Store Edmonton,London,38.28,25+ km lower direct store threat,https://www.openstreetmap.org/node/4193516582,OpenStreetMap via Overpass API exact brand/name selectors,2026-04-23
City Plumbing,City Plumbing,City Plumbing,way,618669041,51.4380325,-2.6016685,BS3 4TA,Bristol,,Hilti Store Cardiff,Cardiff,38.57,25+ km lower direct store threat,https://www.openstreetmap.org/way/618669041,OpenStreetMap via Overpass API exact brand/name selectors,2026-04-23
City Plumbing,City Plumbing,City Plumbing,way,148218879,51.1396742,-2.9942224,TA6 4BH,Bridgwater,Wylds Road,Hilti Store Cardiff,Cardiff,38.91,25+ km lower direct store threat,https://www.openstreetmap.org/way/148218879,OpenStreetMap via Overpass API exact brand/name selectors,2026-04-23
City Plumbing,City Plumbing,City Plumbing,node,2716464978,51.1374299,-0.0417289,RH19 1XP,East Grinstead,Willard Way,Hilti Store Southwark,London,41.01,25+ km lower direct store threat,https://www.openstreetmap.org/node/2716464978,OpenStreetMap via Overpass API exact brand/name selectors,2026-04-23
City Plumbing,City Plumbing,City Plumbing,way,893175305,53.0418033,-2.9863839,LL13 8DT,Wrexham,Rivulet Road,Hilti Store Liverpool,Liverpool,41.2,25+ km lower direct store threat,https://www.openstreetmap.org/way/893175305,OpenStreetMap via Overpass API exact brand/name selectors,2026-04-23
City Plumbing,City Plumbing Supplies,City Plumbing Supplies,node,4108078550,52.826623,-1.6204481,,,,Hilti Store Birmingham,Birmingham,41.56,25+ km lower direct store threat,https://www.openstreetmap.org/node/4108078550,OpenStreetMap via Overpass API exact brand/name selectors,2026-04-23
City Plumbing,City Plumbing,City Plumbing,way,782396367,53.0963142,-2.4311749,CW1 6DG,Crewe,Macon Way,Hilti Store Manchester,Manchester,42.47,25+ km lower direct store threat,https://www.openstreetmap.org/way/782396367,OpenStreetMap via Overpass API exact brand/name selectors,2026-04-23
City Plumbing,City Plumbing,City Plumbing,way,1036816803,53.7007221,-1.7706246,HD6 1QQ,Brighouse,Wakefield Road,Hilti Store Manchester,Manchester,42.5,25+ km lower direct store threat,https://www.openstreetmap.org/way/1036816803,OpenStreetMap via Overpass API exact brand/name selectors,2026-04-23
City Plumbing,City Plumbing Supplies,City Plumbing Supplies,way,405918501,51.4316714,-2.5389692,BS4 5PF,Bristol,Emery Road,Hilti Store Cardiff,Cardiff,42.97,25+ km lower direct store threat,https://www.openstreetmap.org/way/405918501,OpenStreetMap via Overpass API exact brand/name selectors,2026-04-23
City Plumbing,City Plumbing,City Plumbing,node,11612978744,55.62107,-2.8172553,,,,Hilti Store Edinburgh,Edinburgh,43.03,25+ km lower direct store threat,https://www.openstreetmap.org/node/11612978744,OpenStreetMap via Overpass API exact brand/name selectors,2026-04-23
City Plumbing,City Plumbing,City Plumbing,node,10957896421,51.1938582,0.2859449,,,,Hilti Store Southwark,London,43.78,25+ km lower direct store threat,https://www.openstreetmap.org/node/10957896421,OpenStreetMap via Overpass API exact brand/name selectors,2026-04-23
City Plumbing,City Plumbing,City Plumbing,node,6352416531,51.1135338,-0.1803245,,,Denvale Trade Park,Hilti Store Southwark,London,43.79,25+ km lower direct store threat,https://www.openstreetmap.org/node/6352416531,OpenStreetMap via Overpass API exact brand/name selectors,2026-04-23
City Plumbing,City Plumbing,City Plumbing,way,1426456132,52.730481,-1.3752154,,,,Hilti Store Birmingham,Birmingham,43.82,25+ km lower direct store threat,https://www.openstreetmap.org/way/1426456132,OpenStreetMap via Overpass API exact brand/name selectors,2026-04-23
City Plumbing,City Plumbing,City Plumbing,node,12311794364,51.2463308,-0.5792335,GU1 1EH,Guildford,Woodbrige Road,Hilti Store Southwark,London,43.83,25+ km lower direct store threat,https://www.openstreetmap.org/node/12311794364,OpenStreetMap via Overpass API exact brand/name selectors,2026-04-23
City Plumbing,City Plumbing,City Plumbing,way,1356989823,53.0478524,-2.1812336,ST6 2EB,Stoke on Trent,Sneyd Hill Industrial Estate,Hilti Store Manchester,Manchester,47.13,25+ km lower direct store threat,https://www.openstreetmap.org/way/1356989823,OpenStreetMap via Overpass API exact brand/name selectors,2026-04-23
City Plumbing,City Plumbing,City Plumbing,way,1017384743,51.2011846,-0.6044414,GU7 3SN,,,Hilti Store Southwark,London,48.52,25+ km lower direct store threat,https://www.openstreetmap.org/way/1017384743,OpenStreetMap via Overpass API exact brand/name selectors,2026-04-23
City Plumbing,City Plumbing,City Plumbing,node,13011501312,52.1278907,-2.3017913,WR14 1GS,Malvern,Betony Road,Hilti Store Birmingham,Birmingham,49.09,25+ km lower direct store threat,https://www.openstreetmap.org/node/13011501312,OpenStreetMap via Overpass API exact brand/name selectors,2026-04-23
City Plumbing,City Plumbing,City Plumbing,way,101614711,53.6871784,-1.634198,WF13 1XL,Dewsbury,Cannon Way,Hilti Store Manchester,Manchester,49.18,25+ km lower direct store threat,https://www.openstreetmap.org/way/101614711,OpenStreetMap via Overpass API exact brand/name selectors,2026-04-23
City Plumbing,City Plumbing,City Plumbing,way,1060088097,51.2691425,0.5160516,,,,Hilti Store Southwark,London,50.21,25+ km lower direct store threat,https://www.openstreetmap.org/way/1060088097,OpenStreetMap via Overpass API exact brand/name selectors,2026-04-23
City Plumbing,City Plumbing,City Plumbing,node,9578945021,51.0710167,-0.3141484,RH13 5PX,Horsham,Horsham Trade Park,Hilti Store Southwark,London,50.39,25+ km lower direct store threat,https://www.openstreetmap.org/node/9578945021,OpenStreetMap via Overpass API exact brand/name selectors,2026-04-23
City Plumbing,City Plumbing,City Plumbing,way,384177209,51.0103553,-3.1309917,TA1 5NA,Taunton,Cornishway West,Hilti Store Cardiff,Cardiff,51.67,25+ km lower direct store threat,https://www.openstreetmap.org/way/384177209,OpenStreetMap via Overpass API exact brand/name selectors,2026-04-23
City Plumbing,City Plumbing Supplies,City Plumbing Supplies,way,534520218,51.0103667,-3.1311497,TA1 5NA,Taunton,Cornishway West,Hilti Store Cardiff,Cardiff,51.67,25+ km lower direct store threat,https://www.openstreetmap.org/way/534520218,OpenStreetMap via Overpass API exact brand/name selectors,2026-04-23
City Plumbing,City Plumbing,City Plumbing,way,49798414,51.7391399,0.6819013,CM9 4XD,Maldon,Galliford Road,Hilti Store Edmonton,London,52.2,25+ km lower direct store threat,https://www.openstreetmap.org/way/49798414,OpenStreetMap via Overpass API exact brand/name selectors,2026-04-23
City Plumbing,City Plumbing,City Plumbing,way,89898441,52.6164921,-1.1340893,,,,Hilti Store Birmingham,Birmingham,52.98,25+ km lower direct store threat,https://www.openstreetmap.org/way/89898441,OpenStreetMap via Overpass API exact brand/name selectors,2026-04-23
City Plumbing,City Plumbing,City Plumbing,node,13020708336,56.4155314,-3.4795185,PH1 3UF,Perth,Ruthvenfield Way,Hilti Store Edinburgh,Edinburgh,54.5,25+ km lower direct store threat,https://www.openstreetmap.org/node/13020708336,OpenStreetMap via Overpass API exact brand/name selectors,2026-04-23
City Plumbing,City Plumbing,City Plumbing,way,946059009,51.8188593,-0.8295757,,,,Hilti Store Edmonton,London,58.58,25+ km lower direct store threat,https://www.openstreetmap.org/way/946059009,OpenStreetMap via Overpass API exact brand/name selectors,2026-04-23
City Plumbing,City Plumbing,City Plumbing,way,819258488,51.2012995,-0.8168744,GU10 4PL,Farnham,Grovebell Industrial Estate,Hilti Store Southwark,London,60.01,25+ km lower direct store threat,https://www.openstreetmap.org/way/819258488,OpenStreetMap via Overpass API exact brand/name selectors,2026-04-23
City Plumbing,City Plumbing Supplies,City Plumbing Supplies,node,6573180236,51.4359213,-0.9695689,,,,Hilti Store Southwark,London,60.59,25+ km lower direct store threat,https://www.openstreetmap.org/node/6573180236,OpenStreetMap via Overpass API exact brand/name selectors,2026-04-23
City Plumbing,City Plumbing Supplies,City Plumbing Supplies,way,226608738,53.4300825,-1.3638937,,,,Hilti Store Manchester,Manchester,60.86,25+ km lower direct store threat,https://www.openstreetmap.org/way/226608738,OpenStreetMap via Overpass API exact brand/name selectors,2026-04-23
City Plumbing,City Plumbing,City Plumbing,way,945814816,50.9545764,-0.1537716,RH15 9AD,Burgess Hill,York Road,Hilti Store Southwark,London,61.23,25+ km lower direct store threat,https://www.openstreetmap.org/way/945814816,OpenStreetMap via Overpass API exact brand/name selectors,2026-04-23
City Plumbing,City Plumbing,City Plumbing,node,10862454809,52.7429444,-2.731559,,,,Hilti Store Birmingham,Birmingham,63.38,25+ km lower direct store threat,https://www.openstreetmap.org/node/10862454809,OpenStreetMap via Overpass API exact brand/name selectors,2026-04-23
City Plumbing,City Plumbing,City Plumbing,node,639977251,52.0041865,-0.7212412,,,,Hilti Store Edmonton,London,63.59,25+ km lower direct store threat,https://www.openstreetmap.org/node/639977251,OpenStreetMap via Overpass API exact brand/name selectors,2026-04-23
City Plumbing,City Plumbing,City Plumbing,way,909281244,53.7133816,-1.3481181,WF10 4UA,Castleford,Thunderhead Ridge,Hilti Store Manchester,Manchester,67.35,25+ km lower direct store threat,https://www.openstreetmap.org/way/909281244,OpenStreetMap via Overpass API exact brand/name selectors,2026-04-23
City Plumbing,City Plumbing,City Plumbing,way,236051608,52.942481,-1.171013,NG7 2PX,Nottingham,Easter Park,Hilti Store Birmingham,Birmingham,69.79,25+ km lower direct store threat,https://www.openstreetmap.org/way/236051608,OpenStreetMap via Overpass API exact brand/name selectors,2026-04-23
City Plumbing,City Plumbing Supplies,City Plumbing Supplies,way,134250992,52.2328494,0.1348148,CB4 2PH,Cambridge,Kilmaine Close,Hilti Store Edmonton,London,70.08,25+ km lower direct store threat,https://www.openstreetmap.org/way/134250992,OpenStreetMap via Overpass API exact brand/name selectors,2026-04-23
City Plumbing,City Plumbing,City Plumbing,way,470279535,52.2350878,-0.9154003,NN5 5JR,,Harvey Reeves Road,Hilti Store Birmingham,Birmingham,72.0,25+ km lower direct store threat,https://www.openstreetmap.org/way/470279535,OpenStreetMap via Overpass API exact brand/name selectors,2026-04-23
City Plumbing,City Plumbing Supplies,City Plumbing Supplies,way,1061099690,50.8216898,-0.1235685,BN2 0DF,Brighton,Freshfield Way,Hilti Store Southwark,London,75.92,25+ km lower direct store threat,https://www.openstreetmap.org/way/1061099690,OpenStreetMap via Overpass API exact brand/name selectors,2026-04-23
City Plumbing,City Plumbing,City Plumbing,way,981388765,50.8286992,-0.3666888,BN14 9EP,Worthing,,Hilti Store Southwark,London,77.36,25+ km lower direct store threat,https://www.openstreetmap.org/way/981388765,OpenStreetMap via Overpass API exact brand/name selectors,2026-04-23
City Plumbing,City Plumbing,City Plumbing,way,377387989,52.4113883,-0.7383952,,,,Hilti Store Birmingham,Birmingham,78.52,25+ km lower direct store threat,https://www.openstreetmap.org/way/377387989,OpenStreetMap via Overpass API exact brand/name selectors,2026-04-23
City Plumbing,City Plumbing,City Plumbing,way,577289743,53.2174737,-4.1094457,LL57 4YH,Bangor,,Hilti Store Liverpool,Liverpool,79.07,25+ km lower direct store threat,https://www.openstreetmap.org/way/577289743,OpenStreetMap via Overpass API exact brand/name selectors,2026-04-23
City Plumbing,City Plumbing,City Plumbing,node,12969276125,51.7383565,-1.1937007,OX4 2RD,Oxford,Pony Road,Hilti Store Southwark,London,79.75,25+ km lower direct store threat,https://www.openstreetmap.org/node/12969276125,OpenStreetMap via Overpass API exact brand/name selectors,2026-04-23
City Plumbing,City Plumbing,City Plumbing,way,653983374,51.3436823,-1.9797651,,Devizes,William Road,Hilti Store Cardiff,Cardiff,82.82,25+ km lower direct store threat,https://www.openstreetmap.org/way/653983374,OpenStreetMap via Overpass API exact brand/name selectors,2026-04-23
City Plumbing,City Plumbing,City Plumbing,way,311990729,53.1309473,-1.1567448,,,,Hilti Store Manchester,Manchester,83.55,25+ km lower direct store threat,https://www.openstreetmap.org/way/311990729,OpenStreetMap via Overpass API exact brand/name selectors,2026-04-23
City Plumbing,City Plumbing,City Plumbing,node,10955932168,51.7063546,-1.9635534,GL7 1YG,Cirencester,Love Lane,Hilti Store Cardiff,Cardiff,86.25,25+ km lower direct store threat,https://www.openstreetmap.org/node/10955932168,OpenStreetMap via Overpass API exact brand/name selectors,2026-04-23
City Plumbing,City Plumbing,City Plumbing,node,9817747750,50.8031122,-0.6641515,,,,Hilti Store Southwark,London,87.28,25+ km lower direct store threat,https://www.openstreetmap.org/node/9817747750,OpenStreetMap via Overpass API exact brand/name selectors,2026-04-23
City Plumbing,City Plumbing,City Plumbing,way,807942295,51.8480257,-4.3344672,,,,Hilti Store Cardiff,Cardiff,91.32,25+ km lower direct store threat,https://www.openstreetmap.org/way/807942295,OpenStreetMap via Overpass API exact brand/name selectors,2026-04-23
City Plumbing,City Plumbing,City Plumbing,way,576478699,51.0694185,-1.2962493,SO23 7FA,Winchester,,Hilti Store Southwark,London,96.12,25+ km lower direct store threat,https://www.openstreetmap.org/way/576478699,OpenStreetMap via Overpass API exact brand/name selectors,2026-04-23
City Plumbing,City Plumbing Supplies,City Plumbing Supplies,node,5679130433,53.9872224,-1.0977452,,,,Hilti Store Manchester,Manchester,96.94,25+ km lower direct store threat,https://www.openstreetmap.org/node/5679130433,OpenStreetMap via Overpass API exact brand/name selectors,2026-04-23
City Plumbing,City Plumbing,City Plumbing,way,1190467064,51.0930809,1.148833,,,,Hilti Store Southwark,London,98.24,25+ km lower direct store threat,https://www.openstreetmap.org/way/1190467064,OpenStreetMap via Overpass API exact brand/name selectors,2026-04-23
City Plumbing,City Plumbing,City Plumbing,way,1392068975,51.2114142,-1.5106209,SP10 3JS,Andover,East Portway,Hilti Store Southwark,London,103.1,25+ km lower direct store threat,https://www.openstreetmap.org/way/1392068975,OpenStreetMap via Overpass API exact brand/name selectors,2026-04-23
City Plumbing,City Plumbing,City Plumbing,node,8250348684,51.3569877,1.4133735,,,,Hilti Store Edmonton,London,105.05,25+ km lower direct store threat,https://www.openstreetmap.org/node/8250348684,OpenStreetMap via Overpass API exact brand/name selectors,2026-04-23
City Plumbing,City Plumbing,City Plumbing,node,502471206,54.1526986,-4.5005581,IM1 5ED,Douglas,Peel Road,Hilti Store Belfast,Belfast,105.55,25+ km lower direct store threat,https://www.openstreetmap.org/node/502471206,OpenStreetMap via Overpass API exact brand/name selectors,2026-04-23
City Plumbing,City Plumbing,City Plumbing,way,192359663,50.9232819,-1.3753928,SO18 1FX,Southampton,Cobden Avenue,Hilti Store Southwark,London,109.74,25+ km lower direct store threat,https://www.openstreetmap.org/way/192359663,OpenStreetMap via Overpass API exact brand/name selectors,2026-04-23
City Plumbing,City Plumbing,City Plumbing,way,241498280,50.9311536,-1.3844929,SO17 3EA,Southampton,Belgrave Industrial Estate,Hilti Store Southwark,London,109.74,25+ km lower direct store threat,https://www.openstreetmap.org/way/241498280,OpenStreetMap via Overpass API exact brand/name selectors,2026-04-23
City Plumbing,City Plumbing,City Plumbing,way,241498208,50.9309973,-1.3845623,SO17 3EA,Southampton,Belgrave Industrial Estate,Hilti Store Southwark,London,109.75,25+ km lower direct store threat,https://www.openstreetmap.org/way/241498208,OpenStreetMap via Overpass API exact brand/name selectors,2026-04-23
City Plumbing,City Plumbing Supplies,City Plumbing Supplies,node,612492334,50.9220694,-1.4457806,,,,Hilti Store Southwark,London,113.82,25+ km lower direct store threat,https://www.openstreetmap.org/node/612492334,OpenStreetMap via Overpass API exact brand/name selectors,2026-04-23
City Plumbing,City Plumbing,City Plumbing,node,4095048295,50.7191955,-1.1562939,,,,Hilti Store Southwark,London,114.19,25+ km lower direct store threat,https://www.openstreetmap.org/node/4095048295,OpenStreetMap via Overpass API exact brand/name selectors,2026-04-23
City Plumbing,City Plumbing,City Plumbing,way,713151544,52.3739274,1.1210957,IP22 4HG,Diss,Vinces Road,Hilti Store Edmonton,London,116.46,25+ km lower direct store threat,https://www.openstreetmap.org/way/713151544,OpenStreetMap via Overpass API exact brand/name selectors,2026-04-23
City Plumbing,City Plumbing,City Plumbing,way,1120983920,54.9221319,-2.9584953,,,,Hilti Store Edinburgh,Edinburgh,116.49,25+ km lower direct store threat,https://www.openstreetmap.org/way/1120983920,OpenStreetMap via Overpass API exact brand/name selectors,2026-04-23
City Plumbing,City Plumbing,City Plumbing,node,11212278011,50.7095603,-1.293404,,,,Hilti Store Southwark,London,121.37,25+ km lower direct store threat,https://www.openstreetmap.org/node/11212278011,OpenStreetMap via Overpass API exact brand/name selectors,2026-04-23
City Plumbing,City Plumbing,City Plumbing,way,605867688,52.0790903,-4.6570785,SA43 3AG,Cardigan / Aberteifi,,Hilti Store Cardiff,Cardiff,123.25,25+ km lower direct store threat,https://www.openstreetmap.org/way/605867688,OpenStreetMap via Overpass API exact brand/name selectors,2026-04-23
City Plumbing,City Plumbing,City Plumbing,way,1335089751,50.6394629,-4.3560565,,,,Hilti Store Cardiff,Cardiff,125.18,25+ km lower direct store threat,https://www.openstreetmap.org/way/1335089751,OpenStreetMap via Overpass API exact brand/name selectors,2026-04-23
City Plumbing,City Plumbing,City Plumbing,way,1420061396,50.7720346,-1.5493076,SO41 8JU,Lymington,Ricardo Way,Hilti Store Southwark,London,129.72,25+ km lower direct store threat,https://www.openstreetmap.org/way/1420061396,OpenStreetMap via Overpass API exact brand/name selectors,2026-04-23
City Plumbing,City Plumbing,City Plumbing,node,5448809343,50.7476154,-1.6650716,BH25 6QJ,New Milton,Christchurch Road,Hilti Store Cardiff,Cardiff,131.75,25+ km lower direct store threat,https://www.openstreetmap.org/node/5448809343,OpenStreetMap via Overpass API exact brand/name selectors,2026-04-23
City Plumbing,City Plumbing,City Plumbing,node,10757365115,52.6694976,0.9524524,NR19 1FS,Dereham,Yaxham Road,Hilti Store Edmonton,London,135.88,25+ km lower direct store threat,https://www.openstreetmap.org/node/10757365115,OpenStreetMap via Overpass API exact brand/name selectors,2026-04-23
City Plumbing,City Plumbing,City Plumbing,way,40188909,50.3965491,-4.090473,PL6 8LH,,,Hilti Store Cardiff,Cardiff,136.64,25+ km lower direct store threat,https://www.openstreetmap.org/way/40188909,OpenStreetMap via Overpass API exact brand/name selectors,2026-04-23
City Plumbing,City Plumbing Supplies,City Plumbing Supplies,way,638271974,52.6034288,1.2876988,NR4 6DG,Norwich,,Hilti Store Edmonton,London,142.99,25+ km lower direct store threat,https://www.openstreetmap.org/way/638271974,OpenStreetMap via Overpass API exact brand/name selectors,2026-04-23
City Plumbing,City Plumbing,City Plumbing,node,12673444913,53.5780279,-0.1105644,DN31 2TX,Grimsby,Estate Road No 5,Hilti Store Manchester,Manchester,143.98,25+ km lower direct store threat,https://www.openstreetmap.org/node/12673444913,OpenStreetMap via Overpass API exact brand/name selectors,2026-04-23
City Plumbing,City Plumbing Supplies,City Plumbing Supplies,node,4690343238,55.0041319,-1.4874865,,North Shields,Narvik Way,Hilti Store Edinburgh,Edinburgh,148.85,25+ km lower direct store threat,https://www.openstreetmap.org/node/4690343238,OpenStreetMap via Overpass API exact brand/name selectors,2026-04-23
City Plumbing,City Plumbing,City Plumbing,way,81523209,53.2795042,-6.220501,,,,Hilti Store Belfast,Belfast,150.91,25+ km lower direct store threat,https://www.openstreetmap.org/way/81523209,OpenStreetMap via Overpass API exact brand/name selectors,2026-04-23
City Plumbing,City Plumbing Supplies,City Plumbing Supplies,node,12469374522,54.9918328,-1.435883,NE33 5QY,South Shields,Western Approach,Hilti Store Edinburgh,Edinburgh,152.11,25+ km lower direct store threat,https://www.openstreetmap.org/node/12469374522,OpenStreetMap via Overpass API exact brand/name selectors,2026-04-23
City Plumbing,City Plumbing,City Plumbing,way,1050419341,52.4454645,1.7221328,,,,Hilti Store Edmonton,London,152.4,25+ km lower direct store threat,https://www.openstreetmap.org/way/1050419341,OpenStreetMap via Overpass API exact brand/name selectors,2026-04-23
City Plumbing,City Plumbing Supplies,City Plumbing Supplies,node,10296628207,54.8046998,-1.5793179,,,,Hilti Store Manchester,Manchester,155.55,25+ km lower direct store threat,https://www.openstreetmap.org/node/10296628207,OpenStreetMap via Overpass API exact brand/name selectors,2026-04-23
City Plumbing,City Plumbing,City Plumbing,way,178017001,50.3421743,-4.7533462,PL25 3HQ,St Austell,Manfield Way,Hilti Store Cardiff,Cardiff,168.57,25+ km lower direct store threat,https://www.openstreetmap.org/way/178017001,OpenStreetMap via Overpass API exact brand/name selectors,2026-04-23
City Plumbing,City Plumbing,City Plumbing,node,11114721580,52.9274711,1.2849245,,,,Hilti Store Edmonton,London,172.01,25+ km lower direct store threat,https://www.openstreetmap.org/node/11114721580,OpenStreetMap via Overpass API exact brand/name selectors,2026-04-23
City Plumbing,City Plumbing,City Plumbing,way,64962612,57.4863865,-4.223538,IV1 1SY,Inverness,Harbour Road,Hilti Store Glasgow,Glasgow,181.63,25+ km lower direct store threat,https://www.openstreetmap.org/way/64962612,OpenStreetMap via Overpass API exact brand/name selectors,2026-04-23
City Plumbing,City Plumbing,City Plumbing,way,1216123835,57.6458675,-3.298552,IV30 1AZ,Elgin,Ashgrove Road,Hilti Store Edinburgh,Edinburgh,187.17,25+ km lower direct store threat,https://www.openstreetmap.org/way/1216123835,OpenStreetMap via Overpass API exact brand/name selectors,2026-04-23
Edmundson Electrical,Edmundson Electrical,Edmundson Electrical,way,27247470,55.8519076,-4.2740742,,,,Hilti Store Glasgow,Glasgow,0.15,0-2 km direct local threat,https://www.openstreetmap.org/way/27247470,OpenStreetMap via Overpass API exact brand/name selectors,2026-04-23
Edmundson Electrical,Edmundson Electrical,Edmundson Electrical,node,4683294966,51.5215075,0.0033738,,,,Hilti Store Southwark,London,7.52,5-10 km metro overlap,https://www.openstreetmap.org/node/4683294966,OpenStreetMap via Overpass API exact brand/name selectors,2026-04-23
Edmundson Electrical,Edmundson Electrical,Edmundson Electrical,node,8471018451,51.5240516,-0.2316065,,London,Mitre Way,Hilti Store Southwark,London,9.25,5-10 km metro overlap,https://www.openstreetmap.org/node/8471018451,OpenStreetMap via Overpass API exact brand/name selectors,2026-04-23
Edmundson Electrical,Edmundson Electrical,Edmundson Electrical,way,1302097909,52.546846,-2.0331168,,,,Hilti Store Birmingham,Birmingham,11.55,10-25 km regional catchment,https://www.openstreetmap.org/way/1302097909,OpenStreetMap via Overpass API exact brand/name selectors,2026-04-23
Edmundson Electrical,Edmundson Electrical,Edmundson Electrical,way,61123206,55.9232851,-3.3024674,EH11 4DG,Edinburgh,Cultins Road,Hilti Store Edinburgh,Edinburgh,11.56,10-25 km regional catchment,https://www.openstreetmap.org/way/61123206,OpenStreetMap via Overpass API exact brand/name selectors,2026-04-23
Edmundson Electrical,Edmundson Electrical,Edmundson Electrical,node,8689119716,51.4096992,-0.187642,,,,Hilti Store Southwark,London,12.08,10-25 km regional catchment,https://www.openstreetmap.org/node/8689119716,OpenStreetMap via Overpass API exact brand/name selectors,2026-04-23
Edmundson Electrical,Edmundson Electrical,Edmundson Electrical,node,13312254415,53.548212,-2.1294805,OL9 6QU,Oldham,Waddington Street,Hilti Store Manchester,Manchester,13.44,10-25 km regional catchment,https://www.openstreetmap.org/node/13312254415,OpenStreetMap via Overpass API exact brand/name selectors,2026-04-23
Edmundson Electrical,Edmundson Electrical,Edmundson Electrical,way,169139781,53.5698737,-2.4207254,,,,Hilti Store Manchester,Manchester,14.67,10-25 km regional catchment,https://www.openstreetmap.org/way/169139781,OpenStreetMap via Overpass API exact brand/name selectors,2026-04-23
Edmundson Electrical,Edmundson Electrical,Edmundson Electrical,node,12496605516,53.54592,-2.0967634,OL1 3LN,Oldham,Castle Park Industrial Estate,Hilti Store Manchester,Manchester,14.97,10-25 km regional catchment,https://www.openstreetmap.org/node/12496605516,OpenStreetMap via Overpass API exact brand/name selectors,2026-04-23
Edmundson Electrical,Edmundson Electrical,Edmundson Electrical,node,12713270372,51.5994718,-2.9956902,,Newport,,Hilti Store Cardiff,Cardiff,17.72,10-25 km regional catchment,https://www.openstreetmap.org/node/12713270372,OpenStreetMap via Overpass API exact brand/name selectors,2026-04-23
Edmundson Electrical,Edmundson Electrical,Edmundson Electrical,node,10905436957,51.5914197,-0.3279693,,,,Hilti Store Southwark,London,18.4,10-25 km regional catchment,https://www.openstreetmap.org/node/10905436957,OpenStreetMap via Overpass API exact brand/name selectors,2026-04-23
Edmundson Electrical,Edmundson Electrical,Edmundson Electrical,way,560294445,53.3059021,-2.3753119,,,,Hilti Store Manchester,Manchester,19.03,10-25 km regional catchment,https://www.openstreetmap.org/way/560294445,OpenStreetMap via Overpass API exact brand/name selectors,2026-04-23
Edmundson Electrical,Edmundson Electrical,Edmundson Electrical,way,412156213,52.6419634,-1.7149412,B79 7XD,Tamworth,Lagrange,Hilti Store Birmingham,Birmingham,20.58,10-25 km regional catchment,https://www.openstreetmap.org/way/412156213,OpenStreetMap via Overpass API exact brand/name selectors,2026-04-23
Edmundson Electrical,Edmundson Electrical,Edmundson Electrical,way,1127870751,51.4176638,-0.426661,TW16 7DX,Sunbury,Brooklands Close,Hilti Store Southwark,London,24.48,10-25 km regional catchment,https://www.openstreetmap.org/way/1127870751,OpenStreetMap via Overpass API exact brand/name selectors,2026-04-23
Edmundson Electrical,Edmundson Electrical,Edmundson Electrical,node,13041121534,51.35003,-0.4747545,KT13 0YU,Byfleet,Vickers Drive North,Hilti Store Southwark,London,31.03,25+ km lower direct store threat,https://www.openstreetmap.org/node/13041121534,OpenStreetMap via Overpass API exact brand/name selectors,2026-04-23
Edmundson Electrical,Edmundson Electrical,Edmundson Electrical,way,988003712,51.4434206,0.357904,DA11 0DY,Gravesend,West Mill,Hilti Store Southwark,London,32.55,25+ km lower direct store threat,https://www.openstreetmap.org/way/988003712,OpenStreetMap via Overpass API exact brand/name selectors,2026-04-23
Edmundson Electrical,Edmundson Electrical,Edmundson Electrical,way,1339321096,51.8724906,0.1780172,CM23 5PB,Bishop's Stortford,Raynham Road,Hilti Store Edmonton,London,32.79,25+ km lower direct store threat,https://www.openstreetmap.org/way/1339321096,OpenStreetMap via Overpass API exact brand/name selectors,2026-04-23
Edmundson Electrical,Edmundson Electrical,Edmundson Electrical,way,537466402,53.2026314,-2.4997093,CW7 3PH,Winsford,Road One,Hilti Store Manchester,Manchester,32.84,25+ km lower direct store threat,https://www.openstreetmap.org/way/537466402,OpenStreetMap via Overpass API exact brand/name selectors,2026-04-23
Edmundson Electrical,Edmundson Electrical,Edmundson Electrical,way,1495598194,53.6389109,-1.7802745,HD1 3AY,Huddersfield,Colne Road,Hilti Store Manchester,Manchester,38.16,25+ km lower direct store threat,https://www.openstreetmap.org/way/1495598194,OpenStreetMap via Overpass API exact brand/name selectors,2026-04-23
Edmundson Electrical,Edmundson Electrical,Edmundson Electrical,way,706670912,51.8848233,-0.4510436,,,,Hilti Store Edmonton,London,41.1,25+ km lower direct store threat,https://www.openstreetmap.org/way/706670912,OpenStreetMap via Overpass API exact brand/name selectors,2026-04-23
Edmundson Electrical,Edmundson Electrical,Edmundson Electrical,way,68282129,51.7492647,0.5192309,CM2 5AE,Chelmsford,Sheepcotes,Hilti Store Edmonton,London,41.9,25+ km lower direct store threat,https://www.openstreetmap.org/way/68282129,OpenStreetMap via Overpass API exact brand/name selectors,2026-04-23
Edmundson Electrical,Edmundson Electrical,Edmundson Electrical,node,13040286745,51.1274806,-0.1836319,,,,Hilti Store Southwark,London,42.28,25+ km lower direct store threat,https://www.openstreetmap.org/node/13040286745,OpenStreetMap via Overpass API exact brand/name selectors,2026-04-23
Edmundson Electrical,Edmundson Electrical,Edmundson Electrical,way,891058547,51.5668239,0.6433838,,,,Hilti Store Edmonton,London,47.97,25+ km lower direct store threat,https://www.openstreetmap.org/way/891058547,OpenStreetMap via Overpass API exact brand/name selectors,2026-04-23
Edmundson Electrical,Edmundson Electrical,Edmundson Electrical,node,5312202563,51.3625317,0.5750871,,,,Hilti Store Southwark,London,49.5,25+ km lower direct store threat,https://www.openstreetmap.org/node/5312202563,OpenStreetMap via Overpass API exact brand/name selectors,2026-04-23
Edmundson Electrical,Edmundson Electrical,Edmundson Electrical,way,409117763,52.6150467,-1.1315546,,,,Hilti Store Birmingham,Birmingham,53.11,25+ km lower direct store threat,https://www.openstreetmap.org/way/409117763,OpenStreetMap via Overpass API exact brand/name selectors,2026-04-23
Edmundson Electrical,Edmundson Electrical,Edmundson Electrical,way,614493799,52.900295,-1.4551459,DE24 8UJ,Derby,Longbridge Lane,Hilti Store Birmingham,Birmingham,54.18,25+ km lower direct store threat,https://www.openstreetmap.org/way/614493799,OpenStreetMap via Overpass API exact brand/name selectors,2026-04-23
Edmundson Electrical,Edmundson Electrical,Edmundson Electrical,way,914496412,56.4174347,-3.4584447,PH1 3RN,Perth,Arran Place,Hilti Store Edinburgh,Edinburgh,54.19,25+ km lower direct store threat,https://www.openstreetmap.org/way/914496412,OpenStreetMap via Overpass API exact brand/name selectors,2026-04-23
Edmundson Electrical,Edmundson Electrical,Edmundson Electrical,way,131191121,53.7859663,-1.55035,LS11 9NP,Leeds,Jack Lane,Hilti Store Manchester,Manchester,59.78,25+ km lower direct store threat,https://www.openstreetmap.org/way/131191121,OpenStreetMap via Overpass API exact brand/name selectors,2026-04-23
Edmundson Electrical,Edmundson Electrical,Edmundson Electrical,way,378333929,51.4623392,-0.9881737,,Reading,Cardiff Road,Hilti Store Southwark,London,61.56,25+ km lower direct store threat,https://www.openstreetmap.org/way/378333929,OpenStreetMap via Overpass API exact brand/name selectors,2026-04-23
Edmundson Electrical,Edmundson Electrical,Edmundson Electrical,node,10862450582,52.7427601,-2.7309861,SY1 3TG,Shrewsbury,Vanguard Way,Hilti Store Birmingham,Birmingham,63.34,25+ km lower direct store threat,https://www.openstreetmap.org/node/10862450582,OpenStreetMap via Overpass API exact brand/name selectors,2026-04-23
Edmundson Electrical,Edmundson Electrical,Edmundson Electrical,node,1969962920,52.1913066,0.1387815,CB1 7EA,Cambridge,Clifton Road Industrial Estate,Hilti Store Edmonton,London,65.6,25+ km lower direct store threat,https://www.openstreetmap.org/node/1969962920,OpenStreetMap via Overpass API exact brand/name selectors,2026-04-23
Edmundson Electrical,Edmundson Electrical,Edmundson Electrical,node,12673949081,52.2070427,0.1492836,CB1 3EW,Cambridge,Coldhams Road,Hilti Store Edmonton,London,67.45,25+ km lower direct store threat,https://www.openstreetmap.org/node/12673949081,OpenStreetMap via Overpass API exact brand/name selectors,2026-04-23
Edmundson Electrical,Edmundson Electrical,Edmundson Electrical,way,704865323,52.2400919,-0.9313372,NN5 5DL,Northampton,Mansard Close,Hilti Store Birmingham,Birmingham,70.78,25+ km lower direct store threat,https://www.openstreetmap.org/way/704865323,OpenStreetMap via Overpass API exact brand/name selectors,2026-04-23
Edmundson Electrical,Edmundson Electrical,Edmundson Electrical,way,239871208,52.9458237,-1.125773,NG2 4DG,Nottingham,Daleside Road,Hilti Store Birmingham,Birmingham,72.2,25+ km lower direct store threat,https://www.openstreetmap.org/way/239871208,OpenStreetMap via Overpass API exact brand/name selectors,2026-04-23
Edmundson Electrical,Edmundson Electrical,Edmundson Electrical,node,11352356827,51.8665132,-2.209066,,,,Hilti Store Birmingham,Birmingham,72.71,25+ km lower direct store threat,https://www.openstreetmap.org/node/11352356827,OpenStreetMap via Overpass API exact brand/name selectors,2026-04-23
Edmundson Electrical,Edmundson Electrical,Edmundson Electrical,way,146384618,52.0519223,0.737285,CO10 1WH,,,Hilti Store Edmonton,London,72.74,25+ km lower direct store threat,https://www.openstreetmap.org/way/146384618,OpenStreetMap via Overpass API exact brand/name selectors,2026-04-23
Edmundson Electrical,Edmundson Electrical,Edmundson Electrical,way,942721543,52.405323,-0.7429802,NN16 8AS,Kettering,Vista Park,Hilti Store Birmingham,Birmingham,78.3,25+ km lower direct store threat,https://www.openstreetmap.org/way/942721543,OpenStreetMap via Overpass API exact brand/name selectors,2026-04-23
Edmundson Electrical,Edmundson Electrical,Edmundson Electrical,way,849753034,51.1312113,0.8924496,,Ashford,The Courtyard,Hilti Store Southwark,London,80.59,25+ km lower direct store threat,https://www.openstreetmap.org/way/849753034,OpenStreetMap via Overpass API exact brand/name selectors,2026-04-23
Edmundson Electrical,Edmundson Electrical,Edmundson Electrical,way,746154055,51.8938682,-1.1482813,,Bicester,Station Approach,Hilti Store Edmonton,London,82.0,25+ km lower direct store threat,https://www.openstreetmap.org/way/746154055,OpenStreetMap via Overpass API exact brand/name selectors,2026-04-23
Edmundson Electrical,Edmundson Electrical,Edmundson Electrical,way,301069467,53.2027929,-4.1796324,LL57 4FA,Bangor,,Hilti Store Liverpool,Liverpool,84.01,25+ km lower direct store threat,https://www.openstreetmap.org/way/301069467,OpenStreetMap via Overpass API exact brand/name selectors,2026-04-23
Edmundson Electrical,Edmundson Electrical,Edmundson Electrical,way,41382872,51.7470072,-1.2753481,OX2 0ES,,Osney Mead,Hilti Store Southwark,London,85.39,25+ km lower direct store threat,https://www.openstreetmap.org/way/41382872,OpenStreetMap via Overpass API exact brand/name selectors,2026-04-23
Edmundson Electrical,Edmundson Electrical,Edmundson Electrical,node,12327754551,51.2913768,1.0985717,,,,Hilti Store Southwark,London,86.57,25+ km lower direct store threat,https://www.openstreetmap.org/node/12327754551,OpenStreetMap via Overpass API exact brand/name selectors,2026-04-23
Edmundson Electrical,Edmundson Electrical,Edmundson Electrical,way,169564859,53.9580878,-1.0675151,YO10 3DP,York,Alexandra Court,Hilti Store Manchester,Manchester,96.7,25+ km lower direct store threat,https://www.openstreetmap.org/way/169564859,OpenStreetMap via Overpass API exact brand/name selectors,2026-04-23
Edmundson Electrical,Edmundson Electrical,Edmundson Electrical,node,11898866821,52.5036831,-3.3394916,,,,Hilti Store Birmingham,Birmingham,98.14,25+ km lower direct store threat,https://www.openstreetmap.org/node/11898866821,OpenStreetMap via Overpass API exact brand/name selectors,2026-04-23
Edmundson Electrical,Edmundson Electrical,Edmundson Electrical,node,4392499778,51.2125515,-1.4761611,,Andover,Pelican Court,Hilti Store Southwark,London,100.79,25+ km lower direct store threat,https://www.openstreetmap.org/node/4392499778,OpenStreetMap via Overpass API exact brand/name selectors,2026-04-23
Edmundson Electrical,Edmundson Electrical,Edmundson Electrical,way,354487574,54.3453304,-2.739269,LA9 6NS,Kendal,Gilthwaiterigg Lane,Hilti Store Manchester,Manchester,102.13,25+ km lower direct store threat,https://www.openstreetmap.org/way/354487574,OpenStreetMap via Overpass API exact brand/name selectors,2026-04-23
Edmundson Electrical,Edmundson Electrical,Edmundson Electrical,way,60705584,54.1490332,-4.5008192,IM2 1AL,Douglas,,Hilti Store Belfast,Belfast,105.74,25+ km lower direct store threat,https://www.openstreetmap.org/way/60705584,OpenStreetMap via Overpass API exact brand/name selectors,2026-04-23
Edmundson Electrical,Edmundson Electrical,Edmundson Electrical,way,89177499,52.5782868,-0.2061713,PE1 5YS,Peterborough,,Hilti Store Edmonton,London,107.92,25+ km lower direct store threat,https://www.openstreetmap.org/way/89177499,OpenStreetMap via Overpass API exact brand/name selectors,2026-04-23
Edmundson Electrical,Edmundson Electrical,Edmundson Electrical,way,333572809,54.8911284,-2.9452623,CA2 5UE,Carlisle,,Hilti Store Edinburgh,Edinburgh,120.0,25+ km lower direct store threat,https://www.openstreetmap.org/way/333572809,OpenStreetMap via Overpass API exact brand/name selectors,2026-04-23
Edmundson Electrical,Edmundson Electrical,Edmundson Electrical,node,11403376425,50.7275599,-1.8548371,,,Southcote Road,Hilti Store Cardiff,Cardiff,123.07,25+ km lower direct store threat,https://www.openstreetmap.org/node/11403376425,OpenStreetMap via Overpass API exact brand/name selectors,2026-04-23
Edmundson Electrical,Edmundson Electrical,Edmundson Electrical,way,344381481,52.5666517,1.1192564,NR18 0NW,Wymondham,Allenbrooks Way,Hilti Store Edmonton,London,132.68,25+ km lower direct store threat,https://www.openstreetmap.org/way/344381481,OpenStreetMap via Overpass API exact brand/name selectors,2026-04-23
Edmundson Electrical,Edmundson Electrical,Edmundson Electrical,way,638006013,50.3682142,-4.1603962,,,,Hilti Store Cardiff,Cardiff,141.79,25+ km lower direct store threat,https://www.openstreetmap.org/way/638006013,OpenStreetMap via Overpass API exact brand/name selectors,2026-04-23
Edmundson Electrical,Edmundson Electrical,Edmundson Electrical,node,11936899772,53.5752863,-0.0976344,DN31 2SQ,Grimsby,Birchin Way,Hilti Store Manchester,Manchester,144.81,25+ km lower direct store threat,https://www.openstreetmap.org/node/11936899772,OpenStreetMap via Overpass API exact brand/name selectors,2026-04-23
Edmundson Electrical,Edmundson Electrical,Edmundson Electrical,way,629576018,52.6517749,1.2603747,NR6 5DP,Norwich,Hellesdon Park Road,Hilti Store Edmonton,London,145.99,25+ km lower direct store threat,https://www.openstreetmap.org/way/629576018,OpenStreetMap via Overpass API exact brand/name selectors,2026-04-23
Edmundson Electrical,Edmundson Electrical,Edmundson Electrical,way,148105617,52.4868339,1.7157093,NR32 3AL,Lowestoft,Mobbs Way,Hilti Store Edmonton,London,154.85,25+ km lower direct store threat,https://www.openstreetmap.org/way/148105617,OpenStreetMap via Overpass API exact brand/name selectors,2026-04-23
Edmundson Electrical,Edmundson Electrical,Edmundson Electrical,way,243481327,52.5914274,1.7082403,,,,Hilti Store Edmonton,London,161.92,25+ km lower direct store threat,https://www.openstreetmap.org/way/243481327,OpenStreetMap via Overpass API exact brand/name selectors,2026-04-23
Edmundson Electrical,Edmundson Electrical,Edmundson Electrical,node,5799646931,52.6575549,-8.6414409,,,,Hilti Store Belfast,Belfast,283.07,25+ km lower direct store threat,https://www.openstreetmap.org/node/5799646931,OpenStreetMap via Overpass API exact brand/name selectors,2026-04-23
Howdens,Howdens | Howdens Joinery,Howdens Joinery,node,12140884156,55.8534154,-4.2736432,,,,Hilti Store Glasgow,Glasgow,0.05,0-2 km direct local threat,https://www.openstreetmap.org/node/12140884156,OpenStreetMap via Overpass API exact brand/name selectors,2026-04-23
Howdens,Howdens | Howdens Joinery,Howdens Joinery,node,10688379200,55.9657381,-3.1331726,,,,Hilti Store Edinburgh,Edinburgh,0.09,0-2 km direct local threat,https://www.openstreetmap.org/node/10688379200,OpenStreetMap via Overpass API exact brand/name selectors,2026-04-23
Howdens,Howdens | Howdens Joinery,Howdens Joinery,node,12753214146,51.4802537,-3.1539025,,,,Hilti Store Cardiff,Cardiff,0.62,0-2 km direct local threat,https://www.openstreetmap.org/node/12753214146,OpenStreetMap via Overpass API exact brand/name selectors,2026-04-23
Howdens,Howdens | Howdens Joinery,Howdens Joinery,node,13470467105,53.4793754,-2.2950217,,,,Hilti Store Manchester,Manchester,1.62,0-2 km direct local threat,https://www.openstreetmap.org/node/13470467105,OpenStreetMap via Overpass API exact brand/name selectors,2026-04-23
Howdens,Howdens | Howdens Joinery,Howdens Joinery,way,83709822,52.5030526,-1.8727642,,,,Hilti Store Birmingham,Birmingham,1.82,0-2 km direct local threat,https://www.openstreetmap.org/way/83709822,OpenStreetMap via Overpass API exact brand/name selectors,2026-04-23
Howdens,Howdens | Howdens Joinery,Howdens Joinery,node,4132075925,51.5907202,-0.0407328,,Walthamstow,Blackhorse Lane,Hilti Store Edmonton,London,2.48,2-5 km strong urban overlap,https://www.openstreetmap.org/node/4132075925,OpenStreetMap via Overpass API exact brand/name selectors,2026-04-23
Howdens,Howdens | Howdens Joinery,Howdens Joinery,node,11212395502,55.8509552,-4.2305458,,,,Hilti Store Glasgow,Glasgow,2.75,2-5 km strong urban overlap,https://www.openstreetmap.org/node/11212395502,OpenStreetMap via Overpass API exact brand/name selectors,2026-04-23
Howdens,Howdens | Howdens Joinery,Howdens Joinery,way,316250880,55.8288375,-4.2977187,G41 4AZ,Glasgow,Haggs Road,Hilti Store Glasgow,Glasgow,3.08,2-5 km strong urban overlap,https://www.openstreetmap.org/way/316250880,OpenStreetMap via Overpass API exact brand/name selectors,2026-04-23
Howdens,Howdens | Howdens Joinery,Howdens Joinery,way,542369869,51.6096975,-0.0024731,,,,Hilti Store Edmonton,London,3.1,2-5 km strong urban overlap,https://www.openstreetmap.org/way/542369869,OpenStreetMap via Overpass API exact brand/name selectors,2026-04-23
Howdens,Howdens | Howdens Joinery,Howdens Joinery,node,5058306309,55.8792658,-4.2550584,G22 5HT,Glasgow,Saracen Street,Hilti Store Glasgow,Glasgow,3.14,2-5 km strong urban overlap,https://www.openstreetmap.org/node/5058306309,OpenStreetMap via Overpass API exact brand/name selectors,2026-04-23
Howdens,Howdens | Howdens Joinery,Howdens Joinery,node,4228173694,55.9735162,-3.1821427,,Edinburgh,West Bowling Green Street,Hilti Store Edinburgh,Edinburgh,3.23,2-5 km strong urban overlap,https://www.openstreetmap.org/node/4228173694,OpenStreetMap via Overpass API exact brand/name selectors,2026-04-23
Howdens,Howdens | Howdens Joinery,Howdens Joinery,way,28826808,55.9348439,-3.1438086,,,,Hilti Store Edinburgh,Edinburgh,3.43,2-5 km strong urban overlap,https://www.openstreetmap.org/way/28826808,OpenStreetMap via Overpass API exact brand/name selectors,2026-04-23
Howdens,Howdens | Howdens Joinery,Howdens Joinery,way,1296208901,51.4834451,-0.0611988,SE15 1LR,London,Ruby Street,Hilti Store Southwark,London,3.64,2-5 km strong urban overlap,https://www.openstreetmap.org/way/1296208901,OpenStreetMap via Overpass API exact brand/name selectors,2026-04-23
Howdens,Howdens | Howdens Joinery,Howdens Joinery,node,3405047136,51.5356543,-0.1171356,,,,Hilti Store Southwark,London,3.65,2-5 km strong urban overlap,https://www.openstreetmap.org/node/3405047136,OpenStreetMap via Overpass API exact brand/name selectors,2026-04-23
Howdens,Howdens | Howdens Joinery,Howdens Joinery,node,13690946970,55.9381258,-3.0798091,,Musselburgh,Newhailes Industrial Estate,Hilti Store Edinburgh,Edinburgh,4.44,2-5 km strong urban overlap,https://www.openstreetmap.org/node/13690946970,OpenStreetMap via Overpass API exact brand/name selectors,2026-04-23
Howdens,Howdens | Howdens Joinery,Howdens Joinery,way,89634893,52.5306048,-1.910137,B42 1BT,Birmingham,Walsall Road,Hilti Store Birmingham,Birmingham,4.67,2-5 km strong urban overlap,https://www.openstreetmap.org/way/89634893,OpenStreetMap via Overpass API exact brand/name selectors,2026-04-23
Howdens,Howdens | Howdens Joinery,Howdens Joinery,way,157731332,53.3765804,-3.0107561,,,,Hilti Store Liverpool,Liverpool,5.0,2-5 km strong urban overlap,https://www.openstreetmap.org/way/157731332,OpenStreetMap via Overpass API exact brand/name selectors,2026-04-23
Howdens,Howdens | Howdens Joinery,Howdens Joinery,way,837838757,51.4584498,-0.1273995,SW2 5DZ,London,Ellerslie Square,Hilti Store Southwark,London,5.4,5-10 km metro overlap,https://www.openstreetmap.org/way/837838757,OpenStreetMap via Overpass API exact brand/name selectors,2026-04-23
Howdens,Howdens | Howdens Joinery,Howdens Joinery,way,533899638,51.5844993,-0.1117298,N8 9DG,London,Tottenham Lane,Hilti Store Edmonton,London,5.45,5-10 km metro overlap,https://www.openstreetmap.org/way/533899638,OpenStreetMap via Overpass API exact brand/name selectors,2026-04-23
Howdens,Howdens | Howdens Joinery,Howdens Joinery,node,7467419139,53.5176955,-2.2739857,,,,Hilti Store Manchester,Manchester,5.6,5-10 km metro overlap,https://www.openstreetmap.org/node/7467419139,OpenStreetMap via Overpass API exact brand/name selectors,2026-04-23
Howdens,Howdens | Howdens Joinery,Howdens Joinery,node,8047557070,51.5500496,-0.1426868,,,,Hilti Store Southwark,London,5.82,5-10 km metro overlap,https://www.openstreetmap.org/node/8047557070,OpenStreetMap via Overpass API exact brand/name selectors,2026-04-23
Howdens,Howdens | Howdens Joinery,Howdens Joinery,node,12139597182,51.5225897,-3.1944481,,,,Hilti Store Cardiff,Cardiff,5.97,5-10 km metro overlap,https://www.openstreetmap.org/node/12139597182,OpenStreetMap via Overpass API exact brand/name selectors,2026-04-23
Howdens,Howdens | Howdens Joinery,Howdens Joinery,way,58780040,52.4455824,-1.8408381,B11 3DJ,Birmingham,Spring Road,Hilti Store Birmingham,Birmingham,5.99,5-10 km metro overlap,https://www.openstreetmap.org/way/58780040,OpenStreetMap via Overpass API exact brand/name selectors,2026-04-23
Howdens,Howdens | Howdens Joinery,Howdens Joinery,way,1376497160,52.5124733,-1.977521,B70 6RR,West Bromwich,Birmingham Road,Hilti Store Birmingham,Birmingham,6.42,5-10 km metro overlap,https://www.openstreetmap.org/way/1376497160,OpenStreetMap via Overpass API exact brand/name selectors,2026-04-23
Howdens,Howdens | Howdens Joinery,Howdens Joinery,way,1376497171,52.512184,-1.9778066,,,,Hilti Store Birmingham,Birmingham,6.43,5-10 km metro overlap,https://www.openstreetmap.org/way/1376497171,OpenStreetMap via Overpass API exact brand/name selectors,2026-04-23
Howdens,Howdens | Howdens Joinery,Howdens Joinery,node,10707936801,51.5920759,0.0410731,IG8 8HF,Woodford Green,Woodford Trading Estate,Hilti Store Edmonton,London,6.51,5-10 km metro overlap,https://www.openstreetmap.org/node/10707936801,OpenStreetMap via Overpass API exact brand/name selectors,2026-04-23
Howdens,Howdens | Howdens Joinery,Howdens Joinery,way,952569816,51.5351567,-0.0211086,,London,Wick Lane,Hilti Store Southwark,London,6.55,5-10 km metro overlap,https://www.openstreetmap.org/way/952569816,OpenStreetMap via Overpass API exact brand/name selectors,2026-04-23
Howdens,Howdens | Howdens Joinery,Howdens,node,10995814154,51.6201247,-0.1416308,,,,Hilti Store Edmonton,London,6.58,5-10 km metro overlap,https://www.openstreetmap.org/node/10995814154,OpenStreetMap via Overpass API exact brand/name selectors,2026-04-23
Howdens,Howdens | Howdens Joinery,Howdens Joinery,way,1420735154,51.4454083,-0.1437005,SW12 0NA,London,Weir Road,Hilti Store Southwark,London,7.16,5-10 km metro overlap,https://www.openstreetmap.org/way/1420735154,OpenStreetMap via Overpass API exact brand/name selectors,2026-04-23
Howdens,Howdens | Howdens Joinery,Howdens Joinery,node,4009572996,55.9380343,-3.237788,,Edinburgh,Westfield Street,Hilti Store Edinburgh,Edinburgh,7.21,5-10 km metro overlap,https://www.openstreetmap.org/node/4009572996,OpenStreetMap via Overpass API exact brand/name selectors,2026-04-23
Howdens,Howdens | Howdens Joinery,Howdens Joinery,way,58709545,52.474059,-1.7762929,,,,Hilti Store Birmingham,Birmingham,7.9,5-10 km metro overlap,https://www.openstreetmap.org/way/58709545,OpenStreetMap via Overpass API exact brand/name selectors,2026-04-23
Howdens,Howdens | Howdens Joinery,Howdens Joinery,way,238696718,52.5295367,-1.7788438,,,,Hilti Store Birmingham,Birmingham,8.68,5-10 km metro overlap,https://www.openstreetmap.org/way/238696718,OpenStreetMap via Overpass API exact brand/name selectors,2026-04-23
Howdens,Howdens | Howdens Joinery,Howdens Joinery,way,1108496128,51.4907016,0.0259684,SE7 7SW,London,Lombard Wall,Hilti Store Southwark,London,8.97,5-10 km metro overlap,https://www.openstreetmap.org/way/1108496128,OpenStreetMap via Overpass API exact brand/name selectors,2026-04-23
Howdens,Howdens | Howdens Joinery,Howdens Joinery,way,490082511,51.6187744,-0.1793317,N12 8QA,London,Finchley Industrial Centre,Hilti Store Edmonton,London,9.15,5-10 km metro overlap,https://www.openstreetmap.org/way/490082511,OpenStreetMap via Overpass API exact brand/name selectors,2026-04-23
Howdens,Howdens | Howdens Joinery,Howdens Joinery,way,232941116,51.4118778,-3.2461376,CF63 2PQ,Barry,,Hilti Store Cardiff,Cardiff,9.42,5-10 km metro overlap,https://www.openstreetmap.org/way/232941116,OpenStreetMap via Overpass API exact brand/name selectors,2026-04-23
Howdens,Howdens | Howdens Joinery,Howdens Joinery,node,8465366019,51.5290081,-0.2445563,,London,Hythe Road,Hilti Store Southwark,London,10.26,10-25 km regional catchment,https://www.openstreetmap.org/node/8465366019,OpenStreetMap via Overpass API exact brand/name selectors,2026-04-23
Howdens,Howdens | Howdens Joinery,Howdens Joinery,way,1156329836,51.5606303,0.0837447,IG1 1QP,,,Hilti Store Edmonton,London,10.73,10-25 km regional catchment,https://www.openstreetmap.org/way/1156329836,OpenStreetMap via Overpass API exact brand/name selectors,2026-04-23
Howdens,Howdens | Howdens Joinery,Howdens,way,313914297,55.9277076,-3.2960227,,,,Hilti Store Edinburgh,Edinburgh,11.0,10-25 km regional catchment,https://www.openstreetmap.org/way/313914297,OpenStreetMap via Overpass API exact brand/name selectors,2026-04-23
Howdens,Howdens | Howdens Joinery,Howdens Joinery,way,313914300,55.9270655,-3.2961635,EH11 4BP,,Bankhead Crossway North,Hilti Store Edinburgh,Edinburgh,11.03,10-25 km regional catchment,https://www.openstreetmap.org/way/313914300,OpenStreetMap via Overpass API exact brand/name selectors,2026-04-23
Howdens,Howdens | Howdens Joinery,Howdens Joinery,node,11184464385,53.5237683,-2.1420922,OL9 7PJ,Oldham,Victoria Trading Estate,Hilti Store Manchester,Manchester,11.1,10-25 km regional catchment,https://www.openstreetmap.org/node/11184464385,OpenStreetMap via Overpass API exact brand/name selectors,2026-04-23
Howdens,Howdens | Howdens Joinery,Howdens Joinery,way,146834212,51.6545005,-0.1963604,,,,Hilti Store Edmonton,London,11.3,10-25 km regional catchment,https://www.openstreetmap.org/way/146834212,OpenStreetMap via Overpass API exact brand/name selectors,2026-04-23
Howdens,Howdens | Howdens Joinery,Howdens Joinery,node,11397680925,51.4132457,-0.1946845,,,,Hilti Store Southwark,London,12.0,10-25 km regional catchment,https://www.openstreetmap.org/node/11397680925,OpenStreetMap via Overpass API exact brand/name selectors,2026-04-23
Howdens,Howdens | Howdens Joinery,Howdens Joinery,way,680977668,52.515793,-2.0670344,,,,Hilti Store Birmingham,Birmingham,12.32,10-25 km regional catchment,https://www.openstreetmap.org/way/680977668,OpenStreetMap via Overpass API exact brand/name selectors,2026-04-23
Howdens,Howdens | Howdens Joinery,Howdens Joinery,way,965750892,51.4113525,0.0135328,,,,Hilti Store Southwark,London,13.06,10-25 km regional catchment,https://www.openstreetmap.org/way/965750892,OpenStreetMap via Overpass API exact brand/name selectors,2026-04-23
Howdens,Howdens | Howdens Joinery,Howdens Joinery,way,198926006,51.6106347,-0.2450012,,,,Hilti Store Edmonton,London,13.67,10-25 km regional catchment,https://www.openstreetmap.org/way/198926006,OpenStreetMap via Overpass API exact brand/name selectors,2026-04-23
Howdens,Howdens | Howdens Joinery,Howdens Joinery,way,231989308,52.3822095,-1.9886271,,,,Hilti Store Birmingham,Birmingham,13.77,10-25 km regional catchment,https://www.openstreetmap.org/way/231989308,OpenStreetMap via Overpass API exact brand/name selectors,2026-04-23
Howdens,Howdens | Howdens Joinery,Howdens Joinery,way,237035230,53.3009222,-3.0568492,,,,Hilti Store Liverpool,Liverpool,13.8,10-25 km regional catchment,https://www.openstreetmap.org/way/237035230,OpenStreetMap via Overpass API exact brand/name selectors,2026-04-23
Howdens,Howdens | Howdens Joinery,Howdens Joinery,node,9272690176,51.568692,-3.003993,NP20 2NN,Newport,Maesglas Retail Park,Hilti Store Cardiff,Cardiff,14.78,10-25 km regional catchment,https://www.openstreetmap.org/node/9272690176,OpenStreetMap via Overpass API exact brand/name selectors,2026-04-23
Howdens,Howdens | Howdens Joinery,Howdens Joinery,node,11341045990,53.5485914,-2.1009512,OL1 4EB,Oldham,Oldham Central Trading Park,Hilti Store Manchester,Manchester,14.92,10-25 km regional catchment,https://www.openstreetmap.org/node/11341045990,OpenStreetMap via Overpass API exact brand/name selectors,2026-04-23
Howdens,Howdens | Howdens Joinery,Howdens Joinery,way,24547012,51.3836612,-0.2238046,,,,Hilti Store Southwark,London,15.86,10-25 km regional catchment,https://www.openstreetmap.org/way/24547012,OpenStreetMap via Overpass API exact brand/name selectors,2026-04-23
Howdens,Howdens | Howdens Joinery,Howdens Joinery,way,42255069,53.3600149,-2.7364693,,,,Hilti Store Liverpool,Liverpool,16.2,10-25 km regional catchment,https://www.openstreetmap.org/way/42255069,OpenStreetMap via Overpass API exact brand/name selectors,2026-04-23
Howdens,Howdens | Howdens Joinery,Howdens Joinery,way,506573346,53.5807114,-2.4365903,,,,Hilti Store Manchester,Manchester,16.26,10-25 km regional catchment,https://www.openstreetmap.org/way/506573346,OpenStreetMap via Overpass API exact brand/name selectors,2026-04-23
Howdens,Howdens | Howdens Joinery,Howdens Joinery,way,1452752878,51.7627839,0.0034406,EN11 0WZ,Hoddesdon,Pindar Road,Hilti Store Edmonton,London,17.06,10-25 km regional catchment,https://www.openstreetmap.org/way/1452752878,OpenStreetMap via Overpass API exact brand/name selectors,2026-04-23
Howdens,Howdens | Howdens Joinery,Howdens Joinery,way,220382053,51.54696,-0.3453225,,,,Hilti Store Southwark,London,17.51,10-25 km regional catchment,https://www.openstreetmap.org/way/220382053,OpenStreetMap via Overpass API exact brand/name selectors,2026-04-23
Howdens,Howdens | Howdens Joinery,Howdens Joinery,way,326208021,51.5060554,-0.3567615,,,,Hilti Store Southwark,London,17.65,10-25 km regional catchment,https://www.openstreetmap.org/way/326208021,OpenStreetMap via Overpass API exact brand/name selectors,2026-04-23
Howdens,Howdens | Howdens Joinery,Howdens Joinery,node,9876886815,51.5728627,-2.9471201,,Newport,,Hilti Store Cardiff,Cardiff,18.06,10-25 km regional catchment,https://www.openstreetmap.org/node/9876886815,OpenStreetMap via Overpass API exact brand/name selectors,2026-04-23
Howdens,Howdens | Howdens Joinery,Howdens Joinery,node,11371012832,53.6107025,-2.1472922,OL16 5NA,,Fishwick Street,Hilti Store Manchester,Manchester,18.2,10-25 km regional catchment,https://www.openstreetmap.org/node/11371012832,OpenStreetMap via Overpass API exact brand/name selectors,2026-04-23
Howdens,Howdens | Howdens Joinery,Howdens,way,807643633,51.7402065,-0.2171567,AL9 7HB,Hatfield,Travellers Lane,Hilti Store Edmonton,London,18.4,10-25 km regional catchment,https://www.openstreetmap.org/way/807643633,OpenStreetMap via Overpass API exact brand/name selectors,2026-04-23
Howdens,Howdens | Howdens Joinery,Howdens,way,684606484,56.0377771,-3.4039713,KY11 1HZ,Inverkeithing,Belleknowes Industrial Estate,Hilti Store Edinburgh,Edinburgh,18.72,10-25 km regional catchment,https://www.openstreetmap.org/way/684606484,OpenStreetMap via Overpass API exact brand/name selectors,2026-04-23
Howdens,Howdens | Howdens Joinery,Howdens Joinery,way,309086393,53.5729176,-2.8775362,L39 2AN,Ormskirk,Hattersley Way,Hilti Store Liverpool,Liverpool,18.79,10-25 km regional catchment,https://www.openstreetmap.org/way/309086393,OpenStreetMap via Overpass API exact brand/name selectors,2026-04-23
Howdens,Howdens | Howdens Joinery,Howdens Joinery,node,9904482733,53.3969985,-2.5422921,WA1 4AG,Warrington,New Cut Lane,Hilti Store Manchester,Manchester,19.02,10-25 km regional catchment,https://www.openstreetmap.org/node/9904482733,OpenStreetMap via Overpass API exact brand/name selectors,2026-04-23
Howdens,Howdens | Howdens Joinery,Howdens Joinery,way,28498341,51.3951812,0.1123982,,,Mill Brook Road,Hilti Store Southwark,London,19.17,10-25 km regional catchment,https://www.openstreetmap.org/way/28498341,OpenStreetMap via Overpass API exact brand/name selectors,2026-04-23
Howdens,Howdens | Howdens Joinery,Howdens Joinery,way,135165351,52.6079011,-1.6754927,B77 5DF,Tamworth,Brent,Hilti Store Birmingham,Birmingham,19.51,10-25 km regional catchment,https://www.openstreetmap.org/way/135165351,OpenStreetMap via Overpass API exact brand/name selectors,2026-04-23
Howdens,Howdens | Howdens Joinery,Howdens Joinery,node,10549102358,51.3164822,-0.0853341,,,,Hilti Store Southwark,London,20.91,10-25 km regional catchment,https://www.openstreetmap.org/node/10549102358,OpenStreetMap via Overpass API exact brand/name selectors,2026-04-23
Howdens,Howdens | Howdens Joinery,Howdens Joinery,node,10048842447,51.8028972,-0.0619518,,,,Hilti Store Edmonton,London,21.18,10-25 km regional catchment,https://www.openstreetmap.org/node/10048842447,OpenStreetMap via Overpass API exact brand/name selectors,2026-04-23
Howdens,Howdens | Howdens Joinery,Howdens Joinery,node,11377566864,52.3181375,-2.0595412,B60 3DR,,Sherwood Road,Hilti Store Birmingham,Birmingham,22.35,10-25 km regional catchment,https://www.openstreetmap.org/node/11377566864,OpenStreetMap via Overpass API exact brand/name selectors,2026-04-23
Howdens,Howdens | Howdens Joinery,Howdens Joinery,node,11909846654,53.3831867,-2.5994587,,,,Hilti Store Manchester,Manchester,23.1,10-25 km regional catchment,https://www.openstreetmap.org/node/11909846654,OpenStreetMap via Overpass API exact brand/name selectors,2026-04-23
Howdens,Howdens | Howdens Joinery,Howdens Joinery,node,11731210650,53.5951155,-2.5668526,BL6 5HY,Bolton,Lodge Bank,Hilti Store Manchester,Manchester,23.64,10-25 km regional catchment,https://www.openstreetmap.org/node/11731210650,OpenStreetMap via Overpass API exact brand/name selectors,2026-04-23
Howdens,Howdens | Howdens Joinery,Howdens Joinery,node,2218496216,51.8039449,-0.198891,,,,Hilti Store Edmonton,London,23.7,10-25 km regional catchment,https://www.openstreetmap.org/node/2218496216,OpenStreetMap via Overpass API exact brand/name selectors,2026-04-23
Howdens,Howdens | Howdens Joinery,Howdens Joinery,node,6315901188,51.3899958,0.1899629,,,,Hilti Store Southwark,London,23.88,10-25 km regional catchment,https://www.openstreetmap.org/node/6315901188,OpenStreetMap via Overpass API exact brand/name selectors,2026-04-23
Howdens,Howdens | Howdens Joinery,Howdens Joinery,node,12846567938,55.9764644,-3.9526704,,,Tollpark Road,Hilti Store Glasgow,Glasgow,24.28,10-25 km regional catchment,https://www.openstreetmap.org/node/12846567938,OpenStreetMap via Overpass API exact brand/name selectors,2026-04-23
Howdens,Howdens | Howdens Joinery,Howdens Joinery,way,56818355,52.4027933,-1.5600779,,,,Hilti Store Birmingham,Birmingham,24.38,10-25 km regional catchment,https://www.openstreetmap.org/way/56818355,OpenStreetMap via Overpass API exact brand/name selectors,2026-04-23
Howdens,Howdens | Howdens Joinery,Howdens,node,11854176996,56.1866349,-3.1509893,,,,Hilti Store Edinburgh,Edinburgh,24.66,10-25 km regional catchment,https://www.openstreetmap.org/node/11854176996,OpenStreetMap via Overpass API exact brand/name selectors,2026-04-23
Howdens,Howdens | Howdens Joinery,Howdens Joinery,way,123817250,51.6683558,-0.393156,,,,Hilti Store Edmonton,London,24.67,10-25 km regional catchment,https://www.openstreetmap.org/way/123817250,OpenStreetMap via Overpass API exact brand/name selectors,2026-04-23
Howdens,Howdens | Howdens Joinery,Howdens Joinery,node,13160200607,53.7023448,-2.3297212,,,,Hilti Store Manchester,Manchester,26.31,25+ km lower direct store threat,https://www.openstreetmap.org/node/13160200607,OpenStreetMap via Overpass API exact brand/name selectors,2026-04-23
Howdens,Howdens | Howdens Joinery,Howdens,node,11943419148,52.4317653,-1.5056326,,,,Hilti Store Birmingham,Birmingham,26.84,25+ km lower direct store threat,https://www.openstreetmap.org/node/11943419148,OpenStreetMap via Overpass API exact brand/name selectors,2026-04-23
Howdens,Howdens | Howdens Joinery,Howdens Joinery,way,267599622,52.3434575,-1.5718219,CV8 2DH,,Farmer Ward Road,Hilti Store Birmingham,Birmingham,27.06,25+ km lower direct store threat,https://www.openstreetmap.org/way/267599622,OpenStreetMap via Overpass API exact brand/name selectors,2026-04-23
Howdens,Howdens | Howdens Joinery,Howdens Joinery,way,264312582,51.5006049,-3.550891,CF31 3RT,,Western Avenue,Hilti Store Cardiff,Cardiff,27.55,25+ km lower direct store threat,https://www.openstreetmap.org/way/264312582,OpenStreetMap via Overpass API exact brand/name selectors,2026-04-23
Howdens,Howdens | Howdens Joinery,Howdens Joinery,way,63703222,52.3757799,-2.250825,DY10 1HY,,Worcester Road,Hilti Store Birmingham,Birmingham,27.59,25+ km lower direct store threat,https://www.openstreetmap.org/way/63703222,OpenStreetMap via Overpass API exact brand/name selectors,2026-04-23
Howdens,Howdens | Howdens Joinery,Howdens Joinery,way,320254405,55.7428055,-3.8464223,,,,Hilti Store Glasgow,Glasgow,29.43,25+ km lower direct store threat,https://www.openstreetmap.org/way/320254405,OpenStreetMap via Overpass API exact brand/name selectors,2026-04-23
Howdens,Howdens | Howdens Joinery,Howdens Joinery,node,8334001530,53.2017157,-2.3481085,,,,Hilti Store Manchester,Manchester,29.89,25+ km lower direct store threat,https://www.openstreetmap.org/node/8334001530,OpenStreetMap via Overpass API exact brand/name selectors,2026-04-23
Howdens,Howdens | Howdens Joinery,Howdens Joinery,node,3274641719,51.3694514,-0.4760322,KT15 2SD,Addlestone,Hamm Moor Lane,Hilti Store Southwark,London,29.97,25+ km lower direct store threat,https://www.openstreetmap.org/node/3274641719,OpenStreetMap via Overpass API exact brand/name selectors,2026-04-23
Howdens,Howdens | Howdens Joinery,Howdens Joinery,way,1453992316,51.2294687,-2.9607439,TA9 4HA,Highbridge,Oaktree Park,Hilti Store Cardiff,Cardiff,30.44,25+ km lower direct store threat,https://www.openstreetmap.org/way/1453992316,OpenStreetMap via Overpass API exact brand/name selectors,2026-04-23
Howdens,Howdens | Howdens Joinery,Howdens Joinery,way,1090218859,53.6527918,-2.6241294,,,,Hilti Store Manchester,Manchester,30.64,25+ km lower direct store threat,https://www.openstreetmap.org/way/1090218859,OpenStreetMap via Overpass API exact brand/name selectors,2026-04-23
Howdens,Howdens | Howdens Joinery,Howdens Joinery,node,13041121532,51.3502467,-0.4747166,KT13 0YU,Byfleet,Vickers Drive North,Hilti Store Southwark,London,31.02,25+ km lower direct store threat,https://www.openstreetmap.org/node/13041121532,OpenStreetMap via Overpass API exact brand/name selectors,2026-04-23
Howdens,Howdens | Howdens Joinery,Howdens Joinery,node,13740428017,51.2900613,0.1952974,,,,Hilti Store Southwark,London,31.5,25+ km lower direct store threat,https://www.openstreetmap.org/node/13740428017,OpenStreetMap via Overpass API exact brand/name selectors,2026-04-23
Howdens,Howdens | Howdens Joinery,Howdens Joinery,node,12985709168,51.414711,-0.5336303,TW20 8RJ,Thorpe,Ten Acre Lane,Hilti Store Southwark,London,31.54,25+ km lower direct store threat,https://www.openstreetmap.org/node/12985709168,OpenStreetMap via Overpass API exact brand/name selectors,2026-04-23
Howdens,Howdens | Howdens Joinery,Howdens Joinery Ltd,way,501024851,52.3925484,-1.4439377,CV3 2RT,Coventry,Herald Way,Hilti Store Birmingham,Birmingham,32.12,25+ km lower direct store threat,https://www.openstreetmap.org/way/501024851,OpenStreetMap via Overpass API exact brand/name selectors,2026-04-23
Howdens,Howdens | Howdens Joinery,Howdens Joinery,way,106545886,51.4977078,-2.687915,BS11 9QD,Bristol,Atlantic Road,Hilti Store Cardiff,Cardiff,32.46,25+ km lower direct store threat,https://www.openstreetmap.org/way/106545886,OpenStreetMap via Overpass API exact brand/name selectors,2026-04-23
Howdens,Howdens | Howdens Joinery,Howdens Joinery,way,91239615,51.4442106,0.3571901,DA11 0DL,Gravesend,West Mill,Hilti Store Southwark,London,32.48,25+ km lower direct store threat,https://www.openstreetmap.org/way/91239615,OpenStreetMap via Overpass API exact brand/name selectors,2026-04-23
Howdens,Howdens | Howdens Joinery,Howdens Joinery,way,1339321058,51.870419,0.1772999,CM23 5GZ,,,Hilti Store Edmonton,London,32.56,25+ km lower direct store threat,https://www.openstreetmap.org/way/1339321058,OpenStreetMap via Overpass API exact brand/name selectors,2026-04-23
Howdens,Howdens | Howdens Joinery,Howdens Joinery,way,1339321059,51.8705243,0.177099,CM23 5GZ,,,Hilti Store Edmonton,London,32.57,25+ km lower direct store threat,https://www.openstreetmap.org/way/1339321059,OpenStreetMap via Overpass API exact brand/name selectors,2026-04-23
Howdens,Howdens | Howdens Joinery,Howdens Joinery,way,1128437815,51.8895419,-0.204993,,,,Hilti Store Edmonton,London,32.65,25+ km lower direct store threat,https://www.openstreetmap.org/way/1128437815,OpenStreetMap via Overpass API exact brand/name selectors,2026-04-23
Howdens,Howdens | Howdens Joinery,Howdens Joinery,way,323000494,53.2035407,-2.4985684,CW7 3RL,Winsford,Road One,Hilti Store Manchester,Manchester,32.72,25+ km lower direct store threat,https://www.openstreetmap.org/way/323000494,OpenStreetMap via Overpass API exact brand/name selectors,2026-04-23
Howdens,Howdens | Howdens Joinery,Howdens Joinery,node,12208822931,53.1730315,-2.2234629,,,,Hilti Store Manchester,Manchester,32.96,25+ km lower direct store threat,https://www.openstreetmap.org/node/12208822931,OpenStreetMap via Overpass API exact brand/name selectors,2026-04-23
Howdens,Howdens | Howdens Joinery,Howdens Joinery,node,11195751913,51.4191455,0.357511,DA11 8AB,Northfleet,"Trade City, Coldharbour Road",Hilti Store Southwark,London,33.19,25+ km lower direct store threat,https://www.openstreetmap.org/node/11195751913,OpenStreetMap via Overpass API exact brand/name selectors,2026-04-23
Howdens,Howdens | Howdens Joinery,Howdens Joinery,node,4500465782,54.8510313,-6.2561716,,,,Hilti Store Belfast,Belfast,33.36,25+ km lower direct store threat,https://www.openstreetmap.org/node/4500465782,OpenStreetMap via Overpass API exact brand/name selectors,2026-04-23
Howdens,Howdens | Howdens Joinery,Howdens Joinery,way,416724266,56.0217455,-3.8311379,,,,Hilti Store Glasgow,Glasgow,33.36,25+ km lower direct store threat,https://www.openstreetmap.org/way/416724266,OpenStreetMap via Overpass API exact brand/name selectors,2026-04-23
Howdens,Howdens | Howdens Joinery,Howdens Joinery,way,327123642,52.2721163,-1.5512473,CV34 6TJ,,Harriott Drive,Hilti Store Birmingham,Birmingham,33.43,25+ km lower direct store threat,https://www.openstreetmap.org/way/327123642,OpenStreetMap via Overpass API exact brand/name selectors,2026-04-23
Howdens,Howdens | Howdens Joinery,Howdens Joinery,way,5314653,53.7593058,-2.4468638,,,,Hilti Store Manchester,Manchester,34.25,25+ km lower direct store threat,https://www.openstreetmap.org/way/5314653,OpenStreetMap via Overpass API exact brand/name selectors,2026-04-23
Howdens,Howdens | Howdens Joinery,Howdens Joinery,way,1352784985,51.5821596,0.4486085,SS14 3GL,Basildon,Luckyn Lane,Hilti Store Edmonton,London,34.41,25+ km lower direct store threat,https://www.openstreetmap.org/way/1352784985,OpenStreetMap via Overpass API exact brand/name selectors,2026-04-23
Howdens,Howdens | Howdens Joinery,Howdens Joinery,node,13720472253,51.2070564,0.0630615,,,,Hilti Store Southwark,London,34.98,25+ km lower direct store threat,https://www.openstreetmap.org/node/13720472253,OpenStreetMap via Overpass API exact brand/name selectors,2026-04-23
Howdens,Howdens | Howdens Joinery,Howdens,node,12833442447,53.6974814,-2.7284342,PR26 7EW,Leyland,Titan Way,Hilti Store Liverpool,Liverpool,35.36,25+ km lower direct store threat,https://www.openstreetmap.org/node/12833442447,OpenStreetMap via Overpass API exact brand/name selectors,2026-04-23
Howdens,Howdens | Howdens Joinery,Howdens Joinery,way,1313578328,51.5210966,-0.6171895,,,,Hilti Store Southwark,London,35.72,25+ km lower direct store threat,https://www.openstreetmap.org/way/1313578328,OpenStreetMap via Overpass API exact brand/name selectors,2026-04-23
Howdens,Howdens | Howdens Joinery,Howdens Joinery,way,76110857,56.0108813,-3.7703239,,,,Hilti Store Glasgow,Glasgow,35.96,25+ km lower direct store threat,https://www.openstreetmap.org/way/76110857,OpenStreetMap via Overpass API exact brand/name selectors,2026-04-23
Howdens,Howdens | Howdens Joinery,Howdens Joinery,node,3778736299,53.3121876,-3.4819915,,,,Hilti Store Liverpool,Liverpool,36.08,25+ km lower direct store threat,https://www.openstreetmap.org/node/3778736299,OpenStreetMap via Overpass API exact brand/name selectors,2026-04-23
Howdens,Howdens | Howdens Joinery,Howdens Joinery,node,11396916767,53.6014753,-1.7806637,,,,Hilti Store Manchester,Manchester,36.25,25+ km lower direct store threat,https://www.openstreetmap.org/node/11396916767,OpenStreetMap via Overpass API exact brand/name selectors,2026-04-23
Howdens,Howdens | Howdens Joinery,Howdens Joinery,way,1150761114,51.724229,0.4525642,CM1 3AR,Chelmsford,Westway,Hilti Store Edmonton,London,36.63,25+ km lower direct store threat,https://www.openstreetmap.org/way/1150761114,OpenStreetMap via Overpass API exact brand/name selectors,2026-04-23
Howdens,Howdens | Howdens Joinery,Howdens Joinery,way,1495598195,53.6388889,-1.7806858,HD1 3AY,Huddersfield,Colne Road,Hilti Store Manchester,Manchester,38.14,25+ km lower direct store threat,https://www.openstreetmap.org/way/1495598195,OpenStreetMap via Overpass API exact brand/name selectors,2026-04-23
Howdens,Howdens | Howdens Joinery,Howdens Joinery,way,152193240,53.1939691,-3.4100981,,,,Hilti Store Liverpool,Liverpool,38.27,25+ km lower direct store threat,https://www.openstreetmap.org/way/152193240,OpenStreetMap via Overpass API exact brand/name selectors,2026-04-23
Howdens,Howdens | Howdens Joinery,Howdens Joinery,way,628405358,51.4152138,-2.6105392,BS13 7TW,Bristol,,Hilti Store Cardiff,Cardiff,38.32,25+ km lower direct store threat,https://www.openstreetmap.org/way/628405358,OpenStreetMap via Overpass API exact brand/name selectors,2026-04-23
Howdens,Howdens | Howdens Joinery,Howdens Joinery,way,210612974,55.9924016,-2.5097428,,,,Hilti Store Edinburgh,Edinburgh,38.86,25+ km lower direct store threat,https://www.openstreetmap.org/way/210612974,OpenStreetMap via Overpass API exact brand/name selectors,2026-04-23
Howdens,Howdens | Howdens Joinery,Howdens Joinery,way,148218891,51.1383893,-2.9969909,TA6 4BH,Bridgwater,Wylds Road,Hilti Store Cardiff,Cardiff,38.99,25+ km lower direct store threat,https://www.openstreetmap.org/way/148218891,OpenStreetMap via Overpass API exact brand/name selectors,2026-04-23
Howdens,Howdens | Howdens Joinery,Howdens Joinery,way,266741810,52.1945575,-2.2059384,,,,Hilti Store Birmingham,Birmingham,39.29,25+ km lower direct store threat,https://www.openstreetmap.org/way/266741810,OpenStreetMap via Overpass API exact brand/name selectors,2026-04-23
Howdens,Howdens | Howdens Joinery,Howdens Joinery,way,202097131,53.7260408,-1.8709966,,,,Hilti Store Manchester,Manchester,39.47,25+ km lower direct store threat,https://www.openstreetmap.org/way/202097131,OpenStreetMap via Overpass API exact brand/name selectors,2026-04-23
Howdens,Howdens | Howdens Joinery,Howdens Joinery,way,804949191,52.8251637,-2.1130254,,,,Hilti Store Birmingham,Birmingham,40.15,25+ km lower direct store threat,https://www.openstreetmap.org/way/804949191,OpenStreetMap via Overpass API exact brand/name selectors,2026-04-23
Howdens,Howdens | Howdens Joinery,Howdens Joinery,way,93166525,51.7411045,0.5041294,CM2 6UW,Chelmsford,Northumberland Court,Hilti Store Edmonton,London,40.61,25+ km lower direct store threat,https://www.openstreetmap.org/way/93166525,OpenStreetMap via Overpass API exact brand/name selectors,2026-04-23
Howdens,Howdens | Howdens Joinery,Howdens Joinery,node,10994628711,56.3228774,-2.9930344,KY15 4RB,Cupar,Eden Valley Business Park,Hilti Store Edinburgh,Edinburgh,40.71,25+ km lower direct store threat,https://www.openstreetmap.org/node/10994628711,OpenStreetMap via Overpass API exact brand/name selectors,2026-04-23
Howdens,Howdens | Howdens Joinery,Howdens Joinery,way,23687349,51.1360799,-0.1694152,,,,Hilti Store Southwark,London,41.21,25+ km lower direct store threat,https://www.openstreetmap.org/way/23687349,OpenStreetMap via Overpass API exact brand/name selectors,2026-04-23
Howdens,Howdens | Howdens Joinery,Howdens Joinery,way,82137359,51.5079485,-2.5618551,,,,Hilti Store Cardiff,Cardiff,41.24,25+ km lower direct store threat,https://www.openstreetmap.org/way/82137359,OpenStreetMap via Overpass API exact brand/name selectors,2026-04-23
Howdens,Howdens | Howdens Joinery,Howdens Joinery,node,8423395820,51.1354132,-0.0353391,RH19 1TU,East Grinstead,Imberhorne Lane,Hilti Store Southwark,London,41.28,25+ km lower direct store threat,https://www.openstreetmap.org/node/8423395820,OpenStreetMap via Overpass API exact brand/name selectors,2026-04-23
Howdens,Howdens | Howdens Joinery,Howdens Joinery,way,1032019450,53.6980907,-1.7777866,HD6 1LQ,Brighouse,Birds Royd Lane,Hilti Store Manchester,Manchester,41.95,25+ km lower direct store threat,https://www.openstreetmap.org/way/1032019450,OpenStreetMap via Overpass API exact brand/name selectors,2026-04-23
Howdens,Howdens | Howdens Joinery,Howdens,node,11951587282,53.84616,-2.2150971,,,,Hilti Store Manchester,Manchester,42.33,25+ km lower direct store threat,https://www.openstreetmap.org/node/11951587282,OpenStreetMap via Overpass API exact brand/name selectors,2026-04-23
Howdens,Howdens | Howdens Joinery,Howdens Joinery,way,60623690,51.2615295,-0.572352,GU1 1RA,Guildford,,Hilti Store Southwark,London,42.37,25+ km lower direct store threat,https://www.openstreetmap.org/way/60623690,OpenStreetMap via Overpass API exact brand/name selectors,2026-04-23
Howdens,Howdens | Howdens Joinery,Howdens Joinery,node,12198482548,53.0875166,-2.4277695,,,,Hilti Store Manchester,Manchester,43.37,25+ km lower direct store threat,https://www.openstreetmap.org/node/12198482548,OpenStreetMap via Overpass API exact brand/name selectors,2026-04-23
Howdens,Howdens | Howdens Joinery,Howdens Joinery,node,5842563822,51.6216969,-0.7240704,HP11 1LH,High Wycombe,London Road,Hilti Store Southwark,London,44.96,25+ km lower direct store threat,https://www.openstreetmap.org/node/5842563822,OpenStreetMap via Overpass API exact brand/name selectors,2026-04-23
Howdens,Howdens | Howdens Joinery,Howdens Joinery,way,371772239,55.6084898,-2.7875744,,,,Hilti Store Edinburgh,Edinburgh,45.13,25+ km lower direct store threat,https://www.openstreetmap.org/way/371772239,OpenStreetMap via Overpass API exact brand/name selectors,2026-04-23
Howdens,Howdens | Howdens Joinery,Howdens Joinery,way,341220338,53.8691388,-2.3899687,BB7 1AX,,,Hilti Store Manchester,Manchester,45.24,25+ km lower direct store threat,https://www.openstreetmap.org/way/341220338,OpenStreetMap via Overpass API exact brand/name selectors,2026-04-23
Howdens,Howdens | Howdens Joinery,Howdens Joinery,way,414215520,52.9020613,-1.854673,ST14 8AL,Uttoxeter,Eastfields Drive,Hilti Store Birmingham,Birmingham,45.83,25+ km lower direct store threat,https://www.openstreetmap.org/way/414215520,OpenStreetMap via Overpass API exact brand/name selectors,2026-04-23
Howdens,Howdens | Howdens Joinery,Howdens Joinery,node,5596870605,51.4148662,-0.7621544,,,,Hilti Store Southwark,London,46.82,25+ km lower direct store threat,https://www.openstreetmap.org/node/5596870605,OpenStreetMap via Overpass API exact brand/name selectors,2026-04-23
Howdens,Howdens | Howdens Joinery,Howdens Joinery,way,337671586,53.0466938,-2.2448951,ST5 7RU,,Brookhouse Road,Hilti Store Manchester,Manchester,46.85,25+ km lower direct store threat,https://www.openstreetmap.org/way/337671586,OpenStreetMap via Overpass API exact brand/name selectors,2026-04-23
Howdens,Howdens | Howdens Joinery,Howdens Joinery,node,9756926954,53.8350651,-3.0268851,FY3 7UN,Blackpool,Mowbray Drive,Hilti Store Liverpool,Liverpool,47.21,25+ km lower direct store threat,https://www.openstreetmap.org/node/9756926954,OpenStreetMap via Overpass API exact brand/name selectors,2026-04-23
Howdens,Howdens | Howdens Joinery,Howdens Joinery,way,904808875,51.1412411,-2.7346377,BA6 9FW,Glastonbury,Morland Road,Hilti Store Cardiff,Cardiff,47.22,25+ km lower direct store threat,https://www.openstreetmap.org/way/904808875,OpenStreetMap via Overpass API exact brand/name selectors,2026-04-23
Howdens,Howdens | Howdens Joinery,Howdens,way,480054720,51.1538317,0.2872815,,,Longfield Road,Hilti Store Southwark,London,47.43,25+ km lower direct store threat,https://www.openstreetmap.org/way/480054720,OpenStreetMap via Overpass API exact brand/name selectors,2026-04-23
Howdens,Howdens | Howdens Joinery,Howdens Joinery,way,480054719,51.1537043,0.287128,,,Longfield Road,Hilti Store Southwark,London,47.43,25+ km lower direct store threat,https://www.openstreetmap.org/way/480054719,OpenStreetMap via Overpass API exact brand/name selectors,2026-04-23
Howdens,Howdens | Howdens Joinery,Howdens Joinery,way,1348312303,51.1508786,-0.5031043,GU6 8PT,Cranleigh,Manfield Park,Hilti Store Southwark,London,48.19,25+ km lower direct store threat,https://www.openstreetmap.org/way/1348312303,OpenStreetMap via Overpass API exact brand/name selectors,2026-04-23
Howdens,Howdens | Howdens Joinery,Howdens Joinery,way,1348312301,51.150872,-0.5035343,GU6 8PT,Cranleigh,Manfield Park,Hilti Store Southwark,London,48.2,25+ km lower direct store threat,https://www.openstreetmap.org/way/1348312301,OpenStreetMap via Overpass API exact brand/name selectors,2026-04-23
Howdens,Howdens | Howdens Joinery,Howdens Joinery,way,255387777,53.0353892,-2.188859,ST6 3HX,,Waterloo Road,Hilti Store Manchester,Manchester,48.44,25+ km lower direct store threat,https://www.openstreetmap.org/way/255387777,OpenStreetMap via Overpass API exact brand/name selectors,2026-04-23
Howdens,Howdens | Howdens Joinery,Howdens Joinery,way,633119461,52.0115408,0.2593919,CB10 2UP,,,Hilti Store Edmonton,London,49.11,25+ km lower direct store threat,https://www.openstreetmap.org/way/633119461,OpenStreetMap via Overpass API exact brand/name selectors,2026-04-23
Howdens,Howdens | Howdens Joinery,Howdens Joinery,way,201227948,53.7831707,-1.7543695,BD5 7JL,Bradford,Bowling Old Lane,Hilti Store Manchester,Manchester,49.37,25+ km lower direct store threat,https://www.openstreetmap.org/way/201227948,OpenStreetMap via Overpass API exact brand/name selectors,2026-04-23
Howdens,Howdens | Howdens Joinery,Howdens Joinery,way,99473350,53.687958,-1.6280545,,,,Hilti Store Manchester,Manchester,49.58,25+ km lower direct store threat,https://www.openstreetmap.org/way/99473350,OpenStreetMap via Overpass API exact brand/name selectors,2026-04-23
Howdens,Howdens | Howdens Joinery,Howdens Joinery,way,1211909575,51.0255967,-3.0868281,TA2 8DG,Taunton,Merlin Industrial Park,Hilti Store Cardiff,Cardiff,50.17,25+ km lower direct store threat,https://www.openstreetmap.org/way/1211909575,OpenStreetMap via Overpass API exact brand/name selectors,2026-04-23
Howdens,Howdens | Howdens Joinery,Howdens Joinery,way,642345731,56.3845514,-3.4337988,PH2 8DR,Perth,,Hilti Store Edinburgh,Edinburgh,50.24,25+ km lower direct store threat,https://www.openstreetmap.org/way/642345731,OpenStreetMap via Overpass API exact brand/name selectors,2026-04-23
Howdens,Howdens | Howdens Joinery,Howdens Joinery,way,149404380,51.5423707,-2.4342689,BS37 5PB,Yate,Millbrook Road,Hilti Store Cardiff,Cardiff,50.46,25+ km lower direct store threat,https://www.openstreetmap.org/way/149404380,OpenStreetMap via Overpass API exact brand/name selectors,2026-04-23
Howdens,Howdens | Howdens Joinery,Howdens Joinery,node,9577865447,51.068298,-0.3160773,RH13 5PX,Horsham,Foundry Lane,Hilti Store Southwark,London,50.72,25+ km lower direct store threat,https://www.openstreetmap.org/node/9577865447,OpenStreetMap via Overpass API exact brand/name selectors,2026-04-23
Howdens,Howdens | Howdens Joinery,Howdens Joinery,way,546657567,51.8729739,0.5695723,,,,Hilti Store Edmonton,London,51.39,25+ km lower direct store threat,https://www.openstreetmap.org/way/546657567,OpenStreetMap via Overpass API exact brand/name selectors,2026-04-23
Howdens,Howdens | Howdens Joinery,Howdens,way,49798375,51.7352439,0.6778952,CM9 4LD,Maldon,Mill Lane,Hilti Store Edmonton,London,51.82,25+ km lower direct store threat,https://www.openstreetmap.org/way/49798375,OpenStreetMap via Overpass API exact brand/name selectors,2026-04-23
Howdens,Howdens | Howdens Joinery,Howdens Joinery,way,540172705,51.2469333,-0.7401657,,,Alpha Road,Hilti Store Southwark,London,52.75,25+ km lower direct store threat,https://www.openstreetmap.org/way/540172705,OpenStreetMap via Overpass API exact brand/name selectors,2026-04-23
Howdens,Howdens | Howdens Joinery,Howdens Joinery,way,376986597,51.8091898,0.6507926,CM8 3YQ,,Eastways,Hilti Store Edmonton,London,52.82,25+ km lower direct store threat,https://www.openstreetmap.org/way/376986597,OpenStreetMap via Overpass API exact brand/name selectors,2026-04-23
Howdens,Howdens | Howdens Joinery,Howdens Joinery,way,408940084,52.6158015,-1.1341604,,,,Hilti Store Birmingham,Birmingham,52.96,25+ km lower direct store threat,https://www.openstreetmap.org/way/408940084,OpenStreetMap via Overpass API exact brand/name selectors,2026-04-23
Howdens,Howdens | Howdens Joinery,Howdens Joinery,way,1465128736,53.4999093,-1.4725366,S74 0SB,Barnsley,,Hilti Store Manchester,Manchester,53.6,25+ km lower direct store threat,https://www.openstreetmap.org/way/1465128736,OpenStreetMap via Overpass API exact brand/name selectors,2026-04-23
Howdens,Howdens | Howdens Joinery,Howdens Joinery,way,1291165310,52.6534894,-1.1432621,,,,Hilti Store Birmingham,Birmingham,53.61,25+ km lower direct store threat,https://www.openstreetmap.org/way/1291165310,OpenStreetMap via Overpass API exact brand/name selectors,2026-04-23
Howdens,Howdens | Howdens Joinery,Howdens Joinery,node,9175532851,52.9655732,-2.6607009,SY13 1GR,Whitchurch,Shakespeare Way,Hilti Store Liverpool,Liverpool,53.62,25+ km lower direct store threat,https://www.openstreetmap.org/node/9175532851,OpenStreetMap via Overpass API exact brand/name selectors,2026-04-23
Howdens,Howdens | Howdens Joinery,Howdens Joinery,node,13528475257,53.3960755,-1.4746182,S3 9QY,Sheffield,Welland Close,Hilti Store Manchester,Manchester,53.99,25+ km lower direct store threat,https://www.openstreetmap.org/node/13528475257,OpenStreetMap via Overpass API exact brand/name selectors,2026-04-23
Howdens,Howdens | Howdens Joinery,Howdens Joinery,node,12316311159,56.4165127,-3.4598565,PH1 3DZ,Perth,Arran Road,Hilti Store Edinburgh,Edinburgh,54.13,25+ km lower direct store threat,https://www.openstreetmap.org/node/12316311159,OpenStreetMap via Overpass API exact brand/name selectors,2026-04-23
Howdens,Howdens | Howdens Joinery,Howdens Joinery,way,1063687128,53.5602068,-1.4722216,,,,Hilti Store Manchester,Manchester,54.45,25+ km lower direct store threat,https://www.openstreetmap.org/way/1063687128,OpenStreetMap via Overpass API exact brand/name selectors,2026-04-23
Howdens,Howdens | Howdens Joinery,Howdens Joinery,way,55385815,51.2416783,0.56094,,,,Hilti Store Southwark,London,54.48,25+ km lower direct store threat,https://www.openstreetmap.org/way/55385815,OpenStreetMap via Overpass API exact brand/name selectors,2026-04-23
Howdens,Howdens | Howdens Joinery,Howdens Joinery,node,12965778012,52.920342,-1.4994945,DE1 1NA,Derby,,Hilti Store Birmingham,Birmingham,54.56,25+ km lower direct store threat,https://www.openstreetmap.org/node/12965778012,OpenStreetMap via Overpass API exact brand/name selectors,2026-04-23
Howdens,Howdens | Howdens Joinery,Howdens Joinery,way,137552614,53.3704142,-1.4728187,S2 4SJ,Sheffield,Randall Street,Hilti Store Manchester,Manchester,54.62,25+ km lower direct store threat,https://www.openstreetmap.org/way/137552614,OpenStreetMap via Overpass API exact brand/name selectors,2026-04-23
Howdens,Howdens | Howdens Joinery,Howdens Joinery,way,61568124,52.9038787,-1.4517766,DE24 8EH,Derby,,Hilti Store Birmingham,Birmingham,54.63,25+ km lower direct store threat,https://www.openstreetmap.org/way/61568124,OpenStreetMap via Overpass API exact brand/name selectors,2026-04-23
Howdens,Howdens | Howdens Joinery,Howdens Joinery,way,190799540,51.0443688,0.1831479,TN6 2JJ,Crowborough,Farningham Road,Hilti Store Southwark,London,54.85,25+ km lower direct store threat,https://www.openstreetmap.org/way/190799540,OpenStreetMap via Overpass API exact brand/name selectors,2026-04-23
Howdens,Howdens | Howdens Joinery,Howdens Joinery,way,1119373215,50.9810203,-3.2061405,TA21 9AD,Wellington,Westpark,Hilti Store Cardiff,Cardiff,55.02,25+ km lower direct store threat,https://www.openstreetmap.org/way/1119373215,OpenStreetMap via Overpass API exact brand/name selectors,2026-04-23
Howdens,Howdens | Howdens Joinery,Howdens Joinery,node,3695179382,53.941932,-2.0161031,BD23 2TZ,Skipton,Ghyll Way,Hilti Store Manchester,Manchester,55.56,25+ km lower direct store threat,https://www.openstreetmap.org/node/3695179382,OpenStreetMap via Overpass API exact brand/name selectors,2026-04-23
Howdens,Howdens | Howdens Joinery,Howdens,way,182834894,51.2884231,-0.8311666,GU51 3QT,,Waterfront Business Park,Hilti Store Southwark,London,56.01,25+ km lower direct store threat,https://www.openstreetmap.org/way/182834894,OpenStreetMap via Overpass API exact brand/name selectors,2026-04-23
Howdens,Howdens | Howdens Joinery,Howdens Joinery,way,1478425363,53.3074496,-1.4798132,S18 1PN,Dronfield,Wreakes Lane,Hilti Store Manchester,Manchester,56.02,25+ km lower direct store threat,https://www.openstreetmap.org/way/1478425363,OpenStreetMap via Overpass API exact brand/name selectors,2026-04-23
Howdens,Howdens | Howdens Joinery,Howdens Joinery,way,336887648,51.222558,-0.7740781,GU9 9NP,Farnham,Farnham Trading Estate,Hilti Store Southwark,London,56.22,25+ km lower direct store threat,https://www.openstreetmap.org/way/336887648,OpenStreetMap via Overpass API exact brand/name selectors,2026-04-23
Howdens,Howdens | Howdens Joinery,Howdens Joinery,way,274867045,53.9170116,-3.0192417,FY7 6RP,Fleetwood,Copse Road,Hilti Store Liverpool,Liverpool,56.26,25+ km lower direct store threat,https://www.openstreetmap.org/way/274867045,OpenStreetMap via Overpass API exact brand/name selectors,2026-04-23
Howdens,Howdens | Howdens Joinery,Howdens,way,1313924465,52.3649918,-2.6952767,SY8 1XF,Ludlow,Orleton Road,Hilti Store Birmingham,Birmingham,56.36,25+ km lower direct store threat,https://www.openstreetmap.org/way/1313924465,OpenStreetMap via Overpass API exact brand/name selectors,2026-04-23
Howdens,Howdens | Howdens Joinery,Howdens Joinery,node,12396856544,53.53924,-1.4331092,,,,Hilti Store Manchester,Manchester,56.63,25+ km lower direct store threat,https://www.openstreetmap.org/node/12396856544,OpenStreetMap via Overpass API exact brand/name selectors,2026-04-23
Howdens,Howdens | Howdens Joinery,Howdens Joinery,node,12735359926,53.9091812,-2.777315,PR3 1NJ,,Manor Park Estate,Hilti Store Liverpool,Liverpool,56.63,25+ km lower direct store threat,https://www.openstreetmap.org/node/12735359926,OpenStreetMap via Overpass API exact brand/name selectors,2026-04-23
Howdens,Howdens | Howdens Joinery,Howdens Joinery,node,5635501131,52.9389227,-1.4693881,DE21 4BF,Derby,,Hilti Store Birmingham,Birmingham,57.35,25+ km lower direct store threat,https://www.openstreetmap.org/node/5635501131,OpenStreetMap via Overpass API exact brand/name selectors,2026-04-23
Howdens,Howdens | Howdens Joinery,Howdens Joinery,way,203415278,53.788231,-1.5729014,LS12 1HE,Leeds,Copley Hill Trading Estate,Hilti Store Manchester,Manchester,58.74,25+ km lower direct store threat,https://www.openstreetmap.org/way/203415278,OpenStreetMap via Overpass API exact brand/name selectors,2026-04-23
Howdens,Howdens | Howdens Joinery,Howdens Joinery,node,13645289244,51.8247684,-2.5099236,,,,Hilti Store Cardiff,Cardiff,59.13,25+ km lower direct store threat,https://www.openstreetmap.org/node/13645289244,OpenStreetMap via Overpass API exact brand/name selectors,2026-04-23
Howdens,Howdens | Howdens Joinery,Howdens Joinery,way,140968266,53.8643625,-1.6721677,LS19 7BN,Leeds,Moorfield Close,Hilti Store Manchester,Manchester,59.62,25+ km lower direct store threat,https://www.openstreetmap.org/way/140968266,OpenStreetMap via Overpass API exact brand/name selectors,2026-04-23
Howdens,Howdens | Howdens Joinery,Howdens Joinery,way,1441731641,51.4088602,0.7652334,,,,Hilti Store Edmonton,London,60.61,25+ km lower direct store threat,https://www.openstreetmap.org/way/1441731641,OpenStreetMap via Overpass API exact brand/name selectors,2026-04-23
Howdens,Howdens | Howdens Joinery,Howdens Joinery,way,148161002,55.5906379,-2.4256508,,,,Hilti Store Edinburgh,Edinburgh,60.72,25+ km lower direct store threat,https://www.openstreetmap.org/way/148161002,OpenStreetMap via Overpass API exact brand/name selectors,2026-04-23
Howdens,Howdens | Howdens Joinery,Howdens Joinery,way,322970573,52.8867351,-1.2680907,,Nottingham,Forbes Close,Hilti Store Birmingham,Birmingham,60.81,25+ km lower direct store threat,https://www.openstreetmap.org/way/322970573,OpenStreetMap via Overpass API exact brand/name selectors,2026-04-23
Howdens,Howdens | Howdens Joinery,Howdens Joinery,way,448141518,53.776101,-1.5161856,,,,Hilti Store Manchester,Manchester,60.99,25+ km lower direct store threat,https://www.openstreetmap.org/way/448141518,OpenStreetMap via Overpass API exact brand/name selectors,2026-04-23
Howdens,Howdens | Howdens Joinery,Howdens Joinery,way,424502973,50.9691986,0.0927008,,,,Hilti Store Southwark,London,61.02,25+ km lower direct store threat,https://www.openstreetmap.org/way/424502973,OpenStreetMap via Overpass API exact brand/name selectors,2026-04-23
Howdens,Howdens | Howdens Joinery,Howdens Joinery,way,505623886,50.9552922,-0.1424729,RH15 9NF,Burgess Hill,Victoria Way,Hilti Store Southwark,London,61.11,25+ km lower direct store threat,https://www.openstreetmap.org/way/505623886,OpenStreetMap via Overpass API exact brand/name selectors,2026-04-23
Howdens,Howdens | Howdens Joinery,Howdens Joinery,way,227506263,53.4479743,-1.3526234,S62 6EW,Rotherham,,Hilti Store Manchester,Manchester,61.49,25+ km lower direct store threat,https://www.openstreetmap.org/way/227506263,OpenStreetMap via Overpass API exact brand/name selectors,2026-04-23
Howdens,Howdens | Howdens Joinery,Howdens Joinery,way,406986178,53.8069859,-1.5338666,LS7 1AQ,Leeds,Nortech Close,Hilti Store Manchester,Manchester,62.05,25+ km lower direct store threat,https://www.openstreetmap.org/way/406986178,OpenStreetMap via Overpass API exact brand/name selectors,2026-04-23
Howdens,Howdens | Howdens Joinery,Howdens Joinery,way,406986168,53.8074417,-1.5339393,LS7 1AQ,Leeds,Nortech Close,Hilti Store Manchester,Manchester,62.07,25+ km lower direct store threat,https://www.openstreetmap.org/way/406986168,OpenStreetMap via Overpass API exact brand/name selectors,2026-04-23
Howdens,Howdens | Howdens Joinery,Howdens Joinery,way,362273758,53.1349322,-1.528109,,,,Hilti Store Manchester,Manchester,62.2,25+ km lower direct store threat,https://www.openstreetmap.org/way/362273758,OpenStreetMap via Overpass API exact brand/name selectors,2026-04-23
Howdens,Howdens | Howdens Joinery,Howdens Joinery,way,712702729,50.9304854,-2.9285138,TA19 9BL,Ilminster,Slape Industrial Estate,Hilti Store Cardiff,Cardiff,62.55,25+ km lower direct store threat,https://www.openstreetmap.org/way/712702729,OpenStreetMap via Overpass API exact brand/name selectors,2026-04-23
Howdens,Howdens | Howdens Joinery,Howdens,way,374097213,52.8503068,-3.044583,,Oswestry,Radfords Field,Hilti Store Liverpool,Liverpool,62.7,25+ km lower direct store threat,https://www.openstreetmap.org/way/374097213,OpenStreetMap via Overpass API exact brand/name selectors,2026-04-23
Howdens,Howdens | Howdens Joinery,Howdens Joinery,node,8923397829,51.911594,-2.5733331,,,,Hilti Store Cardiff,Cardiff,62.99,25+ km lower direct store threat,https://www.openstreetmap.org/node/8923397829,OpenStreetMap via Overpass API exact brand/name selectors,2026-04-23
Howdens,Howdens | Howdens Joinery,Howdens Joinery,node,7366496246,51.46324,-1.0118861,,,,Hilti Store Southwark,London,63.19,25+ km lower direct store threat,https://www.openstreetmap.org/node/7366496246,OpenStreetMap via Overpass API exact brand/name selectors,2026-04-23
Howdens,Howdens | Howdens Joinery,Howdens Joinery,node,13011383714,55.4351459,-2.7622494,TD9 8RJ,Hawick,Hawick Trade Park,Hilti Store Edinburgh,Edinburgh,63.33,25+ km lower direct store threat,https://www.openstreetmap.org/node/13011383714,OpenStreetMap via Overpass API exact brand/name selectors,2026-04-23
Howdens,Howdens | Howdens Joinery,Howdens Joinery,node,10889640291,52.6890809,-2.7737324,SY3 9PU,Shrewsbury,Longden Road,Hilti Store Birmingham,Birmingham,63.66,25+ km lower direct store threat,https://www.openstreetmap.org/node/10889640291,OpenStreetMap via Overpass API exact brand/name selectors,2026-04-23
Howdens,Howdens | Howdens Joinery,Howdens Joinery,node,6216658498,51.2777899,-0.9601758,,,,Hilti Store Southwark,London,64.67,25+ km lower direct store threat,https://www.openstreetmap.org/node/6216658498,OpenStreetMap via Overpass API exact brand/name selectors,2026-04-23
Howdens,Howdens | Howdens Joinery,Howdens Joinery,way,931208164,51.0630249,0.5060092,,,,Hilti Store Southwark,London,64.76,25+ km lower direct store threat,https://www.openstreetmap.org/way/931208164,OpenStreetMap via Overpass API exact brand/name selectors,2026-04-23
Howdens,Howdens | Howdens Joinery,Howdens Joinery,way,258850282,52.9513157,-1.301401,DE7 4RA,Ilkeston,Delta Court,Hilti Store Birmingham,Birmingham,64.78,25+ km lower direct store threat,https://www.openstreetmap.org/way/258850282,OpenStreetMap via Overpass API exact brand/name selectors,2026-04-23
Howdens,Howdens | Howdens Joinery,Howdens Joinery,way,359144433,52.2194344,-2.7350978,,,,Hilti Store Birmingham,Birmingham,64.83,25+ km lower direct store threat,https://www.openstreetmap.org/way/359144433,OpenStreetMap via Overpass API exact brand/name selectors,2026-04-23
Howdens,Howdens | Howdens Joinery,Howdens Joinery,way,942382140,52.1509559,-0.4127071,MK41 0LZ,Bedford,Hudson Road,Hilti Store Edmonton,London,64.91,25+ km lower direct store threat,https://www.openstreetmap.org/way/942382140,OpenStreetMap via Overpass API exact brand/name selectors,2026-04-23
Howdens,Howdens | Howdens Joinery,Howdens Joinery,node,10124862518,53.7158223,-1.3845636,WF10 5NP,Castleford,Willowbridge Way,Hilti Store Manchester,Manchester,65.28,25+ km lower direct store threat,https://www.openstreetmap.org/node/10124862518,OpenStreetMap via Overpass API exact brand/name selectors,2026-04-23
Howdens,Howdens | Howdens Joinery,Howdens Joinery,way,424322871,51.9164888,-2.0969941,,,,Hilti Store Birmingham,Birmingham,65.36,25+ km lower direct store threat,https://www.openstreetmap.org/way/424322871,OpenStreetMap via Overpass API exact brand/name selectors,2026-04-23
Howdens,Howdens | Howdens Joinery,Howdens Joinery,node,1969962990,52.1913592,0.1383309,CB1 7EA,Cambridge,Clifton Road Industrial Estate,Hilti Store Edmonton,London,65.6,25+ km lower direct store threat,https://www.openstreetmap.org/node/1969962990,OpenStreetMap via Overpass API exact brand/name selectors,2026-04-23
Howdens,Howdens | Howdens Joinery,Howdens Joinery,way,258700911,51.8946877,-2.0600593,GL52 6QP,Cheltenham,,Hilti Store Birmingham,Birmingham,67.25,25+ km lower direct store threat,https://www.openstreetmap.org/way/258700911,OpenStreetMap via Overpass API exact brand/name selectors,2026-04-23
Howdens,Howdens | Howdens Joinery,Howdens Joinery,node,12673949083,52.2072445,0.1484557,CB1 3EW,Cambridge,Coldhams Road,Hilti Store Edmonton,London,67.47,25+ km lower direct store threat,https://www.openstreetmap.org/node/12673949083,OpenStreetMap via Overpass API exact brand/name selectors,2026-04-23
Howdens,Howdens | Howdens Joinery,Howdens Joinery,node,7593651064,53.8282256,-1.4553568,,,,Hilti Store Manchester,Manchester,67.59,25+ km lower direct store threat,https://www.openstreetmap.org/node/7593651064,OpenStreetMap via Overpass API exact brand/name selectors,2026-04-23
Howdens,Howdens | Howdens Joinery,Howdens Joinery,way,1081956046,51.7006491,-4.0871674,SA14 8DZ,Llanelli,Heol Trosserch,Hilti Store Cardiff,Cardiff,69.11,25+ km lower direct store threat,https://www.openstreetmap.org/way/1081956046,OpenStreetMap via Overpass API exact brand/name selectors,2026-04-23
Howdens,Howdens | Howdens Joinery,Howdens Joinery,way,842071710,50.9352048,-2.6563913,,,,Hilti Store Cardiff,Cardiff,69.33,25+ km lower direct store threat,https://www.openstreetmap.org/way/842071710,OpenStreetMap via Overpass API exact brand/name selectors,2026-04-23
Howdens,Howdens | Howdens Joinery,Howdens Joinery,way,731857081,53.6946953,-1.3001115,WF8 2LN,Pontefract,South Baileygate,Hilti Store Manchester,Manchester,69.49,25+ km lower direct store threat,https://www.openstreetmap.org/way/731857081,OpenStreetMap via Overpass API exact brand/name selectors,2026-04-23
Howdens,Howdens | Howdens Joinery,Howdens Joinery,way,64260342,52.2281156,0.1515881,CB4 1SS,Cambridge,Nuffield Close,Hilti Store Edmonton,London,69.78,25+ km lower direct store threat,https://www.openstreetmap.org/way/64260342,OpenStreetMap via Overpass API exact brand/name selectors,2026-04-23
Howdens,Howdens | Howdens Joinery,Howdens Joinery,way,248594214,52.9375898,-1.1621793,NG2 1LT,Nottingham,Gateside Road,Hilti Store Birmingham,Birmingham,69.82,25+ km lower direct store threat,https://www.openstreetmap.org/way/248594214,OpenStreetMap via Overpass API exact brand/name selectors,2026-04-23
Howdens,Howdens | Howdens Joinery,Howdens Joinery,way,180543041,50.8786712,0.0186052,BN7 2FB,Lewes,,Hilti Store Southwark,London,70.07,25+ km lower direct store threat,https://www.openstreetmap.org/way/180543041,OpenStreetMap via Overpass API exact brand/name selectors,2026-04-23
Howdens,Howdens | Howdens Joinery,Howdens Joinery,way,386337470,54.0484032,-2.8256571,,Lancaster,,Hilti Store Liverpool,Liverpool,71.34,25+ km lower direct store threat,https://www.openstreetmap.org/way/386337470,OpenStreetMap via Overpass API exact brand/name selectors,2026-04-23
Howdens,Howdens | Howdens Joinery,Howdens Joinery,way,470279532,52.2346123,-0.9148839,,,St James Mill Road,Hilti Store Birmingham,Birmingham,72.05,25+ km lower direct store threat,https://www.openstreetmap.org/way/470279532,OpenStreetMap via Overpass API exact brand/name selectors,2026-04-23
Howdens,Howdens | Howdens Joinery,Howdens Joinery,way,471814328,52.0677614,-2.7232066,,,,Hilti Store Cardiff,Cardiff,72.33,25+ km lower direct store threat,https://www.openstreetmap.org/way/471814328,OpenStreetMap via Overpass API exact brand/name selectors,2026-04-23
Howdens,Howdens | Howdens Joinery,Howdens Joinery,node,7869212473,54.0599884,-2.8387752,LA3 3AY,Morecambe,Northgate,Hilti Store Liverpool,Liverpool,72.51,25+ km lower direct store threat,https://www.openstreetmap.org/node/7869212473,OpenStreetMap via Overpass API exact brand/name selectors,2026-04-23
Howdens,Howdens | Howdens Joinery,Howdens Joinery,way,1012847887,56.5514428,-2.6150944,DD11 2NJ,Arbroath,,Hilti Store Edinburgh,Edinburgh,72.61,25+ km lower direct store threat,https://www.openstreetmap.org/way/1012847887,OpenStreetMap via Overpass API exact brand/name selectors,2026-04-23
Howdens,Howdens | Howdens Joinery,Howdens Joinery,way,1233493535,51.3111125,0.8997122,,,,Hilti Store Southwark,London,72.71,25+ km lower direct store threat,https://www.openstreetmap.org/way/1233493535,OpenStreetMap via Overpass API exact brand/name selectors,2026-04-23
Howdens,Howdens | Howdens Joinery,Howdens Joinery,way,978460357,52.0439409,0.7489446,,,,Hilti Store Edmonton,London,72.75,25+ km lower direct store threat,https://www.openstreetmap.org/way/978460357,OpenStreetMap via Overpass API exact brand/name selectors,2026-04-23
Howdens,Howdens | Howdens Joinery,Howdens Joinery,way,352586767,51.8826912,0.9294665,CO2 8LG,Colchester,Hawkins Road,Hilti Store Edmonton,London,73.63,25+ km lower direct store threat,https://www.openstreetmap.org/way/352586767,OpenStreetMap via Overpass API exact brand/name selectors,2026-04-23
Howdens,Howdens | Howdens Joinery,Howdens Joinery,node,13678320118,50.8386721,-0.1805873,BN3 7ES,Hove,St Josephs Close,Hilti Store Southwark,London,74.22,25+ km lower direct store threat,https://www.openstreetmap.org/node/13678320118,OpenStreetMap via Overpass API exact brand/name selectors,2026-04-23
Howdens,Howdens | Howdens Joinery,Howdens Joinery,node,9228677129,55.1329746,-6.6768992,BT51 3DR,Coleraine,Castle Lane,Hilti Store Belfast,Belfast,74.63,25+ km lower direct store threat,https://www.openstreetmap.org/node/9228677129,OpenStreetMap via Overpass API exact brand/name selectors,2026-04-23
Howdens,Howdens | Howdens Joinery,Howdens Joinery,way,367137199,53.0122307,-1.1896277,NG6 8AJ,Nottingham,Hucknall Lane,Hilti Store Birmingham,Birmingham,74.75,25+ km lower direct store threat,https://www.openstreetmap.org/way/367137199,OpenStreetMap via Overpass API exact brand/name selectors,2026-04-23
Howdens,Howdens | Howdens Joinery,Howdens Joinery,way,235901496,50.8322113,-0.2546851,BN43 6RJ,Shoreham-by-Sea,Brighton Road,Hilti Store Southwark,London,75.49,25+ km lower direct store threat,https://www.openstreetmap.org/way/235901496,OpenStreetMap via Overpass API exact brand/name selectors,2026-04-23
Howdens,Howdens | Howdens Joinery,Howdens Joinery,way,620929252,50.8596225,0.2513318,,,,Hilti Store Southwark,London,75.79,25+ km lower direct store threat,https://www.openstreetmap.org/way/620929252,OpenStreetMap via Overpass API exact brand/name selectors,2026-04-23
Howdens,Howdens | Howdens Joinery,Howdens Joinery,way,1255038983,53.1102143,-1.2980921,,,,Hilti Store Manchester,Manchester,76.45,25+ km lower direct store threat,https://www.openstreetmap.org/way/1255038983,OpenStreetMap via Overpass API exact brand/name selectors,2026-04-23
Howdens,Howdens | Howdens Joinery,Howdens Joinery,node,9691991979,52.9679332,-1.0618436,,,,Hilti Store Birmingham,Birmingham,76.99,25+ km lower direct store threat,https://www.openstreetmap.org/node/9691991979,OpenStreetMap via Overpass API exact brand/name selectors,2026-04-23
Howdens,Howdens | Howdens Joinery,Howdens Joinery,way,364816910,53.0019972,-1.1185061,NG5 7FJ,Nottingham,Eagle Close,Hilti Store Birmingham,Birmingham,77.01,25+ km lower direct store threat,https://www.openstreetmap.org/way/364816910,OpenStreetMap via Overpass API exact brand/name selectors,2026-04-23
Howdens,Howdens | Howdens Joinery,Howdens Joinery,way,981319185,50.8284125,-0.3609997,,,,Hilti Store Southwark,London,77.3,25+ km lower direct store threat,https://www.openstreetmap.org/way/981319185,OpenStreetMap via Overpass API exact brand/name selectors,2026-04-23
Howdens,Howdens | Howdens Joinery,Howdens Joinery,way,467058322,52.4057153,-0.7447742,,Kettering,Baron Avenue,Hilti Store Birmingham,Birmingham,78.17,25+ km lower direct store threat,https://www.openstreetmap.org/way/467058322,OpenStreetMap via Overpass API exact brand/name selectors,2026-04-23
Howdens,Howdens | Howdens Joinery,Howdens Joinery,way,822612163,52.2615277,0.3916359,CB8 7ER,,Studlands Park Avenue,Hilti Store Edmonton,London,78.17,25+ km lower direct store threat,https://www.openstreetmap.org/way/822612163,OpenStreetMap via Overpass API exact brand/name selectors,2026-04-23
Howdens,Howdens | Howdens Joinery,Howdens Joinery,way,102343912,51.0350929,-2.2726948,,,Old Market Centre,Hilti Store Cardiff,Cardiff,78.5,25+ km lower direct store threat,https://www.openstreetmap.org/way/102343912,OpenStreetMap via Overpass API exact brand/name selectors,2026-04-23
Howdens,Howdens | Howdens Joinery,Howdens Joinery,way,577289740,53.2175278,-4.1096968,,,,Hilti Store Liverpool,Liverpool,79.08,25+ km lower direct store threat,https://www.openstreetmap.org/way/577289740,OpenStreetMap via Overpass API exact brand/name selectors,2026-04-23
Howdens,Howdens | Howdens Joinery,Howdens Joinery,node,12703651212,54.1268952,-2.7500865,LA6 1FW,Carnforth,Electric Drive,Hilti Store Manchester,Manchester,79.54,25+ km lower direct store threat,https://www.openstreetmap.org/node/12703651212,OpenStreetMap via Overpass API exact brand/name selectors,2026-04-23
Howdens,Howdens | Howdens Joinery,Howdens Joinery,way,338929887,54.1163107,-3.2398397,LA14 5UZ,Barrow-in-Furness,Ashburner Way,Hilti Store Liverpool,Liverpool,80.37,25+ km lower direct store threat,https://www.openstreetmap.org/way/338929887,OpenStreetMap via Overpass API exact brand/name selectors,2026-04-23
Howdens,Howdens | Howdens Joinery,Howdens Joinery,node,13725551354,52.3362324,-0.0617744,,,,Hilti Store Edmonton,London,80.47,25+ km lower direct store threat,https://www.openstreetmap.org/node/13725551354,OpenStreetMap via Overpass API exact brand/name selectors,2026-04-23
Howdens,Howdens | Howdens Joinery,Howdens Joinery,node,9483753128,52.3384547,-0.0632358,,,,Hilti Store Edmonton,London,80.72,25+ km lower direct store threat,https://www.openstreetmap.org/node/9483753128,OpenStreetMap via Overpass API exact brand/name selectors,2026-04-23
Howdens,Howdens | Howdens Joinery,Howdens Joinery,way,150714985,52.3412606,-0.1928102,,,,Hilti Store Edmonton,London,81.63,25+ km lower direct store threat,https://www.openstreetmap.org/way/150714985,OpenStreetMap via Overpass API exact brand/name selectors,2026-04-23
Howdens,Howdens | Howdens Joinery,Howdens Joinery,way,90241899,51.9036765,-1.1382626,OX26 4UL,Bicester,Wedgwood Road,Hilti Store Edmonton,London,81.78,25+ km lower direct store threat,https://www.openstreetmap.org/way/90241899,OpenStreetMap via Overpass API exact brand/name selectors,2026-04-23
Howdens,Howdens | Howdens Joinery,Howdens Joinery,way,260452113,51.3682946,-1.966232,,Devizes,Hopton Road,Hilti Store Cardiff,Cardiff,83.29,25+ km lower direct store threat,https://www.openstreetmap.org/way/260452113,OpenStreetMap via Overpass API exact brand/name selectors,2026-04-23
Howdens,Howdens | Howdens Joinery,Howdens,node,11783389136,50.8416478,0.4640999,TN39 3LJ,Bexhill-on-Sea,Beeching Road,Hilti Store Southwark,London,83.58,25+ km lower direct store threat,https://www.openstreetmap.org/node/11783389136,OpenStreetMap via Overpass API exact brand/name selectors,2026-04-23
Howdens,Howdens | Howdens Joinery,Howdens Joinery,node,13243549986,51.7758522,-1.4900341,,,,Hilti Store Birmingham,Birmingham,84.01,25+ km lower direct store threat,https://www.openstreetmap.org/node/13243549986,OpenStreetMap via Overpass API exact brand/name selectors,2026-04-23
Howdens,Howdens | Howdens Joinery,Howdens Joinery,node,6949764468,51.7758507,-1.4897852,OX28 4XZ,Witney,Avenue One,Hilti Store Birmingham,Birmingham,84.02,25+ km lower direct store threat,https://www.openstreetmap.org/node/6949764468,OpenStreetMap via Overpass API exact brand/name selectors,2026-04-23
Howdens,Howdens | Howdens Joinery,Howdens,node,1725564352,50.8689012,0.5510842,,,,Hilti Store Southwark,London,84.03,25+ km lower direct store threat,https://www.openstreetmap.org/node/1725564352,OpenStreetMap via Overpass API exact brand/name selectors,2026-04-23
Howdens,Howdens | Howdens Joinery,Howdens Joinery,way,686251971,50.7883931,0.3057532,,,Maple Road,Hilti Store Southwark,London,84.53,25+ km lower direct store threat,https://www.openstreetmap.org/way/686251971,OpenStreetMap via Overpass API exact brand/name selectors,2026-04-23
Howdens,Howdens | Howdens Joinery,Howdens Joinery,way,1276170032,51.7911563,1.1463726,,,,Hilti Store Edmonton,London,84.61,25+ km lower direct store threat,https://www.openstreetmap.org/way/1276170032,OpenStreetMap via Overpass API exact brand/name selectors,2026-04-23
Howdens,Howdens | Howdens Joinery,Howdens Joinery,way,554135928,52.3165062,-0.6732473,NN8 4BH,Wellingborough,Meadow Close,Hilti Store Birmingham,Birmingham,84.77,25+ km lower direct store threat,https://www.openstreetmap.org/way/554135928,OpenStreetMap via Overpass API exact brand/name selectors,2026-04-23
Howdens,Howdens | Howdens Joinery,Howdens Joinery,way,542335577,51.2744143,1.0673839,CT1 3RB,Canterbury,Cotton Road,Hilti Store Southwark,London,85.05,25+ km lower direct store threat,https://www.openstreetmap.org/way/542335577,OpenStreetMap via Overpass API exact brand/name selectors,2026-04-23
Howdens,Howdens | Howdens Joinery,Howdens Joinery,node,13671673908,50.8794318,0.6039142,TN35 4NR,Hastings,Burgess Road,Hilti Store Southwark,London,85.12,25+ km lower direct store threat,https://www.openstreetmap.org/node/13671673908,OpenStreetMap via Overpass API exact brand/name selectors,2026-04-23
Howdens,Howdens | Howdens Joinery,Howdens Joinery,way,592469422,51.2923654,1.0896387,,,,Hilti Store Southwark,London,85.94,25+ km lower direct store threat,https://www.openstreetmap.org/way/592469422,OpenStreetMap via Overpass API exact brand/name selectors,2026-04-23
Howdens,Howdens | Howdens Joinery,Howdens Joinery,way,1105835168,51.7027463,-1.9613206,GL7 1YT,Cirencester,Wilkinson Road,Hilti Store Cardiff,Cardiff,86.29,25+ km lower direct store threat,https://www.openstreetmap.org/way/1105835168,OpenStreetMap via Overpass API exact brand/name selectors,2026-04-23
Howdens,Howdens | Howdens Joinery,Howdens,way,729667786,51.3619513,1.1499937,,,,Hilti Store Edmonton,London,87.45,25+ km lower direct store threat,https://www.openstreetmap.org/way/729667786,OpenStreetMap via Overpass API exact brand/name selectors,2026-04-23
Howdens,Howdens | Howdens Joinery,Howdens,way,915116606,52.3433237,-0.5575528,,,,Hilti Store Edmonton,London,88.45,25+ km lower direct store threat,https://www.openstreetmap.org/way/915116606,OpenStreetMap via Overpass API exact brand/name selectors,2026-04-23
Howdens,Howdens | Howdens Joinery,Howdens Joinery,way,327033001,52.2401603,0.7454774,IP32 7BY,,Easlea Road,Hilti Store Edmonton,London,88.45,25+ km lower direct store threat,https://www.openstreetmap.org/way/327033001,OpenStreetMap via Overpass API exact brand/name selectors,2026-04-23
Howdens,Howdens | Howdens Joinery,Howdens,way,915116605,52.3432429,-0.5621414,,,,Hilti Store Edmonton,London,88.57,25+ km lower direct store threat,https://www.openstreetmap.org/way/915116605,OpenStreetMap via Overpass API exact brand/name selectors,2026-04-23
Howdens,Howdens | Howdens Joinery,Howdens,way,694670694,52.3463325,-0.5563837,NN9 6RJ,Wellingborough,Scalley Way,Hilti Store Edmonton,London,88.73,25+ km lower direct store threat,https://www.openstreetmap.org/way/694670694,OpenStreetMap via Overpass API exact brand/name selectors,2026-04-23
Howdens,Howdens | Howdens Joinery,Howdens Joinery,way,690710408,50.8328566,-0.7935769,PO19 8TX,Chichester,Terminus Road,Hilti Store Southwark,London,88.89,25+ km lower direct store threat,https://www.openstreetmap.org/way/690710408,OpenStreetMap via Overpass API exact brand/name selectors,2026-04-23
Howdens,Howdens | Howdens Joinery,Howdens Joinery,way,117696101,53.3347782,-0.9539943,DN22 7SS,Retford,,Hilti Store Manchester,Manchester,89.19,25+ km lower direct store threat,https://www.openstreetmap.org/way/117696101,OpenStreetMap via Overpass API exact brand/name selectors,2026-04-23
Howdens,Howdens | Howdens Joinery,Howdens Joinery,node,11140089019,50.7061018,-3.5276118,,,,Hilti Store Cardiff,Cardiff,89.34,25+ km lower direct store threat,https://www.openstreetmap.org/node/11140089019,OpenStreetMap via Overpass API exact brand/name selectors,2026-04-23
Howdens,Howdens | Howdens Joinery,Howdens Joinery,way,807942303,51.8481118,-4.3327134,,,,Hilti Store Cardiff,Cardiff,91.21,25+ km lower direct store threat,https://www.openstreetmap.org/way/807942303,OpenStreetMap via Overpass API exact brand/name selectors,2026-04-23
Howdens,Howdens | Howdens Joinery,Howdens Joinery,way,1007137741,55.4331332,-5.613701,,Campbeltown,Tarbert Road,Hilti Store Belfast,Belfast,91.92,25+ km lower direct store threat,https://www.openstreetmap.org/way/1007137741,OpenStreetMap via Overpass API exact brand/name selectors,2026-04-23
Howdens,Howdens | Howdens Joinery,Howdens Joinery,way,1268780894,51.5626051,-1.8176828,SN5 7YT,Swindon,Bridgemead Close,Hilti Store Cardiff,Cardiff,93.06,25+ km lower direct store threat,https://www.openstreetmap.org/way/1268780894,OpenStreetMap via Overpass API exact brand/name selectors,2026-04-23
Howdens,Howdens | Howdens Joinery,Howdens Joinery,way,502893745,50.9822319,0.9493952,TN28 8LH,New Romney,Mountfield Road,Hilti Store Southwark,London,93.4,25+ km lower direct store threat,https://www.openstreetmap.org/way/502893745,OpenStreetMap via Overpass API exact brand/name selectors,2026-04-23
Howdens,Howdens | Howdens Joinery,Howdens Joinery,node,12021419216,56.7259476,-2.4642491,,,,Hilti Store Edinburgh,Edinburgh,94.09,25+ km lower direct store threat,https://www.openstreetmap.org/node/12021419216,OpenStreetMap via Overpass API exact brand/name selectors,2026-04-23
Howdens,Howdens | Howdens Joinery,Howdens Joinery,node,12244786596,50.6330783,-3.3742256,EX8 2NU,Exmouth,,Hilti Store Cardiff,Cardiff,94.84,25+ km lower direct store threat,https://www.openstreetmap.org/node/12244786596,OpenStreetMap via Overpass API exact brand/name selectors,2026-04-23
Howdens,Howdens | Howdens Joinery,Howdens Joinery,way,516266126,52.9299376,-4.1404666,,,,Hilti Store Liverpool,Liverpool,94.96,25+ km lower direct store threat,https://www.openstreetmap.org/way/516266126,OpenStreetMap via Overpass API exact brand/name selectors,2026-04-23
Howdens,Howdens | Howdens Joinery,Howdens Joinery,way,1219299619,52.0618338,1.1287761,IP2 0UQ,Ipswich,Crompton Road,Hilti Store Edmonton,London,94.98,25+ km lower direct store threat,https://www.openstreetmap.org/way/1219299619,OpenStreetMap via Overpass API exact brand/name selectors,2026-04-23
Howdens,Howdens | Howdens Joinery,Howdens Joinery,way,376441273,51.0698086,-1.2980037,SO23 7RX,Winchester,Moorside Road,Hilti Store Southwark,London,96.2,25+ km lower direct store threat,https://www.openstreetmap.org/way/376441273,OpenStreetMap via Overpass API exact brand/name selectors,2026-04-23
Howdens,Howdens | Howdens Joinery,Howdens Joinery,way,207809917,56.4089258,-5.4678547,,,,Hilti Store Glasgow,Glasgow,96.37,25+ km lower direct store threat,https://www.openstreetmap.org/way/207809917,OpenStreetMap via Overpass API exact brand/name selectors,2026-04-23
Howdens,Howdens | Howdens Joinery,Howdens Joinery,way,169564857,53.9574442,-1.067624,YO10 3DP,York,Alexandra Court,Hilti Store Manchester,Manchester,96.65,25+ km lower direct store threat,https://www.openstreetmap.org/way/169564857,OpenStreetMap via Overpass API exact brand/name selectors,2026-04-23
Howdens,Howdens | Howdens Joinery,Howdens Joinery,way,163062834,53.9870211,-1.1024757,YO30 4XF,York,Kettlestring Lane,Hilti Store Manchester,Manchester,96.67,25+ km lower direct store threat,https://www.openstreetmap.org/way/163062834,OpenStreetMap via Overpass API exact brand/name selectors,2026-04-23
Howdens,Howdens | Howdens Joinery,Howdens Joinery,way,161371131,51.5778968,-1.7639718,SN2 8HB,Swindon,Bramble Road,Hilti Store Cardiff,Cardiff,96.92,25+ km lower direct store threat,https://www.openstreetmap.org/way/161371131,OpenStreetMap via Overpass API exact brand/name selectors,2026-04-23
Howdens,Howdens | Howdens Joinery,Howdens Joinery,way,1463926041,51.9421742,1.2608966,CO12 4YA,,Mariners Way,Hilti Store Edmonton,London,97.16,25+ km lower direct store threat,https://www.openstreetmap.org/way/1463926041,OpenStreetMap via Overpass API exact brand/name selectors,2026-04-23
Howdens,Howdens | Howdens Joinery,Howdens Joinery,node,10957764053,52.6595778,-0.4656242,,,,Hilti Store Birmingham,Birmingham,98.06,25+ km lower direct store threat,https://www.openstreetmap.org/node/10957764053,OpenStreetMap via Overpass API exact brand/name selectors,2026-04-23
Howdens,Howdens | Howdens Joinery,Howdens Joinery,node,11898866827,52.5039744,-3.338686,,,,Hilti Store Birmingham,Birmingham,98.09,25+ km lower direct store threat,https://www.openstreetmap.org/node/11898866827,OpenStreetMap via Overpass API exact brand/name selectors,2026-04-23
Howdens,Howdens | Howdens Joinery,Howdens Joinery,way,38582748,50.8427542,-1.0363529,,Farlington,Fitzherbert Road,Hilti Store Southwark,London,98.27,25+ km lower direct store threat,https://www.openstreetmap.org/way/38582748,OpenStreetMap via Overpass API exact brand/name selectors,2026-04-23
Howdens,Howdens | Howdens Joinery,Howdens Joinery,node,8809843837,51.4211109,-1.5179899,RG17 0YT,Hungerford,Tealgate,Hilti Store Southwark,London,98.55,25+ km lower direct store threat,https://www.openstreetmap.org/node/8809843837,OpenStreetMap via Overpass API exact brand/name selectors,2026-04-23
Howdens,Howdens | Howdens Joinery,Howdens Joinery,way,162542460,51.0965795,1.1681566,CT19 5FG,Folkestone,Three Acre Trade Park,Hilti Store Southwark,London,99.24,25+ km lower direct store threat,https://www.openstreetmap.org/way/162542460,OpenStreetMap via Overpass API exact brand/name selectors,2026-04-23
Howdens,Howdens | Howdens Joinery,Howdens Joinery,way,200666334,53.087448,-0.7870191,NG24 2EG,Newark,Brunel Drive,Hilti Store Birmingham,Birmingham,99.53,25+ km lower direct store threat,https://www.openstreetmap.org/way/200666334,OpenStreetMap via Overpass API exact brand/name selectors,2026-04-23
Howdens,Howdens | Howdens Joinery,Howdens Joinery,node,10964176272,53.9901985,-1.0453641,,,,Hilti Store Manchester,Manchester,99.91,25+ km lower direct store threat,https://www.openstreetmap.org/node/10964176272,OpenStreetMap via Overpass API exact brand/name selectors,2026-04-23
Howdens,Howdens | Howdens Joinery,Howdens Joinery,way,202491065,53.7558967,-0.8453427,,,,Hilti Store Manchester,Manchester,99.97,25+ km lower direct store threat,https://www.openstreetmap.org/way/202491065,OpenStreetMap via Overpass API exact brand/name selectors,2026-04-23
Howdens,Howdens | Howdens Joinery,Howdens Joinery,way,992218973,50.7456446,-3.9973779,,,,Hilti Store Cardiff,Cardiff,100.15,25+ km lower direct store threat,https://www.openstreetmap.org/way/992218973,OpenStreetMap via Overpass API exact brand/name selectors,2026-04-23
Howdens,Howdens | Howdens Joinery,Howdens Joinery,node,5106424189,54.3379977,-2.7452233,LA9 6LZ,Kendal,Mintsfeet Road North,Hilti Store Manchester,Manchester,101.46,25+ km lower direct store threat,https://www.openstreetmap.org/node/5106424189,OpenStreetMap via Overpass API exact brand/name selectors,2026-04-23
Howdens,Howdens | Howdens Joinery,Howdens Joinery,way,1410544390,51.2028003,-1.4861984,,Andover,Anton Mill Road,Hilti Store Southwark,London,101.82,25+ km lower direct store threat,https://www.openstreetmap.org/way/1410544390,OpenStreetMap via Overpass API exact brand/name selectors,2026-04-23
Howdens,Howdens | Howdens Joinery,Howdens Joinery,way,709605949,52.5252557,-0.2358994,PE7 3ZE,Peterborough,Harrier Way,Hilti Store Edmonton,London,102.3,25+ km lower direct store threat,https://www.openstreetmap.org/way/709605949,OpenStreetMap via Overpass API exact brand/name selectors,2026-04-23
Howdens,Howdens | Howdens Joinery,Howdens Joinery,way,287231771,52.4035365,0.724788,IP24 3RW,Thetford,Burrell Way,Hilti Store Edmonton,London,102.59,25+ km lower direct store threat,https://www.openstreetmap.org/way/287231771,OpenStreetMap via Overpass API exact brand/name selectors,2026-04-23
Howdens,Howdens | Howdens Joinery,Howdens Joinery,way,25808005,52.0629143,1.2804092,,,,Hilti Store Edmonton,London,104.05,25+ km lower direct store threat,https://www.openstreetmap.org/way/25808005,OpenStreetMap via Overpass API exact brand/name selectors,2026-04-23
Howdens,Howdens | Howdens Joinery,Howdens Joinery,way,1217588916,54.1511443,-4.5256111,IM2 2QS,Douglas,,Hilti Store Belfast,Belfast,104.23,25+ km lower direct store threat,https://www.openstreetmap.org/way/1217588916,OpenStreetMap via Overpass API exact brand/name selectors,2026-04-23
Howdens,Howdens | Howdens Joinery,Howdens Joinery,way,346010520,51.3557924,1.409507,,Broadstairs,Anson Close,Hilti Store Edmonton,London,104.83,25+ km lower direct store threat,https://www.openstreetmap.org/way/346010520,OpenStreetMap via Overpass API exact brand/name selectors,2026-04-23
Howdens,Howdens | Howdens Joinery,Howdens Joinery,way,662268217,52.562545,0.0711705,PE15 0BN,March,Westry Avenue,Hilti Store Edmonton,London,105.93,25+ km lower direct store threat,https://www.openstreetmap.org/way/662268217,OpenStreetMap via Overpass API exact brand/name selectors,2026-04-23
Howdens,Howdens | Howdens Joinery,Howdens Joinery,way,650814872,50.9233249,-1.3100393,,,,Hilti Store Southwark,London,106.1,25+ km lower direct store threat,https://www.openstreetmap.org/way/650814872,OpenStreetMap via Overpass API exact brand/name selectors,2026-04-23
Howdens,Howdens | Howdens Joinery,Howdens Joinery,node,8019658188,52.571017,-0.2268272,PE1 5UT,Peterborough,Harvester Way,Hilti Store Edmonton,London,107.27,25+ km lower direct store threat,https://www.openstreetmap.org/node/8019658188,OpenStreetMap via Overpass API exact brand/name selectors,2026-04-23
Howdens,Howdens | Howdens Joinery,Howdens Joinery,node,4269600703,55.3974108,-1.6905445,,Alnwick,Hawthorn Close,Hilti Store Edinburgh,Edinburgh,110.25,25+ km lower direct store threat,https://www.openstreetmap.org/node/4269600703,OpenStreetMap via Overpass API exact brand/name selectors,2026-04-23
Howdens,Howdens | Howdens Joinery,Howdens Joinery,way,148511212,50.9972319,-1.4971284,,,,Hilti Store Southwark,London,112.29,25+ km lower direct store threat,https://www.openstreetmap.org/way/148511212,OpenStreetMap via Overpass API exact brand/name selectors,2026-04-23
Howdens,Howdens | Howdens Joinery,Howdens Joinery,way,701884165,50.7333091,-1.9888977,,,,Hilti Store Cardiff,Cardiff,115.88,25+ km lower direct store threat,https://www.openstreetmap.org/way/701884165,OpenStreetMap via Overpass API exact brand/name selectors,2026-04-23
Howdens,Howdens | Howdens Joinery,Howdens Joinery,way,410962545,52.6504723,0.1575644,PE13 2XQ,Wisbech,Boleness Road,Hilti Store Edmonton,London,116.25,25+ km lower direct store threat,https://www.openstreetmap.org/way/410962545,OpenStreetMap via Overpass API exact brand/name selectors,2026-04-23
Howdens,Howdens | Howdens Joinery,Howdens Joinery,way,713101328,52.3722601,1.1208444,,Diss,Vinces Road,Hilti Store Edmonton,London,116.32,25+ km lower direct store threat,https://www.openstreetmap.org/way/713101328,OpenStreetMap via Overpass API exact brand/name selectors,2026-04-23
Howdens,Howdens | Howdens Joinery,Howdens Joinery,way,317686523,54.9217223,-2.9527512,,,,Hilti Store Edinburgh,Edinburgh,116.57,25+ km lower direct store threat,https://www.openstreetmap.org/way/317686523,OpenStreetMap via Overpass API exact brand/name selectors,2026-04-23
Howdens,Howdens | Howdens Joinery,Howdens Joinery,way,691522140,50.9339136,-1.5084174,SO40 3SA,Southampton,Brunel Road,Hilti Store Southwark,London,116.7,25+ km lower direct store threat,https://www.openstreetmap.org/way/691522140,OpenStreetMap via Overpass API exact brand/name selectors,2026-04-23
Howdens,Howdens | Howdens Joinery,Howdens Joinery,way,761766210,50.7539699,-1.930677,,,,Hilti Store Cardiff,Cardiff,117.17,25+ km lower direct store threat,https://www.openstreetmap.org/way/761766210,OpenStreetMap via Overpass API exact brand/name selectors,2026-04-23
Howdens,Howdens | Howdens Joinery,Howdens Joinery,relation,16465442,50.8473216,-1.7880029,BH24 1JS,Ringwood,,Hilti Store Cardiff,Cardiff,118.14,25+ km lower direct store threat,https://www.openstreetmap.org/relation/16465442,OpenStreetMap via Overpass API exact brand/name selectors,2026-04-23
Howdens,Howdens | Howdens Joinery,Howdens Joinery,way,554349417,52.400919,-4.0390923,SY23 3UD,,,Hilti Store Cardiff,Cardiff,119.48,25+ km lower direct store threat,https://www.openstreetmap.org/way/554349417,OpenStreetMap via Overpass API exact brand/name selectors,2026-04-23
Howdens,Howdens | Howdens Joinery,Howdens Joinery,way,318387694,54.8868935,-2.930096,CA2 5AE,Carlisle,Currock Road,Hilti Store Edinburgh,Edinburgh,120.57,25+ km lower direct store threat,https://www.openstreetmap.org/way/318387694,OpenStreetMap via Overpass API exact brand/name selectors,2026-04-23
Howdens,Howdens | Howdens Joinery,Howdens Joinery,node,10686860552,50.7090285,-1.2935784,,,,Hilti Store Southwark,London,121.42,25+ km lower direct store threat,https://www.openstreetmap.org/node/10686860552,OpenStreetMap via Overpass API exact brand/name selectors,2026-04-23
Howdens,Howdens | Howdens Joinery,Howdens Joinery,node,9609581769,50.7554448,-1.8415814,,,Yeomans Way,Hilti Store Cardiff,Cardiff,121.68,25+ km lower direct store threat,https://www.openstreetmap.org/node/9609581769,OpenStreetMap via Overpass API exact brand/name selectors,2026-04-23
Howdens,Howdens | Howdens Joinery,Howdens,node,4398043528,50.6447997,-1.1814944,PO36 9PH,Sandown,Newport Road,Hilti Store Southwark,London,121.75,25+ km lower direct store threat,https://www.openstreetmap.org/node/4398043528,OpenStreetMap via Overpass API exact brand/name selectors,2026-04-23
Howdens,Howdens | Howdens Joinery,Howdens Joinery,way,586089092,52.0794236,-4.6586693,SA43 3AG,Cardigan / Aberteifi,,Hilti Store Cardiff,Cardiff,123.36,25+ km lower direct store threat,https://www.openstreetmap.org/way/586089092,OpenStreetMap via Overpass API exact brand/name selectors,2026-04-23
Howdens,Howdens | Howdens Joinery,Howdens,node,12369540301,50.6272115,-4.3717308,,,,Hilti Store Cardiff,Cardiff,126.94,25+ km lower direct store threat,https://www.openstreetmap.org/node/12369540301,OpenStreetMap via Overpass API exact brand/name selectors,2026-04-23
Howdens,Howdens | Howdens Joinery,Howdens Joinery,way,349039238,54.9785431,-2.0898275,NE46 4DQ,Hexham,French Garden Industrial Estate,Hilti Store Edinburgh,Edinburgh,127.87,25+ km lower direct store threat,https://www.openstreetmap.org/way/349039238,OpenStreetMap via Overpass API exact brand/name selectors,2026-04-23
Howdens,Howdens | Howdens Joinery,Howdens Joinery,way,128222869,55.1624927,-1.6710049,NE61 6JT,Morpeth,,Hilti Store Edinburgh,Edinburgh,128.09,25+ km lower direct store threat,https://www.openstreetmap.org/way/128222869,OpenStreetMap via Overpass API exact brand/name selectors,2026-04-23
Howdens,Howdens | Howdens Joinery,Howdens Joinery,node,3842747734,54.5379854,-1.5554922,DL3 0XA,Darlington,Meynell Road,Hilti Store Manchester,Manchester,128.12,25+ km lower direct store threat,https://www.openstreetmap.org/node/3842747734,OpenStreetMap via Overpass API exact brand/name selectors,2026-04-23
Howdens,Howdens | Howdens Joinery,Howdens Joinery,way,1474905232,57.0625392,-2.4722771,,,,Hilti Store Edinburgh,Edinburgh,128.58,25+ km lower direct store threat,https://www.openstreetmap.org/way/1474905232,OpenStreetMap via Overpass API exact brand/name selectors,2026-04-23
Howdens,Howdens | Howdens Joinery,Howdens Joinery,way,1420055729,50.7719175,-1.5504097,SO41 8JY,Lymington,Wellworthy Road,Hilti Store Southwark,London,129.79,25+ km lower direct store threat,https://www.openstreetmap.org/way/1420055729,OpenStreetMap via Overpass API exact brand/name selectors,2026-04-23
Howdens,Howdens | Howdens Joinery,Howdens Joinery,way,330027773,54.5366865,-3.5843426,CA28 9HY,Whitehaven,Meadow Road,Hilti Store Liverpool,Liverpool,131.45,25+ km lower direct store threat,https://www.openstreetmap.org/way/330027773,OpenStreetMap via Overpass API exact brand/name selectors,2026-04-23
Howdens,Howdens | Howdens Joinery,Howdens Joinery,way,1486108150,50.383767,-3.9753817,PL21 9EE,Lee Mill,,Hilti Store Cardiff,Cardiff,134.24,25+ km lower direct store threat,https://www.openstreetmap.org/way/1486108150,OpenStreetMap via Overpass API exact brand/name selectors,2026-04-23
Howdens,Howdens | Howdens Joinery,Howdens Joinery,node,3828834854,54.6410051,-1.6926123,,Bishop Auckland,Staindrop Road,Hilti Store Manchester,Manchester,136.02,25+ km lower direct store threat,https://www.openstreetmap.org/node/3828834854,OpenStreetMap via Overpass API exact brand/name selectors,2026-04-23
Howdens,Howdens | Howdens Joinery,Howdens Joinery,way,88736239,55.0962055,-1.6077647,NE23 1WE,Cramlington,,Hilti Store Edinburgh,Edinburgh,136.16,25+ km lower direct store threat,https://www.openstreetmap.org/way/88736239,OpenStreetMap via Overpass API exact brand/name selectors,2026-04-23
Howdens,Howdens | Howdens Joinery,Howdens Joinery,way,40188921,50.3958049,-4.0878013,PL6 8LH,,,Hilti Store Cardiff,Cardiff,136.62,25+ km lower direct store threat,https://www.openstreetmap.org/way/40188921,OpenStreetMap via Overpass API exact brand/name selectors,2026-04-23
Howdens,Howdens | Howdens Joinery,Howdens,node,6696636057,54.6677998,-2.7722153,CA11 9BD,Penrith,Hartness Road,Hilti Store Manchester,Manchester,137.26,25+ km lower direct store threat,https://www.openstreetmap.org/node/6696636057,OpenStreetMap via Overpass API exact brand/name selectors,2026-04-23
Howdens,Howdens | Howdens Joinery,Howdens Joinery,way,654347251,50.2830475,-3.780937,TQ7 1ES,,Station Yard Industrial Estate,Hilti Store Cardiff,Cardiff,139.6,25+ km lower direct store threat,https://www.openstreetmap.org/way/654347251,OpenStreetMap via Overpass API exact brand/name selectors,2026-04-23
Howdens,Howdens | Howdens Joinery,Howdens Joinery,way,882710330,50.3646012,-4.1017033,PL9 7JQ,Plymouth,Oreston Road,Hilti Store Cardiff,Cardiff,140.14,25+ km lower direct store threat,https://www.openstreetmap.org/way/882710330,OpenStreetMap via Overpass API exact brand/name selectors,2026-04-23
Howdens,Howdens | Howdens Joinery,Howdens Joinery,way,705105944,50.3645782,-4.1178646,,,,Hilti Store Cardiff,Cardiff,140.69,25+ km lower direct store threat,https://www.openstreetmap.org/way/705105944,OpenStreetMap via Overpass API exact brand/name selectors,2026-04-23
Howdens,Howdens | Howdens Joinery,Howdens Joinery,way,294338763,54.6367819,-3.5631316,,,,Hilti Store Liverpool,Liverpool,141.68,25+ km lower direct store threat,https://www.openstreetmap.org/way/294338763,OpenStreetMap via Overpass API exact brand/name selectors,2026-04-23
Howdens,Howdens | Howdens Joinery,Howdens,relation,8855823,52.6023115,1.2858152,,,,Hilti Store Edmonton,London,142.81,25+ km lower direct store threat,https://www.openstreetmap.org/relation/8855823,OpenStreetMap via Overpass API exact brand/name selectors,2026-04-23
Howdens,Howdens | Howdens Joinery,Howdens Joinery,way,798492119,57.2028533,-3.8189874,,,,Hilti Store Edinburgh,Edinburgh,143.91,25+ km lower direct store threat,https://www.openstreetmap.org/way/798492119,OpenStreetMap via Overpass API exact brand/name selectors,2026-04-23
Howdens,Howdens | Howdens Joinery,Howdens Joinery,way,952484708,57.1518926,-2.1632698,AB16 6TX,Aberdeen,Lang Stracht,Hilti Store Edinburgh,Edinburgh,144.71,25+ km lower direct store threat,https://www.openstreetmap.org/way/952484708,OpenStreetMap via Overpass API exact brand/name selectors,2026-04-23
Howdens,Howdens | Howdens Joinery,Howdens Joinery,node,11936899773,53.5755512,-0.0983231,DN31 2SG,Grimsby,Birchin Way,Hilti Store Manchester,Manchester,144.77,25+ km lower direct store threat,https://www.openstreetmap.org/node/11936899773,OpenStreetMap via Overpass API exact brand/name selectors,2026-04-23
Howdens,Howdens | Howdens Joinery,Howdens Joinery,node,12855445055,54.7066608,-1.5649438,DH6 5JQ,Durham,"Thinford Park, Loverose Way",Hilti Store Manchester,Manchester,145.48,25+ km lower direct store threat,https://www.openstreetmap.org/node/12855445055,OpenStreetMap via Overpass API exact brand/name selectors,2026-04-23
Howdens,Howdens | Howdens Joinery,Howdens Joinery,node,12107740238,52.6524011,1.2644228,,,,Hilti Store Edmonton,London,146.22,25+ km lower direct store threat,https://www.openstreetmap.org/node/12107740238,OpenStreetMap via Overpass API exact brand/name selectors,2026-04-23
Howdens,Howdens | Howdens Joinery,Howdens Joinery,way,941511791,50.454037,-4.4902198,PL14 4LA,,,Hilti Store Cardiff,Cardiff,147.04,25+ km lower direct store threat,https://www.openstreetmap.org/way/941511791,OpenStreetMap via Overpass API exact brand/name selectors,2026-04-23
Howdens,Howdens | Howdens Joinery,Howdens Joinery,node,4625628648,54.9783676,-1.5670841,,Newcastle Upon Tyne,Brough Park Way,Hilti Store Edinburgh,Edinburgh,147.54,25+ km lower direct store threat,https://www.openstreetmap.org/node/4625628648,OpenStreetMap via Overpass API exact brand/name selectors,2026-04-23
Howdens,Howdens | Howdens Joinery,Howdens Joinery,node,13316148123,53.5361613,-0.0446101,DN36 4AW,Grimsby,Wilton Road,Hilti Store Manchester,Manchester,148.09,25+ km lower direct store threat,https://www.openstreetmap.org/node/13316148123,OpenStreetMap via Overpass API exact brand/name selectors,2026-04-23
Howdens,Howdens | Howdens Joinery,Howdens Joinery,node,4364788186,54.960645,-1.5823359,,Gateshead,Neilson Road,Hilti Store Edinburgh,Edinburgh,148.4,25+ km lower direct store threat,https://www.openstreetmap.org/node/4364788186,OpenStreetMap via Overpass API exact brand/name selectors,2026-04-23
Howdens,Howdens | Howdens Joinery,Howdens Joinery,node,9702375828,52.6291633,1.3850461,NR13 5GE,Norwich,Hawthorne Drive,Hilti Store Edmonton,London,149.45,25+ km lower direct store threat,https://www.openstreetmap.org/node/9702375828,OpenStreetMap via Overpass API exact brand/name selectors,2026-04-23
Howdens,Howdens | Howdens Joinery,Howdens Joinery,node,4401131693,54.9233159,-1.6086357,,Gateshead,,Hilti Store Edinburgh,Edinburgh,150.51,25+ km lower direct store threat,https://www.openstreetmap.org/node/4401131693,OpenStreetMap via Overpass API exact brand/name selectors,2026-04-23
Howdens,Howdens | Howdens Joinery,Howdens Joinery,way,736664077,52.4462068,1.7142962,,,,Hilti Store Edmonton,London,152.02,25+ km lower direct store threat,https://www.openstreetmap.org/way/736664077,OpenStreetMap via Overpass API exact brand/name selectors,2026-04-23
Howdens,Howdens | Howdens Joinery,Howdens,node,12469374524,54.9914897,-1.4359769,NE33 5QY,South Shields,Western Approach,Hilti Store Edinburgh,Edinburgh,152.14,25+ km lower direct store threat,https://www.openstreetmap.org/node/12469374524,OpenStreetMap via Overpass API exact brand/name selectors,2026-04-23
Howdens,Howdens | Howdens Joinery,Howdens,way,432379919,54.9733873,-1.4460853,,,,Hilti Store Edinburgh,Edinburgh,153.15,25+ km lower direct store threat,https://www.openstreetmap.org/way/432379919,OpenStreetMap via Overpass API exact brand/name selectors,2026-04-23
Howdens,Howdens | Howdens Joinery,Howdens Joinery,node,432731929,54.7887316,-1.5395735,,,,Hilti Store Manchester,Manchester,154.65,25+ km lower direct store threat,https://www.openstreetmap.org/node/432731929,OpenStreetMap via Overpass API exact brand/name selectors,2026-04-23
Howdens,Howdens | Howdens Joinery,Howdens,way,709207139,54.8957826,-1.5596374,DH3 2SB,Chester-le-Street,,Hilti Store Edinburgh,Edinburgh,154.86,25+ km lower direct store threat,https://www.openstreetmap.org/way/709207139,OpenStreetMap via Overpass API exact brand/name selectors,2026-04-23
Howdens,Howdens | Howdens Joinery,Howdens Joinery,node,10949081983,50.471723,-4.7421241,,,,Hilti Store Cardiff,Cardiff,157.43,25+ km lower direct store threat,https://www.openstreetmap.org/node/10949081983,OpenStreetMap via Overpass API exact brand/name selectors,2026-04-23
Howdens,Howdens | Howdens Joinery,Howdens Joinery,node,10649833985,54.8350228,-1.4835218,,,,Hilti Store Manchester,Manchester,160.68,25+ km lower direct store threat,https://www.openstreetmap.org/node/10649833985,OpenStreetMap via Overpass API exact brand/name selectors,2026-04-23
Howdens,Howdens | Howdens Joinery,Howdens Joinery,way,243492266,52.5914439,1.7141839,,,,Hilti Store Edmonton,London,162.22,25+ km lower direct store threat,https://www.openstreetmap.org/way/243492266,OpenStreetMap via Overpass API exact brand/name selectors,2026-04-23
Howdens,Howdens | Howdens Joinery,Howdens Joinery,way,338966420,52.5931481,1.7123085,,Great Yarmouth,Bessemer Way,Hilti Store Edmonton,London,162.25,25+ km lower direct store threat,https://www.openstreetmap.org/way/338966420,OpenStreetMap via Overpass API exact brand/name selectors,2026-04-23
Howdens,Howdens | Howdens Joinery,Howdens Joinery,node,6996381383,53.1421158,0.3198128,PE25 3ST,Skegness,Heath Road,Hilti Store Birmingham,Birmingham,165.22,25+ km lower direct store threat,https://www.openstreetmap.org/node/6996381383,OpenStreetMap via Overpass API exact brand/name selectors,2026-04-23
Howdens,Howdens | Howdens Joinery,Howdens Joinery,way,1432337864,52.8153431,1.3850126,,North Walsham,Hornbeam Road,Hilti Store Edmonton,London,165.54,25+ km lower direct store threat,https://www.openstreetmap.org/way/1432337864,OpenStreetMap via Overpass API exact brand/name selectors,2026-04-23
Howdens,Howdens | Howdens Joinery,Howdens Joinery,way,1236304047,52.9253691,1.2837962,,,,Hilti Store Edmonton,London,171.78,25+ km lower direct store threat,https://www.openstreetmap.org/way/1236304047,OpenStreetMap via Overpass API exact brand/name selectors,2026-04-23
Howdens,Howdens | Howdens Joinery,Howdens Joinery,way,64962671,57.4892144,-4.2226331,IV1 1SR,Inverness,Henderson Road,Hilti Store Glasgow,Glasgow,181.94,25+ km lower direct store threat,https://www.openstreetmap.org/way/64962671,OpenStreetMap via Overpass API exact brand/name selectors,2026-04-23
Howdens,Howdens | Howdens Joinery,Howdens Joinery,way,116597005,57.5828961,-3.8504859,IV12 5QW,,Balmakeith Industrial Estate,Hilti Store Edinburgh,Edinburgh,185.13,25+ km lower direct store threat,https://www.openstreetmap.org/way/116597005,OpenStreetMap via Overpass API exact brand/name selectors,2026-04-23
Howdens,Howdens | Howdens Joinery,Howdens Joinery,way,1123144099,57.6459182,-3.2976735,IV30 1AZ,Elgin,Ashgrove Road,Hilti Store Edinburgh,Edinburgh,187.17,25+ km lower direct store threat,https://www.openstreetmap.org/way/1123144099,OpenStreetMap via Overpass API exact brand/name selectors,2026-04-23
Howdens,Howdens | Howdens Joinery,Howdens Joinery,way,780692406,57.6777858,-2.9481785,,,,Hilti Store Edinburgh,Edinburgh,190.78,25+ km lower direct store threat,https://www.openstreetmap.org/way/780692406,OpenStreetMap via Overpass API exact brand/name selectors,2026-04-23
Howdens,Howdens | Howdens Joinery,Howdens Joinery,way,978237163,57.6033464,-4.4451301,,,,Hilti Store Glasgow,Glasgow,194.88,25+ km lower direct store threat,https://www.openstreetmap.org/way/978237163,OpenStreetMap via Overpass API exact brand/name selectors,2026-04-23
Howdens,Howdens | Howdens Joinery,Howdens Joinery,node,6954545733,57.6996588,-4.167425,,Invergordon,,Hilti Store Edinburgh,Edinburgh,202.89,25+ km lower direct store threat,https://www.openstreetmap.org/node/6954545733,OpenStreetMap via Overpass API exact brand/name selectors,2026-04-23
Howdens,Howdens | Howdens Joinery,Howdens Joinery,way,260679169,57.4146594,-6.2070337,IV51 9HF,Portree,Dunvegan Road,Hilti Store Glasgow,Glasgow,210.02,25+ km lower direct store threat,https://www.openstreetmap.org/way/260679169,OpenStreetMap via Overpass API exact brand/name selectors,2026-04-23
Huws Gray,Huws Gray,Huws Gray,way,817950646,51.5804183,-0.1466826,,London,Muswell Hill Road,Hilti Store Edmonton,London,7.75,5-10 km metro overlap,https://www.openstreetmap.org/way/817950646,OpenStreetMap via Overpass API exact brand/name selectors,2026-04-23
Huws Gray,Huws Gray,Huws Gray,node,12866385497,53.4070502,-3.112783,,,,Hilti Store Liverpool,Liverpool,9.84,5-10 km metro overlap,https://www.openstreetmap.org/node/12866385497,OpenStreetMap via Overpass API exact brand/name selectors,2026-04-23
Huws Gray,Huws Gray,Huws Gray,node,2808400231,53.3379843,-3.0974743,,,,Hilti Store Liverpool,Liverpool,12.07,10-25 km regional catchment,https://www.openstreetmap.org/node/2808400231,OpenStreetMap via Overpass API exact brand/name selectors,2026-04-23
Huws Gray,Huws Gray,Huws Gray Building Materials Centre,way,1088795109,53.3461543,-2.1665398,SK7 1PL,Stockport,Moor Lane,Hilti Store Manchester,Manchester,15.47,10-25 km regional catchment,https://www.openstreetmap.org/way/1088795109,OpenStreetMap via Overpass API exact brand/name selectors,2026-04-23
Huws Gray,Huws Gray,Huws Gray,way,255708121,53.2647374,-2.8746433,,,,Hilti Store Liverpool,Liverpool,17.44,10-25 km regional catchment,https://www.openstreetmap.org/way/255708121,OpenStreetMap via Overpass API exact brand/name selectors,2026-04-23
Huws Gray,Huws Gray,Huws Gray,way,96886796,51.3422657,-2.9562137,,,,Hilti Store Cardiff,Cardiff,20.19,10-25 km regional catchment,https://www.openstreetmap.org/way/96886796,OpenStreetMap via Overpass API exact brand/name selectors,2026-04-23
Huws Gray,Huws Gray,Huws Gray,node,13729784367,53.2519014,-3.1393565,,,,Hilti Store Liverpool,Liverpool,21.26,10-25 km regional catchment,https://www.openstreetmap.org/node/13729784367,OpenStreetMap via Overpass API exact brand/name selectors,2026-04-23
Huws Gray,Huws Gray,Huws Gray,way,194650219,53.2090392,-3.0187576,,,,Hilti Store Liverpool,Liverpool,22.87,10-25 km regional catchment,https://www.openstreetmap.org/way/194650219,OpenStreetMap via Overpass API exact brand/name selectors,2026-04-23
Huws Gray,Huws Gray,Huws Gray,way,374420832,53.3811094,-2.6198296,WA5 1DF,Warrington,Forrest Way,Hilti Store Liverpool,Liverpool,23.12,10-25 km regional catchment,https://www.openstreetmap.org/way/374420832,OpenStreetMap via Overpass API exact brand/name selectors,2026-04-23
Huws Gray,Huws Gray,Huws Gray,way,993700361,53.5343479,-2.6167442,,,,Hilti Store Manchester,Manchester,23.43,10-25 km regional catchment,https://www.openstreetmap.org/way/993700361,OpenStreetMap via Overpass API exact brand/name selectors,2026-04-23
Huws Gray,Huws Gray,Huws Gray Prestatyn,way,616536179,53.3413338,-3.3664968,,,,Hilti Store Liverpool,Liverpool,27.8,25+ km lower direct store threat,https://www.openstreetmap.org/way/616536179,OpenStreetMap via Overpass API exact brand/name selectors,2026-04-23
Huws Gray,Huws Gray,Huws Gray,way,374420094,53.2086116,-2.5050796,CW7 3BE,,Smokehall Lane,Hilti Store Manchester,Manchester,32.41,25+ km lower direct store threat,https://www.openstreetmap.org/way/374420094,OpenStreetMap via Overpass API exact brand/name selectors,2026-04-23
Huws Gray,Huws Gray,Huws Gray,node,13201190614,56.0247244,-3.7917177,,,,Hilti Store Glasgow,Glasgow,35.6,25+ km lower direct store threat,https://www.openstreetmap.org/node/13201190614,OpenStreetMap via Overpass API exact brand/name selectors,2026-04-23
Huws Gray,Huws Gray,Huws Gray,way,511249102,55.8588358,-3.7006451,EH47 0LH,Bathgate,Dixon Terrace,Hilti Store Glasgow,Glasgow,35.81,25+ km lower direct store threat,https://www.openstreetmap.org/way/511249102,OpenStreetMap via Overpass API exact brand/name selectors,2026-04-23
Huws Gray,Huws Gray,Huws Gray,way,1305464416,53.0609863,-3.0805792,LL11 3RD,Wrexham,Ruthin Road,Hilti Store Liverpool,Liverpool,39.8,25+ km lower direct store threat,https://www.openstreetmap.org/way/1305464416,OpenStreetMap via Overpass API exact brand/name selectors,2026-04-23
Huws Gray,Huws Gray,Huws Gray,way,1328202100,53.1182802,-3.3080852,LL15 1NJ,Ruthin,Lôn Parcwr,Hilti Store Liverpool,Liverpool,39.87,25+ km lower direct store threat,https://www.openstreetmap.org/way/1328202100,OpenStreetMap via Overpass API exact brand/name selectors,2026-04-23
Huws Gray,Huws Gray,Huws Gray,way,131855190,52.8641906,-1.6842251,DE65 5DU,Derby,Station Road,Hilti Store Birmingham,Birmingham,43.81,25+ km lower direct store threat,https://www.openstreetmap.org/way/131855190,OpenStreetMap via Overpass API exact brand/name selectors,2026-04-23
Huws Gray,Huws Gray,Huws Gray,node,11873893117,52.7629067,-2.3625453,,Newport,Audley Avenue Industrial Estate,Hilti Store Birmingham,Birmingham,44.0,25+ km lower direct store threat,https://www.openstreetmap.org/node/11873893117,OpenStreetMap via Overpass API exact brand/name selectors,2026-04-23
Huws Gray,Huws Gray,Huws Gray,node,9726502712,53.8560092,-2.967739,FY6 9BU,,,Hilti Store Liverpool,Liverpool,49.36,25+ km lower direct store threat,https://www.openstreetmap.org/node/9726502712,OpenStreetMap via Overpass API exact brand/name selectors,2026-04-23
Huws Gray,Huws Gray,Huws Gray,way,276831825,53.8842244,-3.0379381,FY5 2DB,Thornton Cleveleys,Dorset Avenue,Hilti Store Liverpool,Liverpool,52.72,25+ km lower direct store threat,https://www.openstreetmap.org/way/276831825,OpenStreetMap via Overpass API exact brand/name selectors,2026-04-23
Huws Gray,Huws Gray,Huws Gray,way,884283382,52.9656511,-2.6700492,SY13 1RT,Whitchurch,Waymills,Hilti Store Liverpool,Liverpool,53.38,25+ km lower direct store threat,https://www.openstreetmap.org/way/884283382,OpenStreetMap via Overpass API exact brand/name selectors,2026-04-23
Huws Gray,Huws Gray,Huws Gray,way,781543464,52.9643984,-2.0628546,,,,Hilti Store Birmingham,Birmingham,53.98,25+ km lower direct store threat,https://www.openstreetmap.org/way/781543464,OpenStreetMap via Overpass API exact brand/name selectors,2026-04-23
Huws Gray,Huws Gray,Huws Gray,way,107387205,52.9212455,-1.4967429,,,,Hilti Store Birmingham,Birmingham,54.74,25+ km lower direct store threat,https://www.openstreetmap.org/way/107387205,OpenStreetMap via Overpass API exact brand/name selectors,2026-04-23
Huws Gray,Huws Gray,Huws Gray,way,107444645,52.921327,-1.4963271,DE1 1LQ,Derby,Parcel Terrace,Hilti Store Birmingham,Birmingham,54.76,25+ km lower direct store threat,https://www.openstreetmap.org/way/107444645,OpenStreetMap via Overpass API exact brand/name selectors,2026-04-23
Huws Gray,Huws Gray,Huws Gray,way,401637039,53.2876564,-3.7717015,LL28 5HX,Mochdre,Commerce Park,Hilti Store Liverpool,Liverpool,55.33,25+ km lower direct store threat,https://www.openstreetmap.org/way/401637039,OpenStreetMap via Overpass API exact brand/name selectors,2026-04-23
Huws Gray,Huws Gray,Huws Gray,way,334253462,52.9451868,-1.4644284,,Derby,Alfreton Road,Hilti Store Birmingham,Birmingham,58.12,25+ km lower direct store threat,https://www.openstreetmap.org/way/334253462,OpenStreetMap via Overpass API exact brand/name selectors,2026-04-23
Huws Gray,Huws Gray,Huws Gray,node,1450690474,51.8444668,0.7166568,CO5 9EA,Feering,,Hilti Store Edmonton,London,58.58,25+ km lower direct store threat,https://www.openstreetmap.org/node/1450690474,OpenStreetMap via Overpass API exact brand/name selectors,2026-04-23
Huws Gray,Huws Gray,Huws Gray,way,49758673,52.1958243,0.1681221,CB1 3LH,Cambridge,Norman Way,Hilti Store Edmonton,London,66.51,25+ km lower direct store threat,https://www.openstreetmap.org/way/49758673,OpenStreetMap via Overpass API exact brand/name selectors,2026-04-23
Huws Gray,Huws Gray,Huws Gray,way,645976876,52.0808203,-3.1218261,,,,Hilti Store Cardiff,Cardiff,67.43,25+ km lower direct store threat,https://www.openstreetmap.org/way/645976876,OpenStreetMap via Overpass API exact brand/name selectors,2026-04-23
Huws Gray,Huws Gray,Huws Gray,way,486446974,51.8782079,0.8475831,CO3 0JW,Colchester,Peartree Road,Hilti Store Edmonton,London,68.31,25+ km lower direct store threat,https://www.openstreetmap.org/way/486446974,OpenStreetMap via Overpass API exact brand/name selectors,2026-04-23
Huws Gray,Huws Gray,Huws Gray,way,62320502,52.2269655,0.1517095,CB4 1TS,Cambridge,Trinity Hall Industrial Estate,Hilti Store Edmonton,London,69.66,25+ km lower direct store threat,https://www.openstreetmap.org/way/62320502,OpenStreetMap via Overpass API exact brand/name selectors,2026-04-23
Huws Gray,Huws Gray,Huws Gray,way,271129190,51.590098,-2.1079077,SN16 0BX,,Park Road,Hilti Store Cardiff,Cardiff,73.57,25+ km lower direct store threat,https://www.openstreetmap.org/way/271129190,OpenStreetMap via Overpass API exact brand/name selectors,2026-04-23
Huws Gray,Huws Gray,Huws Gray,way,58673596,51.8560559,-2.2169619,GL4 4RT,Gloucester,Metz Way,Hilti Store Birmingham,Birmingham,73.98,25+ km lower direct store threat,https://www.openstreetmap.org/way/58673596,OpenStreetMap via Overpass API exact brand/name selectors,2026-04-23
Huws Gray,Huws Gray,Huws Gray,way,822612164,52.26066,0.3917391,,,,Hilti Store Edmonton,London,78.09,25+ km lower direct store threat,https://www.openstreetmap.org/way/822612164,OpenStreetMap via Overpass API exact brand/name selectors,2026-04-23
Huws Gray,Huws Gray,Huws Gray,way,156989506,53.2178883,-4.1106533,LL57 4YH,Bangor,,Hilti Store Liverpool,Liverpool,79.13,25+ km lower direct store threat,https://www.openstreetmap.org/way/156989506,OpenStreetMap via Overpass API exact brand/name selectors,2026-04-23
Huws Gray,Huws Gray,Huws Gray,node,12918941513,51.7256462,-1.1911684,,,,Hilti Store Southwark,London,79.14,25+ km lower direct store threat,https://www.openstreetmap.org/node/12918941513,OpenStreetMap via Overpass API exact brand/name selectors,2026-04-23
Huws Gray,Huws Gray,Huws Gray,way,233416796,52.9966691,-3.9433915,,,,Hilti Store Liverpool,Liverpool,79.9,25+ km lower direct store threat,https://www.openstreetmap.org/way/233416796,OpenStreetMap via Overpass API exact brand/name selectors,2026-04-23
Huws Gray,Huws Gray,Huws Gray,way,571110815,52.3312739,-0.0642995,PE27 5LA,St Ives,Needingworth Road,Hilti Store Edmonton,London,79.92,25+ km lower direct store threat,https://www.openstreetmap.org/way/571110815,OpenStreetMap via Overpass API exact brand/name selectors,2026-04-23
Huws Gray,Huws Gray,Huws Gray,way,1051311394,51.794351,1.1552152,CO15 6PX,Clacton-on-Sea,Skelmersdale Road,Hilti Store Edmonton,London,85.28,25+ km lower direct store threat,https://www.openstreetmap.org/way/1051311394,OpenStreetMap via Overpass API exact brand/name selectors,2026-04-23
Huws Gray,Huws Gray,Huws Gray,node,11270078928,51.7033778,-1.9590657,GL7 1YS,Cirencester,Elliott Road,Hilti Store Cardiff,Cardiff,86.45,25+ km lower direct store threat,https://www.openstreetmap.org/node/11270078928,OpenStreetMap via Overpass API exact brand/name selectors,2026-04-23
Huws Gray,Huws Gray,Huws Gray Kitchen and Bathroom Showroom,node,11270078929,51.7035117,-1.9589106,GL7 1YS,Cirencester,Elliott Road,Hilti Store Cardiff,Cardiff,86.47,25+ km lower direct store threat,https://www.openstreetmap.org/node/11270078929,OpenStreetMap via Overpass API exact brand/name selectors,2026-04-23
Huws Gray,Huws Gray,Huws Gray,way,401101584,52.2455122,-3.3810734,,,,Hilti Store Cardiff,Cardiff,87.09,25+ km lower direct store threat,https://www.openstreetmap.org/way/401101584,OpenStreetMap via Overpass API exact brand/name selectors,2026-04-23
Huws Gray,Huws Gray,Huws Gray,node,2156097971,52.2553035,0.700756,,Bury St Edmunds,,Hilti Store Edmonton,London,87.95,25+ km lower direct store threat,https://www.openstreetmap.org/node/2156097971,OpenStreetMap via Overpass API exact brand/name selectors,2026-04-23
Huws Gray,Huws Gray,Huws Gray,way,618322814,53.220482,-4.2829047,,,,Hilti Store Liverpool,Liverpool,90.12,25+ km lower direct store threat,https://www.openstreetmap.org/way/618322814,OpenStreetMap via Overpass API exact brand/name selectors,2026-04-23
Huws Gray,Huws Gray,Huws Gray,way,94411844,53.2547919,-4.3044211,LL77 7HH,Llangefni,Bridge Street,Hilti Store Liverpool,Liverpool,90.67,25+ km lower direct store threat,https://www.openstreetmap.org/way/94411844,OpenStreetMap via Overpass API exact brand/name selectors,2026-04-23
Huws Gray,Huws Gray,Huws Gray,way,94458295,53.4069702,-4.3508528,LL68 9BQ,Amlwch,Llwyn Onn Industrial Estate,Hilti Store Liverpool,Liverpool,91.88,25+ km lower direct store threat,https://www.openstreetmap.org/way/94458295,OpenStreetMap via Overpass API exact brand/name selectors,2026-04-23
Huws Gray,Huws Gray,Huws Gray Builders' Merchant,way,303691059,53.1422407,-4.2764061,,,,Hilti Store Liverpool,Liverpool,92.23,25+ km lower direct store threat,https://www.openstreetmap.org/way/303691059,OpenStreetMap via Overpass API exact brand/name selectors,2026-04-23
Huws Gray,Huws Gray,Huws Gray,way,559580382,51.5678848,-1.7977273,SN2 1EA,Swindon,Newcombe Drive,Hilti Store Cardiff,Cardiff,94.49,25+ km lower direct store threat,https://www.openstreetmap.org/way/559580382,OpenStreetMap via Overpass API exact brand/name selectors,2026-04-23
Huws Gray,Huws Gray,Huws Grey,way,397696425,52.7432379,-3.8825869,,,,Hilti Store Liverpool,Liverpool,96.39,25+ km lower direct store threat,https://www.openstreetmap.org/way/397696425,OpenStreetMap via Overpass API exact brand/name selectors,2026-04-23
Huws Gray,Huws Gray,Huw Gray,way,353206840,52.0745421,1.1406661,IP1 4JJ,Ipswich,Knightsdale Road,Hilti Store Edmonton,London,96.42,25+ km lower direct store threat,https://www.openstreetmap.org/way/353206840,OpenStreetMap via Overpass API exact brand/name selectors,2026-04-23
Huws Gray,Huws Gray,Huws Gray,way,355810600,52.7883707,-4.0971993,,,,Hilti Store Liverpool,Liverpool,102.6,25+ km lower direct store threat,https://www.openstreetmap.org/way/355810600,OpenStreetMap via Overpass API exact brand/name selectors,2026-04-23
Huws Gray,Huws Gray,Huws Gray,way,411507084,52.4030621,0.7265996,,,,Hilti Store Edmonton,London,102.61,25+ km lower direct store threat,https://www.openstreetmap.org/way/411507084,OpenStreetMap via Overpass API exact brand/name selectors,2026-04-23
Huws Gray,Huws Gray,Huws Gray,way,25808014,52.0631689,1.2795025,IP5 3RD,Ipswich,Gloster Road,Hilti Store Edmonton,London,104.01,25+ km lower direct store threat,https://www.openstreetmap.org/way/25808014,OpenStreetMap via Overpass API exact brand/name selectors,2026-04-23
Huws Gray,Huws Gray,Huws Gray,way,67394423,51.153233,1.3049559,CT16 3PT,,,Hilti Store Southwark,London,105.24,25+ km lower direct store threat,https://www.openstreetmap.org/way/67394423,OpenStreetMap via Overpass API exact brand/name selectors,2026-04-23
Huws Gray,Huws Gray,Huws Gray,way,266157455,52.571054,-0.2134503,PE1 5BF,Peterborough,,Hilti Store Edmonton,London,107.18,25+ km lower direct store threat,https://www.openstreetmap.org/way/266157455,OpenStreetMap via Overpass API exact brand/name selectors,2026-04-23
Huws Gray,Huws Gray,Huws Gray,way,342059568,54.985816,-2.9531973,CA6 5SR,Longtown,Sandysike Industrial Estate,Hilti Store Edinburgh,Edinburgh,109.47,25+ km lower direct store threat,https://www.openstreetmap.org/way/342059568,OpenStreetMap via Overpass API exact brand/name selectors,2026-04-23
Huws Gray,Huws Gray,Huws Gray,way,1075053468,52.8920806,-4.4014894,,,,Hilti Store Liverpool,Liverpool,111.91,25+ km lower direct store threat,https://www.openstreetmap.org/way/1075053468,OpenStreetMap via Overpass API exact brand/name selectors,2026-04-23
Huws Gray,Huws Gray,Huws Gray,way,350862300,52.3706067,1.1220406,IP22 4HW,Diss,Victoria Road,Hilti Store Edmonton,London,116.24,25+ km lower direct store threat,https://www.openstreetmap.org/way/350862300,OpenStreetMap via Overpass API exact brand/name selectors,2026-04-23
Huws Gray,Huws Gray,Huws Gray,way,527356135,52.5907493,-4.0772957,,,,Hilti Store Liverpool,Liverpool,117.83,25+ km lower direct store threat,https://www.openstreetmap.org/way/527356135,OpenStreetMap via Overpass API exact brand/name selectors,2026-04-23
Huws Gray,Huws Gray,Huws Gray,way,159740263,52.4404797,-4.0296714,,,,Hilti Store Cardiff,Cardiff,122.97,25+ km lower direct store threat,https://www.openstreetmap.org/way/159740263,OpenStreetMap via Overpass API exact brand/name selectors,2026-04-23
Huws Gray,Huws Gray,Huws Gray,way,118457843,52.5391909,0.9373821,,,,Hilti Store Edmonton,London,123.05,25+ km lower direct store threat,https://www.openstreetmap.org/way/118457843,OpenStreetMap via Overpass API exact brand/name selectors,2026-04-23
Huws Gray,Huws Gray,Huws & Gray (Buildbase),way,127330904,52.9827034,-0.0280989,PE21 9JG,Boston,,Hilti Store Birmingham,Birmingham,136.77,25+ km lower direct store threat,https://www.openstreetmap.org/way/127330904,OpenStreetMap via Overpass API exact brand/name selectors,2026-04-23
Huws Gray,Huws Gray,Huws Gray,node,6702628823,54.6661383,-2.7666616,CA11 9BG,Penrith,Stalker Road,Hilti Store Manchester,Manchester,137.0,25+ km lower direct store threat,https://www.openstreetmap.org/node/6702628823,OpenStreetMap via Overpass API exact brand/name selectors,2026-04-23
Huws Gray,Huws Gray,Huws Gray,way,114815766,53.5678204,-0.0789036,DN31 1NR,Grimsby,Grime Street,Hilti Store Manchester,Manchester,146.0,25+ km lower direct store threat,https://www.openstreetmap.org/way/114815766,OpenStreetMap via Overpass API exact brand/name selectors,2026-04-23
Huws Gray,Huws Gray,Huws Gray,way,114815773,53.5683674,-0.0788334,,,,Hilti Store Manchester,Manchester,146.0,25+ km lower direct store threat,https://www.openstreetmap.org/way/114815773,OpenStreetMap via Overpass API exact brand/name selectors,2026-04-23
Huws Gray,Huws Gray,Huws Gray,way,67916404,57.4849747,-4.2283308,IV1 1NF,Inverness,Shore Street,Hilti Store Glasgow,Glasgow,181.47,25+ km lower direct store threat,https://www.openstreetmap.org/way/67916404,OpenStreetMap via Overpass API exact brand/name selectors,2026-04-23
Jewson,Jewson,Jewson,way,33767376,55.9674278,-3.1387854,,,,Hilti Store Edinburgh,Edinburgh,0.47,0-2 km direct local threat,https://www.openstreetmap.org/way/33767376,OpenStreetMap via Overpass API exact brand/name selectors,2026-04-23
Jewson,Jewson,Jewson,way,27663008,51.4773389,-3.162142,,,,Hilti Store Cardiff,Cardiff,0.56,0-2 km direct local threat,https://www.openstreetmap.org/way/27663008,OpenStreetMap via Overpass API exact brand/name selectors,2026-04-23
Jewson,Jewson,Jewson,way,550970195,55.8426073,-4.2676019,,,,Hilti Store Glasgow,Glasgow,1.25,0-2 km direct local threat,https://www.openstreetmap.org/way/550970195,OpenStreetMap via Overpass API exact brand/name selectors,2026-04-23
Jewson,Jewson,Jewson,way,79414247,51.4914903,-0.1042548,,,,Hilti Store Southwark,London,1.43,0-2 km direct local threat,https://www.openstreetmap.org/way/79414247,OpenStreetMap via Overpass API exact brand/name selectors,2026-04-23
Jewson,Jewson,Jewson,way,87370889,52.5012208,-1.8761953,,,,Hilti Store Birmingham,Birmingham,1.51,0-2 km direct local threat,https://www.openstreetmap.org/way/87370889,OpenStreetMap via Overpass API exact brand/name selectors,2026-04-23
Jewson,Jewson,Jewson,node,6791828053,55.8522323,-4.2156842,G40 2UJ,,David Street,Hilti Store Glasgow,Glasgow,3.66,2-5 km strong urban overlap,https://www.openstreetmap.org/node/6791828053,OpenStreetMap via Overpass API exact brand/name selectors,2026-04-23
Jewson,Jewson,Jewson,way,82110453,51.484194,-0.0534534,,,,Hilti Store Southwark,London,4.02,2-5 km strong urban overlap,https://www.openstreetmap.org/way/82110453,OpenStreetMap via Overpass API exact brand/name selectors,2026-04-23
Jewson,Jewson,Jewson,node,815328195,55.9344191,-3.1783563,,,,Hilti Store Edinburgh,Edinburgh,4.45,2-5 km strong urban overlap,https://www.openstreetmap.org/node/815328195,OpenStreetMap via Overpass API exact brand/name selectors,2026-04-23
Jewson,Jewson,Jewson,way,174636418,52.4857346,-1.8110271,B33 9AF,Birmingham,Station Road,Hilti Store Birmingham,Birmingham,5.36,5-10 km metro overlap,https://www.openstreetmap.org/way/174636418,OpenStreetMap via Overpass API exact brand/name selectors,2026-04-23
Jewson,Jewson,Jewson,way,846268444,51.5462427,-0.1409768,NW5 2AJ,London,Bartholomew Road,Hilti Store Southwark,London,5.4,5-10 km metro overlap,https://www.openstreetmap.org/way/846268444,OpenStreetMap via Overpass API exact brand/name selectors,2026-04-23
Jewson,Jewson,Jewson,way,533311593,51.5855686,-0.1122008,N8 9DJ,London,Tottenham Lane,Hilti Store Edmonton,London,5.41,5-10 km metro overlap,https://www.openstreetmap.org/way/533311593,OpenStreetMap via Overpass API exact brand/name selectors,2026-04-23
Jewson,Jewson,Jewson,way,1308420345,55.894367,-4.3222257,,,Bearsden Road,Hilti Store Glasgow,Glasgow,5.46,5-10 km metro overlap,https://www.openstreetmap.org/way/1308420345,OpenStreetMap via Overpass API exact brand/name selectors,2026-04-23
Jewson,Jewson,Jewson,way,31111777,51.5769377,-0.1044156,N4 1RD,London,Wightman Road,Hilti Store Edmonton,London,5.61,5-10 km metro overlap,https://www.openstreetmap.org/way/31111777,OpenStreetMap via Overpass API exact brand/name selectors,2026-04-23
Jewson,Jewson,Jewson,way,175936972,53.4973507,-2.206723,,,,Hilti Store Manchester,Manchester,5.92,5-10 km metro overlap,https://www.openstreetmap.org/way/175936972,OpenStreetMap via Overpass API exact brand/name selectors,2026-04-23
Jewson,Jewson,Jewson,way,952424961,51.5342805,-0.0212632,,London,Wick Lane,Hilti Store Southwark,London,6.49,5-10 km metro overlap,https://www.openstreetmap.org/way/952424961,OpenStreetMap via Overpass API exact brand/name selectors,2026-04-23
Jewson,Jewson,Jewson,way,170349564,55.9144253,-3.079848,,,,Hilti Store Edinburgh,Edinburgh,6.52,5-10 km metro overlap,https://www.openstreetmap.org/way/170349564,OpenStreetMap via Overpass API exact brand/name selectors,2026-04-23
Jewson,Jewson,Jewson,way,249712884,51.4700091,-0.1783247,,,,Hilti Store Southwark,London,6.53,5-10 km metro overlap,https://www.openstreetmap.org/way/249712884,OpenStreetMap via Overpass API exact brand/name selectors,2026-04-23
Jewson,Jewson,Jewson,way,146603678,52.5204267,-1.7998839,B24 0RD,Birmingham,Erdington Industrial Park,Hilti Store Birmingham,Birmingham,6.94,5-10 km metro overlap,https://www.openstreetmap.org/way/146603678,OpenStreetMap via Overpass API exact brand/name selectors,2026-04-23
Jewson,Jewson,Jewson,way,23107870,55.9318371,-3.2364733,,,,Hilti Store Edinburgh,Edinburgh,7.46,5-10 km metro overlap,https://www.openstreetmap.org/way/23107870,OpenStreetMap via Overpass API exact brand/name selectors,2026-04-23
Jewson,Jewson,Jewson,way,489799339,51.4656529,-0.1967557,,London,Carnwath Road,Hilti Store Southwark,London,7.86,5-10 km metro overlap,https://www.openstreetmap.org/way/489799339,OpenStreetMap via Overpass API exact brand/name selectors,2026-04-23
Jewson,Jewson,Jewson,way,223478952,51.5813287,-0.1547785,,,,Hilti Store Edmonton,London,8.21,5-10 km metro overlap,https://www.openstreetmap.org/way/223478952,OpenStreetMap via Overpass API exact brand/name selectors,2026-04-23
Jewson,Jewson,Jewson,way,530650688,55.7767298,-4.2706363,G76 8SE,Glasgow,Field Road,Hilti Store Glasgow,Glasgow,8.51,5-10 km metro overlap,https://www.openstreetmap.org/way/530650688,OpenStreetMap via Overpass API exact brand/name selectors,2026-04-23
Jewson,Jewson,Jewson,way,1315347746,51.6861227,-0.0123436,,,,Hilti Store Edmonton,London,8.52,5-10 km metro overlap,https://www.openstreetmap.org/way/1315347746,OpenStreetMap via Overpass API exact brand/name selectors,2026-04-23
Jewson,Jewson,Jewson,way,972747383,51.4987144,-0.2265995,,London,Trussley Road,Hilti Store Southwark,London,8.66,5-10 km metro overlap,https://www.openstreetmap.org/way/972747383,OpenStreetMap via Overpass API exact brand/name selectors,2026-04-23
Jewson,Jewson,Jewson,way,165055257,51.402954,-3.2485606,CF63 3RA,Barry,Atlantic Way,Hilti Store Cardiff,Cardiff,10.28,10-25 km regional catchment,https://www.openstreetmap.org/way/165055257,OpenStreetMap via Overpass API exact brand/name selectors,2026-04-23
Jewson,Jewson,Jewson,way,409244461,51.4310928,-0.1923369,,,,Hilti Store Southwark,London,10.28,10-25 km regional catchment,https://www.openstreetmap.org/way/409244461,OpenStreetMap via Overpass API exact brand/name selectors,2026-04-23
Jewson,Jewson,Jewson,way,232666508,51.414438,-0.0621065,SE20 8RA,London,Limes Avenue,Hilti Store Southwark,London,10.36,10-25 km regional catchment,https://www.openstreetmap.org/way/232666508,OpenStreetMap via Overpass API exact brand/name selectors,2026-04-23
Jewson,Jewson,Jewson,way,589251301,52.4762795,-2.0464833,,,,Hilti Store Birmingham,Birmingham,10.72,10-25 km regional catchment,https://www.openstreetmap.org/way/589251301,OpenStreetMap via Overpass API exact brand/name selectors,2026-04-23
Jewson,Jewson,Jewson,node,11688002215,51.5080735,-0.2633011,,,,Hilti Store Southwark,London,11.19,10-25 km regional catchment,https://www.openstreetmap.org/node/11688002215,OpenStreetMap via Overpass API exact brand/name selectors,2026-04-23
Jewson,Jewson,Jewson,way,837585221,53.3868703,-2.171235,,,,Hilti Store Manchester,Manchester,11.54,10-25 km regional catchment,https://www.openstreetmap.org/way/837585221,OpenStreetMap via Overpass API exact brand/name selectors,2026-04-23
Jewson,Jewson,Jewson,node,4891695623,51.5165626,-0.2680289,,,,Hilti Store Southwark,London,11.59,10-25 km regional catchment,https://www.openstreetmap.org/node/4891695623,OpenStreetMap via Overpass API exact brand/name selectors,2026-04-23
Jewson,Jewson,Jewson,way,85526776,52.5799126,-1.995399,WS2 9EJ,Walsall,,Hilti Store Birmingham,Birmingham,12.25,10-25 km regional catchment,https://www.openstreetmap.org/way/85526776,OpenStreetMap via Overpass API exact brand/name selectors,2026-04-23
Jewson,Jewson,Jewson,way,262477181,51.440604,0.0503612,,,,Hilti Store Southwark,London,12.69,10-25 km regional catchment,https://www.openstreetmap.org/way/262477181,OpenStreetMap via Overpass API exact brand/name selectors,2026-04-23
Jewson,Jewson,Jewson,way,28254208,53.3589042,-2.2018625,SK8 6PT,,Earl Road,Hilti Store Manchester,Manchester,13.16,10-25 km regional catchment,https://www.openstreetmap.org/way/28254208,OpenStreetMap via Overpass API exact brand/name selectors,2026-04-23
Jewson,Jewson,Jewson,node,5852358667,51.3805172,-0.0880248,,,,Hilti Store Southwark,London,13.8,10-25 km regional catchment,https://www.openstreetmap.org/node/5852358667,OpenStreetMap via Overpass API exact brand/name selectors,2026-04-23
Jewson,Jewson,Jewson,way,228982149,51.5398339,-0.3035909,,,,Hilti Store Southwark,London,14.51,10-25 km regional catchment,https://www.openstreetmap.org/way/228982149,OpenStreetMap via Overpass API exact brand/name selectors,2026-04-23
Jewson,Jewson,Jewson,way,1077764763,53.5984194,-2.2858022,BL9 6HH,Bury,Bridge Street,Hilti Store Manchester,Manchester,14.56,10-25 km regional catchment,https://www.openstreetmap.org/way/1077764763,OpenStreetMap via Overpass API exact brand/name selectors,2026-04-23
Jewson,Jewson,Jewson,way,542692472,53.5684476,-2.4278455,,,,Hilti Store Manchester,Manchester,14.85,10-25 km regional catchment,https://www.openstreetmap.org/way/542692472,OpenStreetMap via Overpass API exact brand/name selectors,2026-04-23
Jewson,Jewson,Jewson,way,547854395,53.3946755,-2.079178,,,,Hilti Store Manchester,Manchester,15.62,10-25 km regional catchment,https://www.openstreetmap.org/way/547854395,OpenStreetMap via Overpass API exact brand/name selectors,2026-04-23
Jewson,Jewson,Jewson,way,371739242,52.6152455,-2.0067283,WS3 2PF,,,Hilti Store Birmingham,Birmingham,15.97,10-25 km regional catchment,https://www.openstreetmap.org/way/371739242,OpenStreetMap via Overpass API exact brand/name selectors,2026-04-23
Jewson,Jewson,Jewson,way,198922761,51.4028137,-0.2702298,KT3 3NE,New Malden,Wellington Crescent,Hilti Store Southwark,London,16.24,10-25 km regional catchment,https://www.openstreetmap.org/way/198922761,OpenStreetMap via Overpass API exact brand/name selectors,2026-04-23
Jewson,Jewson,Jewson,way,122867217,51.5436345,0.1650415,,,,Hilti Store Edmonton,London,16.55,10-25 km regional catchment,https://www.openstreetmap.org/way/122867217,OpenStreetMap via Overpass API exact brand/name selectors,2026-04-23
Jewson,Jewson,Jewson,way,35356202,53.3868824,-2.7184748,,,,Hilti Store Liverpool,Liverpool,16.56,10-25 km regional catchment,https://www.openstreetmap.org/way/35356202,OpenStreetMap via Overpass API exact brand/name selectors,2026-04-23
Jewson,Jewson,Jewson,way,87386101,51.7628498,-0.0018236,EN11 0BX,Hoddesdon,Essex Road,Hilti Store Edmonton,London,16.99,10-25 km regional catchment,https://www.openstreetmap.org/way/87386101,OpenStreetMap via Overpass API exact brand/name selectors,2026-04-23
Jewson,Jewson,Jewson,way,618050163,56.1244636,-3.1497892,,,,Hilti Store Edinburgh,Edinburgh,17.76,10-25 km regional catchment,https://www.openstreetmap.org/way/618050163,OpenStreetMap via Overpass API exact brand/name selectors,2026-04-23
Jewson,Jewson,Jewson,way,445299209,51.3923923,-0.3110586,,,,Hilti Store Southwark,London,19.11,10-25 km regional catchment,https://www.openstreetmap.org/way/445299209,OpenStreetMap via Overpass API exact brand/name selectors,2026-04-23
Jewson,Jewson,Jewson,way,294379343,52.5914145,-2.1258105,WV1 1ND,,,Hilti Store Birmingham,Birmingham,19.51,10-25 km regional catchment,https://www.openstreetmap.org/way/294379343,OpenStreetMap via Overpass API exact brand/name selectors,2026-04-23
Jewson,Jewson,Jewson,way,791483541,51.3840977,0.1082753,,,,Hilti Store Southwark,London,19.76,10-25 km regional catchment,https://www.openstreetmap.org/way/791483541,OpenStreetMap via Overpass API exact brand/name selectors,2026-04-23
Jewson,Jewson,Jewson,way,96569750,51.3420455,-2.962529,BS23 3YF,,,Hilti Store Cardiff,Cardiff,19.91,10-25 km regional catchment,https://www.openstreetmap.org/way/96569750,OpenStreetMap via Overpass API exact brand/name selectors,2026-04-23
Jewson,Jewson,Jewson,relation,9201770,51.3405596,-2.9625838,,,,Hilti Store Cardiff,Cardiff,20.03,10-25 km regional catchment,https://www.openstreetmap.org/relation/9201770,OpenStreetMap via Overpass API exact brand/name selectors,2026-04-23
Jewson,Jewson,Jewson,way,41972342,51.3172493,-0.0829996,,,,Hilti Store Southwark,London,20.84,10-25 km regional catchment,https://www.openstreetmap.org/way/41972342,OpenStreetMap via Overpass API exact brand/name selectors,2026-04-23
Jewson,Jewson,Jewson,way,211033657,51.4284458,-2.8618708,BS21 6RR,Clevedon,Tweed Road,Hilti Store Cardiff,Cardiff,20.97,10-25 km regional catchment,https://www.openstreetmap.org/way/211033657,OpenStreetMap via Overpass API exact brand/name selectors,2026-04-23
Jewson,Jewson,Jewson,way,1168365927,51.3169214,-0.136308,CR5 2HR,Coulsdon,Ullswater Crescent,Hilti Store Southwark,London,20.97,10-25 km regional catchment,https://www.openstreetmap.org/way/1168365927,OpenStreetMap via Overpass API exact brand/name selectors,2026-04-23
Jewson,Jewson,Jewson,way,153655530,52.6356775,-1.6875368,B79 7HU,Tamworth,Victoria Road,Hilti Store Birmingham,Birmingham,21.16,10-25 km regional catchment,https://www.openstreetmap.org/way/153655530,OpenStreetMap via Overpass API exact brand/name selectors,2026-04-23
Jewson,Jewson,Jewson,way,343182730,52.3308279,-2.0665014,,,,Hilti Store Birmingham,Birmingham,21.41,10-25 km regional catchment,https://www.openstreetmap.org/way/343182730,OpenStreetMap via Overpass API exact brand/name selectors,2026-04-23
Jewson,Jewson,Jewson,way,659804462,51.3355315,-0.2572289,,,,Hilti Store Southwark,London,21.64,10-25 km regional catchment,https://www.openstreetmap.org/way/659804462,OpenStreetMap via Overpass API exact brand/name selectors,2026-04-23
Jewson,Jewson,Jewson,way,326211945,55.776675,-3.9511145,,,,Hilti Store Glasgow,Glasgow,21.92,10-25 km regional catchment,https://www.openstreetmap.org/way/326211945,OpenStreetMap via Overpass API exact brand/name selectors,2026-04-23
Jewson,Jewson,Jewson,way,251675287,53.3848741,-2.6254165,,,,Hilti Store Liverpool,Liverpool,22.69,10-25 km regional catchment,https://www.openstreetmap.org/way/251675287,OpenStreetMap via Overpass API exact brand/name selectors,2026-04-23
Jewson,Jewson,Jewson,node,11955981602,53.5350284,-2.6598811,WN5 9BX,Wigan,Victoria Street,Hilti Store Liverpool,Liverpool,24.36,10-25 km regional catchment,https://www.openstreetmap.org/node/11955981602,OpenStreetMap via Overpass API exact brand/name selectors,2026-04-23
Jewson,Jewson,Jewson,way,28094283,51.442273,0.2433476,,,,Hilti Store Southwark,London,24.88,10-25 km regional catchment,https://www.openstreetmap.org/way/28094283,OpenStreetMap via Overpass API exact brand/name selectors,2026-04-23
Jewson,Jewson,Jewson,way,81716585,51.3879684,-0.4161772,KT12 2ST,Walton-on-Thames,Terrace Road,Hilti Store Southwark,London,25.34,25+ km lower direct store threat,https://www.openstreetmap.org/way/81716585,OpenStreetMap via Overpass API exact brand/name selectors,2026-04-23
Jewson,Jewson,Jewson,node,10957889566,51.3764593,-0.4081383,,,,Hilti Store Southwark,London,25.55,25+ km lower direct store threat,https://www.openstreetmap.org/node/10957889566,OpenStreetMap via Overpass API exact brand/name selectors,2026-04-23
Jewson,Jewson,Jewson,node,8267501845,53.1894547,-2.8644945,,,,Hilti Store Liverpool,Liverpool,25.64,25+ km lower direct store threat,https://www.openstreetmap.org/node/8267501845,OpenStreetMap via Overpass API exact brand/name selectors,2026-04-23
Jewson,Jewson,Jewson,way,376092361,53.6464019,-2.9751834,,Southport,Bispham Road,Hilti Store Liverpool,Liverpool,26.06,25+ km lower direct store threat,https://www.openstreetmap.org/way/376092361,OpenStreetMap via Overpass API exact brand/name selectors,2026-04-23
Jewson,Jewson,Jewson,node,11274027740,51.6448813,-0.4267786,,,,Hilti Store Edmonton,London,26.45,25+ km lower direct store threat,https://www.openstreetmap.org/node/11274027740,OpenStreetMap via Overpass API exact brand/name selectors,2026-04-23
Jewson,Jewson,Jewson,way,27674859,51.3006695,-0.3224862,,,,Hilti Store Southwark,London,27.33,25+ km lower direct store threat,https://www.openstreetmap.org/way/27674859,OpenStreetMap via Overpass API exact brand/name selectors,2026-04-23
Jewson,Jewson,Jewson,way,1229647203,51.499195,-3.5512075,CF31 3RY,,Kingsway,Hilti Store Cardiff,Cardiff,27.55,25+ km lower direct store threat,https://www.openstreetmap.org/way/1229647203,OpenStreetMap via Overpass API exact brand/name selectors,2026-04-23
Jewson,Jewson,Jewson,node,4791451032,52.5211177,-1.4843472,,,,Hilti Store Birmingham,Birmingham,27.66,25+ km lower direct store threat,https://www.openstreetmap.org/node/4791451032,OpenStreetMap via Overpass API exact brand/name selectors,2026-04-23
Jewson,Jewson,Jewson,way,136135597,52.4031283,-1.4963374,CV1 2AS,Coventry,Humber Avenue,Hilti Store Birmingham,Birmingham,28.38,25+ km lower direct store threat,https://www.openstreetmap.org/way/136135597,OpenStreetMap via Overpass API exact brand/name selectors,2026-04-23
Jewson,Jewson,Jewson,way,251399434,51.4322198,-0.5049126,,,,Hilti Store Southwark,London,29.05,25+ km lower direct store threat,https://www.openstreetmap.org/way/251399434,OpenStreetMap via Overpass API exact brand/name selectors,2026-04-23
Jewson,Jewson,Jewson,way,1351725825,51.8072297,-0.3410259,AL5 1PY,Harpenden,Grove Road,Hilti Store Edmonton,London,29.64,25+ km lower direct store threat,https://www.openstreetmap.org/way/1351725825,OpenStreetMap via Overpass API exact brand/name selectors,2026-04-23
Jewson,Jewson,Jewson,node,6454721269,51.2360481,-0.1686868,RH1 1HG,Redhill,Reading Arch Road,Hilti Store Southwark,London,30.19,25+ km lower direct store threat,https://www.openstreetmap.org/node/6454721269,OpenStreetMap via Overpass API exact brand/name selectors,2026-04-23
Jewson,Jewson,Jewson,way,319418607,55.6168487,-4.5180792,KA1 2NN,Kilmarnock,,Hilti Store Glasgow,Glasgow,30.39,25+ km lower direct store threat,https://www.openstreetmap.org/way/319418607,OpenStreetMap via Overpass API exact brand/name selectors,2026-04-23
Jewson,Jewson,Jewson,way,567175513,53.6504275,-2.6226801,PR6 0PH,Chorley,Lyons Lane,Hilti Store Manchester,Manchester,30.39,25+ km lower direct store threat,https://www.openstreetmap.org/way/567175513,OpenStreetMap via Overpass API exact brand/name selectors,2026-04-23
Jewson,Jewson,Jewson,way,316041073,52.2910632,-1.5575401,,,,Hilti Store Birmingham,Birmingham,31.62,25+ km lower direct store threat,https://www.openstreetmap.org/way/316041073,OpenStreetMap via Overpass API exact brand/name selectors,2026-04-23
Jewson,Jewson,Jewson,node,12400552935,53.754896,-2.3709896,,,,Hilti Store Manchester,Manchester,32.51,25+ km lower direct store threat,https://www.openstreetmap.org/node/12400552935,OpenStreetMap via Overpass API exact brand/name selectors,2026-04-23
Jewson,Jewson,Jewson,way,535482130,53.191317,-2.4429196,,,,Hilti Store Manchester,Manchester,32.54,25+ km lower direct store threat,https://www.openstreetmap.org/way/535482130,OpenStreetMap via Overpass API exact brand/name selectors,2026-04-23
Jewson,Jewson,Jewson,way,138400092,52.284219,-1.5415854,,,,Hilti Store Birmingham,Birmingham,32.93,25+ km lower direct store threat,https://www.openstreetmap.org/way/138400092,OpenStreetMap via Overpass API exact brand/name selectors,2026-04-23
Jewson,Jewson,Jewson,node,9571055270,51.7144398,-3.4409848,CF44 0NE,Aberdare,Cwmbach Road,Hilti Store Cardiff,Cardiff,33.16,25+ km lower direct store threat,https://www.openstreetmap.org/node/9571055270,OpenStreetMap via Overpass API exact brand/name selectors,2026-04-23
Jewson,Jewson,Jewson,way,397172242,53.1637243,-2.2290999,CW12 4HD,,Newcastle Road,Hilti Store Manchester,Manchester,33.95,25+ km lower direct store threat,https://www.openstreetmap.org/way/397172242,OpenStreetMap via Overpass API exact brand/name selectors,2026-04-23
Jewson,Jewson,Jewson,way,158023814,52.1977141,-1.7133592,,,,Hilti Store Birmingham,Birmingham,34.69,25+ km lower direct store threat,https://www.openstreetmap.org/way/158023814,OpenStreetMap via Overpass API exact brand/name selectors,2026-04-23
Jewson,Jewson,Jewson,way,76110877,56.0118134,-3.7705055,FK2 9EF,Falkirk,Abbots Road,Hilti Store Glasgow,Glasgow,36.0,25+ km lower direct store threat,https://www.openstreetmap.org/way/76110877,OpenStreetMap via Overpass API exact brand/name selectors,2026-04-23
Jewson,Jewson,Jewson,way,78224905,52.531682,-2.4206467,,,,Hilti Store Birmingham,Birmingham,36.21,25+ km lower direct store threat,https://www.openstreetmap.org/way/78224905,OpenStreetMap via Overpass API exact brand/name selectors,2026-04-23
Jewson,Jewson,Jewson,way,24595483,51.3270419,-0.5423555,GU21 5LZ,Woking,Monument Way East,Hilti Store Southwark,London,36.36,25+ km lower direct store threat,https://www.openstreetmap.org/way/24595483,OpenStreetMap via Overpass API exact brand/name selectors,2026-04-23
Jewson,Jewson,Jewson,way,204309079,52.8013065,-2.0848118,,,,Hilti Store Birmingham,Birmingham,36.99,25+ km lower direct store threat,https://www.openstreetmap.org/way/204309079,OpenStreetMap via Overpass API exact brand/name selectors,2026-04-23
Jewson,Jewson,Jewson,node,5217122060,51.2050345,-3.4674383,,,,Hilti Store Cardiff,Cardiff,37.01,25+ km lower direct store threat,https://www.openstreetmap.org/node/5217122060,OpenStreetMap via Overpass API exact brand/name selectors,2026-04-23
Jewson,Jewson,Jewson,way,239371408,51.6750623,-0.5855666,,,,Hilti Store Edmonton,London,37.8,25+ km lower direct store threat,https://www.openstreetmap.org/way/239371408,OpenStreetMap via Overpass API exact brand/name selectors,2026-04-23
Jewson,Jewson,Jewson,way,140331618,53.1931443,-3.4174217,,,,Hilti Store Liverpool,Liverpool,38.71,25+ km lower direct store threat,https://www.openstreetmap.org/way/140331618,OpenStreetMap via Overpass API exact brand/name selectors,2026-04-23
Jewson,Jewson,Jewson,way,147219321,51.1331305,-3.0019241,TA6 4AE,Bridgwater,East Quay,Hilti Store Cardiff,Cardiff,39.46,25+ km lower direct store threat,https://www.openstreetmap.org/way/147219321,OpenStreetMap via Overpass API exact brand/name selectors,2026-04-23
Jewson,Jewson,Jewson,node,5270078540,53.7663758,-3.0129361,FY8 3DT,Lytham St Annes,,Hilti Store Liverpool,Liverpool,39.52,25+ km lower direct store threat,https://www.openstreetmap.org/node/5270078540,OpenStreetMap via Overpass API exact brand/name selectors,2026-04-23
Jewson,Jewson,Jewson,node,7177561083,51.883071,-0.4361326,LU1 1SP,Luton,Dallow Road,Hilti Store Edmonton,London,40.27,25+ km lower direct store threat,https://www.openstreetmap.org/node/7177561083,OpenStreetMap via Overpass API exact brand/name selectors,2026-04-23
Jewson,Jewson,Jewson,way,405210820,51.4534402,-2.5724113,BS2 0AY,Bristol,,Hilti Store Cardiff,Cardiff,40.44,25+ km lower direct store threat,https://www.openstreetmap.org/way/405210820,OpenStreetMap via Overpass API exact brand/name selectors,2026-04-23
Jewson,Jewson,Jewson,way,159967289,51.4730045,-2.5710488,BS2 9UZ,Bristol,Glenfrome Road,Hilti Store Cardiff,Cardiff,40.46,25+ km lower direct store threat,https://www.openstreetmap.org/way/159967289,OpenStreetMap via Overpass API exact brand/name selectors,2026-04-23
Jewson,Jewson,Jewson,way,93166535,51.7422833,0.5048021,CM2 6TE,Chelmsford,Montrose Road,Hilti Store Edmonton,London,40.69,25+ km lower direct store threat,https://www.openstreetmap.org/way/93166535,OpenStreetMap via Overpass API exact brand/name selectors,2026-04-23
Jewson,Jewson,Jewson,node,5090727413,52.673598,-2.4270886,,,,Hilti Store Birmingham,Birmingham,41.62,25+ km lower direct store threat,https://www.openstreetmap.org/node/5090727413,OpenStreetMap via Overpass API exact brand/name selectors,2026-04-23
Jewson,Jewson,Jewson,way,48964147,51.5214711,-0.7117449,SL6 8BY,Maidenhead,,Hilti Store Southwark,London,42.26,25+ km lower direct store threat,https://www.openstreetmap.org/way/48964147,OpenStreetMap via Overpass API exact brand/name selectors,2026-04-23
Jewson,Jewson,Jewson,way,936788193,51.1280954,-0.012871,RH19 1EU,East Grinstead,London Road,Hilti Store Southwark,London,42.28,25+ km lower direct store threat,https://www.openstreetmap.org/way/936788193,OpenStreetMap via Overpass API exact brand/name selectors,2026-04-23
Jewson,Jewson,Jewson,way,398407644,51.9813213,-0.2155293,,,,Hilti Store Edmonton,London,42.6,25+ km lower direct store threat,https://www.openstreetmap.org/way/398407644,OpenStreetMap via Overpass API exact brand/name selectors,2026-04-23
Jewson,Jewson,Jewson,way,814919531,53.0962074,-2.4573983,,,,Hilti Store Manchester,Manchester,42.92,25+ km lower direct store threat,https://www.openstreetmap.org/way/814919531,OpenStreetMap via Overpass API exact brand/name selectors,2026-04-23
Jewson,Jewson,Jewson,node,11612978746,55.6213674,-2.8189009,,,,Hilti Store Edinburgh,Edinburgh,42.95,25+ km lower direct store threat,https://www.openstreetmap.org/node/11612978746,OpenStreetMap via Overpass API exact brand/name selectors,2026-04-23
Jewson,Jewson,Jewson,way,342620167,53.0685268,-2.2646273,,,,Hilti Store Manchester,Manchester,44.38,25+ km lower direct store threat,https://www.openstreetmap.org/way/342620167,OpenStreetMap via Overpass API exact brand/name selectors,2026-04-23
Jewson,Jewson,Jewson,way,720229985,55.4498321,-4.2707752,,,,Hilti Store Glasgow,Glasgow,44.85,25+ km lower direct store threat,https://www.openstreetmap.org/way/720229985,OpenStreetMap via Overpass API exact brand/name selectors,2026-04-23
Jewson,Jewson,Jewson,way,292294664,52.0802082,-1.9412786,,,,Hilti Store Birmingham,Birmingham,45.75,25+ km lower direct store threat,https://www.openstreetmap.org/way/292294664,OpenStreetMap via Overpass API exact brand/name selectors,2026-04-23
Jewson,Jewson,Jewson,node,8347749366,55.4834714,-4.6057586,KA9 2SX,Prestwick,East Road,Hilti Store Glasgow,Glasgow,46.07,25+ km lower direct store threat,https://www.openstreetmap.org/node/8347749366,OpenStreetMap via Overpass API exact brand/name selectors,2026-04-23
Jewson,Jewson,Jewson,node,5596870599,51.414325,-0.7617758,,,,Hilti Store Southwark,London,46.81,25+ km lower direct store threat,https://www.openstreetmap.org/node/5596870599,OpenStreetMap via Overpass API exact brand/name selectors,2026-04-23
Jewson,Jewson,Jewson,way,478693558,51.4144096,-2.4818165,BS31 1SA,Bristol,Broadmead Lane,Hilti Store Cardiff,Cardiff,47.15,25+ km lower direct store threat,https://www.openstreetmap.org/way/478693558,OpenStreetMap via Overpass API exact brand/name selectors,2026-04-23
Jewson,Jewson,Jewson,node,5827269079,51.1600091,0.2946272,,,,Hilti Store Southwark,London,47.16,25+ km lower direct store threat,https://www.openstreetmap.org/node/5827269079,OpenStreetMap via Overpass API exact brand/name selectors,2026-04-23
Jewson,Jewson,Jewson,node,10803204493,51.1434609,-0.4973565,,,,Hilti Store Southwark,London,48.64,25+ km lower direct store threat,https://www.openstreetmap.org/node/10803204493,OpenStreetMap via Overpass API exact brand/name selectors,2026-04-23
Jewson,Jewson,Jewson,way,95461552,52.0522786,-0.035251,,,,Hilti Store Edmonton,London,48.89,25+ km lower direct store threat,https://www.openstreetmap.org/way/95461552,OpenStreetMap via Overpass API exact brand/name selectors,2026-04-23
Jewson,Jewson,Jewson,node,484793354,51.1902809,-0.6072571,,,,Hilti Store Southwark,London,49.52,25+ km lower direct store threat,https://www.openstreetmap.org/node/484793354,OpenStreetMap via Overpass API exact brand/name selectors,2026-04-23
Jewson,Jewson,Jewson,way,1013813008,51.2770024,0.5150426,,,,Hilti Store Southwark,London,49.7,25+ km lower direct store threat,https://www.openstreetmap.org/way/1013813008,OpenStreetMap via Overpass API exact brand/name selectors,2026-04-23
Jewson,Jewson,Jewson,way,957243360,56.3827752,-3.43564,PH2 0NJ,Perth,Glenearn Road,Hilti Store Edinburgh,Edinburgh,50.09,25+ km lower direct store threat,https://www.openstreetmap.org/way/957243360,OpenStreetMap via Overpass API exact brand/name selectors,2026-04-23
Jewson,Jewson,Jewson,way,233748126,51.0716169,-0.3074915,,,Crawley Road,Hilti Store Southwark,London,50.19,25+ km lower direct store threat,https://www.openstreetmap.org/way/233748126,OpenStreetMap via Overpass API exact brand/name selectors,2026-04-23
Jewson,Jewson,Jewson,way,1414239408,53.0204333,-2.1630588,,,,Hilti Store Manchester,Manchester,50.33,25+ km lower direct store threat,https://www.openstreetmap.org/way/1414239408,OpenStreetMap via Overpass API exact brand/name selectors,2026-04-23
Jewson,Jewson,Jewson,way,149404381,51.5419596,-2.4355344,BS37 5PB,Yate,Millbrook Road,Hilti Store Cardiff,Cardiff,50.36,25+ km lower direct store threat,https://www.openstreetmap.org/way/149404381,OpenStreetMap via Overpass API exact brand/name selectors,2026-04-23
Jewson,Jewson,Jewson,way,136446700,51.0231426,-3.0886399,TA1 2BB,Taunton,Priory Way,Hilti Store Cardiff,Cardiff,50.43,25+ km lower direct store threat,https://www.openstreetmap.org/way/136446700,OpenStreetMap via Overpass API exact brand/name selectors,2026-04-23
Jewson,Jewson,Jewson,way,103184642,51.78476,-2.6061338,,,,Hilti Store Cardiff,Cardiff,51.23,25+ km lower direct store threat,https://www.openstreetmap.org/way/103184642,OpenStreetMap via Overpass API exact brand/name selectors,2026-04-23
Jewson,Jewson,Jewson,way,171757042,52.9513985,-3.062937,,,,Hilti Store Liverpool,Liverpool,51.65,25+ km lower direct store threat,https://www.openstreetmap.org/way/171757042,OpenStreetMap via Overpass API exact brand/name selectors,2026-04-23
Jewson,Jewson,Jewson,way,171757041,52.950967,-3.0627897,,,,Hilti Store Liverpool,Liverpool,51.69,25+ km lower direct store threat,https://www.openstreetmap.org/way/171757041,OpenStreetMap via Overpass API exact brand/name selectors,2026-04-23
Jewson,Jewson,Jewson,node,282618695,51.2921752,-0.7660287,,,,Hilti Store Southwark,London,51.77,25+ km lower direct store threat,https://www.openstreetmap.org/node/282618695,OpenStreetMap via Overpass API exact brand/name selectors,2026-04-23
Jewson,Jewson,Jewson,way,479876940,53.8751227,-1.8930879,,,,Hilti Store Manchester,Manchester,52.02,25+ km lower direct store threat,https://www.openstreetmap.org/way/479876940,OpenStreetMap via Overpass API exact brand/name selectors,2026-04-23
Jewson,Jewson,Jewson,way,49798367,51.7344329,0.6820043,CM9 4LQ,Maldon,Station Road,Hilti Store Edmonton,London,52.07,25+ km lower direct store threat,https://www.openstreetmap.org/way/49798367,OpenStreetMap via Overpass API exact brand/name selectors,2026-04-23
Jewson,Jewson,Jewson,way,240713645,51.2822412,-2.4668162,BA3 3BX,,,Hilti Store Cardiff,Cardiff,52.35,25+ km lower direct store threat,https://www.openstreetmap.org/way/240713645,OpenStreetMap via Overpass API exact brand/name selectors,2026-04-23
Jewson,Jewson,Jewson,way,798759269,52.0077317,-0.4841289,,,,Hilti Store Edmonton,London,53.22,25+ km lower direct store threat,https://www.openstreetmap.org/way/798759269,OpenStreetMap via Overpass API exact brand/name selectors,2026-04-23
Jewson,Jewson,Jewson,way,90122780,52.6238765,-1.1305292,,,,Hilti Store Birmingham,Birmingham,53.43,25+ km lower direct store threat,https://www.openstreetmap.org/way/90122780,OpenStreetMap via Overpass API exact brand/name selectors,2026-04-23
Jewson,Jewson,Jewson,way,121474661,53.3909331,-1.4709725,,,,Hilti Store Manchester,Manchester,54.32,25+ km lower direct store threat,https://www.openstreetmap.org/way/121474661,OpenStreetMap via Overpass API exact brand/name selectors,2026-04-23
Jewson,Jewson,Jewson,way,1168366899,51.91423,-0.6690288,,Leighton Buzzard,Leighton Road,Hilti Store Edmonton,London,54.37,25+ km lower direct store threat,https://www.openstreetmap.org/way/1168366899,OpenStreetMap via Overpass API exact brand/name selectors,2026-04-23
Jewson,Jewson,Jewson,node,5523572920,51.0434384,0.183355,,,,Hilti Store Southwark,London,54.95,25+ km lower direct store threat,https://www.openstreetmap.org/node/5523572920,OpenStreetMap via Overpass API exact brand/name selectors,2026-04-23
Jewson,Jewson,Jewson,way,93373454,53.3675645,-1.4665599,,,,Hilti Store Manchester,Manchester,55.09,25+ km lower direct store threat,https://www.openstreetmap.org/way/93373454,OpenStreetMap via Overpass API exact brand/name selectors,2026-04-23
Jewson,Jewson,Jewson,way,460090797,51.0083973,-0.0967481,RH16 1TX,Haywards Heath,Bridge Road,Hilti Store Southwark,London,55.14,25+ km lower direct store threat,https://www.openstreetmap.org/way/460090797,OpenStreetMap via Overpass API exact brand/name selectors,2026-04-23
Jewson,Jewson,Jewson,way,451979258,51.3777659,-2.370163,BA2 3HQ,Bath,Westmoreland Station Road,Hilti Store Cardiff,Cardiff,55.49,25+ km lower direct store threat,https://www.openstreetmap.org/way/451979258,OpenStreetMap via Overpass API exact brand/name selectors,2026-04-23
Jewson,Jewson,Jewson,relation,19548380,51.3777659,-2.370163,,,,Hilti Store Cardiff,Cardiff,55.49,25+ km lower direct store threat,https://www.openstreetmap.org/relation/19548380,OpenStreetMap via Overpass API exact brand/name selectors,2026-04-23
Jewson,Jewson,Jewson,way,1168371488,51.221282,-0.7749396,GU9 9NS,Farnham,Farnham Trading Estate,Hilti Store Southwark,London,56.35,25+ km lower direct store threat,https://www.openstreetmap.org/way/1168371488,OpenStreetMap via Overpass API exact brand/name selectors,2026-04-23
Jewson,Jewson,Jewson,way,231761202,53.5395137,-1.4313306,S70 3NS,,,Hilti Store Manchester,Manchester,56.75,25+ km lower direct store threat,https://www.openstreetmap.org/way/231761202,OpenStreetMap via Overpass API exact brand/name selectors,2026-04-23
Jewson,Jewson,Jewson,way,326567325,51.2797957,-0.8402124,,,,Hilti Store Southwark,London,57.0,25+ km lower direct store threat,https://www.openstreetmap.org/way/326567325,OpenStreetMap via Overpass API exact brand/name selectors,2026-04-23
Jewson,Jewson,Jewson,way,1329843642,51.2799572,-0.8405225,,,,Hilti Store Southwark,London,57.01,25+ km lower direct store threat,https://www.openstreetmap.org/way/1329843642,OpenStreetMap via Overpass API exact brand/name selectors,2026-04-23
Jewson,Jewson,Jewson,way,326567322,51.2797997,-0.8405575,,,,Hilti Store Southwark,London,57.02,25+ km lower direct store threat,https://www.openstreetmap.org/way/326567322,OpenStreetMap via Overpass API exact brand/name selectors,2026-04-23
Jewson,Jewson,Jewson,way,1329843639,51.279686,-0.8405723,,,,Hilti Store Southwark,London,57.02,25+ km lower direct store threat,https://www.openstreetmap.org/way/1329843639,OpenStreetMap via Overpass API exact brand/name selectors,2026-04-23
Jewson,Jewson,Jewson,way,75649048,52.9368141,-1.4690777,DE21 4RT,Derby,Alfreton Road,Hilti Store Birmingham,Birmingham,57.16,25+ km lower direct store threat,https://www.openstreetmap.org/way/75649048,OpenStreetMap via Overpass API exact brand/name selectors,2026-04-23
Jewson,Jewson,Jewson,way,113413440,53.7720802,-1.5790955,,,,Hilti Store Manchester,Manchester,57.35,25+ km lower direct store threat,https://www.openstreetmap.org/way/113413440,OpenStreetMap via Overpass API exact brand/name selectors,2026-04-23
Jewson,Jewson,Jewson,node,5435868337,53.3809867,-1.4269168,,,,Hilti Store Manchester,Manchester,57.39,25+ km lower direct store threat,https://www.openstreetmap.org/node/5435868337,OpenStreetMap via Overpass API exact brand/name selectors,2026-04-23
Jewson,Jewson,Jewson,way,946059030,51.8195979,-0.8294552,,,,Hilti Store Edmonton,London,58.6,25+ km lower direct store threat,https://www.openstreetmap.org/way/946059030,OpenStreetMap via Overpass API exact brand/name selectors,2026-04-23
Jewson,Jewson,Jewson,way,583367866,50.9664036,-0.1700497,BN6 9LG,Goddards' Green,Cuckfield Road,Hilti Store Southwark,London,60.0,25+ km lower direct store threat,https://www.openstreetmap.org/way/583367866,OpenStreetMap via Overpass API exact brand/name selectors,2026-04-23
Jewson,Jewson,Jewson,way,1419400203,51.4268071,-0.9718679,RG2 0QQ,Reading,Basingstoke Road,Hilti Store Southwark,London,60.89,25+ km lower direct store threat,https://www.openstreetmap.org/way/1419400203,OpenStreetMap via Overpass API exact brand/name selectors,2026-04-23
Jewson,Jewson,Jewson,way,201078266,53.7804187,-1.5216171,,,,Hilti Store Manchester,Manchester,60.97,25+ km lower direct store threat,https://www.openstreetmap.org/way/201078266,OpenStreetMap via Overpass API exact brand/name selectors,2026-04-23
Jewson,Jewson,Jewson,way,69821108,51.3445855,0.7406068,,,,Hilti Store Southwark,London,61.04,25+ km lower direct store threat,https://www.openstreetmap.org/way/69821108,OpenStreetMap via Overpass API exact brand/name selectors,2026-04-23
Jewson,Jewson,Jewson,way,597889791,50.9537509,-0.1365358,RH15 9EQ,Burgess Hill,Station Road,Hilti Store Southwark,London,61.26,25+ km lower direct store threat,https://www.openstreetmap.org/way/597889791,OpenStreetMap via Overpass API exact brand/name selectors,2026-04-23
Jewson,Jewson,Jewson,way,227506295,53.4468122,-1.3541352,,,,Hilti Store Manchester,Manchester,61.39,25+ km lower direct store threat,https://www.openstreetmap.org/way/227506295,OpenStreetMap via Overpass API exact brand/name selectors,2026-04-23
Jewson,Jewson,Jewson,way,316730962,52.9021736,-1.2751993,,,Bridge Street,Hilti Store Birmingham,Birmingham,61.74,25+ km lower direct store threat,https://www.openstreetmap.org/way/316730962,OpenStreetMap via Overpass API exact brand/name selectors,2026-04-23
Jewson,Jewson,Jewson,way,1262489335,53.2448322,-1.427157,,,,Hilti Store Manchester,Manchester,61.83,25+ km lower direct store threat,https://www.openstreetmap.org/way/1262489335,OpenStreetMap via Overpass API exact brand/name selectors,2026-04-23
Jewson,Jewson,Jewson,way,235998499,52.73635,-2.7174058,SY1 4PR,Shrewsbury,Arlington Way,Hilti Store Birmingham,Birmingham,62.21,25+ km lower direct store threat,https://www.openstreetmap.org/way/235998499,OpenStreetMap via Overpass API exact brand/name selectors,2026-04-23
Jewson,Jewson,Jewson,way,494873901,50.9771761,0.221214,,Cross In Hand,,Hilti Store Southwark,London,62.78,25+ km lower direct store threat,https://www.openstreetmap.org/way/494873901,OpenStreetMap via Overpass API exact brand/name selectors,2026-04-23
Jewson,Jewson,Jewson,way,133315245,51.0891543,-0.7197262,GU27 1DB,Haslemere,Stonemans Yard,Hilti Store Southwark,London,63.06,25+ km lower direct store threat,https://www.openstreetmap.org/way/133315245,OpenStreetMap via Overpass API exact brand/name selectors,2026-04-23
Jewson,Jewson,Jewson,way,929379395,55.435732,-2.7578628,,,,Hilti Store Edinburgh,Edinburgh,63.37,25+ km lower direct store threat,https://www.openstreetmap.org/way/929379395,OpenStreetMap via Overpass API exact brand/name selectors,2026-04-23
Jewson,Jewson,Jewson,way,582946747,51.9997779,-0.7266687,,,,Hilti Store Edmonton,London,63.53,25+ km lower direct store threat,https://www.openstreetmap.org/way/582946747,OpenStreetMap via Overpass API exact brand/name selectors,2026-04-23
Jewson,Jewson,Jewson,way,583676047,52.2316494,-2.7415372,HR6 8DZ,,Bridge Street,Hilti Store Birmingham,Birmingham,64.6,25+ km lower direct store threat,https://www.openstreetmap.org/way/583676047,OpenStreetMap via Overpass API exact brand/name selectors,2026-04-23
Jewson,Jewson,Jewson,way,355132177,52.8479234,-2.7042163,,,,Hilti Store Liverpool,Liverpool,65.1,25+ km lower direct store threat,https://www.openstreetmap.org/way/355132177,OpenStreetMap via Overpass API exact brand/name selectors,2026-04-23
Jewson,Jewson,Jewson,way,587584474,51.9393008,-1.5552249,,,,Hilti Store Birmingham,Birmingham,65.39,25+ km lower direct store threat,https://www.openstreetmap.org/way/587584474,OpenStreetMap via Overpass API exact brand/name selectors,2026-04-23
Jewson,Jewson,Jewson,way,59923819,52.4797417,-0.9077305,,,,Hilti Store Birmingham,Birmingham,66.51,25+ km lower direct store threat,https://www.openstreetmap.org/way/59923819,OpenStreetMap via Overpass API exact brand/name selectors,2026-04-23
Jewson,Jewson,Jewson,node,2096557651,51.3326093,-2.205205,,,,Hilti Store Cardiff,Cardiff,67.77,25+ km lower direct store threat,https://www.openstreetmap.org/node/2096557651,OpenStreetMap via Overpass API exact brand/name selectors,2026-04-23
Jewson,Jewson,Jewson,way,511207633,53.7145691,-1.3364675,WF10 4SP,,Carr Wood Road,Hilti Store Manchester,Manchester,68.11,25+ km lower direct store threat,https://www.openstreetmap.org/way/511207633,OpenStreetMap via Overpass API exact brand/name selectors,2026-04-23
Jewson,Jewson,Jewson,way,1485803918,50.8749349,-2.956542,TA20 1EL,Chard,East Street,Hilti Store Cardiff,Cardiff,68.12,25+ km lower direct store threat,https://www.openstreetmap.org/way/1485803918,OpenStreetMap via Overpass API exact brand/name selectors,2026-04-23
Jewson,Jewson,Jewson,way,144429493,52.2143702,0.1488934,CB5 8HY,Cambridge,Mercers Row,Hilti Store Edmonton,London,68.25,25+ km lower direct store threat,https://www.openstreetmap.org/way/144429493,OpenStreetMap via Overpass API exact brand/name selectors,2026-04-23
Jewson,Jewson,Jewson,way,38630024,52.2098687,-0.294116,PE19 8JJ,St Neots,,Hilti Store Edmonton,London,68.54,25+ km lower direct store threat,https://www.openstreetmap.org/way/38630024,OpenStreetMap via Overpass API exact brand/name selectors,2026-04-23
Jewson,Jewson,Jewson,node,2277737924,51.5985421,-1.112754,,,,Hilti Store Southwark,London,70.68,25+ km lower direct store threat,https://www.openstreetmap.org/node/2277737924,OpenStreetMap via Overpass API exact brand/name selectors,2026-04-23
Jewson,Jewson,Jewson,way,170105970,51.271463,-1.0668859,RG24 8PY,Basingstoke,,Hilti Store Southwark,London,71.8,25+ km lower direct store threat,https://www.openstreetmap.org/way/170105970,OpenStreetMap via Overpass API exact brand/name selectors,2026-04-23
Jewson,Jewson,Jewson,way,442430655,52.0605697,-2.7116961,,,,Hilti Store Cardiff,Cardiff,71.93,25+ km lower direct store threat,https://www.openstreetmap.org/way/442430655,OpenStreetMap via Overpass API exact brand/name selectors,2026-04-23
Jewson,Jewson,Jewson,way,247047463,52.2337372,-0.9133128,NN5 5JW,Northampton,St James Mill Road,Hilti Store Birmingham,Birmingham,72.19,25+ km lower direct store threat,https://www.openstreetmap.org/way/247047463,OpenStreetMap via Overpass API exact brand/name selectors,2026-04-23
Jewson,Jewson,Jewson,way,161116132,51.6718428,-4.1526317,,,,Hilti Store Cardiff,Cardiff,72.33,25+ km lower direct store threat,https://www.openstreetmap.org/way/161116132,OpenStreetMap via Overpass API exact brand/name selectors,2026-04-23
Jewson,Jewson,Jewson,way,707243671,54.0594581,-2.8510482,LA3 3DT,Morecambe,White Lund Road,Hilti Store Liverpool,Liverpool,72.37,25+ km lower direct store threat,https://www.openstreetmap.org/way/707243671,OpenStreetMap via Overpass API exact brand/name selectors,2026-04-23
Jewson,Jewson,Jewson,way,44331795,52.9848523,-1.1873197,NG6 0JW,Nottingham,Mill Street,Hilti Store Birmingham,Birmingham,72.52,25+ km lower direct store threat,https://www.openstreetmap.org/way/44331795,OpenStreetMap via Overpass API exact brand/name selectors,2026-04-23
Jewson,Jewson,Jewson,way,370308155,53.1013023,-1.3774474,,,,Hilti Store Manchester,Manchester,72.55,25+ km lower direct store threat,https://www.openstreetmap.org/way/370308155,OpenStreetMap via Overpass API exact brand/name selectors,2026-04-23
Jewson,Jewson,Jewson,way,197714861,55.76136,-2.0235869,TD15 2XF,,Tweedside Industrial Estate,Hilti Store Edinburgh,Edinburgh,72.81,25+ km lower direct store threat,https://www.openstreetmap.org/way/197714861,OpenStreetMap via Overpass API exact brand/name selectors,2026-04-23
Jewson,Jewson,Jewson,way,121947425,51.0036979,0.6149461,TN31 6QP,,Coppards Lane,Hilti Store Southwark,London,74.74,25+ km lower direct store threat,https://www.openstreetmap.org/way/121947425,OpenStreetMap via Overpass API exact brand/name selectors,2026-04-23
Jewson,Jewson,Jewson,relation,10595686,50.8316829,-0.2119308,,,,Hilti Store Southwark,London,75.18,25+ km lower direct store threat,https://www.openstreetmap.org/relation/10595686,OpenStreetMap via Overpass API exact brand/name selectors,2026-04-23
Jewson,Jewson,Jewson,way,365406611,50.7990651,-3.1988806,,,,Hilti Store Cardiff,Cardiff,75.2,25+ km lower direct store threat,https://www.openstreetmap.org/way/365406611,OpenStreetMap via Overpass API exact brand/name selectors,2026-04-23
Jewson,Jewson,Jewson,way,369591302,52.9577987,-1.0804088,NG4 2JQ,Nottingham,Private Road No. 1,Hilti Store Birmingham,Birmingham,75.31,25+ km lower direct store threat,https://www.openstreetmap.org/way/369591302,OpenStreetMap via Overpass API exact brand/name selectors,2026-04-23
Jewson,Jewson,Jewson,way,1308420115,50.8603626,0.2535738,BN27 3JH,Hailsham,South Road,Hilti Store Southwark,London,75.76,25+ km lower direct store threat,https://www.openstreetmap.org/way/1308420115,OpenStreetMap via Overpass API exact brand/name selectors,2026-04-23
Jewson,Jewson,Jewson,way,234077512,50.8218966,-0.1242718,BN2 0DF,Brighton,Stevenson Road,Hilti Store Southwark,London,75.89,25+ km lower direct store threat,https://www.openstreetmap.org/way/234077512,OpenStreetMap via Overpass API exact brand/name selectors,2026-04-23
Jewson,Jewson,Jewson,way,398734705,51.0739633,-4.0592676,,,,Hilti Store Cardiff,Cardiff,77.08,25+ km lower direct store threat,https://www.openstreetmap.org/way/398734705,OpenStreetMap via Overpass API exact brand/name selectors,2026-04-23
Jewson,Jewson,Jewson,way,886651940,52.1528874,-3.3999482,,,,Hilti Store Cardiff,Cardiff,77.26,25+ km lower direct store threat,https://www.openstreetmap.org/way/886651940,OpenStreetMap via Overpass API exact brand/name selectors,2026-04-23
Jewson,Jewson,Jewson,node,1184576003,51.1505289,0.8589051,,,,Hilti Store Southwark,London,77.48,25+ km lower direct store threat,https://www.openstreetmap.org/node/1184576003,OpenStreetMap via Overpass API exact brand/name selectors,2026-04-23
Jewson,Jewson,Jewson,node,6491216379,56.6538107,-2.8804082,,,,Hilti Store Edinburgh,Edinburgh,78.15,25+ km lower direct store threat,https://www.openstreetmap.org/node/6491216379,OpenStreetMap via Overpass API exact brand/name selectors,2026-04-23
Jewson,Jewson,Jewson,way,467058293,52.4058481,-0.7436318,,,,Hilti Store Birmingham,Birmingham,78.25,25+ km lower direct store threat,https://www.openstreetmap.org/way/467058293,OpenStreetMap via Overpass API exact brand/name selectors,2026-04-23
Jewson,Jewson,Jewson,way,467058367,52.4098485,-0.7422839,,,,Hilti Store Birmingham,Birmingham,78.28,25+ km lower direct store threat,https://www.openstreetmap.org/way/467058367,OpenStreetMap via Overpass API exact brand/name selectors,2026-04-23
Jewson,Jewson,Jewson,way,979398016,50.816394,-0.3495964,BN11 2NU,Worthing,,Hilti Store Southwark,London,78.42,25+ km lower direct store threat,https://www.openstreetmap.org/way/979398016,OpenStreetMap via Overpass API exact brand/name selectors,2026-04-23
Jewson,Jewson,Jewson,way,570456631,53.2165269,-4.1087607,LL57 4YH,Bangor,,Hilti Store Liverpool,Liverpool,79.06,25+ km lower direct store threat,https://www.openstreetmap.org/way/570456631,OpenStreetMap via Overpass API exact brand/name selectors,2026-04-23
Jewson,Jewson,Jewson,way,1069902875,51.3582111,1.028966,,,,Hilti Store Edmonton,London,79.7,25+ km lower direct store threat,https://www.openstreetmap.org/way/1069902875,OpenStreetMap via Overpass API exact brand/name selectors,2026-04-23
Jewson,Jewson,Jewson,way,505946328,51.8989453,-1.1153472,,,,Hilti Store Edmonton,London,80.12,25+ km lower direct store threat,https://www.openstreetmap.org/way/505946328,OpenStreetMap via Overpass API exact brand/name selectors,2026-04-23
Jewson,Jewson,Jewson,way,722605096,53.1542436,-1.1911872,,,,Hilti Store Manchester,Manchester,80.33,25+ km lower direct store threat,https://www.openstreetmap.org/way/722605096,OpenStreetMap via Overpass API exact brand/name selectors,2026-04-23
Jewson,Jewson,Jewson,way,276275015,52.3372552,-0.0613583,,,,Hilti Store Edmonton,London,80.58,25+ km lower direct store threat,https://www.openstreetmap.org/way/276275015,OpenStreetMap via Overpass API exact brand/name selectors,2026-04-23
Jewson,Jewson,Jewson,way,546607545,52.3403393,-0.187099,PE29 7DA,Huntingdon,,Hilti Store Edmonton,London,81.48,25+ km lower direct store threat,https://www.openstreetmap.org/way/546607545,OpenStreetMap via Overpass API exact brand/name selectors,2026-04-23
Jewson,Jewson,Jewson,way,976669896,51.9027688,-1.1381436,OX26 4XZ,Bicester,,Hilti Store Edmonton,London,81.73,25+ km lower direct store threat,https://www.openstreetmap.org/way/976669896,OpenStreetMap via Overpass API exact brand/name selectors,2026-04-23
Jewson,Jewson,Jewson,way,28613340,50.8880174,0.5548161,TN37 7PY,Hastings,Sedlescombe Road North,Hilti Store Southwark,London,82.39,25+ km lower direct store threat,https://www.openstreetmap.org/way/28613340,OpenStreetMap via Overpass API exact brand/name selectors,2026-04-23
Jewson,Jewson,Jewson,way,1168367052,51.3600576,-1.9793026,,Devizes,London Road,Hilti Store Cardiff,Cardiff,82.53,25+ km lower direct store threat,https://www.openstreetmap.org/way/1168367052,OpenStreetMap via Overpass API exact brand/name selectors,2026-04-23
Jewson,Jewson,Jewson,way,392131285,50.8448607,0.4674033,TN39 3LG,Bexhill-on-Sea,Beeching Road,Hilti Store Southwark,London,83.37,25+ km lower direct store threat,https://www.openstreetmap.org/way/392131285,OpenStreetMap via Overpass API exact brand/name selectors,2026-04-23
Jewson,Jewson,Jewson,way,1433614758,51.7782957,-1.4839659,OX28 4BP,Witney,Station Lane,Hilti Store Birmingham,Birmingham,83.89,25+ km lower direct store threat,https://www.openstreetmap.org/way/1433614758,OpenStreetMap via Overpass API exact brand/name selectors,2026-04-23
Jewson,Jewson,Jewson,way,203677746,51.4001248,-1.3010484,RG14 5EA,,,Hilti Store Southwark,London,83.91,25+ km lower direct store threat,https://www.openstreetmap.org/way/203677746,OpenStreetMap via Overpass API exact brand/name selectors,2026-04-23
Jewson,Jewson,Jewson,node,583286357,50.7838034,-3.6453505,,,,Hilti Store Cardiff,Cardiff,84.1,25+ km lower direct store threat,https://www.openstreetmap.org/node/583286357,OpenStreetMap via Overpass API exact brand/name selectors,2026-04-23
Jewson,Jewson,Jewson,way,579041414,52.3161809,-0.6736857,NN8 4BH,Wellingborough,Meadow Close,Hilti Store Birmingham,Birmingham,84.75,25+ km lower direct store threat,https://www.openstreetmap.org/way/579041414,OpenStreetMap via Overpass API exact brand/name selectors,2026-04-23
Jewson,Jewson,Jewson,way,1309097518,51.9461773,1.0639405,,,,Hilti Store Edmonton,London,84.96,25+ km lower direct store threat,https://www.openstreetmap.org/way/1309097518,OpenStreetMap via Overpass API exact brand/name selectors,2026-04-23
Jewson,Jewson,Jewson,way,109611130,52.2960701,-0.621129,NN10 6BP,Rushden,Norris Way,Hilti Store Edmonton,London,85.57,25+ km lower direct store threat,https://www.openstreetmap.org/way/109611130,OpenStreetMap via Overpass API exact brand/name selectors,2026-04-23
Jewson,Jewson,Jewson,way,88374038,50.7214254,-3.4669921,EX2 7LA,Exeter,Kestrel Way,Hilti Store Cardiff,Cardiff,86.55,25+ km lower direct store threat,https://www.openstreetmap.org/way/88374038,OpenStreetMap via Overpass API exact brand/name selectors,2026-04-23
Jewson,Jewson,Jewson,node,349213500,52.2380719,0.7449608,,,,Hilti Store Edmonton,London,88.24,25+ km lower direct store threat,https://www.openstreetmap.org/node/349213500,OpenStreetMap via Overpass API exact brand/name selectors,2026-04-23
Jewson,Jewson,Jewson,way,1431537673,52.2381041,0.7460334,,Bury St Edmunds,Cratfield Road,Hilti Store Edmonton,London,88.29,25+ km lower direct store threat,https://www.openstreetmap.org/way/1431537673,OpenStreetMap via Overpass API exact brand/name selectors,2026-04-23
Jewson,Jewson,Jewson,way,690662475,50.8308244,-0.7896712,PO19 8UE,Chichester,Terminus Road,Hilti Store Southwark,London,88.93,25+ km lower direct store threat,https://www.openstreetmap.org/way/690662475,OpenStreetMap via Overpass API exact brand/name selectors,2026-04-23
Jewson,Jewson,Jewson,way,224247685,52.3908826,0.262232,CB7 4GA,Ely,Angel Drove,Hilti Store Edmonton,London,89.09,25+ km lower direct store threat,https://www.openstreetmap.org/way/224247685,OpenStreetMap via Overpass API exact brand/name selectors,2026-04-23
Jewson,Jewson,Jewson,way,52882620,53.3198559,-0.9401627,,,,Hilti Store Manchester,Manchester,90.39,25+ km lower direct store threat,https://www.openstreetmap.org/way/52882620,OpenStreetMap via Overpass API exact brand/name selectors,2026-04-23
Jewson,Jewson,Jewson,way,200236673,52.9321905,-4.0642999,,,,Hilti Store Liverpool,Liverpool,90.66,25+ km lower direct store threat,https://www.openstreetmap.org/way/200236673,OpenStreetMap via Overpass API exact brand/name selectors,2026-04-23
Jewson,Jewson,Jewson,way,200236602,52.9318301,-4.0649349,,,,Hilti Store Liverpool,Liverpool,90.72,25+ km lower direct store threat,https://www.openstreetmap.org/way/200236602,OpenStreetMap via Overpass API exact brand/name selectors,2026-04-23
Jewson,Jewson,Jewson,way,1007137743,55.4321831,-5.612841,,Campbeltown,Tarbert Road,Hilti Store Belfast,Belfast,91.82,25+ km lower direct store threat,https://www.openstreetmap.org/way/1007137743,OpenStreetMap via Overpass API exact brand/name selectors,2026-04-23
Jewson,Jewson,Jewson,way,844490136,51.0691891,1.0667218,CT21 6LG,Hythe,,Hilti Store Southwark,London,94.57,25+ km lower direct store threat,https://www.openstreetmap.org/way/844490136,OpenStreetMap via Overpass API exact brand/name selectors,2026-04-23
Jewson,Jewson,Jewson,way,292185523,50.8493914,-0.9933334,,Havant,Solent Road,Hilti Store Southwark,London,95.74,25+ km lower direct store threat,https://www.openstreetmap.org/way/292185523,OpenStreetMap via Overpass API exact brand/name selectors,2026-04-23
Jewson,Jewson,Jewson,way,1166193284,52.053591,1.151324,IP1 1UP,Ipswich,Grey Friars Road,Hilti Store Edmonton,London,95.84,25+ km lower direct store threat,https://www.openstreetmap.org/way/1166193284,OpenStreetMap via Overpass API exact brand/name selectors,2026-04-23
Jewson,Jewson,Jewson,node,11519205299,52.9086107,-0.6444002,,,,Hilti Store Birmingham,Birmingham,95.94,25+ km lower direct store threat,https://www.openstreetmap.org/node/11519205299,OpenStreetMap via Overpass API exact brand/name selectors,2026-04-23
Jewson,Jewson,Jewson,way,704470428,51.578713,-1.7742772,,,,Hilti Store Cardiff,Cardiff,96.23,25+ km lower direct store threat,https://www.openstreetmap.org/way/704470428,OpenStreetMap via Overpass API exact brand/name selectors,2026-04-23
Jewson,Jewson,Jewson,way,300705672,56.409154,-5.4683591,,,,Hilti Store Glasgow,Glasgow,96.41,25+ km lower direct store threat,https://www.openstreetmap.org/way/300705672,OpenStreetMap via Overpass API exact brand/name selectors,2026-04-23
Jewson,Jewson,Jewson,way,169564854,53.9594031,-1.0671123,YO10 3DS,York,Hazel Court,Hilti Store Manchester,Manchester,96.8,25+ km lower direct store threat,https://www.openstreetmap.org/way/169564854,OpenStreetMap via Overpass API exact brand/name selectors,2026-04-23
Jewson,Jewson,Jewson,way,162974146,53.9899635,-1.0963406,YO30 4WF,York,,Hilti Store Manchester,Manchester,97.19,25+ km lower direct store threat,https://www.openstreetmap.org/way/162974146,OpenStreetMap via Overpass API exact brand/name selectors,2026-04-23
Jewson,Jewson,Jewson,way,746679010,55.0684227,-3.5892672,DG1 2JR,Dumfries,,Hilti Store Glasgow,Glasgow,97.37,25+ km lower direct store threat,https://www.openstreetmap.org/way/746679010,OpenStreetMap via Overpass API exact brand/name selectors,2026-04-23
Jewson,Jewson,Jewson,node,345507071,52.0528731,1.1818603,,,,Hilti Store Edmonton,London,97.61,25+ km lower direct store threat,https://www.openstreetmap.org/node/345507071,OpenStreetMap via Overpass API exact brand/name selectors,2026-04-23
Jewson,Jewson,Jewson,way,205288425,50.7161777,-2.4509956,,,,Hilti Store Cardiff,Cardiff,97.64,25+ km lower direct store threat,https://www.openstreetmap.org/way/205288425,OpenStreetMap via Overpass API exact brand/name selectors,2026-04-23
Jewson,Jewson,Jewson,node,9028107094,51.0858683,1.1509683,,,,Hilti Store Southwark,London,98.75,25+ km lower direct store threat,https://www.openstreetmap.org/node/9028107094,OpenStreetMap via Overpass API exact brand/name selectors,2026-04-23
Jewson,Jewson,Jewson,way,992211870,50.742934,-3.9996286,,,,Hilti Store Cardiff,Cardiff,100.49,25+ km lower direct store threat,https://www.openstreetmap.org/way/992211870,OpenStreetMap via Overpass API exact brand/name selectors,2026-04-23
Jewson,Jewson,Jewson,way,1205148953,50.7926039,-0.9928524,PO11 0EL,Hayling Island,Station Road,Hilti Store Southwark,London,100.63,25+ km lower direct store threat,https://www.openstreetmap.org/way/1205148953,OpenStreetMap via Overpass API exact brand/name selectors,2026-04-23
Jewson,Jewson,Jewson,node,3600235508,54.3318389,-2.737186,LA9 6HR,Kendal,Stockbeck Mill,Hilti Store Manchester,Manchester,100.65,25+ km lower direct store threat,https://www.openstreetmap.org/node/3600235508,OpenStreetMap via Overpass API exact brand/name selectors,2026-04-23
Jewson,Jewson,Jewson,way,1318360372,53.4037626,-0.7509375,,,,Hilti Store Manchester,Manchester,101.59,25+ km lower direct store threat,https://www.openstreetmap.org/way/1318360372,OpenStreetMap via Overpass API exact brand/name selectors,2026-04-23
Jewson,Jewson,Jewson,way,452786008,51.2183347,-1.5095903,,,,Hilti Store Southwark,London,102.79,25+ km lower direct store threat,https://www.openstreetmap.org/way/452786008,OpenStreetMap via Overpass API exact brand/name selectors,2026-04-23
Jewson,Jewson,Jewson,way,25807526,52.0634421,1.2759989,,,,Hilti Store Edmonton,London,103.81,25+ km lower direct store threat,https://www.openstreetmap.org/way/25807526,OpenStreetMap via Overpass API exact brand/name selectors,2026-04-23
Jewson,Jewson,Jewson - Grahams,way,60730142,51.0632834,-1.7775123,,,,Hilti Store Cardiff,Cardiff,106.21,25+ km lower direct store threat,https://www.openstreetmap.org/way/60730142,OpenStreetMap via Overpass API exact brand/name selectors,2026-04-23
Jewson,Jewson,Jewson,way,425528706,54.3671446,-2.9171521,LA23 3AS,Bowness-on-Windermere,Longlands Road,Hilti Store Liverpool,Liverpool,106.24,25+ km lower direct store threat,https://www.openstreetmap.org/way/425528706,OpenStreetMap via Overpass API exact brand/name selectors,2026-04-23
Jewson,Jewson,Jewson,node,11845805296,52.0950322,1.321271,,,,Hilti Store Edmonton,London,108.21,25+ km lower direct store threat,https://www.openstreetmap.org/node/11845805296,OpenStreetMap via Overpass API exact brand/name selectors,2026-04-23
Jewson,Jewson,Jewson,node,11969438722,51.2268119,1.3962339,,,,Hilti Store Southwark,London,108.47,25+ km lower direct store threat,https://www.openstreetmap.org/node/11969438722,OpenStreetMap via Overpass API exact brand/name selectors,2026-04-23
Jewson,Jewson,Jewson,way,277113405,50.907732,-1.3379737,SO19 8NE,Southampton,Antelope Park,Hilti Store Southwark,London,108.71,25+ km lower direct store threat,https://www.openstreetmap.org/way/277113405,OpenStreetMap via Overpass API exact brand/name selectors,2026-04-23
Jewson,Jewson,Jewson,way,129707310,55.4097463,-1.6989246,,,,Hilti Store Edinburgh,Edinburgh,109.02,25+ km lower direct store threat,https://www.openstreetmap.org/way/129707310,OpenStreetMap via Overpass API exact brand/name selectors,2026-04-23
Jewson,Jewson,Jewson,way,205949221,50.533205,-3.5946676,,,,Hilti Store Cardiff,Cardiff,109.12,25+ km lower direct store threat,https://www.openstreetmap.org/way/205949221,OpenStreetMap via Overpass API exact brand/name selectors,2026-04-23
Jewson,Jewson,Jewson,node,4026152704,54.4122463,-1.7452654,,Richmond,Racecourse Road,Hilti Store Manchester,Manchester,110.74,25+ km lower direct store threat,https://www.openstreetmap.org/node/4026152704,OpenStreetMap via Overpass API exact brand/name selectors,2026-04-23
Jewson,Jewson,Jewson,way,161904345,50.8951385,-1.3689013,,Southampton,St Anne's Road,Hilti Store Southwark,London,111.28,25+ km lower direct store threat,https://www.openstreetmap.org/way/161904345,OpenStreetMap via Overpass API exact brand/name selectors,2026-04-23
Jewson,Jewson,Jewson,way,172650400,54.3441581,-1.4371285,,Northallerton,,Hilti Store Manchester,Manchester,112.05,25+ km lower direct store threat,https://www.openstreetmap.org/way/172650400,OpenStreetMap via Overpass API exact brand/name selectors,2026-04-23
Jewson,Jewson,Jewson,way,1075053462,52.8910231,-4.4056637,,,,Hilti Store Liverpool,Liverpool,112.21,25+ km lower direct store threat,https://www.openstreetmap.org/way/1075053462,OpenStreetMap via Overpass API exact brand/name selectors,2026-04-23
Jewson,Jewson,Jewson,way,1083883759,50.8001895,-1.9433883,,,,Hilti Store Cardiff,Cardiff,113.02,25+ km lower direct store threat,https://www.openstreetmap.org/way/1083883759,OpenStreetMap via Overpass API exact brand/name selectors,2026-04-23
Jewson,Jewson,Jewson,way,159054235,52.2363773,-4.2547448,SA46 0EA,Aberaeron,,Hilti Store Cardiff,Cardiff,113.46,25+ km lower direct store threat,https://www.openstreetmap.org/way/159054235,OpenStreetMap via Overpass API exact brand/name selectors,2026-04-23
Jewson,Jewson,Jewson,way,382481708,50.723832,-1.1557427,PO33 1HS,Ryde,St John's Hill,Hilti Store Southwark,London,113.77,25+ km lower direct store threat,https://www.openstreetmap.org/way/382481708,OpenStreetMap via Overpass API exact brand/name selectors,2026-04-23
Jewson,Jewson,Jewson,way,350862310,52.3701208,1.1212426,IP22 4GQ,Diss,Victoria Road,Hilti Store Edmonton,London,116.16,25+ km lower direct store threat,https://www.openstreetmap.org/way/350862310,OpenStreetMap via Overpass API exact brand/name selectors,2026-04-23
Jewson,Jewson,Jewson,node,6185606786,50.9303618,-1.5020035,,,,Hilti Store Southwark,London,116.55,25+ km lower direct store threat,https://www.openstreetmap.org/node/6185606786,OpenStreetMap via Overpass API exact brand/name selectors,2026-04-23
Jewson,Jewson,Jewson,way,280136929,53.2184289,-0.5608388,LN6 7RY,Lincoln,,Hilti Store Manchester,Manchester,117.49,25+ km lower direct store threat,https://www.openstreetmap.org/way/280136929,OpenStreetMap via Overpass API exact brand/name selectors,2026-04-23
Jewson,Jewson,Jewson,way,361033670,50.6615077,-1.1523752,PO36 8DY,Sandown,Avenue Road,Hilti Store Southwark,London,119.03,25+ km lower direct store threat,https://www.openstreetmap.org/way/361033670,OpenStreetMap via Overpass API exact brand/name selectors,2026-04-23
Jewson,Jewson,Jewson,way,554348308,52.4012613,-4.0405512,SY23 3HJ,Aberystwyth,Glanyrafon Industrial Estate,Hilti Store Cardiff,Cardiff,119.57,25+ km lower direct store threat,https://www.openstreetmap.org/way/554348308,OpenStreetMap via Overpass API exact brand/name selectors,2026-04-23
Jewson,Jewson,Jewson,way,197648042,54.8905711,-2.943315,CA2 5XH,,Junction Street,Hilti Store Edinburgh,Edinburgh,120.07,25+ km lower direct store threat,https://www.openstreetmap.org/way/197648042,OpenStreetMap via Overpass API exact brand/name selectors,2026-04-23
Jewson,Jewson,Jewson,way,197647803,54.8833981,-2.9054449,CA1 3NX,,Stephenson Road,Hilti Store Edinburgh,Edinburgh,121.13,25+ km lower direct store threat,https://www.openstreetmap.org/way/197647803,OpenStreetMap via Overpass API exact brand/name selectors,2026-04-23
Jewson,Jewson,Jewson,node,10686860551,50.7096128,-1.2943482,,,,Hilti Store Southwark,London,121.41,25+ km lower direct store threat,https://www.openstreetmap.org/node/10686860551,OpenStreetMap via Overpass API exact brand/name selectors,2026-04-23
Jewson,Jewson,Jewson,way,200347966,50.4337606,-3.6819926,,,,Hilti Store Cardiff,Cardiff,121.49,25+ km lower direct store threat,https://www.openstreetmap.org/way/200347966,OpenStreetMap via Overpass API exact brand/name selectors,2026-04-23
Jewson,Jewson,Jewson,node,4775264915,50.6934078,-1.2893567,PO30 1HQ,Newport,Medina Avenue,Hilti Store Southwark,London,122.5,25+ km lower direct store threat,https://www.openstreetmap.org/node/4775264915,OpenStreetMap via Overpass API exact brand/name selectors,2026-04-23
Jewson,Jewson,Jewson,node,5119218766,50.6963115,-1.2976259,PO30 1RT,Newport,Trafalgar Road,Hilti Store Southwark,London,122.65,25+ km lower direct store threat,https://www.openstreetmap.org/node/5119218766,OpenStreetMap via Overpass API exact brand/name selectors,2026-04-23
Jewson,Jewson,Jewson,node,4751077234,50.395255,-3.5249997,,,,Hilti Store Cardiff,Cardiff,122.8,25+ km lower direct store threat,https://www.openstreetmap.org/node/4751077234,OpenStreetMap via Overpass API exact brand/name selectors,2026-04-23
Jewson,Jewson,Jewson,way,601411687,51.6732819,-4.9049507,,,,Hilti Store Cardiff,Cardiff,122.92,25+ km lower direct store threat,https://www.openstreetmap.org/way/601411687,OpenStreetMap via Overpass API exact brand/name selectors,2026-04-23
Jewson,Jewson,Jewson,way,607933633,52.0800709,-4.659413,SA43 3AD,Cardigan / Aberteifi,Station Road,Hilti Store Cardiff,Cardiff,123.45,25+ km lower direct store threat,https://www.openstreetmap.org/way/607933633,OpenStreetMap via Overpass API exact brand/name selectors,2026-04-23
Jewson,Jewson,Jewson,way,427990570,52.8105744,-0.1355119,PE11 3UY,Spalding,,Hilti Store Birmingham,Birmingham,123.58,25+ km lower direct store threat,https://www.openstreetmap.org/way/427990570,OpenStreetMap via Overpass API exact brand/name selectors,2026-04-23
Jewson,Jewson,Jewson,way,918860345,50.544885,-4.1481114,,,,Hilti Store Cardiff,Cardiff,124.57,25+ km lower direct store threat,https://www.openstreetmap.org/way/918860345,OpenStreetMap via Overpass API exact brand/name selectors,2026-04-23
Jewson,Jewson,Jewson,way,167921233,50.6090121,-1.9684183,,,,Hilti Store Cardiff,Cardiff,127.09,25+ km lower direct store threat,https://www.openstreetmap.org/way/167921233,OpenStreetMap via Overpass API exact brand/name selectors,2026-04-23
Jewson,Jewson,Jewson,node,3874700882,54.5317138,-1.5501008,,Darlington,,Hilti Store Manchester,Manchester,127.61,25+ km lower direct store threat,https://www.openstreetmap.org/node/3874700882,OpenStreetMap via Overpass API exact brand/name selectors,2026-04-23
Jewson,Jewson,Jewson,way,1105022429,53.8385731,-0.4204977,HU17 0NU,Beverley,Flemingate,Hilti Store Manchester,Manchester,129.35,25+ km lower direct store threat,https://www.openstreetmap.org/way/1105022429,OpenStreetMap via Overpass API exact brand/name selectors,2026-04-23
Jewson,Jewson,Jewson,way,27625697,52.2110258,1.576298,IP16 4RD,,,Hilti Store Edmonton,London,129.72,25+ km lower direct store threat,https://www.openstreetmap.org/way/27625697,OpenStreetMap via Overpass API exact brand/name selectors,2026-04-23
Jewson,Jewson,Jewson,node,12692648284,51.8091235,-4.9636189,,,,Hilti Store Cardiff,Cardiff,130.21,25+ km lower direct store threat,https://www.openstreetmap.org/node/12692648284,OpenStreetMap via Overpass API exact brand/name selectors,2026-04-23
Jewson,Jewson,Jewson,node,12692648298,51.8090776,-4.9638418,,,,Hilti Store Cardiff,Cardiff,130.22,25+ km lower direct store threat,https://www.openstreetmap.org/node/12692648298,OpenStreetMap via Overpass API exact brand/name selectors,2026-04-23
Jewson,Jewson,Jewson,way,153678421,53.7663115,-0.3448895,HU5 1SW,Hull,,Hilti Store Manchester,Manchester,131.94,25+ km lower direct store threat,https://www.openstreetmap.org/way/153678421,OpenStreetMap via Overpass API exact brand/name selectors,2026-04-23
Jewson,Jewson,Jewson,way,195399236,52.8058392,0.0135629,PE12 7LR,Spalding,Boston Road,Hilti Store Edmonton,London,132.74,25+ km lower direct store threat,https://www.openstreetmap.org/way/195399236,OpenStreetMap via Overpass API exact brand/name selectors,2026-04-23
Jewson,Jewson,Jewson,way,1340575961,50.3871493,-3.955792,,,,Hilti Store Cardiff,Cardiff,133.32,25+ km lower direct store threat,https://www.openstreetmap.org/way/1340575961,OpenStreetMap via Overpass API exact brand/name selectors,2026-04-23
Jewson,Jewson,Jewson Building Materials,way,158194372,55.0514134,-1.747387,,,,Hilti Store Edinburgh,Edinburgh,133.89,25+ km lower direct store threat,https://www.openstreetmap.org/way/158194372,OpenStreetMap via Overpass API exact brand/name selectors,2026-04-23
Jewson,Jewson,Jewson,node,3828717626,54.642108,-1.6840677,,Bishop Auckland,,Hilti Store Manchester,Manchester,136.29,25+ km lower direct store threat,https://www.openstreetmap.org/node/3828717626,OpenStreetMap via Overpass API exact brand/name selectors,2026-04-23
Jewson,Jewson,Jewson,way,321491984,52.9728405,-0.0264921,PE21 8UA,Boston,,Hilti Store Birmingham,Birmingham,136.45,25+ km lower direct store threat,https://www.openstreetmap.org/way/321491984,OpenStreetMap via Overpass API exact brand/name selectors,2026-04-23
Jewson,Jewson,Jewson,node,4500550747,54.9694394,-1.8415605,,Prudhoe,Marquis Court,Hilti Store Edinburgh,Edinburgh,137.39,25+ km lower direct store threat,https://www.openstreetmap.org/node/4500550747,OpenStreetMap via Overpass API exact brand/name selectors,2026-04-23
Jewson,Jewson,Jewson,node,1548691040,54.5914861,-1.3496041,TS19 9PB,Stockton-on-Tees,Junction Road,Hilti Store Manchester,Manchester,138.99,25+ km lower direct store threat,https://www.openstreetmap.org/node/1548691040,OpenStreetMap via Overpass API exact brand/name selectors,2026-04-23
Jewson,Jewson,Jewson,way,1168367731,50.2772691,-3.7717263,TQ7 1JY,Kingsbridge,Embankment Road,Hilti Store Cardiff,Cardiff,140.01,25+ km lower direct store threat,https://www.openstreetmap.org/way/1168367731,OpenStreetMap via Overpass API exact brand/name selectors,2026-04-23
Jewson,Jewson,Jewson,way,726093001,50.3707483,-4.1312225,,,,Hilti Store Cardiff,Cardiff,140.54,25+ km lower direct store threat,https://www.openstreetmap.org/way/726093001,OpenStreetMap via Overpass API exact brand/name selectors,2026-04-23
Jewson,Jewson,Jewson,way,726093003,50.3702773,-4.1305957,,,,Hilti Store Cardiff,Cardiff,140.56,25+ km lower direct store threat,https://www.openstreetmap.org/way/726093003,OpenStreetMap via Overpass API exact brand/name selectors,2026-04-23
Jewson,Jewson,Jewson,way,32520267,52.6045693,1.2442014,NR4 6UE,Norwich,Newmarket Road,Hilti Store Edmonton,London,141.21,25+ km lower direct store threat,https://www.openstreetmap.org/way/32520267,OpenStreetMap via Overpass API exact brand/name selectors,2026-04-23
Jewson,Jewson,Jewson,node,4466284968,54.9646019,-1.7497357,,Ryton,Stargate Industrial Estate,Hilti Store Edinburgh,Edinburgh,141.32,25+ km lower direct store threat,https://www.openstreetmap.org/node/4466284968,OpenStreetMap via Overpass API exact brand/name selectors,2026-04-23
Jewson,Jewson,Jewson,node,939108767,54.573175,-1.208086,,,,Hilti Store Manchester,Manchester,141.51,25+ km lower direct store threat,https://www.openstreetmap.org/node/939108767,OpenStreetMap via Overpass API exact brand/name selectors,2026-04-23
Jewson,Jewson,Jewson,way,118152322,52.6054998,1.2868953,NR4 6ET,Norwich,Hall Road,Hilti Store Edmonton,London,143.13,25+ km lower direct store threat,https://www.openstreetmap.org/way/118152322,OpenStreetMap via Overpass API exact brand/name selectors,2026-04-23
Jewson,Jewson,Jewson,way,255556547,54.6618041,-1.4498221,TS21 3EE,Stockton-on-Tees,Salters Lane,Hilti Store Manchester,Manchester,143.44,25+ km lower direct store threat,https://www.openstreetmap.org/way/255556547,OpenStreetMap via Overpass API exact brand/name selectors,2026-04-23
Jewson,Jewson,Jewson,way,333354098,55.0050353,-1.6023572,,,,Hilti Store Edinburgh,Edinburgh,143.83,25+ km lower direct store threat,https://www.openstreetmap.org/way/333354098,OpenStreetMap via Overpass API exact brand/name selectors,2026-04-23
Jewson,Jewson,Jewson,node,4146454846,54.696239,-1.5913175,,Spennymoor,,Hilti Store Manchester,Manchester,143.84,25+ km lower direct store threat,https://www.openstreetmap.org/node/4146454846,OpenStreetMap via Overpass API exact brand/name selectors,2026-04-23
Jewson,Jewson,Jewson,node,4414921880,54.9581537,-1.6450995,,Gateshead,Flour Mill Road,Hilti Store Edinburgh,Edinburgh,146.04,25+ km lower direct store threat,https://www.openstreetmap.org/node/4414921880,OpenStreetMap via Overpass API exact brand/name selectors,2026-04-23
Jewson,Jewson,Jewson,node,4554149646,54.9640181,-1.6280171,NE4 7AQ,Newcastle upon Tyne,Maiden Street,Hilti Store Edinburgh,Edinburgh,146.23,25+ km lower direct store threat,https://www.openstreetmap.org/node/4554149646,OpenStreetMap via Overpass API exact brand/name selectors,2026-04-23
Jewson,Jewson,Jewson,way,1168367309,50.4547312,-4.4918231,,,,Hilti Store Cardiff,Cardiff,147.06,25+ km lower direct store threat,https://www.openstreetmap.org/way/1168367309,OpenStreetMap via Overpass API exact brand/name selectors,2026-04-23
Jewson,Jewson,Jewson,way,132697748,52.657213,1.2829143,,,,Hilti Store Edmonton,London,147.41,25+ km lower direct store threat,https://www.openstreetmap.org/way/132697748,OpenStreetMap via Overpass API exact brand/name selectors,2026-04-23
Jewson,Jewson,Jewson,way,132013203,54.9673218,-1.5767465,NE6 1AQ,Newcastle upon Tyne,Saint Lawrence Road,Hilti Store Edinburgh,Edinburgh,148.07,25+ km lower direct store threat,https://www.openstreetmap.org/way/132013203,OpenStreetMap via Overpass API exact brand/name selectors,2026-04-23
Jewson,Jewson,Jewson,way,1361117362,54.8468756,-1.8332942,,,,Hilti Store Edinburgh,Edinburgh,148.95,25+ km lower direct store threat,https://www.openstreetmap.org/way/1361117362,OpenStreetMap via Overpass API exact brand/name selectors,2026-04-23
Jewson,Jewson,Jewson,way,391449935,52.8375357,0.8701946,,,,Hilti Store Edmonton,London,149.85,25+ km lower direct store threat,https://www.openstreetmap.org/way/391449935,OpenStreetMap via Overpass API exact brand/name selectors,2026-04-23
Jewson,Jewson,Jewson,node,10799508595,57.1899094,-2.099504,AB23 8HE,Aberdeen,The Parkway,Hilti Store Edinburgh,Edinburgh,150.17,25+ km lower direct store threat,https://www.openstreetmap.org/node/10799508595,OpenStreetMap via Overpass API exact brand/name selectors,2026-04-23
Jewson,Jewson,Jewson,way,174929010,54.2823434,-0.4078893,,,,Hilti Store Manchester,Manchester,152.58,25+ km lower direct store threat,https://www.openstreetmap.org/way/174929010,OpenStreetMap via Overpass API exact brand/name selectors,2026-04-23
Jewson,Jewson,Jewson,node,4019806936,54.8887719,-1.5754038,,Chester-le-Street,Durham Road,Hilti Store Edinburgh,Edinburgh,154.83,25+ km lower direct store threat,https://www.openstreetmap.org/node/4019806936,OpenStreetMap via Overpass API exact brand/name selectors,2026-04-23
Jewson,Jewson,Jewson,way,1415433703,52.4711001,1.7449264,,,,Hilti Store Edmonton,London,155.35,25+ km lower direct store threat,https://www.openstreetmap.org/way/1415433703,OpenStreetMap via Overpass API exact brand/name selectors,2026-04-23
Jewson,Jewson,Jewson,node,2030933229,54.4718568,-0.596282,,,,Hilti Store Manchester,Manchester,156.87,25+ km lower direct store threat,https://www.openstreetmap.org/node/2030933229,OpenStreetMap via Overpass API exact brand/name selectors,2026-04-23
Jewson,Jewson,Jewson,node,10949107121,50.4718237,-4.7430038,,,,Hilti Store Cardiff,Cardiff,157.46,25+ km lower direct store threat,https://www.openstreetmap.org/node/10949107121,OpenStreetMap via Overpass API exact brand/name selectors,2026-04-23
Jewson,Jewson,Jewson,way,307069773,50.5233185,-4.8244056,,,,Hilti Store Cardiff,Cardiff,157.59,25+ km lower direct store threat,https://www.openstreetmap.org/way/307069773,OpenStreetMap via Overpass API exact brand/name selectors,2026-04-23
Jewson,Jewson,Jewson,way,206252936,52.5956268,1.7225765,,,,Hilti Store Edmonton,London,162.95,25+ km lower direct store threat,https://www.openstreetmap.org/way/206252936,OpenStreetMap via Overpass API exact brand/name selectors,2026-04-23
Jewson,Jewson,Jewson,way,177600754,50.3430157,-4.7546979,PL25 3HQ,St Austell,Manfield Way,Hilti Store Cardiff,Cardiff,168.56,25+ km lower direct store threat,https://www.openstreetmap.org/way/177600754,OpenStreetMap via Overpass API exact brand/name selectors,2026-04-23
Jewson,Jewson,Jewson,way,210039667,52.9265632,1.2836884,,,,Hilti Store Edmonton,London,171.88,25+ km lower direct store threat,https://www.openstreetmap.org/way/210039667,OpenStreetMap via Overpass API exact brand/name selectors,2026-04-23
Jewson,Jewson,Jewson,node,1275077311,57.494298,-4.226636,,,,Hilti Store Glasgow,Glasgow,182.5,25+ km lower direct store threat,https://www.openstreetmap.org/node/1275077311,OpenStreetMap via Overpass API exact brand/name selectors,2026-04-23
Jewson,Jewson,Jewson,way,318307234,57.2436679,-5.9180584,,,,Hilti Store Glasgow,Glasgow,184.53,25+ km lower direct store threat,https://www.openstreetmap.org/way/318307234,OpenStreetMap via Overpass API exact brand/name selectors,2026-04-23
Jewson,Jewson,Jewson,way,470744756,57.6937812,-4.1741186,IV18 0SA,Invergordon,Davidson Drive,Hilti Store Edinburgh,Edinburgh,202.4,25+ km lower direct store threat,https://www.openstreetmap.org/way/470744756,OpenStreetMap via Overpass API exact brand/name selectors,2026-04-23
Jewson,Jewson,Jewsons,way,546595300,50.2275162,-5.2633168,,,,Hilti Store Cardiff,Cardiff,202.81,25+ km lower direct store threat,https://www.openstreetmap.org/way/546595300,OpenStreetMap via Overpass API exact brand/name selectors,2026-04-23
Jewson,Jewson,Jewson,way,260680729,57.4177891,-6.2099003,IV51 9HQ,,Dunvegan Road,Hilti Store Glasgow,Glasgow,210.4,25+ km lower direct store threat,https://www.openstreetmap.org/way/260680729,OpenStreetMap via Overpass API exact brand/name selectors,2026-04-23
Jewson,Jewson,Jewson,way,67021420,50.1848593,-5.4238258,,,,Hilti Store Cardiff,Cardiff,214.37,25+ km lower direct store threat,https://www.openstreetmap.org/way/67021420,OpenStreetMap via Overpass API exact brand/name selectors,2026-04-23
Jewson,Jewson,Jewson,node,12956822725,50.1843609,-5.4251839,,,,Hilti Store Cardiff,Cardiff,214.47,25+ km lower direct store threat,https://www.openstreetmap.org/node/12956822725,OpenStreetMap via Overpass API exact brand/name selectors,2026-04-23
Jewson,Jewson,Jewson,way,114253237,58.9924809,-2.9755293,KW15 1GG,"Hatston, Kirkwall",Grainshore Drive,Hilti Store Edinburgh,Edinburgh,336.76,25+ km lower direct store threat,https://www.openstreetmap.org/way/114253237,OpenStreetMap via Overpass API exact brand/name selectors,2026-04-23
MKM Building Supplies,MKM Building Supplies | MKM,MKM Building Supplies,node,11833734870,51.4970009,-3.1502427,,,,Hilti Store Cardiff,Cardiff,2.49,2-5 km strong urban overlap,https://www.openstreetmap.org/node/11833734870,OpenStreetMap via Overpass API exact brand/name selectors,2026-04-23
MKM Building Supplies,MKM Building Supplies | MKM,MKM,way,166423435,53.473307,-2.3443404,,,,Hilti Store Manchester,Manchester,4.26,2-5 km strong urban overlap,https://www.openstreetmap.org/way/166423435,OpenStreetMap via Overpass API exact brand/name selectors,2026-04-23
MKM Building Supplies,MKM Building Supplies | MKM,MKM Building Supplies,way,875806061,55.9229911,-3.269725,,,,Hilti Store Edinburgh,Edinburgh,9.74,5-10 km metro overlap,https://www.openstreetmap.org/way/875806061,OpenStreetMap via Overpass API exact brand/name selectors,2026-04-23
MKM Building Supplies,MKM Building Supplies | MKM,MKM,way,1156808935,53.562203,-2.4125172,,,,Hilti Store Manchester,Manchester,13.67,10-25 km regional catchment,https://www.openstreetmap.org/way/1156808935,OpenStreetMap via Overpass API exact brand/name selectors,2026-04-23
MKM Building Supplies,MKM Building Supplies | MKM,MKM Building Supplies,way,1233229960,53.596102,-2.3039297,BL9 0AP,Bury,,Hilti Store Manchester,Manchester,14.38,10-25 km regional catchment,https://www.openstreetmap.org/way/1233229960,OpenStreetMap via Overpass API exact brand/name selectors,2026-04-23
MKM Building Supplies,MKM Building Supplies | MKM,MKM Building Supplies,way,655121917,56.1239224,-3.1492438,,,,Hilti Store Edinburgh,Edinburgh,17.69,10-25 km regional catchment,https://www.openstreetmap.org/way/655121917,OpenStreetMap via Overpass API exact brand/name selectors,2026-04-23
MKM Building Supplies,MKM Building Supplies | MKM,MKM Building Supplies,way,709670732,53.4013153,-2.5948792,WA2 8HQ,Warrington,Winwick Road,Hilti Store Manchester,Manchester,22.07,10-25 km regional catchment,https://www.openstreetmap.org/way/709670732,OpenStreetMap via Overpass API exact brand/name selectors,2026-04-23
MKM Building Supplies,MKM Building Supplies | MKM,MKM Building Supplies,way,262532815,53.6403447,-2.9695645,,Southport,Crowland Street,Hilti Store Liverpool,Liverpool,25.38,25+ km lower direct store threat,https://www.openstreetmap.org/way/262532815,OpenStreetMap via Overpass API exact brand/name selectors,2026-04-23
MKM Building Supplies,MKM Building Supplies | MKM,MKM Building Supplies,way,944186212,53.789589,-2.2878531,,,,Hilti Store Manchester,Manchester,35.82,25+ km lower direct store threat,https://www.openstreetmap.org/way/944186212,OpenStreetMap via Overpass API exact brand/name selectors,2026-04-23
MKM Building Supplies,MKM Building Supplies | MKM,MKM Building Supplies,way,624820503,51.7429418,0.5055094,CM2 6TE,Chelmsford,Montrose Road,Hilti Store Edmonton,London,40.77,25+ km lower direct store threat,https://www.openstreetmap.org/way/624820503,OpenStreetMap via Overpass API exact brand/name selectors,2026-04-23
MKM Building Supplies,MKM Building Supplies | MKM,MKM Building Supplies,way,695372338,53.7887328,-2.9871741,FY4 5NZ,Blackpool,Hallam Way,Hilti Store Liverpool,Liverpool,41.9,25+ km lower direct store threat,https://www.openstreetmap.org/way/695372338,OpenStreetMap via Overpass API exact brand/name selectors,2026-04-23
MKM Building Supplies,MKM Building Supplies | MKM,MKM Building Supplies,way,91897997,53.0954328,-2.4313616,CW1 6DG,Crewe,Macon Way,Hilti Store Manchester,Manchester,42.57,25+ km lower direct store threat,https://www.openstreetmap.org/way/91897997,OpenStreetMap via Overpass API exact brand/name selectors,2026-04-23
MKM Building Supplies,MKM Building Supplies | MKM,MKM,way,831327488,55.609139,-2.7878937,,,,Hilti Store Edinburgh,Edinburgh,45.06,25+ km lower direct store threat,https://www.openstreetmap.org/way/831327488,OpenStreetMap via Overpass API exact brand/name selectors,2026-04-23
MKM Building Supplies,MKM Building Supplies | MKM,MKM,node,13036994306,56.378326,-3.4290274,,,,Hilti Store Edinburgh,Edinburgh,49.48,25+ km lower direct store threat,https://www.openstreetmap.org/node/13036994306,OpenStreetMap via Overpass API exact brand/name selectors,2026-04-23
MKM Building Supplies,MKM Building Supplies | MKM,MKM Building Supplies,way,957243356,56.3841427,-3.4355974,PH2 0NJ,Perth,Glenearn Road,Hilti Store Edinburgh,Edinburgh,50.23,25+ km lower direct store threat,https://www.openstreetmap.org/way/957243356,OpenStreetMap via Overpass API exact brand/name selectors,2026-04-23
MKM Building Supplies,MKM Building Supplies | MKM,MKM Building Supplies,way,332536204,52.9851935,-2.1755777,ST4 4DD,,,Hilti Store Manchester,Manchester,54.09,25+ km lower direct store threat,https://www.openstreetmap.org/way/332536204,OpenStreetMap via Overpass API exact brand/name selectors,2026-04-23
MKM Building Supplies,MKM Building Supplies | MKM,MKM Building Supplies,node,9035124253,52.9129907,-1.4491913,DE24 8ZY,Derby,Murdoch Road,Hilti Store Birmingham,Birmingham,55.58,25+ km lower direct store threat,https://www.openstreetmap.org/node/9035124253,OpenStreetMap via Overpass API exact brand/name selectors,2026-04-23
MKM Building Supplies,MKM Building Supplies | MKM,MKM Building Supplies,way,913774899,53.7823224,-1.5949564,,,,Hilti Store Manchester,Manchester,57.19,25+ km lower direct store threat,https://www.openstreetmap.org/way/913774899,OpenStreetMap via Overpass API exact brand/name selectors,2026-04-23
MKM Building Supplies,MKM Building Supplies | MKM,MKM,way,1177330323,53.6972034,-1.5048571,,,,Hilti Store Manchester,Manchester,57.24,25+ km lower direct store threat,https://www.openstreetmap.org/way/1177330323,OpenStreetMap via Overpass API exact brand/name selectors,2026-04-23
MKM Building Supplies,MKM Building Supplies | MKM,MKM,relation,19021556,52.7043031,-2.7416314,SY3 7ET,Shrewsbury,Old Potts Way,Hilti Store Birmingham,Birmingham,62.25,25+ km lower direct store threat,https://www.openstreetmap.org/relation/19021556,OpenStreetMap via Overpass API exact brand/name selectors,2026-04-23
MKM Building Supplies,MKM Building Supplies | MKM,MKM,way,1388829895,51.9159844,-2.0971199,,,,Hilti Store Birmingham,Birmingham,65.42,25+ km lower direct store threat,https://www.openstreetmap.org/way/1388829895,OpenStreetMap via Overpass API exact brand/name selectors,2026-04-23
MKM Building Supplies,MKM Building Supplies | MKM,MKM,way,774629125,53.7178014,-1.3790233,WF10 5NN,Castleford,Willowbridge Lane,Hilti Store Manchester,Manchester,65.7,25+ km lower direct store threat,https://www.openstreetmap.org/way/774629125,OpenStreetMap via Overpass API exact brand/name selectors,2026-04-23
MKM Building Supplies,MKM Building Supplies | MKM,MKM,way,937747202,51.9308146,-2.3951875,,,,Hilti Store Birmingham,Birmingham,71.12,25+ km lower direct store threat,https://www.openstreetmap.org/way/937747202,OpenStreetMap via Overpass API exact brand/name selectors,2026-04-23
MKM Building Supplies,MKM Building Supplies | MKM,MKM Building Supplies,way,1320447568,51.8194904,-2.2742859,GL2 2JZ,Gloucester,Newhaven Road,Hilti Store Cardiff,Cardiff,71.86,25+ km lower direct store threat,https://www.openstreetmap.org/way/1320447568,OpenStreetMap via Overpass API exact brand/name selectors,2026-04-23
MKM Building Supplies,MKM Building Supplies | MKM,MKM Building Supplies,way,1315197534,56.5493115,-2.6151687,DD11 2EE,Arbroath,Dundee Road,Hilti Store Edinburgh,Edinburgh,72.4,25+ km lower direct store threat,https://www.openstreetmap.org/way/1315197534,OpenStreetMap via Overpass API exact brand/name selectors,2026-04-23
MKM Building Supplies,MKM Building Supplies | MKM,MKM,way,358633066,51.8979496,0.9015487,CO1 1BX,Colchester,Mason Road,Hilti Store Edmonton,London,72.6,25+ km lower direct store threat,https://www.openstreetmap.org/way/358633066,OpenStreetMap via Overpass API exact brand/name selectors,2026-04-23
MKM Building Supplies,MKM Building Supplies | MKM,MKM,way,1217382589,52.9583373,-1.0758535,NG4 2SZ,Nottingham,,Hilti Store Birmingham,Birmingham,75.58,25+ km lower direct store threat,https://www.openstreetmap.org/way/1217382589,OpenStreetMap via Overpass API exact brand/name selectors,2026-04-23
MKM Building Supplies,MKM Building Supplies | MKM,MKM Building Supplies,node,8743485609,52.5049489,-0.6781617,,,,Hilti Store Birmingham,Birmingham,82.04,25+ km lower direct store threat,https://www.openstreetmap.org/node/8743485609,OpenStreetMap via Overpass API exact brand/name selectors,2026-04-23
MKM Building Supplies,MKM Building Supplies | MKM,MKM Building Supplies,way,151331921,51.272751,1.0648986,CT1 3RR,Canterbury,,Hilti Store Southwark,London,84.95,25+ km lower direct store threat,https://www.openstreetmap.org/way/151331921,OpenStreetMap via Overpass API exact brand/name selectors,2026-04-23
MKM Building Supplies,MKM Building Supplies | MKM,MKM Building Supplies,way,1149541955,53.7666732,-1.0687955,,,,Hilti Store Manchester,Manchester,86.58,25+ km lower direct store threat,https://www.openstreetmap.org/way/1149541955,OpenStreetMap via Overpass API exact brand/name selectors,2026-04-23
MKM Building Supplies,MKM Building Supplies | MKM,MKM Building Supplies,way,162974153,53.9887033,-1.0964912,YO30 4XF,York,Kettlestring Lane,Hilti Store Manchester,Manchester,97.1,25+ km lower direct store threat,https://www.openstreetmap.org/way/162974153,OpenStreetMap via Overpass API exact brand/name selectors,2026-04-23
MKM Building Supplies,MKM Building Supplies | MKM,MKM,way,1184191005,50.9748549,-1.3671187,SO50 4DP,Eastleigh,,Hilti Store Southwark,London,105.95,25+ km lower direct store threat,https://www.openstreetmap.org/way/1184191005,OpenStreetMap via Overpass API exact brand/name selectors,2026-04-23
MKM Building Supplies,MKM Building Supplies | MKM,MKM,node,10049718830,53.6040301,-0.6486149,,,,Hilti Store Manchester,Manchester,108.92,25+ km lower direct store threat,https://www.openstreetmap.org/node/10049718830,OpenStreetMap via Overpass API exact brand/name selectors,2026-04-23
MKM Building Supplies,MKM Building Supplies | MKM,MKM Building Supplies,way,1138258405,55.3983988,-1.6907197,,Alnwick,Oak Drive,Hilti Store Edinburgh,Edinburgh,110.18,25+ km lower direct store threat,https://www.openstreetmap.org/way/1138258405,OpenStreetMap via Overpass API exact brand/name selectors,2026-04-23
MKM Building Supplies,MKM Building Supplies | MKM,MKM Building Supplies,way,1255768364,54.9259045,-2.9619129,CA6 4SQ,Carlisle,,Hilti Store Edinburgh,Edinburgh,116.05,25+ km lower direct store threat,https://www.openstreetmap.org/way/1255768364,OpenStreetMap via Overpass API exact brand/name selectors,2026-04-23
MKM Building Supplies,MKM Building Supplies | MKM,MKM Building Supplies,way,186827620,53.7473015,-0.422459,,,,Hilti Store Manchester,Manchester,126.48,25+ km lower direct store threat,https://www.openstreetmap.org/way/186827620,OpenStreetMap via Overpass API exact brand/name selectors,2026-04-23
MKM Building Supplies,MKM Building Supplies | MKM,MKM,way,96307939,54.5331113,-1.550344,,,,Hilti Store Manchester,Manchester,127.74,25+ km lower direct store threat,https://www.openstreetmap.org/way/96307939,OpenStreetMap via Overpass API exact brand/name selectors,2026-04-23
MKM Building Supplies,MKM Building Supplies | MKM,MKM Building Supplies,way,349039236,54.9788981,-2.089874,,Hexham,,Hilti Store Edinburgh,Edinburgh,127.83,25+ km lower direct store threat,https://www.openstreetmap.org/way/349039236,OpenStreetMap via Overpass API exact brand/name selectors,2026-04-23
MKM Building Supplies,MKM Building Supplies | MKM,MKM Building Supplies,way,122673093,53.8449801,-0.4076006,HU17 0JX,Beverley,Swinemoor Lane,Hilti Store Manchester,Manchester,130.37,25+ km lower direct store threat,https://www.openstreetmap.org/way/122673093,OpenStreetMap via Overpass API exact brand/name selectors,2026-04-23
MKM Building Supplies,MKM Building Supplies | MKM,MKM Building Supplies,way,305234410,54.0044363,-0.4428258,YO25 6TS,Driffield,Mill Street,Hilti Store Manchester,Manchester,134.82,25+ km lower direct store threat,https://www.openstreetmap.org/way/305234410,OpenStreetMap via Overpass API exact brand/name selectors,2026-04-23
MKM Building Supplies,MKM Building Supplies | MKM,MKM Building Supplies,way,1157508140,54.638767,-1.6899768,DL14 9AE,Bishop Auckland,,Hilti Store Manchester,Manchester,135.83,25+ km lower direct store threat,https://www.openstreetmap.org/way/1157508140,OpenStreetMap via Overpass API exact brand/name selectors,2026-04-23
MKM Building Supplies,MKM Building Supplies | MKM,MKM,way,394956757,52.6735821,0.9498316,,,,Hilti Store Edmonton,London,136.18,25+ km lower direct store threat,https://www.openstreetmap.org/way/394956757,OpenStreetMap via Overpass API exact brand/name selectors,2026-04-23
MKM Building Supplies,MKM Building Supplies | MKM,MKM Building Supplies,way,40188954,50.3894357,-4.0669722,PL7 4NF,Plymouth,Plymouth Road,Hilti Store Cardiff,Cardiff,136.55,25+ km lower direct store threat,https://www.openstreetmap.org/way/40188954,OpenStreetMap via Overpass API exact brand/name selectors,2026-04-23
MKM Building Supplies,MKM Building Supplies | MKM,MKM Building Supplies,way,1114875098,54.6712423,-2.7722371,CA11 9FW,Penrith,Cowper Road,Hilti Store Manchester,Manchester,137.64,25+ km lower direct store threat,https://www.openstreetmap.org/way/1114875098,OpenStreetMap via Overpass API exact brand/name selectors,2026-04-23
MKM Building Supplies,MKM Building Supplies | MKM,MKM Building Supplies,way,679698394,57.2012517,-3.8207227,PH22 1ST,Aviemore,Dalfaber Industrial Estate,Hilti Store Edinburgh,Edinburgh,143.77,25+ km lower direct store threat,https://www.openstreetmap.org/way/679698394,OpenStreetMap via Overpass API exact brand/name selectors,2026-04-23
MKM Building Supplies,MKM Building Supplies | MKM,MKM Building Supplies,way,333527161,55.0217365,-1.5386165,,,,Hilti Store Edinburgh,Edinburgh,145.19,25+ km lower direct store threat,https://www.openstreetmap.org/way/333527161,OpenStreetMap via Overpass API exact brand/name selectors,2026-04-23
MKM Building Supplies,MKM Building Supplies | MKM,MKM Building Supples,way,1377872250,57.1474617,-2.0850839,AB11 5AN,Aberdeen,Miller Street,Hilti Store Edinburgh,Edinburgh,146.3,25+ km lower direct store threat,https://www.openstreetmap.org/way/1377872250,OpenStreetMap via Overpass API exact brand/name selectors,2026-04-23
MKM Building Supplies,MKM Building Supplies | MKM,MKM Building Supplies,node,12163398114,53.5659187,-0.0682837,DN32 8AL,Grimsby,Eleanor Street,Hilti Store Manchester,Manchester,146.68,25+ km lower direct store threat,https://www.openstreetmap.org/node/12163398114,OpenStreetMap via Overpass API exact brand/name selectors,2026-04-23
MKM Building Supplies,MKM Building Supplies | MKM,MKM Building Supplies,node,12475992327,53.380295,-0.0120109,LN11 0YZ,Louth,Tattershall Way,Hilti Store Manchester,Manchester,150.64,25+ km lower direct store threat,https://www.openstreetmap.org/node/12475992327,OpenStreetMap via Overpass API exact brand/name selectors,2026-04-23
MKM Building Supplies,MKM Building Supplies | MKM,MKM Building Supplies,way,664893974,54.2643405,-0.4156498,,,,Hilti Store Manchester,Manchester,151.01,25+ km lower direct store threat,https://www.openstreetmap.org/way/664893974,OpenStreetMap via Overpass API exact brand/name selectors,2026-04-23
MKM Building Supplies,MKM Building Supplies | MKM,MKM Building Supplies,way,1329317646,54.6787208,-1.2018372,TS25 1RH,Hartlepool,,Hilti Store Manchester,Manchester,151.96,25+ km lower direct store threat,https://www.openstreetmap.org/way/1329317646,OpenStreetMap via Overpass API exact brand/name selectors,2026-04-23
MKM Building Supplies,MKM Building Supplies | MKM,MKM Building Supplies,way,675797263,54.7792805,-1.5374672,,,,Hilti Store Manchester,Manchester,153.69,25+ km lower direct store threat,https://www.openstreetmap.org/way/675797263,OpenStreetMap via Overpass API exact brand/name selectors,2026-04-23
MKM Building Supplies,MKM Building Supplies | MKM,MKM Building Supplies,way,424526567,54.7627775,-1.3704721,SR8 2HY,Peterlee,Cook Way,Hilti Store Manchester,Manchester,155.77,25+ km lower direct store threat,https://www.openstreetmap.org/way/424526567,OpenStreetMap via Overpass API exact brand/name selectors,2026-04-23
MKM Building Supplies,MKM Building Supplies | MKM,MKM,node,2030934802,54.4703137,-0.5958987,,,,Hilti Store Manchester,Manchester,156.77,25+ km lower direct store threat,https://www.openstreetmap.org/node/2030934802,OpenStreetMap via Overpass API exact brand/name selectors,2026-04-23
MKM Building Supplies,MKM Building Supplies | MKM,MKM,way,64864279,54.8781945,-1.3605816,,,,Hilti Store Edinburgh,Edinburgh,164.64,25+ km lower direct store threat,https://www.openstreetmap.org/way/64864279,OpenStreetMap via Overpass API exact brand/name selectors,2026-04-23
MKM Building Supplies,MKM Building Supplies | MKM,MKM Building Supplies,way,229040618,52.8271772,1.3682697,NR28 0NB,Norwich,Cromer Road,Hilti Store Edmonton,London,165.93,25+ km lower direct store threat,https://www.openstreetmap.org/way/229040618,OpenStreetMap via Overpass API exact brand/name selectors,2026-04-23
MKM Building Supplies,MKM Building Supplies | MKM,MKM,way,958580662,50.2223089,-5.2766994,TR14 8SA,Camborne,Kerrier Way,Hilti Store Cardiff,Cardiff,203.89,25+ km lower direct store threat,https://www.openstreetmap.org/way/958580662,OpenStreetMap via Overpass API exact brand/name selectors,2026-04-23
Screwfix,Screwfix,Screwfix,node,12140884157,55.8531632,-4.2735617,,,,Hilti Store Glasgow,Glasgow,0.05,0-2 km direct local threat,https://www.openstreetmap.org/node/12140884157,OpenStreetMap via Overpass API exact brand/name selectors,2026-04-23
Screwfix,Screwfix,Screwfix,way,29493325,55.9639631,-3.1311943,,,,Hilti Store Edinburgh,Edinburgh,0.15,0-2 km direct local threat,https://www.openstreetmap.org/way/29493325,OpenStreetMap via Overpass API exact brand/name selectors,2026-04-23
Screwfix,Screwfix,Screwfix,way,81975249,51.6117838,-0.0447662,,,,Hilti Store Edmonton,London,0.19,0-2 km direct local threat,https://www.openstreetmap.org/way/81975249,OpenStreetMap via Overpass API exact brand/name selectors,2026-04-23
Screwfix,Screwfix,Screwfix,node,12734474455,51.4755535,-3.1587593,,,,Hilti Store Cardiff,Cardiff,0.26,0-2 km direct local threat,https://www.openstreetmap.org/node/12734474455,OpenStreetMap via Overpass API exact brand/name selectors,2026-04-23
Screwfix,Screwfix,Screwfix,node,12601862997,54.6274813,-5.9155016,BT3 9BW,Belfast,"Druncrue Industrial Estate, Druncrue Crescent",Hilti Store Belfast,Belfast,0.31,0-2 km direct local threat,https://www.openstreetmap.org/node/12601862997,OpenStreetMap via Overpass API exact brand/name selectors,2026-04-23
Screwfix,Screwfix,Screwfix City,way,155421461,51.5116804,-0.0912832,EC4N 6AE,London,Cannon Street,Hilti Store Southwark,London,1.1,0-2 km direct local threat,https://www.openstreetmap.org/way/155421461,OpenStreetMap via Overpass API exact brand/name selectors,2026-04-23
Screwfix,Screwfix,Screwfix,way,351674963,52.4994738,-1.8803111,B6 5RS,Birmingham,Catherine Street,Hilti Store Birmingham,Birmingham,1.19,0-2 km direct local threat,https://www.openstreetmap.org/way/351674963,OpenStreetMap via Overpass API exact brand/name selectors,2026-04-23
Screwfix,Screwfix,Screwfix,way,646838935,53.4778438,-2.2730876,,,,Hilti Store Manchester,Manchester,1.26,0-2 km direct local threat,https://www.openstreetmap.org/way/646838935,OpenStreetMap via Overpass API exact brand/name selectors,2026-04-23
Screwfix,Screwfix,Screwfix,node,13152747364,51.4960689,-0.1152778,,,,Hilti Store Southwark,London,1.31,0-2 km direct local threat,https://www.openstreetmap.org/node/13152747364,OpenStreetMap via Overpass API exact brand/name selectors,2026-04-23
Screwfix,Screwfix,Screwfix,node,1822172732,51.5039183,-0.0816198,SE1 2TU,London,Tooley Street,Hilti Store Southwark,London,1.39,0-2 km direct local threat,https://www.openstreetmap.org/node/1822172732,OpenStreetMap via Overpass API exact brand/name selectors,2026-04-23
Screwfix,Screwfix,Screwfix City,node,12926039629,51.518051,-0.116885,,,,Hilti Store Southwark,London,1.86,0-2 km direct local threat,https://www.openstreetmap.org/node/12926039629,OpenStreetMap via Overpass API exact brand/name selectors,2026-04-23
Screwfix,Screwfix,Screwfix,node,13740905287,55.8717952,-4.2701734,G4 9AD,Glasgow,Great Western Road,Hilti Store Glasgow,Glasgow,2.08,2-5 km strong urban overlap,https://www.openstreetmap.org/node/13740905287,OpenStreetMap via Overpass API exact brand/name selectors,2026-04-23
Screwfix,Screwfix,Screwfix,way,409579455,51.6007424,-0.0225477,E17 5DU,London,Waltham Park Way,Hilti Store Edmonton,London,2.15,2-5 km strong urban overlap,https://www.openstreetmap.org/way/409579455,OpenStreetMap via Overpass API exact brand/name selectors,2026-04-23
Screwfix,Screwfix,Screwfix,node,322979601,51.485468,-0.0937374,SE17 2AL,London,Walworth Road,Hilti Store Southwark,London,2.16,2-5 km strong urban overlap,https://www.openstreetmap.org/node/322979601,OpenStreetMap via Overpass API exact brand/name selectors,2026-04-23
Screwfix,Screwfix,Screwfix,node,11833734746,51.4969636,-3.1471019,,,,Hilti Store Cardiff,Cardiff,2.53,2-5 km strong urban overlap,https://www.openstreetmap.org/node/11833734746,OpenStreetMap via Overpass API exact brand/name selectors,2026-04-23
Screwfix,Screwfix,Screwfix,node,8230291412,53.4436902,-2.2752759,,,,Hilti Store Manchester,Manchester,2.67,2-5 km strong urban overlap,https://www.openstreetmap.org/node/8230291412,OpenStreetMap via Overpass API exact brand/name selectors,2026-04-23
Screwfix,Screwfix,Screwfix,node,3951574038,51.5146832,-0.0663835,E1 1NU,London,Commercial Road,Hilti Store Southwark,London,2.71,2-5 km strong urban overlap,https://www.openstreetmap.org/node/3951574038,OpenStreetMap via Overpass API exact brand/name selectors,2026-04-23
Screwfix,Screwfix,Screwfix,way,166423513,53.4651518,-2.3226099,M17 1PS,Manchester,Hattons Road,Hilti Store Manchester,Manchester,2.78,2-5 km strong urban overlap,https://www.openstreetmap.org/way/166423513,OpenStreetMap via Overpass API exact brand/name selectors,2026-04-23
Screwfix,Screwfix,Screwfix,way,1033876200,54.6126199,-5.9552308,,,,Hilti Store Belfast,Belfast,2.92,2-5 km strong urban overlap,https://www.openstreetmap.org/way/1033876200,OpenStreetMap via Overpass API exact brand/name selectors,2026-04-23
Screwfix,Screwfix,Screwfix,node,265662963,51.4958553,-0.1420198,SW1V 1AA,London,Vauxhall Bridge Road,Hilti Store Southwark,London,2.94,2-5 km strong urban overlap,https://www.openstreetmap.org/node/265662963,OpenStreetMap via Overpass API exact brand/name selectors,2026-04-23
Screwfix,Screwfix,Screwfix City,node,13041605667,51.4857455,-0.0714669,,,,Hilti Store Southwark,London,2.94,2-5 km strong urban overlap,https://www.openstreetmap.org/node/13041605667,OpenStreetMap via Overpass API exact brand/name selectors,2026-04-23
Screwfix,Screwfix,Screwfix,way,542368731,51.6097881,-0.0041072,E4 9JD,London,Jubilee Avenue,Hilti Store Edmonton,London,2.99,2-5 km strong urban overlap,https://www.openstreetmap.org/way/542368731,OpenStreetMap via Overpass API exact brand/name selectors,2026-04-23
Screwfix,Screwfix,Screwfix,node,2455357953,55.8794397,-4.2550547,G22 5HT,Glasgow,Saracen Street,Hilti Store Glasgow,Glasgow,3.16,2-5 km strong urban overlap,https://www.openstreetmap.org/node/2455357953,OpenStreetMap via Overpass API exact brand/name selectors,2026-04-23
Screwfix,Screwfix,Screwfix,node,4258036298,55.9688018,-3.1832412,,Edinburgh,Bonnington Road,Hilti Store Edinburgh,Edinburgh,3.19,2-5 km strong urban overlap,https://www.openstreetmap.org/node/4258036298,OpenStreetMap via Overpass API exact brand/name selectors,2026-04-23
Screwfix,Screwfix,Screwfix,node,11022629605,51.6067649,-0.0928359,,,,Hilti Store Edmonton,London,3.22,2-5 km strong urban overlap,https://www.openstreetmap.org/node/11022629605,OpenStreetMap via Overpass API exact brand/name selectors,2026-04-23
Screwfix,Screwfix,Screwfix,node,13200687568,54.6546376,-5.9141199,,,,Hilti Store Belfast,Belfast,3.32,2-5 km strong urban overlap,https://www.openstreetmap.org/node/13200687568,OpenStreetMap via Overpass API exact brand/name selectors,2026-04-23
Screwfix,Screwfix,Screwfix,way,93543792,51.4591482,-3.1982675,CF11 8TU,Cardiff,Penarth Road,Hilti Store Cardiff,Cardiff,3.45,2-5 km strong urban overlap,https://www.openstreetmap.org/way/93543792,OpenStreetMap via Overpass API exact brand/name selectors,2026-04-23
Screwfix,Screwfix,Screwfix,way,1259004788,51.5822674,-0.0696563,N15 4NG,London,Rangemoor Road,Hilti Store Edmonton,London,3.72,2-5 km strong urban overlap,https://www.openstreetmap.org/way/1259004788,OpenStreetMap via Overpass API exact brand/name selectors,2026-04-23
Screwfix,Screwfix,Screwfix,way,724201311,55.8533937,-4.214516,G40 2UB,,Alma Street,Hilti Store Glasgow,Glasgow,3.74,2-5 km strong urban overlap,https://www.openstreetmap.org/way/724201311,OpenStreetMap via Overpass API exact brand/name selectors,2026-04-23
Screwfix,Screwfix,Screwfix,way,467150795,52.5241819,-1.8944824,B42 2TX,Birmingham,Tamebridge Industrial Estate,Hilti Store Birmingham,Birmingham,3.77,2-5 km strong urban overlap,https://www.openstreetmap.org/way/467150795,OpenStreetMap via Overpass API exact brand/name selectors,2026-04-23
Screwfix,Screwfix,Screwfix,node,633034326,55.9447137,-3.1840377,EH8 9BY,Edinburgh,Nicolson Street,Hilti Store Edinburgh,Edinburgh,3.93,2-5 km strong urban overlap,https://www.openstreetmap.org/node/633034326,OpenStreetMap via Overpass API exact brand/name selectors,2026-04-23
Screwfix,Screwfix,Screwfix Brimsdown,node,9465343788,51.6468206,-0.0304751,,,Northampton Road,Hilti Store Edmonton,London,3.97,2-5 km strong urban overlap,https://www.openstreetmap.org/node/9465343788,OpenStreetMap via Overpass API exact brand/name selectors,2026-04-23
Screwfix,Screwfix,Screwfix,node,8373581736,55.9331111,-3.1009181,EH15 3HS,Edinburgh,Newcraighall Road,Hilti Store Edinburgh,Edinburgh,4.06,2-5 km strong urban overlap,https://www.openstreetmap.org/node/8373581736,OpenStreetMap via Overpass API exact brand/name selectors,2026-04-23
Screwfix,Screwfix,Screwfix,way,796253720,55.8188273,-4.296664,G43 2YS,Glasgow,Nether Auldhouse Road,Hilti Store Glasgow,Glasgow,4.07,2-5 km strong urban overlap,https://www.openstreetmap.org/way/796253720,OpenStreetMap via Overpass API exact brand/name selectors,2026-04-23
Screwfix,Screwfix,Screwfix,node,4469306718,53.4776618,-2.2205157,M1 2NP,Manchester,Gidding Road,Hilti Store Manchester,Manchester,4.15,2-5 km strong urban overlap,https://www.openstreetmap.org/node/4469306718,OpenStreetMap via Overpass API exact brand/name selectors,2026-04-23
Screwfix,Screwfix,Screwfix,node,11802893403,51.499971,-3.2042046,,,,Hilti Store Cardiff,Cardiff,4.4,2-5 km strong urban overlap,https://www.openstreetmap.org/node/11802893403,OpenStreetMap via Overpass API exact brand/name selectors,2026-04-23
Screwfix,Screwfix,Screwfix,node,4070091891,51.5228425,-0.1580464,NW1 6UY,London,Baker Street,Hilti Store Southwark,London,4.41,2-5 km strong urban overlap,https://www.openstreetmap.org/node/4070091891,OpenStreetMap via Overpass API exact brand/name selectors,2026-04-23
Screwfix,Screwfix,Screwfix,node,822302879,53.3836118,-3.0135499,,,,Hilti Store Liverpool,Liverpool,4.54,2-5 km strong urban overlap,https://www.openstreetmap.org/node/822302879,OpenStreetMap via Overpass API exact brand/name selectors,2026-04-23
Screwfix,Screwfix,Screwfix City,node,2100296365,55.9526113,-3.2039522,,Edinburgh,George Street,Hilti Store Edinburgh,Edinburgh,4.66,2-5 km strong urban overlap,https://www.openstreetmap.org/node/2100296365,OpenStreetMap via Overpass API exact brand/name selectors,2026-04-23
Screwfix,Screwfix,Screwfix,node,6013983962,51.5691614,-0.0314792,,,,Hilti Store Edmonton,London,4.95,2-5 km strong urban overlap,https://www.openstreetmap.org/node/6013983962,OpenStreetMap via Overpass API exact brand/name selectors,2026-04-23
Screwfix,Screwfix,Screwfix,way,77906388,52.4604474,-1.8349395,B11 2AT,Birmingham,Kings Road,Hilti Store Birmingham,Birmingham,4.99,2-5 km strong urban overlap,https://www.openstreetmap.org/way/77906388,OpenStreetMap via Overpass API exact brand/name selectors,2026-04-23
Screwfix,Screwfix,Screwfix,way,95223707,51.4583358,-0.0754616,SE22 8HQ,London,Lordship Lane,Hilti Store Southwark,London,5.42,5-10 km metro overlap,https://www.openstreetmap.org/way/95223707,OpenStreetMap via Overpass API exact brand/name selectors,2026-04-23
Screwfix,Screwfix,Screwfix,way,837838758,51.45823,-0.1281157,SW2 5DZ,London,Ellerslie Square,Hilti Store Southwark,London,5.44,5-10 km metro overlap,https://www.openstreetmap.org/way/837838758,OpenStreetMap via Overpass API exact brand/name selectors,2026-04-23
Screwfix,Screwfix,Screwfix,way,220010200,52.5099972,-1.9670761,,,,Hilti Store Birmingham,Birmingham,5.66,5-10 km metro overlap,https://www.openstreetmap.org/way/220010200,OpenStreetMap via Overpass API exact brand/name selectors,2026-04-23
Screwfix,Screwfix,Screwfix,node,3889025964,51.5221697,-3.1958432,,,,Hilti Store Cardiff,Cardiff,5.97,5-10 km metro overlap,https://www.openstreetmap.org/node/3889025964,OpenStreetMap via Overpass API exact brand/name selectors,2026-04-23
Screwfix,Screwfix,Screwfix,node,7107655960,51.5129284,-0.1877763,,London,Queensway,Hilti Store Southwark,London,6.03,5-10 km metro overlap,https://www.openstreetmap.org/node/7107655960,OpenStreetMap via Overpass API exact brand/name selectors,2026-04-23
Screwfix,Screwfix,Screwfix,node,7074561474,54.578811,-5.96612,,,,Hilti Store Belfast,Belfast,6.08,5-10 km metro overlap,https://www.openstreetmap.org/node/7074561474,OpenStreetMap via Overpass API exact brand/name selectors,2026-04-23
Screwfix,Screwfix,Screwfix,node,3844586273,51.534914,-0.0221693,,,,Hilti Store Southwark,London,6.47,5-10 km metro overlap,https://www.openstreetmap.org/node/3844586273,OpenStreetMap via Overpass API exact brand/name selectors,2026-04-23
Screwfix,Screwfix,Screwfix,way,229206097,51.5917236,0.040848,IG8 8HF,Woodford Green,Woodford Trading Estate,Hilti Store Edmonton,London,6.51,5-10 km metro overlap,https://www.openstreetmap.org/way/229206097,OpenStreetMap via Overpass API exact brand/name selectors,2026-04-23
Screwfix,Screwfix,Screwfix,node,10995814157,51.6199615,-0.1418483,,,,Hilti Store Edmonton,London,6.59,5-10 km metro overlap,https://www.openstreetmap.org/node/10995814157,OpenStreetMap via Overpass API exact brand/name selectors,2026-04-23
Screwfix,Screwfix,Screwfix,node,863018563,55.943434,-3.2352266,EH12 5PF,Edinburgh,Roseburn Street,Hilti Store Edinburgh,Edinburgh,6.83,5-10 km metro overlap,https://www.openstreetmap.org/node/863018563,OpenStreetMap via Overpass API exact brand/name selectors,2026-04-23
Screwfix,Screwfix,Screwfix City,node,10266440527,51.4804663,-0.0090181,SE10 9BQ,London,Greenwich Church Street,Hilti Store Southwark,London,6.94,5-10 km metro overlap,https://www.openstreetmap.org/node/10266440527,OpenStreetMap via Overpass API exact brand/name selectors,2026-04-23
Screwfix,Screwfix,Screwfix,way,224040360,51.5923394,-0.1428354,N10 1BS,London,Muswell Hill Broadway,Hilti Store Edmonton,London,6.99,5-10 km metro overlap,https://www.openstreetmap.org/way/224040360,OpenStreetMap via Overpass API exact brand/name selectors,2026-04-23
Screwfix,Screwfix,Screwfix,way,704524498,53.5154246,-2.351663,M27 9PW,,Moorside Road,Hilti Store Manchester,Manchester,7.1,5-10 km metro overlap,https://www.openstreetmap.org/way/704524498,OpenStreetMap via Overpass API exact brand/name selectors,2026-04-23
Screwfix,Screwfix,Screwfix,node,13056118134,51.4454121,-0.1447961,,,,Hilti Store Southwark,London,7.19,5-10 km metro overlap,https://www.openstreetmap.org/node/13056118134,OpenStreetMap via Overpass API exact brand/name selectors,2026-04-23
Screwfix,Screwfix,Screwfix,way,1430101233,52.502562,-1.9942787,,,Redwood Trade Park,Hilti Store Birmingham,Birmingham,7.2,5-10 km metro overlap,https://www.openstreetmap.org/way/1430101233,OpenStreetMap via Overpass API exact brand/name selectors,2026-04-23
Screwfix,Screwfix,Screwfix,node,7401591158,51.496975,-0.2054768,,London,Kensington High Street,Hilti Store Southwark,London,7.23,5-10 km metro overlap,https://www.openstreetmap.org/node/7401591158,OpenStreetMap via Overpass API exact brand/name selectors,2026-04-23
Screwfix,Screwfix,Screwfix,node,5140643082,51.4656447,-0.0162739,,,,Hilti Store Southwark,London,7.31,5-10 km metro overlap,https://www.openstreetmap.org/node/5140643082,OpenStreetMap via Overpass API exact brand/name selectors,2026-04-23
Screwfix,Screwfix,Screwfix,node,3965095734,51.5218275,0.0032474,E16 4SA,London,Stephenson Street,Hilti Store Southwark,London,7.52,5-10 km metro overlap,https://www.openstreetmap.org/node/3965095734,OpenStreetMap via Overpass API exact brand/name selectors,2026-04-23
Screwfix,Screwfix,Screwfix,way,35581998,53.4797722,-2.947846,,,,Hilti Store Liverpool,Liverpool,7.61,5-10 km metro overlap,https://www.openstreetmap.org/way/35581998,OpenStreetMap via Overpass API exact brand/name selectors,2026-04-23
Screwfix,Screwfix,Screwfix,node,10599900169,53.397729,-2.2541463,,,Leestone Road,Hilti Store Manchester,Manchester,7.96,5-10 km metro overlap,https://www.openstreetmap.org/node/10599900169,OpenStreetMap via Overpass API exact brand/name selectors,2026-04-23
Screwfix,Screwfix,Screwfix,node,13669115272,52.4136615,-1.8805287,B14 4ST,Birmingham,Warstock Road,Hilti Store Birmingham,Birmingham,8.56,5-10 km metro overlap,https://www.openstreetmap.org/node/13669115272,OpenStreetMap via Overpass API exact brand/name selectors,2026-04-23
Screwfix,Screwfix,Screwfix,way,191368681,52.5308139,-1.7777243,B76 1DH,,Stockton Close,Hilti Store Birmingham,Birmingham,8.82,5-10 km metro overlap,https://www.openstreetmap.org/way/191368681,OpenStreetMap via Overpass API exact brand/name selectors,2026-04-23
Screwfix,Screwfix,Screwfix,node,1184851281,51.4879585,0.0236255,,,,Hilti Store Southwark,London,8.87,5-10 km metro overlap,https://www.openstreetmap.org/node/1184851281,OpenStreetMap via Overpass API exact brand/name selectors,2026-04-23
Screwfix,Screwfix,Screwfix,node,13753358780,53.3322409,-2.9739902,,,,Hilti Store Liverpool,Liverpool,8.9,5-10 km metro overlap,https://www.openstreetmap.org/node/13753358780,OpenStreetMap via Overpass API exact brand/name selectors,2026-04-23
Screwfix,Screwfix,Screwfix,node,2723174986,53.4263362,-2.1646654,,,,Hilti Store Manchester,Manchester,8.95,5-10 km metro overlap,https://www.openstreetmap.org/node/2723174986,OpenStreetMap via Overpass API exact brand/name selectors,2026-04-23
Screwfix,Screwfix,Screwfix,way,740817886,51.618916,-0.1786435,N12 8QA,London,Finchley Industrial Centre,Hilti Store Edmonton,London,9.11,5-10 km metro overlap,https://www.openstreetmap.org/way/740817886,OpenStreetMap via Overpass API exact brand/name selectors,2026-04-23
Screwfix,Screwfix,Screwfix,node,9562496880,53.3985111,-2.3605962,,,Atlantic Street,Hilti Store Manchester,Manchester,9.32,5-10 km metro overlap,https://www.openstreetmap.org/node/9562496880,OpenStreetMap via Overpass API exact brand/name selectors,2026-04-23
Screwfix,Screwfix,Screwfix,node,13388362754,53.4762058,-2.8666162,,,,Hilti Store Liverpool,Liverpool,9.64,5-10 km metro overlap,https://www.openstreetmap.org/node/13388362754,OpenStreetMap via Overpass API exact brand/name selectors,2026-04-23
Screwfix,Screwfix,Screwfix,node,13383674000,51.5741997,0.0811871,,,,Hilti Store Edmonton,London,9.84,5-10 km metro overlap,https://www.openstreetmap.org/node/13383674000,OpenStreetMap via Overpass API exact brand/name selectors,2026-04-23
Screwfix,Screwfix,Screwfix,node,11148068813,55.8772753,-3.1689566,,,,Hilti Store Edinburgh,Edinburgh,10.02,10-25 km regional catchment,https://www.openstreetmap.org/node/11148068813,OpenStreetMap via Overpass API exact brand/name selectors,2026-04-23
Screwfix,Screwfix,Screwfix,node,8642718848,51.4243863,-0.171294,,,,Hilti Store Southwark,London,10.11,10-25 km regional catchment,https://www.openstreetmap.org/node/8642718848,OpenStreetMap via Overpass API exact brand/name selectors,2026-04-23
Screwfix,Screwfix,Screwfix,way,213501339,51.4234402,-0.0341739,,,,Hilti Store Southwark,London,10.14,10-25 km regional catchment,https://www.openstreetmap.org/way/213501339,OpenStreetMap via Overpass API exact brand/name selectors,2026-04-23
Screwfix,Screwfix,Screwfix,node,4142491491,53.5469177,-2.1975766,M24 1QZ,,Oldham Road,Hilti Store Manchester,Manchester,10.4,10-25 km regional catchment,https://www.openstreetmap.org/node/4142491491,OpenStreetMap via Overpass API exact brand/name selectors,2026-04-23
Screwfix,Screwfix,Screwfix,node,4587121596,52.4560431,-2.039314,,,,Hilti Store Birmingham,Birmingham,10.82,10-25 km regional catchment,https://www.openstreetmap.org/node/4587121596,OpenStreetMap via Overpass API exact brand/name selectors,2026-04-23
Screwfix,Screwfix,Screwfix,node,9356405095,51.5867067,-0.2000375,NW11 0AD,London,Finchley Road,Hilti Store Edmonton,London,10.95,10-25 km regional catchment,https://www.openstreetmap.org/node/9356405095,OpenStreetMap via Overpass API exact brand/name selectors,2026-04-23
Screwfix,Screwfix,Screwfix,node,10961634091,53.5218263,-2.1416877,OL8 4RG,Oldham,Junction Trade Park,Hilti Store Manchester,Manchester,11.01,10-25 km regional catchment,https://www.openstreetmap.org/node/10961634091,OpenStreetMap via Overpass API exact brand/name selectors,2026-04-23
Screwfix,Screwfix,Screwfix,way,33128510,55.9277714,-3.2973413,,,,Hilti Store Edinburgh,Edinburgh,11.07,10-25 km regional catchment,https://www.openstreetmap.org/way/33128510,OpenStreetMap via Overpass API exact brand/name selectors,2026-04-23
Screwfix,Screwfix,Screwfix,node,4005743409,53.4011623,-2.1542831,SK1 3QH,Stockport,Higher Hillgate,Hilti Store Manchester,Manchester,11.16,10-25 km regional catchment,https://www.openstreetmap.org/node/4005743409,OpenStreetMap via Overpass API exact brand/name selectors,2026-04-23
Screwfix,Screwfix,Screwfix City,node,13158707313,51.5336289,0.0536869,E6 2HJ,London,St. John's Road,Hilti Store Edmonton,London,11.21,10-25 km regional catchment,https://www.openstreetmap.org/node/13158707313,OpenStreetMap via Overpass API exact brand/name selectors,2026-04-23
Screwfix,Screwfix,Screwfix,node,12512159334,51.5974053,0.1157228,,,,Hilti Store Edmonton,London,11.37,10-25 km regional catchment,https://www.openstreetmap.org/node/12512159334,OpenStreetMap via Overpass API exact brand/name selectors,2026-04-23
Screwfix,Screwfix,Screwfix,node,5501697371,53.429216,-2.1211345,,,,Hilti Store Manchester,Manchester,11.4,10-25 km regional catchment,https://www.openstreetmap.org/node/5501697371,OpenStreetMap via Overpass API exact brand/name selectors,2026-04-23
Screwfix,Screwfix,Screwfix,way,172055434,51.5696549,-0.231462,NW2 6LU,London,,Hilti Store Southwark,London,11.55,10-25 km regional catchment,https://www.openstreetmap.org/way/172055434,OpenStreetMap via Overpass API exact brand/name selectors,2026-04-23
Screwfix,Screwfix,Screwfix,node,9452463067,52.3977506,-1.809498,,,,Hilti Store Birmingham,Birmingham,11.66,10-25 km regional catchment,https://www.openstreetmap.org/node/9452463067,OpenStreetMap via Overpass API exact brand/name selectors,2026-04-23
Screwfix,Screwfix,Screwfix,node,12086065633,51.5190089,0.0671936,,London,Eastbury Road,Hilti Store Southwark,London,11.8,10-25 km regional catchment,https://www.openstreetmap.org/node/12086065633,OpenStreetMap via Overpass API exact brand/name selectors,2026-04-23
Screwfix,Screwfix,Screwfix,node,12396632176,51.5523407,-0.2560552,,,,Hilti Store Southwark,London,11.94,10-25 km regional catchment,https://www.openstreetmap.org/node/12396632176,OpenStreetMap via Overpass API exact brand/name selectors,2026-04-23
Screwfix,Screwfix,Screwfix,node,8689122680,51.4107816,-0.1915996,SW19 3XD,London,Jubilee Way,Hilti Store Southwark,London,12.12,10-25 km regional catchment,https://www.openstreetmap.org/node/8689122680,OpenStreetMap via Overpass API exact brand/name selectors,2026-04-23
Screwfix,Screwfix,Screwfix,way,680977665,52.5163843,-2.0667919,,,,Hilti Store Birmingham,Birmingham,12.32,10-25 km regional catchment,https://www.openstreetmap.org/way/680977665,OpenStreetMap via Overpass API exact brand/name selectors,2026-04-23
Screwfix,Screwfix,Screwfix,way,312214114,51.535575,-0.2767388,NW10 7UL,London,Grand Union Estate,Hilti Store Southwark,London,12.6,10-25 km regional catchment,https://www.openstreetmap.org/way/312214114,OpenStreetMap via Overpass API exact brand/name selectors,2026-04-23
Screwfix,Screwfix,Screwfix,way,348775381,51.5261914,-0.2821259,W3 0SL,London,Dukes Road,Hilti Store Southwark,London,12.72,10-25 km regional catchment,https://www.openstreetmap.org/way/348775381,OpenStreetMap via Overpass API exact brand/name selectors,2026-04-23
Screwfix,Screwfix,Screwfix,node,11543657109,51.5701624,0.1271386,RM6 4AT,,High Road,Hilti Store Edmonton,London,12.93,10-25 km regional catchment,https://www.openstreetmap.org/node/11543657109,OpenStreetMap via Overpass API exact brand/name selectors,2026-04-23
Screwfix,Screwfix,Screwfix,node,1921825237,51.4923769,0.0851055,,,,Hilti Store Southwark,London,13.0,10-25 km regional catchment,https://www.openstreetmap.org/node/1921825237,OpenStreetMap via Overpass API exact brand/name selectors,2026-04-23
Screwfix,Screwfix,Screwfix,node,10959247421,53.3587568,-2.2049011,,,,Hilti Store Manchester,Manchester,13.1,10-25 km regional catchment,https://www.openstreetmap.org/node/10959247421,OpenStreetMap via Overpass API exact brand/name selectors,2026-04-23
Screwfix,Screwfix,Screwfix,node,2273231467,51.384113,-0.1226863,,,,Hilti Store Southwark,London,13.44,10-25 km regional catchment,https://www.openstreetmap.org/node/2273231467,OpenStreetMap via Overpass API exact brand/name selectors,2026-04-23
Screwfix,Screwfix,Screwfix,node,6586181101,51.491812,-0.3037887,TW8 9PL,,,Hilti Store Southwark,London,14.06,10-25 km regional catchment,https://www.openstreetmap.org/node/6586181101,OpenStreetMap via Overpass API exact brand/name selectors,2026-04-23
Screwfix,Screwfix,Screwfix,node,11008682073,51.5746149,-3.2903306,CF37 5UD,Pontypridd,Main Avenue,Hilti Store Cardiff,Cardiff,14.51,10-25 km regional catchment,https://www.openstreetmap.org/node/11008682073,OpenStreetMap via Overpass API exact brand/name selectors,2026-04-23
Screwfix,Screwfix,Screwfix,way,277502821,53.5971967,-2.3079636,,,,Hilti Store Manchester,Manchester,14.53,10-25 km regional catchment,https://www.openstreetmap.org/way/277502821,OpenStreetMap via Overpass API exact brand/name selectors,2026-04-23
Screwfix,Screwfix,Screwfix,way,506514942,53.5707669,-2.4195963,,,,Hilti Store Manchester,Manchester,14.7,10-25 km regional catchment,https://www.openstreetmap.org/way/506514942,OpenStreetMap via Overpass API exact brand/name selectors,2026-04-23
Screwfix,Screwfix,Screwfix,node,9272690175,51.5683953,-3.0047075,NP20 2NN,Newport,Maesglas Retail Park,Hilti Store Cardiff,Cardiff,14.72,10-25 km regional catchment,https://www.openstreetmap.org/node/9272690175,OpenStreetMap via Overpass API exact brand/name selectors,2026-04-23
Screwfix,Screwfix,Screwfix,node,5520819360,55.8249846,-4.0438164,ML4 3LR,Bellshill,Melford Road,Hilti Store Glasgow,Glasgow,14.73,10-25 km regional catchment,https://www.openstreetmap.org/node/5520819360,OpenStreetMap via Overpass API exact brand/name selectors,2026-04-23
Screwfix,Screwfix,Screwfix,way,548367381,51.6459117,-0.2538943,,,,Hilti Store Edmonton,London,14.74,10-25 km regional catchment,https://www.openstreetmap.org/way/548367381,OpenStreetMap via Overpass API exact brand/name selectors,2026-04-23
Screwfix,Screwfix,Screwfix,node,9831572501,53.4821256,-2.5022483,,,,Hilti Store Manchester,Manchester,14.75,10-25 km regional catchment,https://www.openstreetmap.org/node/9831572501,OpenStreetMap via Overpass API exact brand/name selectors,2026-04-23
Screwfix,Screwfix,Screwfix,node,11543310757,54.6488544,-5.686705,BT20 3JS,Bangor,Faulkner Road,Hilti Store Belfast,Belfast,14.93,10-25 km regional catchment,https://www.openstreetmap.org/node/11543310757,OpenStreetMap via Overpass API exact brand/name selectors,2026-04-23
Screwfix,Screwfix,Screwfix,node,11492204066,51.593146,-0.2645417,,,Colindale avenue,Hilti Store Southwark,London,14.98,10-25 km regional catchment,https://www.openstreetmap.org/node/11492204066,OpenStreetMap via Overpass API exact brand/name selectors,2026-04-23
Screwfix,Screwfix,Screwfix,node,12027162970,51.3993872,0.0339675,,,,Hilti Store Southwark,London,14.98,10-25 km regional catchment,https://www.openstreetmap.org/node/12027162970,OpenStreetMap via Overpass API exact brand/name selectors,2026-04-23
Screwfix,Screwfix,Screwfix,way,711268287,51.5312198,0.1273744,IG11 0TP,Barking,Ripple Road,Hilti Store Edmonton,London,15.08,10-25 km regional catchment,https://www.openstreetmap.org/way/711268287,OpenStreetMap via Overpass API exact brand/name selectors,2026-04-23
Screwfix,Screwfix,Screwfix,way,384805092,54.5090074,-6.0383454,BT27 5EA,Lisburn,Young Street,Hilti Store Belfast,Belfast,15.13,10-25 km regional catchment,https://www.openstreetmap.org/way/384805092,OpenStreetMap via Overpass API exact brand/name selectors,2026-04-23
Screwfix,Screwfix,Screwfix,way,513538245,53.5572163,-2.1037789,,,,Hilti Store Manchester,Manchester,15.38,10-25 km regional catchment,https://www.openstreetmap.org/way/513538245,OpenStreetMap via Overpass API exact brand/name selectors,2026-04-23
Screwfix,Screwfix,Screwfix,node,4422934929,55.8341077,-3.2170704,EH26 8HA,Penicuik,Eastfield Industrial Estate,Hilti Store Edinburgh,Edinburgh,15.49,10-25 km regional catchment,https://www.openstreetmap.org/node/4422934929,OpenStreetMap via Overpass API exact brand/name selectors,2026-04-23
Screwfix,Screwfix,Screwfix,node,2929862696,51.3782304,-0.2079241,,,,Hilti Store Southwark,London,15.83,10-25 km regional catchment,https://www.openstreetmap.org/node/2929862696,OpenStreetMap via Overpass API exact brand/name selectors,2026-04-23
Screwfix,Screwfix,Screwfix,way,1135228752,53.4430788,-2.7266568,,,,Hilti Store Liverpool,Liverpool,16.14,10-25 km regional catchment,https://www.openstreetmap.org/way/1135228752,OpenStreetMap via Overpass API exact brand/name selectors,2026-04-23
Screwfix,Screwfix,Screwfix,node,2949653793,51.4288333,-0.3059287,,,,Hilti Store Southwark,London,16.45,10-25 km regional catchment,https://www.openstreetmap.org/node/2949653793,OpenStreetMap via Overpass API exact brand/name selectors,2026-04-23
Screwfix,Screwfix,Screwfix,node,6499879916,51.3581501,-0.1454829,SM6 9AP,Wallington,Stafford Road,Hilti Store Southwark,London,16.53,10-25 km regional catchment,https://www.openstreetmap.org/node/6499879916,OpenStreetMap via Overpass API exact brand/name selectors,2026-04-23
Screwfix,Screwfix,Screwfix,node,6393823281,56.0422258,-3.3600058,KY11 9JN,Dalgety Bay,Ridge Way,Hilti Store Edinburgh,Edinburgh,16.55,10-25 km regional catchment,https://www.openstreetmap.org/node/6393823281,OpenStreetMap via Overpass API exact brand/name selectors,2026-04-23
Screwfix,Screwfix,Screwfix,way,1452752877,51.76235,0.0036099,EN11 0WZ,Hoddesdon,Pindar Road,Hilti Store Edmonton,London,17.01,10-25 km regional catchment,https://www.openstreetmap.org/way/1452752877,OpenStreetMap via Overpass API exact brand/name selectors,2026-04-23
Screwfix,Screwfix,Screwfix,node,11077295256,51.574938,-2.9665391,NP19 4ED,Newport,Corporation Road,Hilti Store Cardiff,Cardiff,17.16,10-25 km regional catchment,https://www.openstreetmap.org/node/11077295256,OpenStreetMap via Overpass API exact brand/name selectors,2026-04-23
Screwfix,Screwfix,Screwfix,node,2570412556,53.3641305,-2.7184471,,Widnes,,Hilti Store Liverpool,Liverpool,17.17,10-25 km regional catchment,https://www.openstreetmap.org/node/2570412556,OpenStreetMap via Overpass API exact brand/name selectors,2026-04-23
Screwfix,Screwfix,Screwfix,way,961265745,51.4455021,-0.3314939,TW1 4BZ,Twickenham,Heath Road,Hilti Store Southwark,London,17.2,10-25 km regional catchment,https://www.openstreetmap.org/way/961265745,OpenStreetMap via Overpass API exact brand/name selectors,2026-04-23
Screwfix,Screwfix,Screwfix,way,324757161,51.5061544,-0.357115,,,,Hilti Store Southwark,London,17.68,10-25 km regional catchment,https://www.openstreetmap.org/way/324757161,OpenStreetMap via Overpass API exact brand/name selectors,2026-04-23
Screwfix,Screwfix,Screwfix,node,4451729930,52.4604534,-2.1480322,,,,Hilti Store Birmingham,Birmingham,17.8,10-25 km regional catchment,https://www.openstreetmap.org/node/4451729930,OpenStreetMap via Overpass API exact brand/name selectors,2026-04-23
Screwfix,Screwfix,Screwfix,node,9925753598,56.1263756,-3.1693655,,,,Hilti Store Edinburgh,Edinburgh,18.08,10-25 km regional catchment,https://www.openstreetmap.org/node/9925753598,OpenStreetMap via Overpass API exact brand/name selectors,2026-04-23
Screwfix,Screwfix,Screwfix,way,570793497,51.5911937,-0.3273644,HA3 8NT,Harrow,,Hilti Store Southwark,London,18.35,10-25 km regional catchment,https://www.openstreetmap.org/way/570793497,OpenStreetMap via Overpass API exact brand/name selectors,2026-04-23
Screwfix,Screwfix,Screwfix,node,10774558088,53.6125222,-2.1455581,OL16 5NP,Rochdale,Fishwick Close,Hilti Store Manchester,Manchester,18.44,10-25 km regional catchment,https://www.openstreetmap.org/node/10774558088,OpenStreetMap via Overpass API exact brand/name selectors,2026-04-23
Screwfix,Screwfix,Screwfix,way,319178806,51.4148557,0.1224713,DA14 5BL,Sidcup,,Hilti Store Southwark,London,18.44,10-25 km regional catchment,https://www.openstreetmap.org/way/319178806,OpenStreetMap via Overpass API exact brand/name selectors,2026-04-23
Screwfix,Screwfix,Screwfix,way,309086394,53.5732559,-2.8781922,L39 2AN,Ormskirk,Hattersley Way,Hilti Store Liverpool,Liverpool,18.81,10-25 km regional catchment,https://www.openstreetmap.org/way/309086394,OpenStreetMap via Overpass API exact brand/name selectors,2026-04-23
Screwfix,Screwfix,Screwfix,way,135164442,52.6023441,-1.677521,B77 5ES,Tamworth,Ninian Park,Hilti Store Birmingham,Birmingham,19.0,10-25 km regional catchment,https://www.openstreetmap.org/way/135164442,OpenStreetMap via Overpass API exact brand/name selectors,2026-04-23
Screwfix,Screwfix,Screwfix,way,999572838,53.5257861,-2.5514155,,,,Hilti Store Manchester,Manchester,19.04,10-25 km regional catchment,https://www.openstreetmap.org/way/999572838,OpenStreetMap via Overpass API exact brand/name selectors,2026-04-23
Screwfix,Screwfix,Screwfix,way,295736003,52.5744902,-2.1355286,,,,Hilti Store Birmingham,Birmingham,19.07,10-25 km regional catchment,https://www.openstreetmap.org/way/295736003,OpenStreetMap via Overpass API exact brand/name selectors,2026-04-23
Screwfix,Screwfix,Screwfix,node,10270062378,51.332943,-0.12354,,,,Hilti Store Southwark,London,19.11,10-25 km regional catchment,https://www.openstreetmap.org/node/10270062378,OpenStreetMap via Overpass API exact brand/name selectors,2026-04-23
Screwfix,Screwfix,Screwfix,way,1155440835,51.3917148,0.1121469,,,,Hilti Store Southwark,London,19.4,10-25 km regional catchment,https://www.openstreetmap.org/way/1155440835,OpenStreetMap via Overpass API exact brand/name selectors,2026-04-23
Screwfix,Screwfix,Screwfix,node,12696183611,53.4520614,-1.980117,,,,Hilti Store Manchester,Manchester,19.98,10-25 km regional catchment,https://www.openstreetmap.org/node/12696183611,OpenStreetMap via Overpass API exact brand/name selectors,2026-04-23
Screwfix,Screwfix,Screwfix,node,8078456877,52.5989324,-2.1286372,,,,Hilti Store Birmingham,Birmingham,20.16,10-25 km regional catchment,https://www.openstreetmap.org/node/8078456877,OpenStreetMap via Overpass API exact brand/name selectors,2026-04-23
Screwfix,Screwfix,Screwfix,node,5431586633,52.3109517,-1.9479067,,,,Hilti Store Birmingham,Birmingham,20.34,10-25 km regional catchment,https://www.openstreetmap.org/node/5431586633,OpenStreetMap via Overpass API exact brand/name selectors,2026-04-23
Screwfix,Screwfix,Screwfix,way,1205297818,51.4503269,0.1854009,,Dartford,,Hilti Store Southwark,London,20.77,10-25 km regional catchment,https://www.openstreetmap.org/way/1205297818,OpenStreetMap via Overpass API exact brand/name selectors,2026-04-23
Screwfix,Screwfix,Screwfix,node,5175344042,56.0816993,-3.3938724,,,,Hilti Store Edinburgh,Edinburgh,20.79,10-25 km regional catchment,https://www.openstreetmap.org/node/5175344042,OpenStreetMap via Overpass API exact brand/name selectors,2026-04-23
Screwfix,Screwfix,Screwfix,node,8583331136,51.3166462,-0.0855827,CR8 5AU,Kenley,Bushey Close,Hilti Store Southwark,London,20.89,10-25 km regional catchment,https://www.openstreetmap.org/node/8583331136,OpenStreetMap via Overpass API exact brand/name selectors,2026-04-23
Screwfix,Screwfix,Screwfix,node,10048842445,51.8023994,-0.0618792,,,,Hilti Store Edmonton,London,21.13,10-25 km regional catchment,https://www.openstreetmap.org/node/10048842445,OpenStreetMap via Overpass API exact brand/name selectors,2026-04-23
Screwfix,Screwfix,Screwfix,node,11871730820,56.0494248,-3.4395325,KY11 8UN,Dunfermline,,Hilti Store Edinburgh,Edinburgh,21.27,10-25 km regional catchment,https://www.openstreetmap.org/node/11871730820,OpenStreetMap via Overpass API exact brand/name selectors,2026-04-23
Screwfix,Screwfix,Screwfix,way,706397840,51.4734357,-0.4063335,,,,Hilti Store Southwark,London,21.37,10-25 km regional catchment,https://www.openstreetmap.org/way/706397840,OpenStreetMap via Overpass API exact brand/name selectors,2026-04-23
Screwfix,Screwfix,Screwfix,way,29232768,51.456389,0.1999905,,,,Hilti Store Southwark,London,21.56,10-25 km regional catchment,https://www.openstreetmap.org/way/29232768,OpenStreetMap via Overpass API exact brand/name selectors,2026-04-23
Screwfix,Screwfix,Screwfix,node,10703009430,53.3824394,-2.5764188,,,,Hilti Store Manchester,Manchester,21.75,10-25 km regional catchment,https://www.openstreetmap.org/node/10703009430,OpenStreetMap via Overpass API exact brand/name selectors,2026-04-23
Screwfix,Screwfix,Screwfix,way,127309788,51.3245939,-2.953881,BS24 9DJ,Weston-super-Mare,,Hilti Store Cardiff,Cardiff,21.77,10-25 km regional catchment,https://www.openstreetmap.org/way/127309788,OpenStreetMap via Overpass API exact brand/name selectors,2026-04-23
Screwfix,Screwfix,Screwfix,node,12633229650,51.5943256,-0.3830786,,,,Hilti Store Southwark,London,21.88,10-25 km regional catchment,https://www.openstreetmap.org/node/12633229650,OpenStreetMap via Overpass API exact brand/name selectors,2026-04-23
Screwfix,Screwfix,Screwfix,way,820426593,51.7520322,-0.277371,AL4 0JY,St Albans,Acrewood Way,Hilti Store Edmonton,London,22.19,10-25 km regional catchment,https://www.openstreetmap.org/way/820426593,OpenStreetMap via Overpass API exact brand/name selectors,2026-04-23
Screwfix,Screwfix,Screwfix,way,1204543478,53.401739,-2.5988669,WA2 8NT,Warrington,Kerfoot Street,Hilti Store Manchester,Manchester,22.3,10-25 km regional catchment,https://www.openstreetmap.org/way/1204543478,OpenStreetMap via Overpass API exact brand/name selectors,2026-04-23
Screwfix,Screwfix,Screwfix,node,2790420998,52.6837814,-1.799868,,,,Hilti Store Birmingham,Birmingham,22.34,10-25 km regional catchment,https://www.openstreetmap.org/node/2790420998,OpenStreetMap via Overpass API exact brand/name selectors,2026-04-23
Screwfix,Screwfix,Screwfix,node,11377566862,52.3179099,-2.0603385,B60 3DR,,Sherwood Road,Hilti Store Birmingham,Birmingham,22.4,10-25 km regional catchment,https://www.openstreetmap.org/node/11377566862,OpenStreetMap via Overpass API exact brand/name selectors,2026-04-23
Screwfix,Screwfix,Screwfix,node,8829654232,51.7867189,0.1208173,,,,Hilti Store Edmonton,London,22.55,10-25 km regional catchment,https://www.openstreetmap.org/node/8829654232,OpenStreetMap via Overpass API exact brand/name selectors,2026-04-23
Screwfix,Screwfix,Screwfix,node,2902504942,52.2839324,-1.9048206,,,,Hilti Store Birmingham,Birmingham,22.98,10-25 km regional catchment,https://www.openstreetmap.org/node/2902504942,OpenStreetMap via Overpass API exact brand/name selectors,2026-04-23
Screwfix,Screwfix,Screwfix,node,13076350568,53.204634,-3.0169327,,,,Hilti Store Liverpool,Liverpool,23.33,10-25 km regional catchment,https://www.openstreetmap.org/node/13076350568,OpenStreetMap via Overpass API exact brand/name selectors,2026-04-23
Screwfix,Screwfix,Screwfix,way,56429023,52.3974348,-1.578885,CV4 9UT,Coventry,Torrington Avenue,Hilti Store Birmingham,Birmingham,23.48,10-25 km regional catchment,https://www.openstreetmap.org/way/56429023,OpenStreetMap via Overpass API exact brand/name selectors,2026-04-23
Screwfix,Screwfix,Screwfix,way,1066832335,53.5447624,-2.6112579,WN1 3AG,Wigan,Rosebridge Way,Hilti Store Manchester,Manchester,23.48,10-25 km regional catchment,https://www.openstreetmap.org/way/1066832335,OpenStreetMap via Overpass API exact brand/name selectors,2026-04-23
Screwfix,Screwfix,Screwfix,node,2216729278,51.8064836,-0.1896357,,,,Hilti Store Edmonton,London,23.69,10-25 km regional catchment,https://www.openstreetmap.org/node/2216729278,OpenStreetMap via Overpass API exact brand/name selectors,2026-04-23
Screwfix,Screwfix,Screwfix,node,10177309650,51.3880393,0.1879022,,,,Hilti Store Southwark,London,23.87,10-25 km regional catchment,https://www.openstreetmap.org/node/10177309650,OpenStreetMap via Overpass API exact brand/name selectors,2026-04-23
Screwfix,Screwfix,Screwfix,node,12846567941,55.9764123,-3.9535769,,,Tollpark Road,Hilti Store Glasgow,Glasgow,24.23,10-25 km regional catchment,https://www.openstreetmap.org/node/12846567941,OpenStreetMap via Overpass API exact brand/name selectors,2026-04-23
Screwfix,Screwfix,Screwfix,way,60005598,51.3787296,-0.3881086,KT12 3PU,Walton-on-Thames,Lyon Road,Hilti Store Southwark,London,24.27,10-25 km regional catchment,https://www.openstreetmap.org/way/60005598,OpenStreetMap via Overpass API exact brand/name selectors,2026-04-23
Screwfix,Screwfix,Screwfix,node,3377548127,55.9085842,-3.5096285,EH54 5BZ,,,Hilti Store Edinburgh,Edinburgh,24.31,10-25 km regional catchment,https://www.openstreetmap.org/node/3377548127,OpenStreetMap via Overpass API exact brand/name selectors,2026-04-23
Screwfix,Screwfix,Screwfix,node,7548397561,51.6467051,-0.3973043,,,,Hilti Store Edmonton,London,24.47,10-25 km regional catchment,https://www.openstreetmap.org/node/7548397561,OpenStreetMap via Overpass API exact brand/name selectors,2026-04-23
Screwfix,Screwfix,Screwfix,way,1127870748,51.4169853,-0.4264804,TW16 7EB,Sunbury,Brooklands Close,Hilti Store Southwark,London,24.5,10-25 km regional catchment,https://www.openstreetmap.org/way/1127870748,OpenStreetMap via Overpass API exact brand/name selectors,2026-04-23
Screwfix,Screwfix,Screwfix,node,11901335021,53.1935673,-2.9155446,,,,Hilti Store Liverpool,Liverpool,24.52,10-25 km regional catchment,https://www.openstreetmap.org/node/11901335021,OpenStreetMap via Overpass API exact brand/name selectors,2026-04-23
Screwfix,Screwfix,Screwfix,way,232307216,53.1935673,-2.9157974,,,,Hilti Store Liverpool,Liverpool,24.52,10-25 km regional catchment,https://www.openstreetmap.org/way/232307216,OpenStreetMap via Overpass API exact brand/name selectors,2026-04-23
Screwfix,Screwfix,Screwfix,way,359903679,56.1857069,-3.1463842,,,,Hilti Store Edinburgh,Edinburgh,24.55,10-25 km regional catchment,https://www.openstreetmap.org/way/359903679,OpenStreetMap via Overpass API exact brand/name selectors,2026-04-23
Screwfix,Screwfix,Screwfix,node,5575643323,51.6705791,-0.3930642,WD24 4PP,Watford,Imperial Way,Hilti Store Edmonton,London,24.73,10-25 km regional catchment,https://www.openstreetmap.org/node/5575643323,OpenStreetMap via Overpass API exact brand/name selectors,2026-04-23
Screwfix,Screwfix,Screwfix,node,8393741597,51.5112675,-0.4617084,,,,Hilti Store Southwark,London,24.93,10-25 km regional catchment,https://www.openstreetmap.org/node/8393741597,OpenStreetMap via Overpass API exact brand/name selectors,2026-04-23
Screwfix,Screwfix,Screwfix Abertillery - Aberbeeg,node,9688477443,51.701775,-3.1418488,NP13 2LN,Aberbeeg,Commercial Road,Hilti Store Cardiff,Cardiff,25.26,25+ km lower direct store threat,https://www.openstreetmap.org/node/9688477443,OpenStreetMap via Overpass API exact brand/name selectors,2026-04-23
Screwfix,Screwfix,Screwfix,node,7769601282,53.5409786,-2.6485707,,,,Hilti Store Liverpool,Liverpool,25.35,25+ km lower direct store threat,https://www.openstreetmap.org/node/7769601282,OpenStreetMap via Overpass API exact brand/name selectors,2026-04-23
Screwfix,Screwfix,Screwfix,node,2019514758,53.6405856,-2.968172,,Southport,Crowland Street,Hilti Store Liverpool,Liverpool,25.41,25+ km lower direct store threat,https://www.openstreetmap.org/node/2019514758,OpenStreetMap via Overpass API exact brand/name selectors,2026-04-23
Screwfix,Screwfix,Screwfix,way,825496839,53.6976792,-2.2989273,,,,Hilti Store Manchester,Manchester,25.62,25+ km lower direct store threat,https://www.openstreetmap.org/way/825496839,OpenStreetMap via Overpass API exact brand/name selectors,2026-04-23
Screwfix,Screwfix,Screwfix,way,408488484,51.4802275,0.2791267,RM20 3XD,West Thurrock,Motherwell Way,Hilti Store Southwark,London,26.5,25+ km lower direct store threat,https://www.openstreetmap.org/way/408488484,OpenStreetMap via Overpass API exact brand/name selectors,2026-04-23
Screwfix,Screwfix,Screwfix,node,4509026591,52.4236126,-1.510325,,,,Hilti Store Birmingham,Birmingham,26.77,25+ km lower direct store threat,https://www.openstreetmap.org/node/4509026591,OpenStreetMap via Overpass API exact brand/name selectors,2026-04-23
Screwfix,Screwfix,Screwfix,node,8582707663,51.5362641,-0.4864788,UB8 2GG,Uxbridge,Cowley Mill Road,Hilti Store Southwark,London,26.86,25+ km lower direct store threat,https://www.openstreetmap.org/node/8582707663,OpenStreetMap via Overpass API exact brand/name selectors,2026-04-23
Screwfix,Screwfix,Screwfix,way,540270687,53.2635097,-2.5034506,CW9 5HW,Northwich,Leicester Street,Hilti Store Manchester,Manchester,27.07,25+ km lower direct store threat,https://www.openstreetmap.org/way/540270687,OpenStreetMap via Overpass API exact brand/name selectors,2026-04-23
Screwfix,Screwfix,Screwfix,way,63681709,52.3656268,-2.2385396,,,,Hilti Store Birmingham,Birmingham,27.41,25+ km lower direct store threat,https://www.openstreetmap.org/way/63681709,OpenStreetMap via Overpass API exact brand/name selectors,2026-04-23
Screwfix,Screwfix,Screwfix,way,683612777,51.4859116,-2.7566008,BS20 7BL,Bristol,Harbour Road,Hilti Store Cardiff,Cardiff,27.63,25+ km lower direct store threat,https://www.openstreetmap.org/way/683612777,OpenStreetMap via Overpass API exact brand/name selectors,2026-04-23
Screwfix,Screwfix,Screwfix,way,224484649,51.6366843,0.3560289,CM13 1TN,Brentwood,Tallon Road,Hilti Store Edmonton,London,27.96,25+ km lower direct store threat,https://www.openstreetmap.org/way/224484649,OpenStreetMap via Overpass API exact brand/name selectors,2026-04-23
Screwfix,Screwfix,Screwfix,node,12486554647,52.4987605,-1.4752207,,,,Hilti Store Birmingham,Birmingham,28.08,25+ km lower direct store threat,https://www.openstreetmap.org/node/12486554647,OpenStreetMap via Overpass API exact brand/name selectors,2026-04-23
Screwfix,Screwfix,Screwfix,node,12389816909,51.2959818,-0.3358234,,,,Hilti Store Southwark,London,28.29,25+ km lower direct store threat,https://www.openstreetmap.org/node/12389816909,OpenStreetMap via Overpass API exact brand/name selectors,2026-04-23
Screwfix,Screwfix,Screwfix,node,6166136773,51.499262,-3.5625191,,,,Hilti Store Cardiff,Cardiff,28.33,25+ km lower direct store threat,https://www.openstreetmap.org/node/6166136773,OpenStreetMap via Overpass API exact brand/name selectors,2026-04-23
Screwfix,Screwfix,Screwfix,way,550149951,51.2499097,-0.1563294,RH1 2LH,Redhill,,Hilti Store Southwark,London,28.54,25+ km lower direct store threat,https://www.openstreetmap.org/way/550149951,OpenStreetMap via Overpass API exact brand/name selectors,2026-04-23
Screwfix,Screwfix,Screwfix,way,1378760476,51.4766668,0.3166821,RM17 5YB,Grays,London Road,Hilti Store Southwark,London,29.13,25+ km lower direct store threat,https://www.openstreetmap.org/way/1378760476,OpenStreetMap via Overpass API exact brand/name selectors,2026-04-23
Screwfix,Screwfix,Screwfix,node,8334001532,53.2020472,-2.3477671,,,,Hilti Store Manchester,Manchester,29.85,25+ km lower direct store threat,https://www.openstreetmap.org/node/8334001532,OpenStreetMap via Overpass API exact brand/name selectors,2026-04-23
Screwfix,Screwfix,Screwfix,node,3269147164,51.3698376,-0.4746806,KT15 2SN,Addlestone,Hamm Moor Lane,Hilti Store Southwark,London,29.86,25+ km lower direct store threat,https://www.openstreetmap.org/node/3269147164,OpenStreetMap via Overpass API exact brand/name selectors,2026-04-23
Screwfix,Screwfix,Screwfix,way,1309416951,51.229655,-2.9605259,TA9 4HA,Highbridge,Oaktree Park,Hilti Store Cardiff,Cardiff,30.42,25+ km lower direct store threat,https://www.openstreetmap.org/way/1309416951,OpenStreetMap via Overpass API exact brand/name selectors,2026-04-23
Screwfix,Screwfix,Screwfix,way,187661120,52.7630987,-1.9310897,,,,Hilti Store Birmingham,Birmingham,30.45,25+ km lower direct store threat,https://www.openstreetmap.org/way/187661120,OpenStreetMap via Overpass API exact brand/name selectors,2026-04-23
Screwfix,Screwfix,Screwfix,way,1102707233,52.426881,-1.4512305,CV2 1ST,Coventry,Henley Road,Hilti Store Birmingham,Birmingham,30.55,25+ km lower direct store threat,https://www.openstreetmap.org/way/1102707233,OpenStreetMap via Overpass API exact brand/name selectors,2026-04-23
Screwfix,Screwfix,Screwfix,way,609337962,51.4337775,-0.5302539,TW18 3AY,Staines-upon-Thames,Hawthorn Road,Hilti Store Southwark,London,30.7,25+ km lower direct store threat,https://www.openstreetmap.org/way/609337962,OpenStreetMap via Overpass API exact brand/name selectors,2026-04-23
Screwfix,Screwfix,Screwfix,node,13745939657,51.2989632,0.1943805,TN14 5EL,Sevenoaks,Vestry Road,Hilti Store Southwark,London,30.71,25+ km lower direct store threat,https://www.openstreetmap.org/node/13745939657,OpenStreetMap via Overpass API exact brand/name selectors,2026-04-23
Screwfix,Screwfix,Screwfix,way,1084327886,55.9806793,-3.6264623,EH49 7TP,Linlithgow,,Hilti Store Edinburgh,Edinburgh,30.79,25+ km lower direct store threat,https://www.openstreetmap.org/way/1084327886,OpenStreetMap via Overpass API exact brand/name selectors,2026-04-23
Screwfix,Screwfix,Screwfix,way,1268827852,51.6977769,-3.4192916,,,,Hilti Store Cardiff,Cardiff,30.79,25+ km lower direct store threat,https://www.openstreetmap.org/way/1268827852,OpenStreetMap via Overpass API exact brand/name selectors,2026-04-23
Screwfix,Screwfix,Screwfix,way,599020922,55.8913223,-3.615972,,,,Hilti Store Edinburgh,Edinburgh,31.22,25+ km lower direct store threat,https://www.openstreetmap.org/way/599020922,OpenStreetMap via Overpass API exact brand/name selectors,2026-04-23
Screwfix,Screwfix,Screwfix,way,442974338,52.3806987,-1.4613488,,,,Hilti Store Birmingham,Birmingham,31.51,25+ km lower direct store threat,https://www.openstreetmap.org/way/442974338,OpenStreetMap via Overpass API exact brand/name selectors,2026-04-23
Screwfix,Screwfix,Screwfix,node,12985709167,51.4150643,-0.5341471,TW20 8EY,Thorpe,Ten Acre Lane,Hilti Store Southwark,London,31.56,25+ km lower direct store threat,https://www.openstreetmap.org/node/12985709167,OpenStreetMap via Overpass API exact brand/name selectors,2026-04-23
Screwfix,Screwfix,Screwfix,node,7101483421,53.6624928,-2.631011,,,,Hilti Store Manchester,Manchester,31.7,25+ km lower direct store threat,https://www.openstreetmap.org/node/7101483421,OpenStreetMap via Overpass API exact brand/name selectors,2026-04-23
Screwfix,Screwfix,Screwfix,way,23713467,51.444343,0.3560977,DA11 0DL,Gravesend,West Mill,Hilti Store Southwark,London,32.4,25+ km lower direct store threat,https://www.openstreetmap.org/way/23713467,OpenStreetMap via Overpass API exact brand/name selectors,2026-04-23
Screwfix,Screwfix,Screwfix,node,12992438947,54.4596218,-6.3300411,,Lurgan,,Hilti Store Belfast,Belfast,32.47,25+ km lower direct store threat,https://www.openstreetmap.org/node/12992438947,OpenStreetMap via Overpass API exact brand/name selectors,2026-04-23
Screwfix,Screwfix,Screwfix,way,106546014,51.4995825,-2.6878643,BS11 9QD,Bristol,Avonbridge Trading Estate,Hilti Store Cardiff,Cardiff,32.48,25+ km lower direct store threat,https://www.openstreetmap.org/way/106546014,OpenStreetMap via Overpass API exact brand/name selectors,2026-04-23
Screwfix,Screwfix,Screwfix,node,8944638388,51.5871441,-0.5546299,SL9 7QA,Gerrards Cross,Packhorse Road,Hilti Store Southwark,London,32.64,25+ km lower direct store threat,https://www.openstreetmap.org/node/8944638388,OpenStreetMap via Overpass API exact brand/name selectors,2026-04-23
Screwfix,Screwfix,Screwfix,node,2185042008,53.7564359,-2.3707516,,,,Hilti Store Manchester,Manchester,32.67,25+ km lower direct store threat,https://www.openstreetmap.org/node/2185042008,OpenStreetMap via Overpass API exact brand/name selectors,2026-04-23
Screwfix,Screwfix,Screwfix,way,36796618,51.8725886,0.1777938,CM23 5PB,Bishop's Stortford,Raynham Road,Hilti Store Edmonton,London,32.79,25+ km lower direct store threat,https://www.openstreetmap.org/way/36796618,OpenStreetMap via Overpass API exact brand/name selectors,2026-04-23
Screwfix,Screwfix,Screwfix,node,11843429215,53.7395926,-2.478313,BB2 3AH,Blackburn,Grimshaw Park,Hilti Store Manchester,Manchester,32.94,25+ km lower direct store threat,https://www.openstreetmap.org/node/11843429215,OpenStreetMap via Overpass API exact brand/name selectors,2026-04-23
Screwfix,Screwfix,Screwfix,way,765925321,53.1981669,-2.4945967,CW7 3QE,Winsford,Road One,Hilti Store Manchester,Manchester,33.14,25+ km lower direct store threat,https://www.openstreetmap.org/way/765925321,OpenStreetMap via Overpass API exact brand/name selectors,2026-04-23
Screwfix,Screwfix,Screwfix,way,1252801872,51.4188081,0.3571968,DA11 8AB,Northfleet,Trade City,Hilti Store Southwark,London,33.18,25+ km lower direct store threat,https://www.openstreetmap.org/way/1252801872,OpenStreetMap via Overpass API exact brand/name selectors,2026-04-23
Screwfix,Screwfix,Screwfix,node,4500465748,54.8517877,-6.2547966,BT42 3HB,Ballymena,Pennybridge Business Park,Hilti Store Belfast,Belfast,33.37,25+ km lower direct store threat,https://www.openstreetmap.org/node/4500465748,OpenStreetMap via Overpass API exact brand/name selectors,2026-04-23
Screwfix,Screwfix,Screwfix,node,3522205531,52.5367547,-1.4022149,,,,Hilti Store Birmingham,Birmingham,33.4,25+ km lower direct store threat,https://www.openstreetmap.org/node/3522205531,OpenStreetMap via Overpass API exact brand/name selectors,2026-04-23
Screwfix,Screwfix,Screwfix,way,100661389,52.2717704,-1.5438183,CV34 6RS,,Tachbrook Park Drive,Hilti Store Birmingham,Birmingham,33.8,25+ km lower direct store threat,https://www.openstreetmap.org/way/100661389,OpenStreetMap via Overpass API exact brand/name selectors,2026-04-23
Screwfix,Screwfix,Screwfix,node,10253350444,53.1657565,-2.2115672,CW12 1DL,Congleton,Mountbatten Way,Hilti Store Manchester,Manchester,33.87,25+ km lower direct store threat,https://www.openstreetmap.org/node/10253350444,OpenStreetMap via Overpass API exact brand/name selectors,2026-04-23
Screwfix,Screwfix,Screwfix,way,160613124,52.2019047,-1.7185419,,,,Hilti Store Birmingham,Birmingham,34.13,25+ km lower direct store threat,https://www.openstreetmap.org/way/160613124,OpenStreetMap via Overpass API exact brand/name selectors,2026-04-23
Screwfix,Screwfix,Screwfix,way,1352784990,51.582971,0.4482989,SS14 3GL,Basildon,Luckyn Lane,Hilti Store Edmonton,London,34.38,25+ km lower direct store threat,https://www.openstreetmap.org/way/1352784990,OpenStreetMap via Overpass API exact brand/name selectors,2026-04-23
Screwfix,Screwfix,Screwfix,node,2478112629,51.9049375,-0.2140482,SG1 2NB,Stevenage,"Cockerell Close, Off Gunnels Wood Road",Hilti Store Edmonton,London,34.47,25+ km lower direct store threat,https://www.openstreetmap.org/node/2478112629,OpenStreetMap via Overpass API exact brand/name selectors,2026-04-23
Screwfix,Screwfix,Screwfix,node,3543644416,53.7861835,-2.249824,BB11 1TQ,Burnley,Trafalgar Street,Hilti Store Manchester,Manchester,35.49,25+ km lower direct store threat,https://www.openstreetmap.org/node/3543644416,OpenStreetMap via Overpass API exact brand/name selectors,2026-04-23
Screwfix,Screwfix,Screwfix,node,6959917984,51.5195695,-0.6153471,,,,Hilti Store Southwark,London,35.58,25+ km lower direct store threat,https://www.openstreetmap.org/node/6959917984,OpenStreetMap via Overpass API exact brand/name selectors,2026-04-23
Screwfix,Screwfix,Screwfix,node,9516653442,51.7675826,-3.3683365,,Merthyr Tydfil,,Hilti Store Cardiff,Cardiff,35.73,25+ km lower direct store threat,https://www.openstreetmap.org/node/9516653442,OpenStreetMap via Overpass API exact brand/name selectors,2026-04-23
Screwfix,Screwfix,Screwfix,node,3146708163,53.3124088,-3.4815167,,,,Hilti Store Liverpool,Liverpool,36.05,25+ km lower direct store threat,https://www.openstreetmap.org/node/3146708163,OpenStreetMap via Overpass API exact brand/name selectors,2026-04-23
Screwfix,Screwfix,Screwfix,way,76110847,56.0113566,-3.7666902,FK2 9EG,Falkirk,Etna Road,Hilti Store Glasgow,Glasgow,36.18,25+ km lower direct store threat,https://www.openstreetmap.org/way/76110847,OpenStreetMap via Overpass API exact brand/name selectors,2026-04-23
Screwfix,Screwfix,Screwfix,node,11396916766,53.6012909,-1.7809099,,,,Hilti Store Manchester,Manchester,36.23,25+ km lower direct store threat,https://www.openstreetmap.org/node/11396916766,OpenStreetMap via Overpass API exact brand/name selectors,2026-04-23
Screwfix,Screwfix,Screwfix,node,5221876350,56.1116874,-3.9183972,FK7 7RZ,Stirling,Sprinkerse Trading Estate,Hilti Store Glasgow,Glasgow,36.28,25+ km lower direct store threat,https://www.openstreetmap.org/node/5221876350,OpenStreetMap via Overpass API exact brand/name selectors,2026-04-23
Screwfix,Screwfix,Screwfix,way,1086982563,52.7904051,-1.6697108,,,,Hilti Store Birmingham,Birmingham,36.51,25+ km lower direct store threat,https://www.openstreetmap.org/way/1086982563,OpenStreetMap via Overpass API exact brand/name selectors,2026-04-23
Screwfix,Screwfix,Screwfix,way,1150761117,51.724858,0.4525496,CM1 3AR,Chelmsford,Westway,Hilti Store Edmonton,London,36.65,25+ km lower direct store threat,https://www.openstreetmap.org/way/1150761117,OpenStreetMap via Overpass API exact brand/name selectors,2026-04-23
Screwfix,Screwfix,Screwfix,way,1166225937,53.796642,-2.3379674,,,,Hilti Store Manchester,Manchester,36.79,25+ km lower direct store threat,https://www.openstreetmap.org/way/1166225937,OpenStreetMap via Overpass API exact brand/name selectors,2026-04-23
Screwfix,Screwfix,Screwfix,way,378764328,51.4382427,-2.6228281,BS3 2LD,Bristol,,Hilti Store Cardiff,Cardiff,37.11,25+ km lower direct store threat,https://www.openstreetmap.org/way/378764328,OpenStreetMap via Overpass API exact brand/name selectors,2026-04-23
Screwfix,Screwfix,Screwfix,way,1315194586,52.7696802,-1.584635,DE11 0WT,Swadlincote,Optimum Road,Hilti Store Birmingham,Birmingham,37.26,25+ km lower direct store threat,https://www.openstreetmap.org/way/1315194586,OpenStreetMap via Overpass API exact brand/name selectors,2026-04-23
Screwfix,Screwfix,Screwfix,node,8703148281,53.6347048,-1.7911647,HD1 3RE,Huddersfield,The Dyeworks,Hilti Store Manchester,Manchester,37.31,25+ km lower direct store threat,https://www.openstreetmap.org/node/8703148281,OpenStreetMap via Overpass API exact brand/name selectors,2026-04-23
Screwfix,Screwfix,Screwfix,way,228581831,51.4671435,-2.612438,BS8 2QX,Bristol,Whiteladies Road,Hilti Store Cardiff,Cardiff,37.6,25+ km lower direct store threat,https://www.openstreetmap.org/way/228581831,OpenStreetMap via Overpass API exact brand/name selectors,2026-04-23
Screwfix,Screwfix,Screwfix,node,7474671615,51.6710461,-0.5873729,,,,Hilti Store Edmonton,London,37.84,25+ km lower direct store threat,https://www.openstreetmap.org/node/7474671615,OpenStreetMap via Overpass API exact brand/name selectors,2026-04-23
Screwfix,Screwfix,Screwfix,node,7109283386,51.6385806,-2.6740668,,,,Hilti Store Cardiff,Cardiff,37.92,25+ km lower direct store threat,https://www.openstreetmap.org/node/7109283386,OpenStreetMap via Overpass API exact brand/name selectors,2026-04-23
Screwfix,Screwfix,Screwfix,way,1225791691,53.6799984,-1.8296279,,,,Hilti Store Manchester,Manchester,38.02,25+ km lower direct store threat,https://www.openstreetmap.org/way/1225791691,OpenStreetMap via Overpass API exact brand/name selectors,2026-04-23
Screwfix,Screwfix,Screwfix,node,5632912886,51.8771566,-0.4038388,,,,Hilti Store Edmonton,London,38.32,25+ km lower direct store threat,https://www.openstreetmap.org/node/5632912886,OpenStreetMap via Overpass API exact brand/name selectors,2026-04-23
Screwfix,Screwfix,Screwfix,way,224281304,51.4388086,-2.5991246,BS3 4JQ,Bristol,Malago Road,Hilti Store Cardiff,Cardiff,38.73,25+ km lower direct store threat,https://www.openstreetmap.org/way/224281304,OpenStreetMap via Overpass API exact brand/name selectors,2026-04-23
Screwfix,Screwfix,Screwfix,node,7251440896,53.1881862,-3.4122942,LL16 3AL,Denbigh,,Hilti Store Liverpool,Liverpool,38.79,25+ km lower direct store threat,https://www.openstreetmap.org/node/7251440896,OpenStreetMap via Overpass API exact brand/name selectors,2026-04-23
Screwfix,Screwfix,Screwfix,way,148218898,51.1388577,-2.9980193,TA6 4BH,Bridgwater,Wylds Road,Hilti Store Cardiff,Cardiff,38.92,25+ km lower direct store threat,https://www.openstreetmap.org/way/148218898,OpenStreetMap via Overpass API exact brand/name selectors,2026-04-23
Screwfix,Screwfix,Screwfix,way,544415031,52.8130137,-2.122346,ST16 2SA,Stafford,Greyfriars Place,Hilti Store Birmingham,Birmingham,39.15,25+ km lower direct store threat,https://www.openstreetmap.org/way/544415031,OpenStreetMap via Overpass API exact brand/name selectors,2026-04-23
Screwfix,Screwfix,Screwfix,node,2722573841,52.1960865,-2.206424,,,,Hilti Store Birmingham,Birmingham,39.16,25+ km lower direct store threat,https://www.openstreetmap.org/node/2722573841,OpenStreetMap via Overpass API exact brand/name selectors,2026-04-23
Screwfix,Screwfix,Screwfix,node,9029465343,51.8188954,-3.016169,,,,Hilti Store Cardiff,Cardiff,39.45,25+ km lower direct store threat,https://www.openstreetmap.org/node/9029465343,OpenStreetMap via Overpass API exact brand/name selectors,2026-04-23
Screwfix,Screwfix,Screwfix,way,202097172,53.7250393,-1.8686961,HX1 5DW,,,Hilti Store Manchester,Manchester,39.49,25+ km lower direct store threat,https://www.openstreetmap.org/way/202097172,OpenStreetMap via Overpass API exact brand/name selectors,2026-04-23
Screwfix,Screwfix,Screwfix,node,10601326594,53.7678679,-3.0146563,FY8 3HE,Lytham St Annes,Scafell Road,Hilti Store Liverpool,Liverpool,39.7,25+ km lower direct store threat,https://www.openstreetmap.org/node/10601326594,OpenStreetMap via Overpass API exact brand/name selectors,2026-04-23
Screwfix,Screwfix,Screwfix,node,10944274029,51.4191837,-2.5873171,BS4 1UN,Bristol,Roman Farm Road,Hilti Store Cardiff,Cardiff,39.84,25+ km lower direct store threat,https://www.openstreetmap.org/node/10944274029,OpenStreetMap via Overpass API exact brand/name selectors,2026-04-23
Screwfix,Screwfix,Screwfix,way,839505453,51.6990431,-0.6097025,,,,Hilti Store Edmonton,London,39.98,25+ km lower direct store threat,https://www.openstreetmap.org/way/839505453,OpenStreetMap via Overpass API exact brand/name selectors,2026-04-23
Screwfix,Screwfix,Screwfix,way,63636529,53.0530852,-3.0115,,,,Hilti Store Liverpool,Liverpool,40.04,25+ km lower direct store threat,https://www.openstreetmap.org/way/63636529,OpenStreetMap via Overpass API exact brand/name selectors,2026-04-23
Screwfix,Screwfix,Screwfix,way,1005711248,55.6457836,-4.7980031,KA22 7AA,Ardrossan,Sorbie Road,Hilti Store Glasgow,Glasgow,40.07,25+ km lower direct store threat,https://www.openstreetmap.org/way/1005711248,OpenStreetMap via Overpass API exact brand/name selectors,2026-04-23
Screwfix,Screwfix,Screwfix,way,744192096,51.7673023,-0.5784489,,,,Hilti Store Edmonton,London,40.46,25+ km lower direct store threat,https://www.openstreetmap.org/way/744192096,OpenStreetMap via Overpass API exact brand/name selectors,2026-04-23
Screwfix,Screwfix,Screwfix,way,93166517,51.7412607,0.5032543,CM2 6UW,Chelmsford,Northumberland Court,Hilti Store Edmonton,London,40.55,25+ km lower direct store threat,https://www.openstreetmap.org/way/93166517,OpenStreetMap via Overpass API exact brand/name selectors,2026-04-23
Screwfix,Screwfix,Screwfix,way,1025368849,51.7414627,0.5033328,,,,Hilti Store Edmonton,London,40.57,25+ km lower direct store threat,https://www.openstreetmap.org/way/1025368849,OpenStreetMap via Overpass API exact brand/name selectors,2026-04-23
Screwfix,Screwfix,Screwfix,node,13013370254,54.4212892,-6.4402903,,,,Hilti Store Belfast,Belfast,40.76,25+ km lower direct store threat,https://www.openstreetmap.org/node/13013370254,OpenStreetMap via Overpass API exact brand/name selectors,2026-04-23
Screwfix,Screwfix,Screwfix,node,13142971812,51.1392723,-0.1638326,,,,Hilti Store Southwark,London,40.82,25+ km lower direct store threat,https://www.openstreetmap.org/node/13142971812,OpenStreetMap via Overpass API exact brand/name selectors,2026-04-23
Screwfix,Screwfix,Screwfix,way,706670928,51.8851245,-0.4496439,LU1 1UU,Luton,Bilton Way,Hilti Store Edmonton,London,41.06,25+ km lower direct store threat,https://www.openstreetmap.org/way/706670928,OpenStreetMap via Overpass API exact brand/name selectors,2026-04-23
Screwfix,Screwfix,Screwfix,node,11165138122,56.3259129,-2.9869503,KY15 4RD,Cupar,Prestonhall Industrial Estate,Hilti Store Edinburgh,Edinburgh,41.12,25+ km lower direct store threat,https://www.openstreetmap.org/node/11165138122,OpenStreetMap via Overpass API exact brand/name selectors,2026-04-23
Screwfix,Screwfix,Screwfix,way,448398477,51.1363604,-0.0357198,RH19 1XZ,East Grinstead,Hills Road,Hilti Store Southwark,London,41.17,25+ km lower direct store threat,https://www.openstreetmap.org/way/448398477,OpenStreetMap via Overpass API exact brand/name selectors,2026-04-23
Screwfix,Screwfix,Screwfix,way,677639234,51.5082213,-2.5618518,,,,Hilti Store Cardiff,Cardiff,41.25,25+ km lower direct store threat,https://www.openstreetmap.org/way/677639234,OpenStreetMap via Overpass API exact brand/name selectors,2026-04-23
Screwfix,Screwfix,Screwfix,way,79613828,52.8263123,-1.6200407,,,,Hilti Store Birmingham,Birmingham,41.55,25+ km lower direct store threat,https://www.openstreetmap.org/way/79613828,OpenStreetMap via Overpass API exact brand/name selectors,2026-04-23
Screwfix,Screwfix,Screwfix,way,751736488,52.8333868,-2.1356838,,,,Hilti Store Birmingham,Birmingham,41.58,25+ km lower direct store threat,https://www.openstreetmap.org/way/751736488,OpenStreetMap via Overpass API exact brand/name selectors,2026-04-23
Screwfix,Screwfix,Screwfix,way,751736491,52.8332238,-2.1373493,,,,Hilti Store Birmingham,Birmingham,41.61,25+ km lower direct store threat,https://www.openstreetmap.org/way/751736491,OpenStreetMap via Overpass API exact brand/name selectors,2026-04-23
Screwfix,Screwfix,Screwfix,way,1330720241,51.4515944,-2.5546358,BS2 0UY,Bristol,Feeder Road,Hilti Store Cardiff,Cardiff,41.68,25+ km lower direct store threat,https://www.openstreetmap.org/way/1330720241,OpenStreetMap via Overpass API exact brand/name selectors,2026-04-23
Screwfix,Screwfix,Screwfix,node,11067146522,51.4617159,-2.5529396,,,,Hilti Store Cardiff,Cardiff,41.74,25+ km lower direct store threat,https://www.openstreetmap.org/node/11067146522,OpenStreetMap via Overpass API exact brand/name selectors,2026-04-23
Screwfix,Screwfix,Screwfix,node,12297455031,56.1140579,-3.79134,,,,Hilti Store Glasgow,Glasgow,41.76,25+ km lower direct store threat,https://www.openstreetmap.org/node/12297455031,OpenStreetMap via Overpass API exact brand/name selectors,2026-04-23
Screwfix,Screwfix,Screwfix,way,883489510,53.8415287,-2.2171642,,Nelson,Westfield,Hilti Store Manchester,Manchester,41.8,25+ km lower direct store threat,https://www.openstreetmap.org/way/883489510,OpenStreetMap via Overpass API exact brand/name selectors,2026-04-23
Screwfix,Screwfix,Screwfix,way,60623708,51.2608988,-0.5629496,,,,Hilti Store Southwark,London,41.92,25+ km lower direct store threat,https://www.openstreetmap.org/way/60623708,OpenStreetMap via Overpass API exact brand/name selectors,2026-04-23
Screwfix,Screwfix,Screwfix,way,48963773,51.5216758,-0.709926,,,,Hilti Store Southwark,London,42.13,25+ km lower direct store threat,https://www.openstreetmap.org/way/48963773,OpenStreetMap via Overpass API exact brand/name selectors,2026-04-23
Screwfix,Screwfix,Screwfix,way,663128244,53.8400677,-2.3974186,BB7 9BQ,,,Hilti Store Manchester,Manchester,42.13,25+ km lower direct store threat,https://www.openstreetmap.org/way/663128244,OpenStreetMap via Overpass API exact brand/name selectors,2026-04-23
Screwfix,Screwfix,Screwfix,way,1036816771,53.6994209,-1.771222,HD6 1PT,Brighouse,Armytage Road,Hilti Store Manchester,Manchester,42.38,25+ km lower direct store threat,https://www.openstreetmap.org/way/1036816771,OpenStreetMap via Overpass API exact brand/name selectors,2026-04-23
Screwfix,Screwfix,Screwfix,node,10284661988,53.7649491,-2.6858167,,,,Hilti Store Manchester,Manchester,42.52,25+ km lower direct store threat,https://www.openstreetmap.org/node/10284661988,OpenStreetMap via Overpass API exact brand/name selectors,2026-04-23
Screwfix,Screwfix,Screwfix,way,782396366,53.0957451,-2.4311426,CW1 6DG,Crewe,Macon Way,Hilti Store Manchester,Manchester,42.53,25+ km lower direct store threat,https://www.openstreetmap.org/way/782396366,OpenStreetMap via Overpass API exact brand/name selectors,2026-04-23
Screwfix,Screwfix,Screwfix,node,10236359481,52.247138,-1.4026394,CV47 0FP,Southam,,Hilti Store Birmingham,Birmingham,42.73,25+ km lower direct store threat,https://www.openstreetmap.org/node/10236359481,OpenStreetMap via Overpass API exact brand/name selectors,2026-04-23
Screwfix,Screwfix,Screwfix,node,9379429493,53.7951058,-3.0212555,,Blackpool,,Hilti Store Liverpool,Liverpool,42.75,25+ km lower direct store threat,https://www.openstreetmap.org/node/9379429493,OpenStreetMap via Overpass API exact brand/name selectors,2026-04-23
Screwfix,Screwfix,Screwfix,way,187538823,51.984281,-0.2068651,SG6 1LP,Letchworth Garden City,Works Road,Hilti Store Edmonton,London,42.76,25+ km lower direct store threat,https://www.openstreetmap.org/way/187538823,OpenStreetMap via Overpass API exact brand/name selectors,2026-04-23
Screwfix,Screwfix,Screwfix,node,10669413696,51.3925927,0.4902164,ME2 2EG,Strood,Priory Road,Hilti Store Southwark,London,42.86,25+ km lower direct store threat,https://www.openstreetmap.org/node/10669413696,OpenStreetMap via Overpass API exact brand/name selectors,2026-04-23
Screwfix,Screwfix,Screwfix,node,11612978742,55.6198929,-2.8153371,,,,Hilti Store Edinburgh,Edinburgh,43.2,25+ km lower direct store threat,https://www.openstreetmap.org/node/11612978742,OpenStreetMap via Overpass API exact brand/name selectors,2026-04-23
Screwfix,Screwfix,Screwfix,node,10957896422,51.1936733,0.286535,,,,Hilti Store Southwark,London,43.82,25+ km lower direct store threat,https://www.openstreetmap.org/node/10957896422,OpenStreetMap via Overpass API exact brand/name selectors,2026-04-23
Screwfix,Screwfix,Screwfix,way,705723593,52.7306815,-1.3753251,,,,Hilti Store Birmingham,Birmingham,43.82,25+ km lower direct store threat,https://www.openstreetmap.org/way/705723593,OpenStreetMap via Overpass API exact brand/name selectors,2026-04-23
Screwfix,Screwfix,Screwfix,node,6352416548,51.1130776,-0.1795584,,,Denvale Trade Park,Hilti Store Southwark,London,43.84,25+ km lower direct store threat,https://www.openstreetmap.org/node/6352416548,OpenStreetMap via Overpass API exact brand/name selectors,2026-04-23
Screwfix,Screwfix,Screwfix,node,7723408302,52.7629746,-2.361677,,,,Hilti Store Birmingham,Birmingham,43.96,25+ km lower direct store threat,https://www.openstreetmap.org/node/7723408302,OpenStreetMap via Overpass API exact brand/name selectors,2026-04-23
Screwfix,Screwfix,Screwfix,way,1147753782,51.6184883,-0.7146257,HP13 7EQ,High Wycombe,Tannery Road,Hilti Store Southwark,London,44.23,25+ km lower direct store threat,https://www.openstreetmap.org/way/1147753782,OpenStreetMap via Overpass API exact brand/name selectors,2026-04-23
Screwfix,Screwfix,Screwfix,way,385548508,53.0951717,-2.0375482,ST13 5RJ,Leek,Sunnyhills Road,Hilti Store Manchester,Manchester,44.45,25+ km lower direct store threat,https://www.openstreetmap.org/way/385548508,OpenStreetMap via Overpass API exact brand/name selectors,2026-04-23
Screwfix,Screwfix,Screwfix,node,827608333,51.2458863,-0.590741,,,Cathedral Hill Industrial Estate,Hilti Store Southwark,London,44.47,25+ km lower direct store threat,https://www.openstreetmap.org/node/827608333,OpenStreetMap via Overpass API exact brand/name selectors,2026-04-23
Screwfix,Screwfix,Screwfix,way,957060396,51.3527548,0.4991349,ME1 3QX,Rochester,Shorts View Road,Hilti Store Southwark,London,44.94,25+ km lower direct store threat,https://www.openstreetmap.org/way/957060396,OpenStreetMap via Overpass API exact brand/name selectors,2026-04-23
Screwfix,Screwfix,Screwfix,way,414437405,52.3809835,-1.2444265,CV21 3UU,Rugby,Prospect Way,Hilti Store Birmingham,Birmingham,45.41,25+ km lower direct store threat,https://www.openstreetmap.org/way/414437405,OpenStreetMap via Overpass API exact brand/name selectors,2026-04-23
Screwfix,Screwfix,Screwfix,node,4277400289,51.444184,-2.4995569,,,,Hilti Store Cardiff,Cardiff,45.55,25+ km lower direct store threat,https://www.openstreetmap.org/node/4277400289,OpenStreetMap via Overpass API exact brand/name selectors,2026-04-23
Screwfix,Screwfix,Screwfix,way,318974051,52.8997851,-1.8610856,ST14 8AZ,Uttoxeter,Town Meadows Way,Hilti Store Birmingham,Birmingham,45.56,25+ km lower direct store threat,https://www.openstreetmap.org/way/318974051,OpenStreetMap via Overpass API exact brand/name selectors,2026-04-23
Screwfix,Screwfix,Screwfix,way,292305597,52.081096,-1.9463342,,,St Richards Road,Hilti Store Birmingham,Birmingham,45.68,25+ km lower direct store threat,https://www.openstreetmap.org/way/292305597,OpenStreetMap via Overpass API exact brand/name selectors,2026-04-23
Screwfix,Screwfix,Screwfix,way,443867046,51.6049641,-2.5253108,BS35 2BS,Bristol,Midland Way,Hilti Store Cardiff,Cardiff,45.9,25+ km lower direct store threat,https://www.openstreetmap.org/way/443867046,OpenStreetMap via Overpass API exact brand/name selectors,2026-04-23
Screwfix,Screwfix,Screwfix,way,675393709,53.056814,-2.205186,ST6 6BE,Tunstall,Beaumont Road,Hilti Store Manchester,Manchester,45.94,25+ km lower direct store threat,https://www.openstreetmap.org/way/675393709,OpenStreetMap via Overpass API exact brand/name selectors,2026-04-23
Screwfix,Screwfix,Screwfix,node,9126441079,53.0781949,-2.5172713,,,Beam Heath Road,Hilti Store Manchester,Manchester,46.06,25+ km lower direct store threat,https://www.openstreetmap.org/node/9126441079,OpenStreetMap via Overpass API exact brand/name selectors,2026-04-23
Screwfix,Screwfix,Screwfix,way,332904114,51.2922035,0.472627,ME20 7XB,Aylesford,,Hilti Store Southwark,London,46.3,25+ km lower direct store threat,https://www.openstreetmap.org/way/332904114,OpenStreetMap via Overpass API exact brand/name selectors,2026-04-23
Screwfix,Screwfix,Screwfix,node,11023055172,53.0458351,-2.2442701,,,,Hilti Store Manchester,Manchester,46.95,25+ km lower direct store threat,https://www.openstreetmap.org/node/11023055172,OpenStreetMap via Overpass API exact brand/name selectors,2026-04-23
Screwfix,Screwfix,Screwfix,way,1356989822,53.0477977,-2.1815662,ST6 2EB,Stoke on Trent,Sneyd Hill Industrial Estate,Hilti Store Manchester,Manchester,47.13,25+ km lower direct store threat,https://www.openstreetmap.org/way/1356989822,OpenStreetMap via Overpass API exact brand/name selectors,2026-04-23
Screwfix,Screwfix,Screwfix,node,10049256192,52.4661089,-1.1944773,LE17 4JA,Lutterworth,Tungsten Park,Hilti Store Birmingham,Birmingham,47.17,25+ km lower direct store threat,https://www.openstreetmap.org/node/10049256192,OpenStreetMap via Overpass API exact brand/name selectors,2026-04-23
Screwfix,Screwfix,Screwfix,way,408699559,51.1403058,-2.7352878,BA6 9FW,Glastonbury,Moorlands Enterprise Park,Hilti Store Cardiff,Cardiff,47.28,25+ km lower direct store threat,https://www.openstreetmap.org/way/408699559,OpenStreetMap via Overpass API exact brand/name selectors,2026-04-23
Screwfix,Screwfix,Screwfix,way,970378716,53.719411,-1.7037067,BD19 5DQ,Cleckheaton,Bradford Road,Hilti Store Manchester,Manchester,47.28,25+ km lower direct store threat,https://www.openstreetmap.org/way/970378716,OpenStreetMap via Overpass API exact brand/name selectors,2026-04-23
Screwfix,Screwfix,Screwfix,node,9756926955,53.8361387,-3.0245107,FY3 7UN,Blackpool,Mowbray Drive,Hilti Store Liverpool,Liverpool,47.31,25+ km lower direct store threat,https://www.openstreetmap.org/node/9756926955,OpenStreetMap via Overpass API exact brand/name selectors,2026-04-23
Screwfix,Screwfix,Screwfix,node,2590372489,51.4163843,-0.7705635,,,,Hilti Store Southwark,London,47.36,25+ km lower direct store threat,https://www.openstreetmap.org/node/2590372489,OpenStreetMap via Overpass API exact brand/name selectors,2026-04-23
Screwfix,Screwfix,Screwfix,way,480054718,51.1535771,0.2869746,TN2 3EN,Tunbridge Wells,Longfield Road,Hilti Store Southwark,London,47.44,25+ km lower direct store threat,https://www.openstreetmap.org/way/480054718,OpenStreetMap via Overpass API exact brand/name selectors,2026-04-23
Screwfix,Screwfix,Screwfix,node,7985428819,51.5025071,-2.4696568,,,,Hilti Store Cardiff,Cardiff,47.56,25+ km lower direct store threat,https://www.openstreetmap.org/node/7985428819,OpenStreetMap via Overpass API exact brand/name selectors,2026-04-23
Screwfix,Screwfix,Screwfix,way,155305659,51.5700244,0.6432865,,,,Hilti Store Edmonton,London,47.93,25+ km lower direct store threat,https://www.openstreetmap.org/way/155305659,OpenStreetMap via Overpass API exact brand/name selectors,2026-04-23
Screwfix,Screwfix,Screwfix,node,3689713114,51.6206348,-0.7699214,,,,Hilti Store Southwark,London,47.97,25+ km lower direct store threat,https://www.openstreetmap.org/node/3689713114,OpenStreetMap via Overpass API exact brand/name selectors,2026-04-23
Screwfix,Screwfix,Screwfix,way,1348312311,51.1505909,-0.5041715,GU6 8PT,Cranleigh,Manfield Park,Hilti Store Southwark,London,48.26,25+ km lower direct store threat,https://www.openstreetmap.org/way/1348312311,OpenStreetMap via Overpass API exact brand/name selectors,2026-04-23
Screwfix,Screwfix,Screwfix,node,11134187023,51.8106824,-2.7051385,,,,Hilti Store Cardiff,Cardiff,48.57,25+ km lower direct store threat,https://www.openstreetmap.org/node/11134187023,OpenStreetMap via Overpass API exact brand/name selectors,2026-04-23
Screwfix,Screwfix,Screwfix,node,5374249366,52.1276936,-2.3017976,WR14 1GS,Malvern,Betony Road,Hilti Store Birmingham,Birmingham,49.1,25+ km lower direct store threat,https://www.openstreetmap.org/node/5374249366,OpenStreetMap via Overpass API exact brand/name selectors,2026-04-23
Screwfix,Screwfix,Screwfix,way,99473354,53.6884556,-1.6305584,,,,Hilti Store Manchester,Manchester,49.46,25+ km lower direct store threat,https://www.openstreetmap.org/way/99473354,OpenStreetMap via Overpass API exact brand/name selectors,2026-04-23
Screwfix,Screwfix,Screwfix,node,13433528676,52.5620072,-1.1680094,,,,Hilti Store Birmingham,Birmingham,49.48,25+ km lower direct store threat,https://www.openstreetmap.org/node/13433528676,OpenStreetMap via Overpass API exact brand/name selectors,2026-04-23
Screwfix,Screwfix,Screwfix,way,343423727,51.0291537,-3.0806217,TA2 8QY,Taunton,Venture Way,Hilti Store Cardiff,Cardiff,49.82,25+ km lower direct store threat,https://www.openstreetmap.org/way/343423727,OpenStreetMap via Overpass API exact brand/name selectors,2026-04-23
Screwfix,Screwfix,Screwfix,way,514612084,53.0200352,-2.2058061,ST4 6JQ,,Etruria Way,Hilti Store Manchester,Manchester,50.01,25+ km lower direct store threat,https://www.openstreetmap.org/way/514612084,OpenStreetMap via Overpass API exact brand/name selectors,2026-04-23
Screwfix,Screwfix,Screwfix,node,12960239242,51.3139167,-0.7582164,GU14 8EH,,Hawley Lane Industrial Estate,Hilti Store Southwark,London,50.21,25+ km lower direct store threat,https://www.openstreetmap.org/node/12960239242,OpenStreetMap via Overpass API exact brand/name selectors,2026-04-23
Screwfix,Screwfix,Screwfix,way,1060088100,51.2695564,0.5164981,,,,Hilti Store Southwark,London,50.22,25+ km lower direct store threat,https://www.openstreetmap.org/way/1060088100,OpenStreetMap via Overpass API exact brand/name selectors,2026-04-23
Screwfix,Screwfix,Screwfix,node,1401620967,53.7807578,-1.7319929,,,,Hilti Store Manchester,Manchester,50.23,25+ km lower direct store threat,https://www.openstreetmap.org/node/1401620967,OpenStreetMap via Overpass API exact brand/name selectors,2026-04-23
Screwfix,Screwfix,Screwfix,way,721878720,52.7621456,-1.2954013,LE12 9NJ,,,Hilti Store Birmingham,Birmingham,50.23,25+ km lower direct store threat,https://www.openstreetmap.org/way/721878720,OpenStreetMap via Overpass API exact brand/name selectors,2026-04-23
Screwfix,Screwfix,Screwfix,way,1422061800,53.5446778,-1.532119,S75 3LS,Barnsley,Manchester Road,Hilti Store Manchester,Manchester,50.25,25+ km lower direct store threat,https://www.openstreetmap.org/way/1422061800,OpenStreetMap via Overpass API exact brand/name selectors,2026-04-23
Screwfix,Screwfix,Screwfix,way,173866261,53.0212923,-2.1583065,,,,Hilti Store Manchester,Manchester,50.28,25+ km lower direct store threat,https://www.openstreetmap.org/way/173866261,OpenStreetMap via Overpass API exact brand/name selectors,2026-04-23
Screwfix,Screwfix,Screwfix,way,177041902,53.8623899,-1.9073543,,,,Hilti Store Manchester,Manchester,50.33,25+ km lower direct store threat,https://www.openstreetmap.org/way/177041902,OpenStreetMap via Overpass API exact brand/name selectors,2026-04-23
Screwfix,Screwfix,Screwfix,node,9578945036,51.0709124,-0.3139342,RH13 5PX,Horsham,Horsham Trade Park,Hilti Store Southwark,London,50.4,25+ km lower direct store threat,https://www.openstreetmap.org/node/9578945036,OpenStreetMap via Overpass API exact brand/name selectors,2026-04-23
Screwfix,Screwfix,Screwfix,way,146749170,51.5428173,-2.4351106,BS37 5PB,Yate,Millbrook Road,Hilti Store Cardiff,Cardiff,50.41,25+ km lower direct store threat,https://www.openstreetmap.org/way/146749170,OpenStreetMap via Overpass API exact brand/name selectors,2026-04-23
Screwfix,Screwfix,Screwfix,way,1256517905,53.9222953,-2.1851021,,,,Hilti Store Manchester,Manchester,50.96,25+ km lower direct store threat,https://www.openstreetmap.org/way/1256517905,OpenStreetMap via Overpass API exact brand/name selectors,2026-04-23
Screwfix,Screwfix,Screwfix,node,5311172018,51.8733902,0.5677967,CM77 8YL,Braintree,Century Drive,Hilti Store Edmonton,London,51.31,25+ km lower direct store threat,https://www.openstreetmap.org/node/5311172018,OpenStreetMap via Overpass API exact brand/name selectors,2026-04-23
Screwfix,Screwfix,Screwfix,way,122306881,51.0111955,-3.1316937,TA1 5NA,Taunton,Cornishway West,Hilti Store Cardiff,Cardiff,51.57,25+ km lower direct store threat,https://www.openstreetmap.org/way/122306881,OpenStreetMap via Overpass API exact brand/name selectors,2026-04-23
Screwfix,Screwfix,Screwfix,way,309828509,53.7422466,-1.6468927,WF17 9LX,Batley,Gelderd Rd,Hilti Store Manchester,Manchester,51.79,25+ km lower direct store threat,https://www.openstreetmap.org/way/309828509,OpenStreetMap via Overpass API exact brand/name selectors,2026-04-23
Screwfix,Screwfix,Screwfix,way,492679585,51.289106,-0.7644825,GU14 7QU,Farborough,Invincible Road,Hilti Store Southwark,London,51.83,25+ km lower direct store threat,https://www.openstreetmap.org/way/492679585,OpenStreetMap via Overpass API exact brand/name selectors,2026-04-23
Screwfix,Screwfix,Screwfix,way,49798378,51.7370851,0.6806893,CM9 4LJ,Maldon,The Causeway,Hilti Store Edmonton,London,52.06,25+ km lower direct store threat,https://www.openstreetmap.org/way/49798378,OpenStreetMap via Overpass API exact brand/name selectors,2026-04-23
Screwfix,Screwfix,Screwfix,way,600204984,53.8591155,-1.8466598,,,,Hilti Store Manchester,Manchester,52.1,25+ km lower direct store threat,https://www.openstreetmap.org/way/600204984,OpenStreetMap via Overpass API exact brand/name selectors,2026-04-23
Screwfix,Screwfix,Screwfix,node,11822659703,53.4111439,-1.4977699,,,,Hilti Store Manchester,Manchester,52.24,25+ km lower direct store threat,https://www.openstreetmap.org/node/11822659703,OpenStreetMap via Overpass API exact brand/name selectors,2026-04-23
Screwfix,Screwfix,Screwfix,node,4063352005,51.4046097,-0.8424286,,,,Hilti Store Southwark,London,52.51,25+ km lower direct store threat,https://www.openstreetmap.org/node/4063352005,OpenStreetMap via Overpass API exact brand/name selectors,2026-04-23
Screwfix,Screwfix,Screwfix,way,377169279,51.8071367,0.6517518,CM8 3HP,Witham,Colemans Bridge,Hilti Store Edmonton,London,52.79,25+ km lower direct store threat,https://www.openstreetmap.org/way/377169279,OpenStreetMap via Overpass API exact brand/name selectors,2026-04-23
Screwfix,Screwfix,Screwfix,way,377169282,51.8075375,0.6519669,CM8 3HP,Witham,Colemans Bridge,Hilti Store Edmonton,London,52.82,25+ km lower direct store threat,https://www.openstreetmap.org/way/377169282,OpenStreetMap via Overpass API exact brand/name selectors,2026-04-23
Screwfix,Screwfix,Screwfix,way,90118014,52.6153709,-1.1352796,,Leicester,Ealing Road,Hilti Store Birmingham,Birmingham,52.87,25+ km lower direct store threat,https://www.openstreetmap.org/way/90118014,OpenStreetMap via Overpass API exact brand/name selectors,2026-04-23
Screwfix,Screwfix,Screwfix,way,1122709434,52.5889104,-1.1229593,LE18 2FL,Wigston,Chartwell Drive,Hilti Store Birmingham,Birmingham,53.01,25+ km lower direct store threat,https://www.openstreetmap.org/way/1122709434,OpenStreetMap via Overpass API exact brand/name selectors,2026-04-23
Screwfix,Screwfix,Screwfix,way,486243235,51.2398092,-0.7438224,GU12 4DJ,Aldershot,Blackwater Way,Hilti Store Southwark,London,53.4,25+ km lower direct store threat,https://www.openstreetmap.org/way/486243235,OpenStreetMap via Overpass API exact brand/name selectors,2026-04-23
Screwfix,Screwfix,Screwfix,way,984976827,52.0100506,-0.4850446,MK45 1UX,Flitwick,Lyall Court,Hilti Store Edmonton,London,53.47,25+ km lower direct store threat,https://www.openstreetmap.org/way/984976827,OpenStreetMap via Overpass API exact brand/name selectors,2026-04-23
Screwfix,Screwfix,Screwfix,node,9164243446,52.9663205,-2.6606583,SY13 1GR,Whitchurch,"Mullbry Business Park, Shakespeare Way",Hilti Store Liverpool,Liverpool,53.55,25+ km lower direct store threat,https://www.openstreetmap.org/node/9164243446,OpenStreetMap via Overpass API exact brand/name selectors,2026-04-23
Screwfix,Screwfix,Screwfix,way,1465128735,53.5007609,-1.4721793,S74 0SB,Barnsley,,Hilti Store Manchester,Manchester,53.63,25+ km lower direct store threat,https://www.openstreetmap.org/way/1465128735,OpenStreetMap via Overpass API exact brand/name selectors,2026-04-23
Screwfix,Screwfix,Screwfix,way,61568130,52.8983099,-1.4520625,DE24 8GW,Derby,Ascot Drive,Hilti Store Birmingham,Birmingham,54.11,25+ km lower direct store threat,https://www.openstreetmap.org/way/61568130,OpenStreetMap via Overpass API exact brand/name selectors,2026-04-23
Screwfix,Screwfix,Screwfix Shipley,node,11265483508,53.8447671,-1.7546797,,,,Hilti Store Manchester,Manchester,54.42,25+ km lower direct store threat,https://www.openstreetmap.org/node/11265483508,OpenStreetMap via Overpass API exact brand/name selectors,2026-04-23
Screwfix,Screwfix,Screwfix,way,1246890219,51.2414427,0.5607719,,,,Hilti Store Southwark,London,54.49,25+ km lower direct store threat,https://www.openstreetmap.org/way/1246890219,OpenStreetMap via Overpass API exact brand/name selectors,2026-04-23
Screwfix,Screwfix,Screwfix,way,305491006,53.559309,-1.4705332,,,,Hilti Store Manchester,Manchester,54.54,25+ km lower direct store threat,https://www.openstreetmap.org/way/305491006,OpenStreetMap via Overpass API exact brand/name selectors,2026-04-23
Screwfix,Screwfix,Screwfix,node,7861716739,52.9206917,-1.4999651,DE1 1NA,Derby,,Hilti Store Birmingham,Birmingham,54.58,25+ km lower direct store threat,https://www.openstreetmap.org/node/7861716739,OpenStreetMap via Overpass API exact brand/name selectors,2026-04-23
Screwfix,Screwfix,Screwfix,node,13041038843,51.0471773,0.1881548,TN6 2JL,Crowborough,Crowborough Hill,Hilti Store Southwark,London,54.68,25+ km lower direct store threat,https://www.openstreetmap.org/node/13041038843,OpenStreetMap via Overpass API exact brand/name selectors,2026-04-23
Screwfix,Screwfix,Screwfix,node,5916454252,56.4194604,-3.4744367,PH1 3WB,Perth,Ruthvenfield Road,Hilti Store Edinburgh,Edinburgh,54.78,25+ km lower direct store threat,https://www.openstreetmap.org/node/5916454252,OpenStreetMap via Overpass API exact brand/name selectors,2026-04-23
Screwfix,Screwfix,ScrewFix,way,444118894,53.8051231,-1.6730546,,,,Hilti Store Manchester,Manchester,54.91,25+ km lower direct store threat,https://www.openstreetmap.org/way/444118894,OpenStreetMap via Overpass API exact brand/name selectors,2026-04-23
Screwfix,Screwfix,Screwfix,node,3150221382,51.4542395,-0.8929031,,Reading,,Hilti Store Southwark,London,55.07,25+ km lower direct store threat,https://www.openstreetmap.org/node/3150221382,OpenStreetMap via Overpass API exact brand/name selectors,2026-04-23
Screwfix,Screwfix,Screwfix,way,1119268956,50.9802286,-3.207012,TA21 9AD,Wellington,Westpark,Hilti Store Cardiff,Cardiff,55.11,25+ km lower direct store threat,https://www.openstreetmap.org/way/1119268956,OpenStreetMap via Overpass API exact brand/name selectors,2026-04-23
Screwfix,Screwfix,Screwfix,way,133684737,53.369605,-1.4647972,,,Queens Road,Hilti Store Manchester,Manchester,55.16,25+ km lower direct store threat,https://www.openstreetmap.org/way/133684737,OpenStreetMap via Overpass API exact brand/name selectors,2026-04-23
Screwfix,Screwfix,Screwfix,way,233750897,52.974526,-2.1718822,,,,Hilti Store Manchester,Manchester,55.29,25+ km lower direct store threat,https://www.openstreetmap.org/way/233750897,OpenStreetMap via Overpass API exact brand/name selectors,2026-04-23
Screwfix,Screwfix,Screwfix,node,9170623457,54.1955642,-6.3467495,,,,Hilti Store Belfast,Belfast,55.3,25+ km lower direct store threat,https://www.openstreetmap.org/node/9170623457,OpenStreetMap via Overpass API exact brand/name selectors,2026-04-23
Screwfix,Screwfix,Screwfix,way,221466616,52.9744644,-2.1696332,,,,Hilti Store Manchester,Manchester,55.32,25+ km lower direct store threat,https://www.openstreetmap.org/way/221466616,OpenStreetMap via Overpass API exact brand/name selectors,2026-04-23
Screwfix,Screwfix,Screwfix,way,92716242,51.3806235,-2.3700737,BA2 3QS,Bath,Ivo Peters Road,Hilti Store Cardiff,Cardiff,55.43,25+ km lower direct store threat,https://www.openstreetmap.org/way/92716242,OpenStreetMap via Overpass API exact brand/name selectors,2026-04-23
Screwfix,Screwfix,Screwfix,way,1267725434,56.4570531,-2.9878595,DD1 4JG,Dundee,Mid Wynd,Hilti Store Edinburgh,Edinburgh,55.43,25+ km lower direct store threat,https://www.openstreetmap.org/way/1267725434,OpenStreetMap via Overpass API exact brand/name selectors,2026-04-23
Screwfix,Screwfix,Screwfix,way,657573049,52.9715378,-2.1684188,,,,Hilti Store Manchester,Manchester,55.65,25+ km lower direct store threat,https://www.openstreetmap.org/way/657573049,OpenStreetMap via Overpass API exact brand/name selectors,2026-04-23
Screwfix,Screwfix,Screwfix,way,652264658,52.9713856,-2.1683365,ST4 8GA,,,Hilti Store Manchester,Manchester,55.67,25+ km lower direct store threat,https://www.openstreetmap.org/way/652264658,OpenStreetMap via Overpass API exact brand/name selectors,2026-04-23
Screwfix,Screwfix,Screwfix,way,1336652703,53.3909144,-1.4504255,,,,Hilti Store Manchester,Manchester,55.67,25+ km lower direct store threat,https://www.openstreetmap.org/way/1336652703,OpenStreetMap via Overpass API exact brand/name selectors,2026-04-23
Screwfix,Screwfix,Screwfix,node,10601326588,53.9136832,-3.0226011,FY7 6PR,Fleetwood,Denham Way,Hilti Store Liverpool,Liverpool,55.9,25+ km lower direct store threat,https://www.openstreetmap.org/node/10601326588,OpenStreetMap via Overpass API exact brand/name selectors,2026-04-23
Screwfix,Screwfix,Screwfix,way,622834926,54.5128283,-6.7620035,,,,Hilti Store Belfast,Belfast,56.0,25+ km lower direct store threat,https://www.openstreetmap.org/way/622834926,OpenStreetMap via Overpass API exact brand/name selectors,2026-04-23
Screwfix,Screwfix,Screwfix,node,338803903,51.6585428,-3.9101326,,,,Hilti Store Cardiff,Cardiff,56.04,25+ km lower direct store threat,https://www.openstreetmap.org/node/338803903,OpenStreetMap via Overpass API exact brand/name selectors,2026-04-23
Screwfix,Screwfix,Screwfix,way,361743681,53.3078448,-1.4783312,,,,Hilti Store Manchester,Manchester,56.1,25+ km lower direct store threat,https://www.openstreetmap.org/way/361743681,OpenStreetMap via Overpass API exact brand/name selectors,2026-04-23
Screwfix,Screwfix,Screwfix,node,3193560821,52.7818481,-1.2090202,,,,Hilti Store Birmingham,Birmingham,56.22,25+ km lower direct store threat,https://www.openstreetmap.org/node/3193560821,OpenStreetMap via Overpass API exact brand/name selectors,2026-04-23
Screwfix,Screwfix,Screwfix,way,336036801,51.2221833,-0.7746078,GU9 9NN,Farnham,Farnham Trading Estate,Hilti Store Southwark,London,56.27,25+ km lower direct store threat,https://www.openstreetmap.org/way/336036801,OpenStreetMap via Overpass API exact brand/name selectors,2026-04-23
Screwfix,Screwfix,Screwfix,way,970889501,52.3660239,-2.6963345,,,,Hilti Store Birmingham,Birmingham,56.4,25+ km lower direct store threat,https://www.openstreetmap.org/way/970889501,OpenStreetMap via Overpass API exact brand/name selectors,2026-04-23
Screwfix,Screwfix,Screwfix,node,13431395850,51.6247872,-3.9380467,,,,Hilti Store Cardiff,Cardiff,56.64,25+ km lower direct store threat,https://www.openstreetmap.org/node/13431395850,OpenStreetMap via Overpass API exact brand/name selectors,2026-04-23
Screwfix,Screwfix,Screwfix,way,456748972,54.3566041,-6.6619024,,Armagh,Moy Road,Hilti Store Belfast,Belfast,56.71,25+ km lower direct store threat,https://www.openstreetmap.org/way/456748972,OpenStreetMap via Overpass API exact brand/name selectors,2026-04-23
Screwfix,Screwfix,Screwfix,node,11801381154,52.0004861,-2.125487,,,,Hilti Store Birmingham,Birmingham,56.79,25+ km lower direct store threat,https://www.openstreetmap.org/node/11801381154,OpenStreetMap via Overpass API exact brand/name selectors,2026-04-23
Screwfix,Screwfix,Screwfix,node,12396856537,53.5391421,-1.4305602,,,,Hilti Store Manchester,Manchester,56.79,25+ km lower direct store threat,https://www.openstreetmap.org/node/12396856537,OpenStreetMap via Overpass API exact brand/name selectors,2026-04-23
Screwfix,Screwfix,Screwfix,way,61012202,53.6758772,-1.4939422,,,,Hilti Store Manchester,Manchester,56.89,25+ km lower direct store threat,https://www.openstreetmap.org/way/61012202,OpenStreetMap via Overpass API exact brand/name selectors,2026-04-23
Screwfix,Screwfix,Screwfix,way,589403478,51.2791914,-0.8422037,GU51 3RP,,Albert Street,Hilti Store Southwark,London,57.15,25+ km lower direct store threat,https://www.openstreetmap.org/way/589403478,OpenStreetMap via Overpass API exact brand/name selectors,2026-04-23
Screwfix,Screwfix,Screwfix,way,75649056,52.9379815,-1.4695464,DE21 4BF,Derby,Alfreton Road,Hilti Store Birmingham,Birmingham,57.25,25+ km lower direct store threat,https://www.openstreetmap.org/way/75649056,OpenStreetMap via Overpass API exact brand/name selectors,2026-04-23
Screwfix,Screwfix,Screwfix,way,826335316,52.9113038,-1.3992281,DE21 7SN,Derby,Nottingham Road,Hilti Store Birmingham,Birmingham,57.3,25+ km lower direct store threat,https://www.openstreetmap.org/way/826335316,OpenStreetMap via Overpass API exact brand/name selectors,2026-04-23
Screwfix,Screwfix,Screwfix,way,106554939,53.403567,-1.4168393,,,,Hilti Store Manchester,Manchester,57.67,25+ km lower direct store threat,https://www.openstreetmap.org/way/106554939,OpenStreetMap via Overpass API exact brand/name selectors,2026-04-23
Screwfix,Screwfix,Screwfix,way,150591346,53.7813899,-1.580184,LS12 6AL,Leeds,Gelderd Lane,Hilti Store Manchester,Manchester,57.9,25+ km lower direct store threat,https://www.openstreetmap.org/way/150591346,OpenStreetMap via Overpass API exact brand/name selectors,2026-04-23
Screwfix,Screwfix,Screwfix,node,12256251120,56.4763825,-2.9337449,DD4 7FF,Dundee,New Craigie Road,Hilti Store Edinburgh,Edinburgh,58.17,25+ km lower direct store threat,https://www.openstreetmap.org/node/12256251120,OpenStreetMap via Overpass API exact brand/name selectors,2026-04-23
Screwfix,Screwfix,Screwfix,way,406155463,53.8683036,-1.7052396,LS20 9PR,Leeds,,Hilti Store Manchester,Manchester,58.51,25+ km lower direct store threat,https://www.openstreetmap.org/way/406155463,OpenStreetMap via Overpass API exact brand/name selectors,2026-04-23
Screwfix,Screwfix,Screwfix,way,946059014,51.8189827,-0.8303877,,,,Hilti Store Edmonton,London,58.64,25+ km lower direct store threat,https://www.openstreetmap.org/way/946059014,OpenStreetMap via Overpass API exact brand/name selectors,2026-04-23
Screwfix,Screwfix,Screwfix,way,872717433,53.010938,-1.7417564,,,,Hilti Store Birmingham,Birmingham,58.73,25+ km lower direct store threat,https://www.openstreetmap.org/way/872717433,OpenStreetMap via Overpass API exact brand/name selectors,2026-04-23
Screwfix,Screwfix,Screwfix,way,753323097,51.6371634,-3.9719036,,,,Hilti Store Cardiff,Cardiff,59.28,25+ km lower direct store threat,https://www.openstreetmap.org/way/753323097,OpenStreetMap via Overpass API exact brand/name selectors,2026-04-23
Screwfix,Screwfix,Screwfix,node,11939646194,51.8356446,-2.5105958,,,Broadmoor Road,Hilti Store Cardiff,Cardiff,59.89,25+ km lower direct store threat,https://www.openstreetmap.org/node/11939646194,OpenStreetMap via Overpass API exact brand/name selectors,2026-04-23
Screwfix,Screwfix,Screwfix,node,7126021309,53.8457722,-1.6329989,LS18 5AZ,Leeds,Lister Hill,Hilti Store Manchester,Manchester,59.93,25+ km lower direct store threat,https://www.openstreetmap.org/node/7126021309,OpenStreetMap via Overpass API exact brand/name selectors,2026-04-23
Screwfix,Screwfix,Screwfix,way,1428604675,51.201572,-0.8172644,GU10 4PL,Farnham,Grovebell Industrial Estate,Hilti Store Southwark,London,60.02,25+ km lower direct store threat,https://www.openstreetmap.org/way/1428604675,OpenStreetMap via Overpass API exact brand/name selectors,2026-04-23
Screwfix,Screwfix,Screwfix,way,515670091,52.0723054,-1.3232154,,,Wildmere Road,Hilti Store Birmingham,Birmingham,60.39,25+ km lower direct store threat,https://www.openstreetmap.org/way/515670091,OpenStreetMap via Overpass API exact brand/name selectors,2026-04-23
Screwfix,Screwfix,Screwfix,node,5792826475,51.4364171,-0.9693557,,,,Hilti Store Southwark,London,60.57,25+ km lower direct store threat,https://www.openstreetmap.org/node/5792826475,OpenStreetMap via Overpass API exact brand/name selectors,2026-04-23
Screwfix,Screwfix,Screwfix,way,1441731640,51.4087708,0.7657936,,,,Hilti Store Edmonton,London,60.65,25+ km lower direct store threat,https://www.openstreetmap.org/way/1441731640,OpenStreetMap via Overpass API exact brand/name selectors,2026-04-23
Screwfix,Screwfix,Screwfix,node,11895825711,51.9424743,0.6559328,,,,Hilti Store Edmonton,London,60.7,25+ km lower direct store threat,https://www.openstreetmap.org/node/11895825711,OpenStreetMap via Overpass API exact brand/name selectors,2026-04-23
Screwfix,Screwfix,Screwfix,node,5218767238,53.2313419,-1.4547736,,,,Hilti Store Manchester,Manchester,60.79,25+ km lower direct store threat,https://www.openstreetmap.org/node/5218767238,OpenStreetMap via Overpass API exact brand/name selectors,2026-04-23
Screwfix,Screwfix,Screwfix,way,274850920,50.9691905,0.0866266,TN22 1QL,Uckfield,Bell Lane,Hilti Store Southwark,London,60.93,25+ km lower direct store threat,https://www.openstreetmap.org/way/274850920,OpenStreetMap via Overpass API exact brand/name selectors,2026-04-23
Screwfix,Screwfix,Screwfix,way,435459066,53.7760006,-1.5166334,,,,Hilti Store Manchester,Manchester,60.96,25+ km lower direct store threat,https://www.openstreetmap.org/way/435459066,OpenStreetMap via Overpass API exact brand/name selectors,2026-04-23
Screwfix,Screwfix,Screwfix,way,945814814,50.9546637,-0.152241,RH15 9AD,Burgess Hill,York Road,Hilti Store Southwark,London,61.22,25+ km lower direct store threat,https://www.openstreetmap.org/way/945814814,OpenStreetMap via Overpass API exact brand/name selectors,2026-04-23
Screwfix,Screwfix,Screwfix,way,227506275,53.4441614,-1.3559777,,,,Hilti Store Manchester,Manchester,61.29,25+ km lower direct store threat,https://www.openstreetmap.org/way/227506275,OpenStreetMap via Overpass API exact brand/name selectors,2026-04-23
Screwfix,Screwfix,Screwfix,node,7760543785,52.0447791,-2.4239281,HR8 1AR,,Homend Trading Estate,Hilti Store Birmingham,Birmingham,61.45,25+ km lower direct store threat,https://www.openstreetmap.org/node/7760543785,OpenStreetMap via Overpass API exact brand/name selectors,2026-04-23
Screwfix,Screwfix,Screwfix,node,4178820066,52.0762286,0.4414524,,,,Hilti Store Edmonton,London,61.51,25+ km lower direct store threat,https://www.openstreetmap.org/node/4178820066,OpenStreetMap via Overpass API exact brand/name selectors,2026-04-23
Screwfix,Screwfix,Screwfix,way,322777130,52.8938545,-1.2650235,,Nottingham,,Hilti Store Birmingham,Birmingham,61.53,25+ km lower direct store threat,https://www.openstreetmap.org/way/322777130,OpenStreetMap via Overpass API exact brand/name selectors,2026-04-23
Screwfix,Screwfix,Screwfix,way,563078586,53.8097241,-1.5301432,LS7 3AJ,Leeds,Roundhay Road,Hilti Store Manchester,Manchester,62.42,25+ km lower direct store threat,https://www.openstreetmap.org/way/563078586,OpenStreetMap via Overpass API exact brand/name selectors,2026-04-23
Screwfix,Screwfix,Screwfix,way,137213417,51.0880626,-0.7089868,GU27 2HJ,Haslemere,High Street,Hilti Store Southwark,London,62.65,25+ km lower direct store threat,https://www.openstreetmap.org/way/137213417,OpenStreetMap via Overpass API exact brand/name selectors,2026-04-23
Screwfix,Screwfix,Screwfix,way,714068159,50.9291953,-2.9262987,TA19 9DJ,Ilminster,Canal Wharf Industrial Units,Hilti Store Cardiff,Cardiff,62.73,25+ km lower direct store threat,https://www.openstreetmap.org/way/714068159,OpenStreetMap via Overpass API exact brand/name selectors,2026-04-23
Screwfix,Screwfix,Screwfix,way,374097172,52.8488598,-3.0316913,,,,Hilti Store Liverpool,Liverpool,62.79,25+ km lower direct store threat,https://www.openstreetmap.org/way/374097172,OpenStreetMap via Overpass API exact brand/name selectors,2026-04-23
Screwfix,Screwfix,Screwfix,way,263733979,53.2281287,-1.4234118,S40 2EZ,Chesterfield,Derby Road,Hilti Store Manchester,Manchester,62.83,25+ km lower direct store threat,https://www.openstreetmap.org/way/263733979,OpenStreetMap via Overpass API exact brand/name selectors,2026-04-23
Screwfix,Screwfix,Screwfix,node,7968895942,51.4633566,-1.0132728,,,,Hilti Store Southwark,London,63.28,25+ km lower direct store threat,https://www.openstreetmap.org/node/7968895942,OpenStreetMap via Overpass API exact brand/name selectors,2026-04-23
Screwfix,Screwfix,Screwfix,node,13011383713,55.4354971,-2.7628952,TD9 8RJ,Hawick,Hawick Trade Park,Hilti Store Edinburgh,Edinburgh,63.28,25+ km lower direct store threat,https://www.openstreetmap.org/node/13011383713,OpenStreetMap via Overpass API exact brand/name selectors,2026-04-23
Screwfix,Screwfix,Screwfix,node,8498309017,51.9162443,-2.5733234,,,,Hilti Store Cardiff,Cardiff,63.39,25+ km lower direct store threat,https://www.openstreetmap.org/node/8498309017,OpenStreetMap via Overpass API exact brand/name selectors,2026-04-23
Screwfix,Screwfix,Screwfix,node,10889640289,52.6892497,-2.7734075,SY3 9PU,Shrewsbury,Longden Road,Hilti Store Birmingham,Birmingham,63.65,25+ km lower direct store threat,https://www.openstreetmap.org/node/10889640289,OpenStreetMap via Overpass API exact brand/name selectors,2026-04-23
Screwfix,Screwfix,Screwfix,way,267872953,52.7449131,-2.7354141,SY1 3AB,Shrewsbury,Knights Way,Hilti Store Birmingham,Birmingham,63.71,25+ km lower direct store threat,https://www.openstreetmap.org/way/267872953,OpenStreetMap via Overpass API exact brand/name selectors,2026-04-23
Screwfix,Screwfix,Screwfix,node,5863721203,51.2778301,-0.959738,RG27 9UT,,Osborn Way,Hilti Store Southwark,London,64.64,25+ km lower direct store threat,https://www.openstreetmap.org/node/5863721203,OpenStreetMap via Overpass API exact brand/name selectors,2026-04-23
Screwfix,Screwfix,Screwfix,node,7055261466,52.0072697,-0.7395174,,,,Hilti Store Edmonton,London,64.74,25+ km lower direct store threat,https://www.openstreetmap.org/node/7055261466,OpenStreetMap via Overpass API exact brand/name selectors,2026-04-23
Screwfix,Screwfix,Screwfix,way,966172507,52.1494405,-0.4122411,,,,Hilti Store Edmonton,London,64.74,25+ km lower direct store threat,https://www.openstreetmap.org/way/966172507,OpenStreetMap via Overpass API exact brand/name selectors,2026-04-23
Screwfix,Screwfix,Screwfix,node,8770124347,54.9049433,-5.023229,DG9 8ED,Stranraer,Bellevilla Road,Hilti Store Belfast,Belfast,65.14,25+ km lower direct store threat,https://www.openstreetmap.org/node/8770124347,OpenStreetMap via Overpass API exact brand/name selectors,2026-04-23
Screwfix,Screwfix,Screwfix,node,6487232305,51.2458478,-2.2913307,,,,Hilti Store Cardiff,Cardiff,65.16,25+ km lower direct store threat,https://www.openstreetmap.org/node/6487232305,OpenStreetMap via Overpass API exact brand/name selectors,2026-04-23
Screwfix,Screwfix,Screwfix,way,306327419,51.9181055,-2.0964588,GL51 9NQ,Cheltenham,Runnings Road,Hilti Store Birmingham,Birmingham,65.18,25+ km lower direct store threat,https://www.openstreetmap.org/way/306327419,OpenStreetMap via Overpass API exact brand/name selectors,2026-04-23
Screwfix,Screwfix,Screwfix,node,10124833015,53.7155315,-1.3841241,WF10 5NP,Castleford,Willowbridge Way,Hilti Store Manchester,Manchester,65.29,25+ km lower direct store threat,https://www.openstreetmap.org/node/10124833015,OpenStreetMap via Overpass API exact brand/name selectors,2026-04-23
Screwfix,Screwfix,Screwfix,node,1969962863,52.1912466,0.1376201,CB1 7EB,Cambridge,Clifton Road Industrial Estate,Hilti Store Edmonton,London,65.58,25+ km lower direct store threat,https://www.openstreetmap.org/node/1969962863,OpenStreetMap via Overpass API exact brand/name selectors,2026-04-23
Screwfix,Screwfix,Screwfix,way,587596347,52.9602449,-1.2943114,DE7 5BB,Ilkeston,Nottingham Road,Hilti Store Birmingham,Birmingham,65.86,25+ km lower direct store threat,https://www.openstreetmap.org/way/587596347,OpenStreetMap via Overpass API exact brand/name selectors,2026-04-23
Screwfix,Screwfix,Screwfix,way,895281322,53.7130076,-1.3476515,WF10 4UA,Castleford,Thunderhead Ridge,Hilti Store Manchester,Manchester,67.37,25+ km lower direct store threat,https://www.openstreetmap.org/way/895281322,OpenStreetMap via Overpass API exact brand/name selectors,2026-04-23
Screwfix,Screwfix,Screwfix,node,4541774126,53.8272225,-1.457334,,,,Hilti Store Manchester,Manchester,67.42,25+ km lower direct store threat,https://www.openstreetmap.org/node/4541774126,OpenStreetMap via Overpass API exact brand/name selectors,2026-04-23
Screwfix,Screwfix,Screwfix,way,358590450,50.9476593,-2.6718677,,,,Hilti Store Cardiff,Cardiff,67.59,25+ km lower direct store threat,https://www.openstreetmap.org/way/358590450,OpenStreetMap via Overpass API exact brand/name selectors,2026-04-23
Screwfix,Screwfix,Screwfix,way,358537721,50.9469804,-2.6716395,BA22 8RT,Yeovil,Mead Avenue,Hilti Store Cardiff,Cardiff,67.67,25+ km lower direct store threat,https://www.openstreetmap.org/way/358537721,OpenStreetMap via Overpass API exact brand/name selectors,2026-04-23
Screwfix,Screwfix,Screwfix,node,13747929454,51.8771029,0.8447702,,,,Hilti Store Edmonton,London,68.08,25+ km lower direct store threat,https://www.openstreetmap.org/node/13747929454,OpenStreetMap via Overpass API exact brand/name selectors,2026-04-23
Screwfix,Screwfix,Screwfix,node,1446374723,52.2098387,-0.287963,,,,Hilti Store Edmonton,London,68.43,25+ km lower direct store threat,https://www.openstreetmap.org/node/1446374723,OpenStreetMap via Overpass API exact brand/name selectors,2026-04-23
Screwfix,Screwfix,Screwfix,node,5037622216,51.1092099,-0.8654191,GU35 9QF,Bordon,Woolmer Way,Hilti Store Southwark,London,68.91,25+ km lower direct store threat,https://www.openstreetmap.org/node/5037622216,OpenStreetMap via Overpass API exact brand/name selectors,2026-04-23
Screwfix,Screwfix,Screwfix,way,236401410,52.9304265,-1.1674116,NG7 2NR,Nottingham,Lenton Lane,Hilti Store Birmingham,Birmingham,69.01,25+ km lower direct store threat,https://www.openstreetmap.org/way/236401410,OpenStreetMap via Overpass API exact brand/name selectors,2026-04-23
Screwfix,Screwfix,Screwfix,way,842071737,50.9332087,-2.6591408,BA20 2TJ,Yeovil,Garrett Road,Hilti Store Cardiff,Cardiff,69.43,25+ km lower direct store threat,https://www.openstreetmap.org/way/842071737,OpenStreetMap via Overpass API exact brand/name selectors,2026-04-23
Screwfix,Screwfix,Screwfix,node,9882928841,51.0519747,-2.4206749,,,,Hilti Store Cardiff,Cardiff,69.44,25+ km lower direct store threat,https://www.openstreetmap.org/node/9882928841,OpenStreetMap via Overpass API exact brand/name selectors,2026-04-23
Screwfix,Screwfix,Screwfix,node,9774910612,53.7980712,-1.380759,LS25 2JY,Leeds,"Chestnut Court, Lotherton Way",Hilti Store Manchester,Manchester,69.8,25+ km lower direct store threat,https://www.openstreetmap.org/node/9774910612,OpenStreetMap via Overpass API exact brand/name selectors,2026-04-23
Screwfix,Screwfix,Screwfix,node,3082749611,52.2323994,0.1360212,CB4 2PF,Cambridge,Kings Court,Hilti Store Edmonton,London,70.05,25+ km lower direct store threat,https://www.openstreetmap.org/node/3082749611,OpenStreetMap via Overpass API exact brand/name selectors,2026-04-23
Screwfix,Screwfix,Screwfix,node,10239768229,51.4656604,-2.1440322,SN14 6LH,,,Hilti Store Cardiff,Cardiff,70.05,25+ km lower direct store threat,https://www.openstreetmap.org/node/10239768229,OpenStreetMap via Overpass API exact brand/name selectors,2026-04-23
Screwfix,Screwfix,Screwfix,way,256732980,50.8788356,0.0185382,BN7 2FB,Lewes,,Hilti Store Southwark,London,70.05,25+ km lower direct store threat,https://www.openstreetmap.org/way/256732980,OpenStreetMap via Overpass API exact brand/name selectors,2026-04-23
Screwfix,Screwfix,Screwfix,way,328480375,53.0047223,-1.28052,NG16 2UZ,Nottingham,Pentrich Road,Hilti Store Birmingham,Birmingham,70.37,25+ km lower direct store threat,https://www.openstreetmap.org/way/328480375,OpenStreetMap via Overpass API exact brand/name selectors,2026-04-23
Screwfix,Screwfix,Screwfix,node,11813898964,53.3724039,-1.2261603,,,,Hilti Store Manchester,Manchester,70.68,25+ km lower direct store threat,https://www.openstreetmap.org/node/11813898964,OpenStreetMap via Overpass API exact brand/name selectors,2026-04-23
Screwfix,Screwfix,Screwfix,node,10311404612,50.8662191,-0.1259442,BN1 8AF,Brighton,Crowhurst Road,Hilti Store Southwark,London,70.97,25+ km lower direct store threat,https://www.openstreetmap.org/node/10311404612,OpenStreetMap via Overpass API exact brand/name selectors,2026-04-23
Screwfix,Screwfix,Screwfix,way,298165368,52.050979,-0.7982244,MK12 6HS,,Erica Road,Hilti Store Edmonton,London,70.99,25+ km lower direct store threat,https://www.openstreetmap.org/way/298165368,OpenStreetMap via Overpass API exact brand/name selectors,2026-04-23
Screwfix,Screwfix,Screwfix,way,372253891,51.6823487,-4.1310132,SA14 9BD,,,Hilti Store Cardiff,Cardiff,71.27,25+ km lower direct store threat,https://www.openstreetmap.org/way/372253891,OpenStreetMap via Overpass API exact brand/name selectors,2026-04-23
Screwfix,Screwfix,Screwfix,way,470275806,52.2525796,-0.9145998,,,,Hilti Store Birmingham,Birmingham,71.29,25+ km lower direct store threat,https://www.openstreetmap.org/way/470275806,OpenStreetMap via Overpass API exact brand/name selectors,2026-04-23
Screwfix,Screwfix,Screwfix,way,1140186739,52.0401029,-1.1381456,NN13 6RE,Brackley,Tungsten Trade Park,Hilti Store Birmingham,Birmingham,71.58,25+ km lower direct store threat,https://www.openstreetmap.org/way/1140186739,OpenStreetMap via Overpass API exact brand/name selectors,2026-04-23
Screwfix,Screwfix,Screwfix,node,11446576941,52.2558395,0.0204047,,,,Hilti Store Edmonton,London,71.67,25+ km lower direct store threat,https://www.openstreetmap.org/node/11446576941,OpenStreetMap via Overpass API exact brand/name selectors,2026-04-23
Screwfix,Screwfix,Screwfix,way,243386653,52.9450835,-1.1315776,,,,Hilti Store Birmingham,Birmingham,71.86,25+ km lower direct store threat,https://www.openstreetmap.org/way/243386653,OpenStreetMap via Overpass API exact brand/name selectors,2026-04-23
Screwfix,Screwfix,Screwfix,way,78192837,52.9449494,-1.1312715,NG2 3HB,Nottingham,Meadow Lane,Hilti Store Birmingham,Birmingham,71.87,25+ km lower direct store threat,https://www.openstreetmap.org/way/78192837,OpenStreetMap via Overpass API exact brand/name selectors,2026-04-23
Screwfix,Screwfix,Screwfix,node,12335926047,52.9731623,-1.1754276,,,,Hilti Store Birmingham,Birmingham,72.08,25+ km lower direct store threat,https://www.openstreetmap.org/node/12335926047,OpenStreetMap via Overpass API exact brand/name selectors,2026-04-23
Screwfix,Screwfix,Screwfix,way,592453293,52.0655845,-2.718638,,,,Hilti Store Cardiff,Cardiff,72.24,25+ km lower direct store threat,https://www.openstreetmap.org/way/592453293,OpenStreetMap via Overpass API exact brand/name selectors,2026-04-23
Screwfix,Screwfix,Screwfix,node,9008300022,52.141289,-0.9924512,,,,Hilti Store Birmingham,Birmingham,72.3,25+ km lower direct store threat,https://www.openstreetmap.org/node/9008300022,OpenStreetMap via Overpass API exact brand/name selectors,2026-04-23
Screwfix,Screwfix,Screwfix,way,436358233,54.0597744,-2.8383377,LA3 3AY,Morecambe,Northgate,Hilti Store Liverpool,Liverpool,72.49,25+ km lower direct store threat,https://www.openstreetmap.org/way/436358233,OpenStreetMap via Overpass API exact brand/name selectors,2026-04-23
Screwfix,Screwfix,Screwfix,node,5884596491,54.0563789,-2.7923934,LA1 3NX,Lancaster,Caton Road,Hilti Store Liverpool,Liverpool,72.53,25+ km lower direct store threat,https://www.openstreetmap.org/node/5884596491,OpenStreetMap via Overpass API exact brand/name selectors,2026-04-23
Screwfix,Screwfix,Screwfix,way,1301169737,51.5970966,-1.1422367,OX10 9SJ,Wallingford,Verda Park,Hilti Store Southwark,London,72.68,25+ km lower direct store threat,https://www.openstreetmap.org/way/1301169737,OpenStreetMap via Overpass API exact brand/name selectors,2026-04-23
Screwfix,Screwfix,Screwfix,way,684388332,52.0438082,0.7494373,,Sudbury,Addison Road,Hilti Store Edmonton,London,72.77,25+ km lower direct store threat,https://www.openstreetmap.org/way/684388332,OpenStreetMap via Overpass API exact brand/name selectors,2026-04-23
Screwfix,Screwfix,Screwfix,node,3736774139,51.7929039,-4.0769722,,,,Hilti Store Cardiff,Cardiff,72.79,25+ km lower direct store threat,https://www.openstreetmap.org/node/3736774139,OpenStreetMap via Overpass API exact brand/name selectors,2026-04-23
Screwfix,Screwfix,Screwfix,way,194707339,55.7628778,-2.0221845,,,,Hilti Store Edinburgh,Edinburgh,72.84,25+ km lower direct store threat,https://www.openstreetmap.org/way/194707339,OpenStreetMap via Overpass API exact brand/name selectors,2026-04-23
Screwfix,Screwfix,Screwfix,node,11349825104,51.8363485,-2.2690201,,,,Hilti Store Cardiff,Cardiff,73.17,25+ km lower direct store threat,https://www.openstreetmap.org/node/11349825104,OpenStreetMap via Overpass API exact brand/name selectors,2026-04-23
Screwfix,Screwfix,Screwfix,node,9779097804,55.1333848,-6.6543679,,,,Hilti Store Belfast,Belfast,73.73,25+ km lower direct store threat,https://www.openstreetmap.org/node/9779097804,OpenStreetMap via Overpass API exact brand/name selectors,2026-04-23
Screwfix,Screwfix,Screwfix,way,352588601,51.8870406,0.9280346,CO1 2XL,Colchester,Davey Close,Hilti Store Edmonton,London,73.74,25+ km lower direct store threat,https://www.openstreetmap.org/way/352588601,OpenStreetMap via Overpass API exact brand/name selectors,2026-04-23
Screwfix,Screwfix,Screwfix,way,250764602,51.8575788,-2.2215218,,,,Hilti Store Birmingham,Birmingham,73.92,25+ km lower direct store threat,https://www.openstreetmap.org/way/250764602,OpenStreetMap via Overpass API exact brand/name selectors,2026-04-23
Screwfix,Screwfix,Screwfix,node,10614738874,51.3719643,-1.1515197,,,,Hilti Store Southwark,London,74.24,25+ km lower direct store threat,https://www.openstreetmap.org/node/10614738874,OpenStreetMap via Overpass API exact brand/name selectors,2026-04-23
Screwfix,Screwfix,Screwfix,node,8757754035,52.7670615,-0.8857533,,,,Hilti Store Birmingham,Birmingham,74.42,25+ km lower direct store threat,https://www.openstreetmap.org/node/8757754035,OpenStreetMap via Overpass API exact brand/name selectors,2026-04-23
Screwfix,Screwfix,Screwfix,node,10820181414,56.5635522,-2.5883754,DD11 1RU,Arbroath,Dens Road,Hilti Store Edinburgh,Edinburgh,74.55,25+ km lower direct store threat,https://www.openstreetmap.org/node/10820181414,OpenStreetMap via Overpass API exact brand/name selectors,2026-04-23
Screwfix,Screwfix,Screwfix,node,536130871,51.2629411,-1.1057573,,,,Hilti Store Southwark,London,74.66,25+ km lower direct store threat,https://www.openstreetmap.org/node/536130871,OpenStreetMap via Overpass API exact brand/name selectors,2026-04-23
Screwfix,Screwfix,Screwfix,way,220430545,53.0120995,-1.1897733,NG6 8AJ,Nottingham,Hucknall Lane,Hilti Store Birmingham,Birmingham,74.73,25+ km lower direct store threat,https://www.openstreetmap.org/way/220430545,OpenStreetMap via Overpass API exact brand/name selectors,2026-04-23
Screwfix,Screwfix,Screwfix,way,1080987160,53.5294366,-1.1475678,,,,Hilti Store Manchester,Manchester,75.27,25+ km lower direct store threat,https://www.openstreetmap.org/way/1080987160,OpenStreetMap via Overpass API exact brand/name selectors,2026-04-23
Screwfix,Screwfix,Screwfix,way,620664405,50.8617362,0.2468962,,,,Hilti Store Southwark,London,75.47,25+ km lower direct store threat,https://www.openstreetmap.org/way/620664405,OpenStreetMap via Overpass API exact brand/name selectors,2026-04-23
Screwfix,Screwfix,Screwfix,way,235901522,50.8323087,-0.2559625,BN43 6RJ,Shoreham-by-Sea,Brighton Road,Hilti Store Southwark,London,75.49,25+ km lower direct store threat,https://www.openstreetmap.org/way/235901522,OpenStreetMap via Overpass API exact brand/name selectors,2026-04-23
Screwfix,Screwfix,Screwfix,node,4644850613,52.2163458,-0.8710088,NN4 7PX,,,Hilti Store Birmingham,Birmingham,75.61,25+ km lower direct store threat,https://www.openstreetmap.org/node/4644850613,OpenStreetMap via Overpass API exact brand/name selectors,2026-04-23
Screwfix,Screwfix,Screwfix,way,234077515,50.8218543,-0.122924,BN2 0DF,Brighton,Stevenson Road,Hilti Store Southwark,London,75.9,25+ km lower direct store threat,https://www.openstreetmap.org/way/234077515,OpenStreetMap via Overpass API exact brand/name selectors,2026-04-23
Screwfix,Screwfix,Screwfix,node,13340699901,50.7922727,-3.2081983,,,,Hilti Store Cardiff,Cardiff,75.98,25+ km lower direct store threat,https://www.openstreetmap.org/node/13340699901,OpenStreetMap via Overpass API exact brand/name selectors,2026-04-23
Screwfix,Screwfix,Screwfix,way,1255038982,53.1103944,-1.2969334,,,,Hilti Store Manchester,Manchester,76.51,25+ km lower direct store threat,https://www.openstreetmap.org/way/1255038982,OpenStreetMap via Overpass API exact brand/name selectors,2026-04-23
Screwfix,Screwfix,Screwfix,node,9712272821,52.2908632,0.176989,,,,Hilti Store Edmonton,London,76.96,25+ km lower direct store threat,https://www.openstreetmap.org/node/9712272821,OpenStreetMap via Overpass API exact brand/name selectors,2026-04-23
Screwfix,Screwfix,Screwfix,node,9691991980,52.96772,-1.0619938,,,,Hilti Store Birmingham,Birmingham,76.97,25+ km lower direct store threat,https://www.openstreetmap.org/node/9691991980,OpenStreetMap via Overpass API exact brand/name selectors,2026-04-23
Screwfix,Screwfix,Screwfix,way,576476678,56.6468484,-2.8905968,DD8 3JA,Forfar,Queenswell Road,Hilti Store Edinburgh,Edinburgh,77.26,25+ km lower direct store threat,https://www.openstreetmap.org/way/576476678,OpenStreetMap via Overpass API exact brand/name selectors,2026-04-23
Screwfix,Screwfix,Screwfix,way,981319183,50.8277458,-0.3607741,,,,Hilti Store Southwark,London,77.37,25+ km lower direct store threat,https://www.openstreetmap.org/way/981319183,OpenStreetMap via Overpass API exact brand/name selectors,2026-04-23
Screwfix,Screwfix,Screwfix,way,95829478,51.0850566,-4.0825197,,,,Hilti Store Cardiff,Cardiff,77.7,25+ km lower direct store threat,https://www.openstreetmap.org/way/95829478,OpenStreetMap via Overpass API exact brand/name selectors,2026-04-23
Screwfix,Screwfix,Screwfix,way,467058326,52.4061381,-0.7460643,,Kettering,Baron Avenue,Hilti Store Birmingham,Birmingham,78.08,25+ km lower direct store threat,https://www.openstreetmap.org/way/467058326,OpenStreetMap via Overpass API exact brand/name selectors,2026-04-23
Screwfix,Screwfix,Screwfix,node,6764555639,52.2610443,0.3903743,,,,Hilti Store Edmonton,London,78.09,25+ km lower direct store threat,https://www.openstreetmap.org/node/6764555639,OpenStreetMap via Overpass API exact brand/name selectors,2026-04-23
Screwfix,Screwfix,Screwfix,way,362621291,53.218544,-4.1064323,LL57 4YH,,,Hilti Store Liverpool,Liverpool,78.84,25+ km lower direct store threat,https://www.openstreetmap.org/way/362621291,OpenStreetMap via Overpass API exact brand/name selectors,2026-04-23
Screwfix,Screwfix,Screwfix,way,97219413,53.308774,-1.1216636,S80 1PH,Worksop,Carlton Road,Hilti Store Manchester,Manchester,78.87,25+ km lower direct store threat,https://www.openstreetmap.org/way/97219413,OpenStreetMap via Overpass API exact brand/name selectors,2026-04-23
Screwfix,Screwfix,Screwfix,way,859068771,53.9381198,-1.3838857,,,,Hilti Store Manchester,Manchester,78.89,25+ km lower direct store threat,https://www.openstreetmap.org/way/859068771,OpenStreetMap via Overpass API exact brand/name selectors,2026-04-23
Screwfix,Screwfix,Screwfix,node,12673711741,54.1270183,-2.7504427,LA6 1FW,Carnforth,Electric Drive,Hilti Store Manchester,Manchester,79.56,25+ km lower direct store threat,https://www.openstreetmap.org/node/12673711741,OpenStreetMap via Overpass API exact brand/name selectors,2026-04-23
Screwfix,Screwfix,Screwfix,node,8018239691,51.7388301,-1.1939967,,,,Hilti Store Southwark,London,79.79,25+ km lower direct store threat,https://www.openstreetmap.org/node/8018239691,OpenStreetMap via Overpass API exact brand/name selectors,2026-04-23
Screwfix,Screwfix,Screwfix,node,4775850522,51.0293286,-2.2543354,,,,Hilti Store Cardiff,Cardiff,79.9,25+ km lower direct store threat,https://www.openstreetmap.org/node/4775850522,OpenStreetMap via Overpass API exact brand/name selectors,2026-04-23
Screwfix,Screwfix,Screwfix,node,10750834764,52.3773229,-0.7247038,NN15 6NP,Kettering,Orion Way,Hilti Store Birmingham,Birmingham,79.98,25+ km lower direct store threat,https://www.openstreetmap.org/node/10750834764,OpenStreetMap via Overpass API exact brand/name selectors,2026-04-23
Screwfix,Screwfix,Screwfix,way,731656498,53.157071,-1.1873452,,,,Hilti Store Manchester,Manchester,80.42,25+ km lower direct store threat,https://www.openstreetmap.org/way/731656498,OpenStreetMap via Overpass API exact brand/name selectors,2026-04-23
Screwfix,Screwfix,Screwfix,node,6766361810,52.3366042,-0.0613295,PE27 3LX,St Ives,Joiners Court,Hilti Store Edmonton,London,80.51,25+ km lower direct store threat,https://www.openstreetmap.org/node/6766361810,OpenStreetMap via Overpass API exact brand/name selectors,2026-04-23
Screwfix,Screwfix,Screwfix,node,5614908819,54.1206119,-3.2417915,,,,Hilti Store Liverpool,Liverpool,80.86,25+ km lower direct store threat,https://www.openstreetmap.org/node/5614908819,OpenStreetMap via Overpass API exact brand/name selectors,2026-04-23
Screwfix,Screwfix,Screwfix,way,993338446,51.6191701,-1.2574314,OX11 7HJ,Didcot,,Hilti Store Southwark,London,80.9,25+ km lower direct store threat,https://www.openstreetmap.org/way/993338446,OpenStreetMap via Overpass API exact brand/name selectors,2026-04-23
Screwfix,Screwfix,Screwfix,way,487521205,51.1285307,0.9000438,,,,Hilti Store Southwark,London,81.2,25+ km lower direct store threat,https://www.openstreetmap.org/way/487521205,OpenStreetMap via Overpass API exact brand/name selectors,2026-04-23
Screwfix,Screwfix,Screwfix,way,1198635990,51.9041768,-1.1329148,,Bicester,Telford Road,Hilti Store Edmonton,London,81.46,25+ km lower direct store threat,https://www.openstreetmap.org/way/1198635990,OpenStreetMap via Overpass API exact brand/name selectors,2026-04-23
Screwfix,Screwfix,Screwfix,node,1233079681,52.3408466,-0.1867619,,,,Hilti Store Edmonton,London,81.54,25+ km lower direct store threat,https://www.openstreetmap.org/node/1233079681,OpenStreetMap via Overpass API exact brand/name selectors,2026-04-23
Screwfix,Screwfix,Screwfix,way,661225140,51.3559906,1.0581211,CT5 3QT,Whitstable,Reeves Way,Hilti Store Edmonton,London,81.68,25+ km lower direct store threat,https://www.openstreetmap.org/way/661225140,OpenStreetMap via Overpass API exact brand/name selectors,2026-04-23
Screwfix,Screwfix,Screwfix,node,8743606628,52.5061154,-0.6791082,,,,Hilti Store Birmingham,Birmingham,81.98,25+ km lower direct store threat,https://www.openstreetmap.org/node/8743606628,OpenStreetMap via Overpass API exact brand/name selectors,2026-04-23
Screwfix,Screwfix,Screwfix,way,905527439,51.3680495,-1.9664083,,Devizes,Hopton Road,Hilti Store Cardiff,Cardiff,83.28,25+ km lower direct store threat,https://www.openstreetmap.org/way/905527439,OpenStreetMap via Overpass API exact brand/name selectors,2026-04-23
Screwfix,Screwfix,Screwfix,way,392131304,50.8419508,0.4643101,TN39 3LJ,Bexhill-on-Sea,Beeching Road,Hilti Store Southwark,London,83.55,25+ km lower direct store threat,https://www.openstreetmap.org/way/392131304,OpenStreetMap via Overpass API exact brand/name selectors,2026-04-23
Screwfix,Screwfix,Screwfix,way,451076813,51.8291035,-1.3021754,OX5 1JD,Oxford,,Hilti Store Birmingham,Birmingham,83.75,25+ km lower direct store threat,https://www.openstreetmap.org/way/451076813,OpenStreetMap via Overpass API exact brand/name selectors,2026-04-23
Screwfix,Screwfix,Screwfix,node,6942746866,51.7772853,-1.4903829,OX28 4XZ,Witney,Avenue One,Hilti Store Birmingham,Birmingham,83.85,25+ km lower direct store threat,https://www.openstreetmap.org/node/6942746866,OpenStreetMap via Overpass API exact brand/name selectors,2026-04-23
Screwfix,Screwfix,Screwfix,node,8479720229,50.8681753,0.5532303,,St Leonards-on-Sea,Theaklen Drive,Hilti Store Southwark,London,84.18,25+ km lower direct store threat,https://www.openstreetmap.org/node/8479720229,OpenStreetMap via Overpass API exact brand/name selectors,2026-04-23
Screwfix,Screwfix,Screwfix,way,487007175,50.7900954,0.2988785,BN23 6QA,Eastbourne,Hawthorn Road,Hilti Store Southwark,London,84.19,25+ km lower direct store threat,https://www.openstreetmap.org/way/487007175,OpenStreetMap via Overpass API exact brand/name selectors,2026-04-23
Screwfix,Screwfix,Screwfix,way,125759534,51.9483257,1.051234,CO11 2LH,Manningtree,Causeway End,Hilti Store Edmonton,London,84.28,25+ km lower direct store threat,https://www.openstreetmap.org/way/125759534,OpenStreetMap via Overpass API exact brand/name selectors,2026-04-23
Screwfix,Screwfix,Screwfix,way,316609031,52.2938722,-0.6887,NN8 2QH,Wellingborough,Denington Road,Hilti Store Birmingham,Birmingham,84.38,25+ km lower direct store threat,https://www.openstreetmap.org/way/316609031,OpenStreetMap via Overpass API exact brand/name selectors,2026-04-23
Screwfix,Screwfix,Screwfix,node,10301089120,51.4019482,-1.3122486,,,,Hilti Store Southwark,London,84.65,25+ km lower direct store threat,https://www.openstreetmap.org/node/10301089120,OpenStreetMap via Overpass API exact brand/name selectors,2026-04-23
Screwfix,Screwfix,Screwfix,way,1276170029,51.7910922,1.1470487,,,,Hilti Store Edmonton,London,84.65,25+ km lower direct store threat,https://www.openstreetmap.org/way/1276170029,OpenStreetMap via Overpass API exact brand/name selectors,2026-04-23
Screwfix,Screwfix,Screwfix,way,542335574,51.2739031,1.0661018,CT1 3RB,Canterbury,Cotton Road,Hilti Store Southwark,London,84.99,25+ km lower direct store threat,https://www.openstreetmap.org/way/542335574,OpenStreetMap via Overpass API exact brand/name selectors,2026-04-23
Screwfix,Screwfix,Screwfix,node,13671637361,50.8797264,0.6029955,TN35 4NR,Hastings,Burgess Road,Hilti Store Southwark,London,85.06,25+ km lower direct store threat,https://www.openstreetmap.org/node/13671637361,OpenStreetMap via Overpass API exact brand/name selectors,2026-04-23
Screwfix,Screwfix,Screwfix,way,356571865,51.6712769,-1.3031898,,,,Hilti Store Southwark,London,85.06,25+ km lower direct store threat,https://www.openstreetmap.org/way/356571865,OpenStreetMap via Overpass API exact brand/name selectors,2026-04-23
Screwfix,Screwfix,Screwfix,way,783758751,52.0540622,0.9648336,IP7 6RL,Hadleigh,Seager Court,Hilti Store Edmonton,London,85.11,25+ km lower direct store threat,https://www.openstreetmap.org/way/783758751,OpenStreetMap via Overpass API exact brand/name selectors,2026-04-23
Screwfix,Screwfix,Screwfix,node,5876887888,52.2995368,-0.614596,NN10 6EN,Rushden,Brindley Close,Hilti Store Edmonton,London,85.71,25+ km lower direct store threat,https://www.openstreetmap.org/node/5876887888,OpenStreetMap via Overpass API exact brand/name selectors,2026-04-23
Screwfix,Screwfix,Screwfix,way,347164239,51.8031541,1.1646899,,,,Hilti Store Edmonton,London,86.14,25+ km lower direct store threat,https://www.openstreetmap.org/way/347164239,OpenStreetMap via Overpass API exact brand/name selectors,2026-04-23
Screwfix,Screwfix,Screwfix,way,1150756843,51.7087982,-1.9594674,GL7 1LT,Cirencester,Mercian Close,Hilti Store Cardiff,Cardiff,86.6,25+ km lower direct store threat,https://www.openstreetmap.org/way/1150756843,OpenStreetMap via Overpass API exact brand/name selectors,2026-04-23
Screwfix,Screwfix,Screwfix,way,1271824223,51.7087592,-1.9592794,,,,Hilti Store Cardiff,Cardiff,86.61,25+ km lower direct store threat,https://www.openstreetmap.org/way/1271824223,OpenStreetMap via Overpass API exact brand/name selectors,2026-04-23
Screwfix,Screwfix,Screwfix,node,11112364181,52.2478861,0.6877854,,,,Hilti Store Edmonton,London,86.77,25+ km lower direct store threat,https://www.openstreetmap.org/node/11112364181,OpenStreetMap via Overpass API exact brand/name selectors,2026-04-23
Screwfix,Screwfix,Screwfix,node,2719872561,50.7189965,-3.4656862,EX2 7JS,Exeter,Kestrel Business Park,Hilti Store Cardiff,Cardiff,86.79,25+ km lower direct store threat,https://www.openstreetmap.org/node/2719872561,OpenStreetMap via Overpass API exact brand/name selectors,2026-04-23
Screwfix,Screwfix,Screwfix,relation,11497712,53.7673889,-1.0649599,,,,Hilti Store Manchester,Manchester,86.85,25+ km lower direct store threat,https://www.openstreetmap.org/relation/11497712,OpenStreetMap via Overpass API exact brand/name selectors,2026-04-23
Screwfix,Screwfix,Screwfix,way,802259099,54.1913725,-3.1053905,LA12 7TW,Ulverston,Thomas Way,Hilti Store Liverpool,Liverpool,87.14,25+ km lower direct store threat,https://www.openstreetmap.org/way/802259099,OpenStreetMap via Overpass API exact brand/name selectors,2026-04-23
Screwfix,Screwfix,Screwfix,node,12193393005,50.7250372,-3.523431,,,,Hilti Store Cardiff,Cardiff,87.24,25+ km lower direct store threat,https://www.openstreetmap.org/node/12193393005,OpenStreetMap via Overpass API exact brand/name selectors,2026-04-23
Screwfix,Screwfix,Screwfix,node,4718349956,50.801652,-0.6656767,,,,Hilti Store Southwark,London,87.47,25+ km lower direct store threat,https://www.openstreetmap.org/node/4718349956,OpenStreetMap via Overpass API exact brand/name selectors,2026-04-23
Screwfix,Screwfix,Screwfix,way,1382575176,51.361761,1.1504896,,,,Hilti Store Edmonton,London,87.49,25+ km lower direct store threat,https://www.openstreetmap.org/way/1382575176,OpenStreetMap via Overpass API exact brand/name selectors,2026-04-23
Screwfix,Screwfix,Screwfix,node,4005844761,50.8306288,-0.755255,,,,Hilti Store Southwark,London,87.68,25+ km lower direct store threat,https://www.openstreetmap.org/node/4005844761,OpenStreetMap via Overpass API exact brand/name selectors,2026-04-23
Screwfix,Screwfix,Screwfix,way,860674353,52.2534657,-3.3771614,,,,Hilti Store Cardiff,Cardiff,87.92,25+ km lower direct store threat,https://www.openstreetmap.org/way/860674353,OpenStreetMap via Overpass API exact brand/name selectors,2026-04-23
Screwfix,Screwfix,Screwfix,node,11214311686,52.3869028,0.2279754,,,,Hilti Store Edmonton,London,88.13,25+ km lower direct store threat,https://www.openstreetmap.org/node/11214311686,OpenStreetMap via Overpass API exact brand/name selectors,2026-04-23
Screwfix,Screwfix,Screwfix,way,327032987,52.2408984,0.7470652,IP32 7BX,Bury St Edmunds,Bunting Road,Hilti Store Edmonton,London,88.58,25+ km lower direct store threat,https://www.openstreetmap.org/way/327032987,OpenStreetMap via Overpass API exact brand/name selectors,2026-04-23
Screwfix,Screwfix,Screwfix,way,238426478,54.1294989,-1.5085344,HG4 1AJ,Ripon,,Hilti Store Manchester,Manchester,89.39,25+ km lower direct store threat,https://www.openstreetmap.org/way/238426478,OpenStreetMap via Overpass API exact brand/name selectors,2026-04-23
Screwfix,Screwfix,Screwfix,node,3005852210,50.7038372,-3.528612,EX2 8QG,Exeter,Trusham Road,Hilti Store Cardiff,Cardiff,89.6,25+ km lower direct store threat,https://www.openstreetmap.org/node/3005852210,OpenStreetMap via Overpass API exact brand/name selectors,2026-04-23
Screwfix,Screwfix,Screwfix,node,9858515399,54.5913967,-7.3152914,,,,Hilti Store Belfast,Belfast,90.26,25+ km lower direct store threat,https://www.openstreetmap.org/node/9858515399,OpenStreetMap via Overpass API exact brand/name selectors,2026-04-23
Screwfix,Screwfix,Screwfix,way,1208322049,52.3550925,0.5078282,,,,Hilti Store Edmonton,London,90.88,25+ km lower direct store threat,https://www.openstreetmap.org/way/1208322049,OpenStreetMap via Overpass API exact brand/name selectors,2026-04-23
Screwfix,Screwfix,Screwfix,way,363617867,53.1387476,-4.2535459,,,,Hilti Store Liverpool,Liverpool,90.93,25+ km lower direct store threat,https://www.openstreetmap.org/way/363617867,OpenStreetMap via Overpass API exact brand/name selectors,2026-04-23
Screwfix,Screwfix,Screwfix,way,1341780128,53.2507962,-4.3077075,LL77 7AR,Llangefni,Industrial Estate Road,Hilti Store Liverpool,Liverpool,90.97,25+ km lower direct store threat,https://www.openstreetmap.org/way/1341780128,OpenStreetMap via Overpass API exact brand/name selectors,2026-04-23
Screwfix,Screwfix,Screwfix,node,9062192482,51.8479444,-4.333967,,,,Hilti Store Cardiff,Cardiff,91.28,25+ km lower direct store threat,https://www.openstreetmap.org/node/9062192482,OpenStreetMap via Overpass API exact brand/name selectors,2026-04-23
Screwfix,Screwfix,Screwfix,node,11682609508,52.440199,-0.2706108,,,,Hilti Store Edmonton,London,93.28,25+ km lower direct store threat,https://www.openstreetmap.org/node/11682609508,OpenStreetMap via Overpass API exact brand/name selectors,2026-04-23
Screwfix,Screwfix,Screwfix,way,1274291225,51.5534691,-1.8087121,SN5 8WQ,Swindon,Caen View,Hilti Store Cardiff,Cardiff,93.58,25+ km lower direct store threat,https://www.openstreetmap.org/way/1274291225,OpenStreetMap via Overpass API exact brand/name selectors,2026-04-23
Screwfix,Screwfix,Screwfix,node,12628121945,51.5685361,-1.8036338,SN2 2DJ,Swindon,Great Western Way,Hilti Store Cardiff,Cardiff,94.09,25+ km lower direct store threat,https://www.openstreetmap.org/node/12628121945,OpenStreetMap via Overpass API exact brand/name selectors,2026-04-23
Screwfix,Screwfix,Screwfix,way,1491614565,52.457764,0.0407322,,,,Hilti Store Edmonton,London,94.17,25+ km lower direct store threat,https://www.openstreetmap.org/way/1491614565,OpenStreetMap via Overpass API exact brand/name selectors,2026-04-23
Screwfix,Screwfix,Screwfix,node,8736318099,50.6332263,-3.3751765,EX8 2NU,Exmouth,,Hilti Store Cardiff,Cardiff,94.83,25+ km lower direct store threat,https://www.openstreetmap.org/node/8736318099,OpenStreetMap via Overpass API exact brand/name selectors,2026-04-23
Screwfix,Screwfix,Screwfix,node,8241974950,53.7050679,-0.8956369,,,,Hilti Store Manchester,Manchester,95.17,25+ km lower direct store threat,https://www.openstreetmap.org/node/8241974950,OpenStreetMap via Overpass API exact brand/name selectors,2026-04-23
Screwfix,Screwfix,Screwfix,node,10102722333,52.9025121,-0.6512672,,,,Hilti Store Birmingham,Birmingham,95.21,25+ km lower direct store threat,https://www.openstreetmap.org/node/10102722333,OpenStreetMap via Overpass API exact brand/name selectors,2026-04-23
Screwfix,Screwfix,Screwfix,way,28912509,52.0831853,1.113498,IP1 5NP,Ipswich,Goddard Road,Hilti Store Edmonton,London,95.36,25+ km lower direct store threat,https://www.openstreetmap.org/way/28912509,OpenStreetMap via Overpass API exact brand/name selectors,2026-04-23
Screwfix,Screwfix,Screwfix,way,1290082135,51.6526208,-1.5839051,SN7 7DS,Faringdon,Old Sawmills Road,Hilti Store Birmingham,Birmingham,95.48,25+ km lower direct store threat,https://www.openstreetmap.org/way/1290082135,OpenStreetMap via Overpass API exact brand/name selectors,2026-04-23
Screwfix,Screwfix,Screwfix,node,3928741987,50.8494671,-0.991098,,,,Hilti Store Southwark,London,95.63,25+ km lower direct store threat,https://www.openstreetmap.org/node/3928741987,OpenStreetMap via Overpass API exact brand/name selectors,2026-04-23
Screwfix,Screwfix,Screwfix,way,440654329,52.5154296,-3.3043898,,,,Hilti Store Birmingham,Birmingham,95.79,25+ km lower direct store threat,https://www.openstreetmap.org/way/440654329,OpenStreetMap via Overpass API exact brand/name selectors,2026-04-23
Screwfix,Screwfix,Screwfix,way,988775154,51.0691335,-1.2993857,SO23 7RX,Winchester,Moorside Road,Hilti Store Southwark,London,96.32,25+ km lower direct store threat,https://www.openstreetmap.org/way/988775154,OpenStreetMap via Overpass API exact brand/name selectors,2026-04-23
Screwfix,Screwfix,Screwfix,way,207809983,56.4078282,-5.4715147,,,,Hilti Store Glasgow,Glasgow,96.47,25+ km lower direct store threat,https://www.openstreetmap.org/way/207809983,OpenStreetMap via Overpass API exact brand/name selectors,2026-04-23
Screwfix,Screwfix,Screwfix,way,161371155,51.5762682,-1.7676854,,,,Hilti Store Cardiff,Cardiff,96.65,25+ km lower direct store threat,https://www.openstreetmap.org/way/161371155,OpenStreetMap via Overpass API exact brand/name selectors,2026-04-23
Screwfix,Screwfix,Screwfix,node,4759917712,53.9585189,-1.0673955,YO10 3DQ,York,Hazel Court,Hilti Store Manchester,Manchester,96.73,25+ km lower direct store threat,https://www.openstreetmap.org/node/4759917712,OpenStreetMap via Overpass API exact brand/name selectors,2026-04-23
Screwfix,Screwfix,Screwfix,way,133523505,53.9912656,-1.099426,YO30 4XY,York,Stirling Road,Hilti Store Manchester,Manchester,97.11,25+ km lower direct store threat,https://www.openstreetmap.org/way/133523505,OpenStreetMap via Overpass API exact brand/name selectors,2026-04-23
Screwfix,Screwfix,Screwfix,way,1461597119,51.9423499,1.2606143,CO12 4YA,,Mariners Way,Hilti Store Edmonton,London,97.15,25+ km lower direct store threat,https://www.openstreetmap.org/way/1461597119,OpenStreetMap via Overpass API exact brand/name selectors,2026-04-23
Screwfix,Screwfix,Screwfix,way,205288426,50.716061,-2.4504838,,,,Hilti Store Cardiff,Cardiff,97.67,25+ km lower direct store threat,https://www.openstreetmap.org/way/205288426,OpenStreetMap via Overpass API exact brand/name selectors,2026-04-23
Screwfix,Screwfix,Screwfix,way,105885168,52.0292754,1.206587,IP3 9RT,Ipswich,Foxtail Road,Hilti Store Edmonton,London,97.83,25+ km lower direct store threat,https://www.openstreetmap.org/way/105885168,OpenStreetMap via Overpass API exact brand/name selectors,2026-04-23
Screwfix,Screwfix,Screwfix,node,6474845561,52.6568648,-0.4666455,PE9 1TX,Stamford,Ryhall Road,Hilti Store Birmingham,Birmingham,97.94,25+ km lower direct store threat,https://www.openstreetmap.org/node/6474845561,OpenStreetMap via Overpass API exact brand/name selectors,2026-04-23
Screwfix,Screwfix,Screwfix,node,13671826322,50.957096,-1.2096867,,,,Hilti Store Southwark,London,98.25,25+ km lower direct store threat,https://www.openstreetmap.org/node/13671826322,OpenStreetMap via Overpass API exact brand/name selectors,2026-04-23
Screwfix,Screwfix,Screwfix,node,12227796246,51.4194958,-1.5154751,,,,Hilti Store Southwark,London,98.39,25+ km lower direct store threat,https://www.openstreetmap.org/node/12227796246,OpenStreetMap via Overpass API exact brand/name selectors,2026-04-23
Screwfix,Screwfix,Screwfix,way,162542461,51.094953,1.1717709,CT19 5DS,Folkestone,Five Acre Site,Hilti Store Southwark,London,99.55,25+ km lower direct store threat,https://www.openstreetmap.org/way/162542461,OpenStreetMap via Overpass API exact brand/name selectors,2026-04-23
Screwfix,Screwfix,Screwfix,way,200666338,53.0871563,-0.7852262,NG24 2DE,Newark,Brunel Drive,Hilti Store Birmingham,Birmingham,99.6,25+ km lower direct store threat,https://www.openstreetmap.org/way/200666338,OpenStreetMap via Overpass API exact brand/name selectors,2026-04-23
Screwfix,Screwfix,Screwfix,node,8360177191,51.414935,-1.7208534,SN8 4AN,Marlborough,Blenheim Road,Hilti Store Cardiff,Cardiff,99.63,25+ km lower direct store threat,https://www.openstreetmap.org/node/8360177191,OpenStreetMap via Overpass API exact brand/name selectors,2026-04-23
Screwfix,Screwfix,Screwfix,node,10114126395,53.9899973,-1.0459518,YO32 9GZ,York,Monks Cross Drive,Hilti Store Manchester,Manchester,99.87,25+ km lower direct store threat,https://www.openstreetmap.org/node/10114126395,OpenStreetMap via Overpass API exact brand/name selectors,2026-04-23
Screwfix,Screwfix,Screwfix,node,2639594799,50.8272776,-1.0562411,PO3 5NJ,Portsmouth,Williams Road,Hilti Store Southwark,London,100.48,25+ km lower direct store threat,https://www.openstreetmap.org/node/2639594799,OpenStreetMap via Overpass API exact brand/name selectors,2026-04-23
Screwfix,Screwfix,Screwfix,way,354314092,54.3361735,-2.7424662,LA9 6LU,Kendal,Mintsfeet Road,Hilti Store Manchester,Manchester,101.22,25+ km lower direct store threat,https://www.openstreetmap.org/way/354314092,OpenStreetMap via Overpass API exact brand/name selectors,2026-04-23
Screwfix,Screwfix,Screwfix,node,6222020681,52.5257879,-0.2395964,PE7 3GX,Peterborough,,Hilti Store Edmonton,London,102.39,25+ km lower direct store threat,https://www.openstreetmap.org/node/6222020681,OpenStreetMap via Overpass API exact brand/name selectors,2026-04-23
Screwfix,Screwfix,Screwfix,way,287231750,52.4037983,0.7243499,IP24 3RW,Thetford,Burrell Way,Hilti Store Edmonton,London,102.6,25+ km lower direct store threat,https://www.openstreetmap.org/way/287231750,OpenStreetMap via Overpass API exact brand/name selectors,2026-04-23
Screwfix,Screwfix,Screwfix,way,1392068972,51.2118344,-1.5103098,SP10 3JS,Andover,East Portway,Hilti Store Southwark,London,103.07,25+ km lower direct store threat,https://www.openstreetmap.org/way/1392068972,OpenStreetMap via Overpass API exact brand/name selectors,2026-04-23
Screwfix,Screwfix,Screwfix,node,9177484047,54.2184755,-1.3564906,,,,Hilti Store Manchester,Manchester,103.2,25+ km lower direct store threat,https://www.openstreetmap.org/node/9177484047,OpenStreetMap via Overpass API exact brand/name selectors,2026-04-23
Screwfix,Screwfix,Screwfix,node,12773056116,50.798037,-1.069335,,,,Hilti Store Southwark,London,103.55,25+ km lower direct store threat,https://www.openstreetmap.org/node/12773056116,OpenStreetMap via Overpass API exact brand/name selectors,2026-04-23
Screwfix,Screwfix,Screwfix,way,25807550,52.0628917,1.2782705,IP5 3RD,Ipswich,Gloster Road,Hilti Store Edmonton,London,103.92,25+ km lower direct store threat,https://www.openstreetmap.org/way/25807550,OpenStreetMap via Overpass API exact brand/name selectors,2026-04-23
Screwfix,Screwfix,Screwfix,way,59522603,54.1514573,-4.5255984,,Douglas,,Hilti Store Belfast,Belfast,104.22,25+ km lower direct store threat,https://www.openstreetmap.org/way/59522603,OpenStreetMap via Overpass API exact brand/name selectors,2026-04-23
Screwfix,Screwfix,Screwfix,node,12639170288,53.7264455,-6.3890633,,,,Hilti Store Belfast,Belfast,104.54,25+ km lower direct store threat,https://www.openstreetmap.org/node/12639170288,OpenStreetMap via Overpass API exact brand/name selectors,2026-04-23
Screwfix,Screwfix,Screwfix,node,8248742645,52.5451229,-0.2603975,,,,Hilti Store Edmonton,London,104.71,25+ km lower direct store threat,https://www.openstreetmap.org/node/8248742645,OpenStreetMap via Overpass API exact brand/name selectors,2026-04-23
Screwfix,Screwfix,Screwfix,way,346010150,51.3553535,1.409213,CT10 2LF,Broadstairs,Patricia Way,Hilti Store Edmonton,London,104.82,25+ km lower direct store threat,https://www.openstreetmap.org/way/346010150,OpenStreetMap via Overpass API exact brand/name selectors,2026-04-23
Screwfix,Screwfix,Screwfix,node,5302299657,51.1538746,1.303527,CT16 3PT,Dover,Honeywood Parkway,Hilti Store Southwark,London,105.12,25+ km lower direct store threat,https://www.openstreetmap.org/node/5302299657,OpenStreetMap via Overpass API exact brand/name selectors,2026-04-23
Screwfix,Screwfix,Screwfix,node,7835470261,52.5597414,0.0677126,,March,,Hilti Store Edmonton,London,105.61,25+ km lower direct store threat,https://www.openstreetmap.org/node/7835470261,OpenStreetMap via Overpass API exact brand/name selectors,2026-04-23
Screwfix,Screwfix,Screwfix,node,3641666172,50.9245274,-1.3068311,,,,Hilti Store Southwark,London,105.84,25+ km lower direct store threat,https://www.openstreetmap.org/node/3641666172,OpenStreetMap via Overpass API exact brand/name selectors,2026-04-23
Screwfix,Screwfix,Screwfix,way,29473114,50.8355077,-1.1840941,PO14 1TY,Fareham,,Hilti Store Southwark,London,105.94,25+ km lower direct store threat,https://www.openstreetmap.org/way/29473114,OpenStreetMap via Overpass API exact brand/name selectors,2026-04-23
Screwfix,Screwfix,Screwfix,way,60730039,51.0629316,-1.7818382,,,,Hilti Store Cardiff,Cardiff,105.95,25+ km lower direct store threat,https://www.openstreetmap.org/way/60730039,OpenStreetMap via Overpass API exact brand/name selectors,2026-04-23
Screwfix,Screwfix,Screwfix,way,580857254,50.6149856,-2.4967065,,,,Hilti Store Cardiff,Cardiff,106.11,25+ km lower direct store threat,https://www.openstreetmap.org/way/580857254,OpenStreetMap via Overpass API exact brand/name selectors,2026-04-23
Screwfix,Screwfix,Screwfix,node,8521589744,50.8682868,-1.2502555,PO15 5SB,"Segensworth, Fareham",Fleming Close,Hilti Store Southwark,London,106.81,25+ km lower direct store threat,https://www.openstreetmap.org/node/8521589744,OpenStreetMap via Overpass API exact brand/name selectors,2026-04-23
Screwfix,Screwfix,Screwfix,node,7433455188,52.5706958,-0.2195594,,,,Hilti Store Edmonton,London,107.18,25+ km lower direct store threat,https://www.openstreetmap.org/node/7433455188,OpenStreetMap via Overpass API exact brand/name selectors,2026-04-23
Screwfix,Screwfix,Screwfix,node,8111780321,50.5407689,-3.5967731,,,,Hilti Store Cardiff,Cardiff,108.35,25+ km lower direct store threat,https://www.openstreetmap.org/node/8111780321,OpenStreetMap via Overpass API exact brand/name selectors,2026-04-23
Screwfix,Screwfix,Screwfix,node,10049672093,53.603496,-0.6499698,,,,Hilti Store Manchester,Manchester,108.83,25+ km lower direct store threat,https://www.openstreetmap.org/node/10049672093,OpenStreetMap via Overpass API exact brand/name selectors,2026-04-23
Screwfix,Screwfix,Screwfix,way,176439537,50.9319026,-1.3836832,SO17 3AN,Southampton,Belgrave Road,Hilti Store Southwark,London,109.65,25+ km lower direct store threat,https://www.openstreetmap.org/way/176439537,OpenStreetMap via Overpass API exact brand/name selectors,2026-04-23
Screwfix,Screwfix,Screwfix,node,4269600728,55.3988445,-1.6876482,NE66 2EU,Alnwick,Hotspur Court,Hilti Store Edinburgh,Edinburgh,110.31,25+ km lower direct store threat,https://www.openstreetmap.org/node/4269600728,OpenStreetMap via Overpass API exact brand/name selectors,2026-04-23
Screwfix,Screwfix,Screwfix,way,1060445471,50.917215,-1.3859885,SO18 1UB,Southampton,,Hilti Store Southwark,London,110.74,25+ km lower direct store threat,https://www.openstreetmap.org/way/1060445471,OpenStreetMap via Overpass API exact brand/name selectors,2026-04-23
Screwfix,Screwfix,Screwfix,way,1419732670,53.2630557,-0.6393964,LN1 2FU,Lincoln,Skellingthorpe Road,Hilti Store Manchester,Manchester,111.25,25+ km lower direct store threat,https://www.openstreetmap.org/way/1419732670,OpenStreetMap via Overpass API exact brand/name selectors,2026-04-23
Screwfix,Screwfix,Screwfix,node,6710419853,54.3440909,-1.4423519,,,,Hilti Store Manchester,Manchester,111.88,25+ km lower direct store threat,https://www.openstreetmap.org/node/6710419853,OpenStreetMap via Overpass API exact brand/name selectors,2026-04-23
Screwfix,Screwfix,Screwfix,way,1352917323,50.9947413,-1.4960627,,,,Hilti Store Southwark,London,112.37,25+ km lower direct store threat,https://www.openstreetmap.org/way/1352917323,OpenStreetMap via Overpass API exact brand/name selectors,2026-04-23
Screwfix,Screwfix,Screwfix,way,1305391968,52.5991223,0.3624057,,,,Hilti Store Edmonton,London,113.2,25+ km lower direct store threat,https://www.openstreetmap.org/way/1305391968,OpenStreetMap via Overpass API exact brand/name selectors,2026-04-23
Screwfix,Screwfix,Screwfix,node,4481688490,50.4851482,-3.5476703,,,,Hilti Store Cardiff,Cardiff,113.42,25+ km lower direct store threat,https://www.openstreetmap.org/node/4481688490,OpenStreetMap via Overpass API exact brand/name selectors,2026-04-23
Screwfix,Screwfix,Screwfix,way,172704651,50.9175417,-1.4548219,SO15 0LB,Southampton,,Hilti Store Southwark,London,114.63,25+ km lower direct store threat,https://www.openstreetmap.org/way/172704651,OpenStreetMap via Overpass API exact brand/name selectors,2026-04-23
Screwfix,Screwfix,Screwfix,way,270631058,50.7429355,-1.994443,,Poole,,Hilti Store Cardiff,Cardiff,114.84,25+ km lower direct store threat,https://www.openstreetmap.org/way/270631058,OpenStreetMap via Overpass API exact brand/name selectors,2026-04-23
Screwfix,Screwfix,Screwfix,way,226733707,54.3419334,-7.6320355,,,,Hilti Store Belfast,Belfast,115.29,25+ km lower direct store threat,https://www.openstreetmap.org/way/226733707,OpenStreetMap via Overpass API exact brand/name selectors,2026-04-23
Screwfix,Screwfix,Screwfix,way,1113396790,54.926174,-2.9484479,,,,Hilti Store Edinburgh,Edinburgh,116.1,25+ km lower direct store threat,https://www.openstreetmap.org/way/1113396790,OpenStreetMap via Overpass API exact brand/name selectors,2026-04-23
Screwfix,Screwfix,Screwfix,way,797661167,52.3717088,1.1206536,IP22 4HQ,Diss,Vinces Road,Hilti Store Edmonton,London,116.26,25+ km lower direct store threat,https://www.openstreetmap.org/way/797661167,OpenStreetMap via Overpass API exact brand/name selectors,2026-04-23
Screwfix,Screwfix,Screwfix,way,534175693,52.6546484,0.1474377,,,,Hilti Store Edmonton,London,116.63,25+ km lower direct store threat,https://www.openstreetmap.org/way/534175693,OpenStreetMap via Overpass API exact brand/name selectors,2026-04-23
Screwfix,Screwfix,Screwfix,way,372283789,50.7379524,-1.9502371,,,,Hilti Store Cardiff,Cardiff,117.43,25+ km lower direct store threat,https://www.openstreetmap.org/way/372283789,OpenStreetMap via Overpass API exact brand/name selectors,2026-04-23
Screwfix,Screwfix,Screwfix,node,10682912953,53.2213754,-0.5554214,,,,Hilti Store Manchester,Manchester,117.76,25+ km lower direct store threat,https://www.openstreetmap.org/node/10682912953,OpenStreetMap via Overpass API exact brand/name selectors,2026-04-23
Screwfix,Screwfix,Screwfix,way,698037160,50.8475322,-1.7880646,BH24 1JS,Ringwood,,Hilti Store Cardiff,Cardiff,118.12,25+ km lower direct store threat,https://www.openstreetmap.org/way/698037160,OpenStreetMap via Overpass API exact brand/name selectors,2026-04-23
Screwfix,Screwfix,Screwfix,way,1385758828,53.5554263,-0.4984114,,,,Hilti Store Manchester,Manchester,118.26,25+ km lower direct store threat,https://www.openstreetmap.org/way/1385758828,OpenStreetMap via Overpass API exact brand/name selectors,2026-04-23
Screwfix,Screwfix,Screwfix,node,12462988801,56.8243007,-5.0903121,PH33 6SU,Fort William,North Road,Hilti Store Glasgow,Glasgow,119.11,25+ km lower direct store threat,https://www.openstreetmap.org/node/12462988801,OpenStreetMap via Overpass API exact brand/name selectors,2026-04-23
Screwfix,Screwfix,Screwfix,way,554349406,52.4020436,-4.0411677,,,,Hilti Store Cardiff,Cardiff,119.66,25+ km lower direct store threat,https://www.openstreetmap.org/way/554349406,OpenStreetMap via Overpass API exact brand/name selectors,2026-04-23
Screwfix,Screwfix,Screwfix,node,12193318312,53.6455541,-6.6985675,,,,Hilti Store Belfast,Belfast,120.25,25+ km lower direct store threat,https://www.openstreetmap.org/node/12193318312,OpenStreetMap via Overpass API exact brand/name selectors,2026-04-23
Screwfix,Screwfix,Screwfix,way,318387695,54.887338,-2.9308524,CA2 5AE,Carlisle,,Hilti Store Edinburgh,Edinburgh,120.51,25+ km lower direct store threat,https://www.openstreetmap.org/way/318387695,OpenStreetMap via Overpass API exact brand/name selectors,2026-04-23
Screwfix,Screwfix,Screwfix,node,10790775605,54.1264881,-0.8217308,,,,Hilti Store Manchester,Manchester,120.63,25+ km lower direct store threat,https://www.openstreetmap.org/node/10790775605,OpenStreetMap via Overpass API exact brand/name selectors,2026-04-23
Screwfix,Screwfix,Screwfix,node,10686860555,50.7091253,-1.2950188,,,,Hilti Store Southwark,London,121.48,25+ km lower direct store threat,https://www.openstreetmap.org/node/10686860555,OpenStreetMap via Overpass API exact brand/name selectors,2026-04-23
Screwfix,Screwfix,Screwfix,node,7740077169,50.6456002,-1.1811566,,Sandown,Newport Road,Hilti Store Southwark,London,121.67,25+ km lower direct store threat,https://www.openstreetmap.org/node/7740077169,OpenStreetMap via Overpass API exact brand/name selectors,2026-04-23
Screwfix,Screwfix,Screwfix,node,9609581767,50.7551305,-1.8419709,,,Yeomans Way,Hilti Store Cardiff,Cardiff,121.68,25+ km lower direct store threat,https://www.openstreetmap.org/node/9609581767,OpenStreetMap via Overpass API exact brand/name selectors,2026-04-23
Screwfix,Screwfix,Screwfix,way,1152614335,52.5063949,0.9989712,,,,Hilti Store Edmonton,London,122.44,25+ km lower direct store threat,https://www.openstreetmap.org/way/1152614335,OpenStreetMap via Overpass API exact brand/name selectors,2026-04-23
Screwfix,Screwfix,Screwfix,way,318048968,52.0850669,-4.6496296,SA43 1EW,Cardigan,Parc Teifi,Hilti Store Cardiff,Cardiff,123.18,25+ km lower direct store threat,https://www.openstreetmap.org/way/318048968,OpenStreetMap via Overpass API exact brand/name selectors,2026-04-23
Screwfix,Screwfix,Screwfix,way,428200183,52.8103048,-0.1382872,,,,Hilti Store Birmingham,Birmingham,123.39,25+ km lower direct store threat,https://www.openstreetmap.org/way/428200183,OpenStreetMap via Overpass API exact brand/name selectors,2026-04-23
Screwfix,Screwfix,Screwfix,node,13017799167,53.7649249,-0.452845,,,,Hilti Store Manchester,Manchester,125.02,25+ km lower direct store threat,https://www.openstreetmap.org/node/13017799167,OpenStreetMap via Overpass API exact brand/name selectors,2026-04-23
Screwfix,Screwfix,Screwfix,way,1247012098,50.5376177,-4.1486027,,,,Hilti Store Cardiff,Cardiff,125.26,25+ km lower direct store threat,https://www.openstreetmap.org/way/1247012098,OpenStreetMap via Overpass API exact brand/name selectors,2026-04-23
Screwfix,Screwfix,Screwfix,node,12369540254,50.6264224,-4.3575623,,,,Hilti Store Cardiff,Cardiff,126.34,25+ km lower direct store threat,https://www.openstreetmap.org/node/12369540254,OpenStreetMap via Overpass API exact brand/name selectors,2026-04-23
Screwfix,Screwfix,Screwfix,node,10121104717,53.5221741,-6.4154312,,Ashbourne,Ashbourne Retail Park,Hilti Store Belfast,Belfast,126.87,25+ km lower direct store threat,https://www.openstreetmap.org/node/10121104717,OpenStreetMap via Overpass API exact brand/name selectors,2026-04-23
Screwfix,Screwfix,Screwfix,way,587486374,54.5210886,-1.5113965,,,,Hilti Store Manchester,Manchester,127.49,25+ km lower direct store threat,https://www.openstreetmap.org/way/587486374,OpenStreetMap via Overpass API exact brand/name selectors,2026-04-23
Screwfix,Screwfix,Screwfix,way,454849757,50.7387793,-1.7432701,BH23 3RU,Christchurch,Somerford Business Park,Hilti Store Cardiff,Cardiff,128.12,25+ km lower direct store threat,https://www.openstreetmap.org/way/454849757,OpenStreetMap via Overpass API exact brand/name selectors,2026-04-23
Screwfix,Screwfix,Screwfix,way,1236353092,57.0627075,-2.4746212,,,,Hilti Store Edinburgh,Edinburgh,128.55,25+ km lower direct store threat,https://www.openstreetmap.org/way/1236353092,OpenStreetMap via Overpass API exact brand/name selectors,2026-04-23
Screwfix,Screwfix,Screwfix,node,7052507491,50.7703445,-1.5449548,SO41 8LW,Lymington,Ampress Lane,Hilti Store Southwark,London,129.61,25+ km lower direct store threat,https://www.openstreetmap.org/node/7052507491,OpenStreetMap via Overpass API exact brand/name selectors,2026-04-23
Screwfix,Screwfix,Screwfix,way,670591422,52.7432461,0.4167644,PE30 4HY,King's Lynn,Oldmedow Road,Hilti Store Edmonton,London,129.64,25+ km lower direct store threat,https://www.openstreetmap.org/way/670591422,OpenStreetMap via Overpass API exact brand/name selectors,2026-04-23
Screwfix,Screwfix,Screwfix,node,3686887624,51.7887872,-4.9835786,,,,Hilti Store Cardiff,Cardiff,130.93,25+ km lower direct store threat,https://www.openstreetmap.org/node/3686887624,OpenStreetMap via Overpass API exact brand/name selectors,2026-04-23
Screwfix,Screwfix,Screwfix - Swords,node,8828345882,53.4482467,-6.2059785,,Swords,Feltrim Business Park,Hilti Store Belfast,Belfast,132.19,25+ km lower direct store threat,https://www.openstreetmap.org/node/8828345882,OpenStreetMap via Overpass API exact brand/name selectors,2026-04-23
Screwfix,Screwfix,Screwfix,way,1267181602,53.7466684,-0.3261101,HU9 1AR,Hull,Great Union Street,Hilti Store Manchester,Manchester,132.64,25+ km lower direct store threat,https://www.openstreetmap.org/way/1267181602,OpenStreetMap via Overpass API exact brand/name selectors,2026-04-23
Screwfix,Screwfix,Screwfix,relation,19117313,52.5681917,1.1217268,NR18 0QJ,,,Hilti Store Edmonton,London,132.91,25+ km lower direct store threat,https://www.openstreetmap.org/relation/19117313,OpenStreetMap via Overpass API exact brand/name selectors,2026-04-23
Screwfix,Screwfix,Screwfix,way,616134059,55.1684735,-1.5507239,NE63 0YB,Ashington,Merchant Court Trade Park,Hilti Store Edinburgh,Edinburgh,133.17,25+ km lower direct store threat,https://www.openstreetmap.org/way/616134059,OpenStreetMap via Overpass API exact brand/name selectors,2026-04-23
Screwfix,Screwfix,Screwfix,way,42160967,50.383995,-3.9744003,PL21 9EE,Ivybridge,Plymouth Road,Hilti Store Cardiff,Cardiff,134.19,25+ km lower direct store threat,https://www.openstreetmap.org/way/42160967,OpenStreetMap via Overpass API exact brand/name selectors,2026-04-23
Screwfix,Screwfix,Screwfix,node,10008330871,50.417599,-4.0889178,,,,Hilti Store Cardiff,Cardiff,134.53,25+ km lower direct store threat,https://www.openstreetmap.org/node/10008330871,OpenStreetMap via Overpass API exact brand/name selectors,2026-04-23
Screwfix,Screwfix,Screwfix,node,10129026671,54.6400702,-1.6926201,,,,Hilti Store Manchester,Manchester,135.92,25+ km lower direct store threat,https://www.openstreetmap.org/node/10129026671,OpenStreetMap via Overpass API exact brand/name selectors,2026-04-23
Screwfix,Screwfix,Screwfix,node,7279485812,52.6702758,0.9522198,,Dereham,Salhouse Road,Hilti Store Edmonton,London,135.94,25+ km lower direct store threat,https://www.openstreetmap.org/node/7279485812,OpenStreetMap via Overpass API exact brand/name selectors,2026-04-23
Screwfix,Screwfix,Screwfix,way,934936165,55.0961891,-1.6070208,NE23 1WE,Cramlington,Moorland Way,Hilti Store Edinburgh,Edinburgh,136.19,25+ km lower direct store threat,https://www.openstreetmap.org/way/934936165,OpenStreetMap via Overpass API exact brand/name selectors,2026-04-23
Screwfix,Screwfix,Screwfix,way,1274164817,55.1327383,-1.5313268,NE24 5TW,Blyth,Spencer Court,Hilti Store Edinburgh,Edinburgh,136.78,25+ km lower direct store threat,https://www.openstreetmap.org/way/1274164817,OpenStreetMap via Overpass API exact brand/name selectors,2026-04-23
Screwfix,Screwfix,Screwfix,node,4942060331,50.3883922,-4.0731643,,,,Hilti Store Cardiff,Cardiff,136.86,25+ km lower direct store threat,https://www.openstreetmap.org/node/4942060331,OpenStreetMap via Overpass API exact brand/name selectors,2026-04-23
Screwfix,Screwfix,Screwfix,node,6696636029,54.6657349,-2.7710783,CA11 9BB,Penrith,,Hilti Store Manchester,Manchester,137.02,25+ km lower direct store threat,https://www.openstreetmap.org/node/6696636029,OpenStreetMap via Overpass API exact brand/name selectors,2026-04-23
Screwfix,Screwfix,Screwfix,node,8803227067,52.9846041,-0.0215945,,,,Hilti Store Birmingham,Birmingham,137.25,25+ km lower direct store threat,https://www.openstreetmap.org/node/8803227067,OpenStreetMap via Overpass API exact brand/name selectors,2026-04-23
Screwfix,Screwfix,Screwfix,way,240660959,50.4208857,-4.2333144,,,,Hilti Store Cardiff,Cardiff,139.42,25+ km lower direct store threat,https://www.openstreetmap.org/way/240660959,OpenStreetMap via Overpass API exact brand/name selectors,2026-04-23
Screwfix,Screwfix,Screwfix,node,762330737,54.576853,-1.2835351,,,,Hilti Store Manchester,Manchester,139.5,25+ km lower direct store threat,https://www.openstreetmap.org/node/762330737,OpenStreetMap via Overpass API exact brand/name selectors,2026-04-23
Screwfix,Screwfix,Screwfix,way,730684419,50.3704959,-4.1296042,,,,Hilti Store Cardiff,Cardiff,140.51,25+ km lower direct store threat,https://www.openstreetmap.org/way/730684419,OpenStreetMap via Overpass API exact brand/name selectors,2026-04-23
Screwfix,Screwfix,Screwfix,node,1541332702,55.0127695,-1.6629922,,,,Hilti Store Edinburgh,Edinburgh,140.65,25+ km lower direct store threat,https://www.openstreetmap.org/node/1541332702,OpenStreetMap via Overpass API exact brand/name selectors,2026-04-23
Screwfix,Screwfix,Screwfix,way,42353415,53.3750145,-6.2922529,,,,Hilti Store Belfast,Belfast,141.13,25+ km lower direct store threat,https://www.openstreetmap.org/way/42353415,OpenStreetMap via Overpass API exact brand/name selectors,2026-04-23
Screwfix,Screwfix,Screwfix,node,7682549606,54.6358933,-3.5612078,,Workington,Buddle Road,Hilti Store Liverpool,Liverpool,141.55,25+ km lower direct store threat,https://www.openstreetmap.org/node/7682549606,OpenStreetMap via Overpass API exact brand/name selectors,2026-04-23
Screwfix,Screwfix,Screwfix,way,1211282820,57.1473592,-2.2729545,AB32 6FN,Westhill,,Hilti Store Edinburgh,Edinburgh,141.62,25+ km lower direct store threat,https://www.openstreetmap.org/way/1211282820,OpenStreetMap via Overpass API exact brand/name selectors,2026-04-23
Screwfix,Screwfix,The Paint Shed,way,1211282819,57.1475705,-2.2730164,AB32 6FE,Westhill,Prospect Road,Hilti Store Edinburgh,Edinburgh,141.64,25+ km lower direct store threat,https://www.openstreetmap.org/way/1211282819,OpenStreetMap via Overpass API exact brand/name selectors,2026-04-23
Screwfix,Screwfix,Screwfix,way,638526205,52.602829,1.2880516,NR4 6DG,Norwich,,Hilti Store Edmonton,London,142.95,25+ km lower direct store threat,https://www.openstreetmap.org/way/638526205,OpenStreetMap via Overpass API exact brand/name selectors,2026-04-23
Screwfix,Screwfix,Screwfix,way,389435449,54.9684466,-1.6910081,,,,Hilti Store Edinburgh,Edinburgh,143.3,25+ km lower direct store threat,https://www.openstreetmap.org/way/389435449,OpenStreetMap via Overpass API exact brand/name selectors,2026-04-23
Screwfix,Screwfix,Screwfix,relation,7568095,52.6416815,1.2172033,,,,Hilti Store Edmonton,London,143.32,25+ km lower direct store threat,https://www.openstreetmap.org/relation/7568095,OpenStreetMap via Overpass API exact brand/name selectors,2026-04-23
Screwfix,Screwfix,Screwfix,node,12261028574,57.2029473,-3.8177139,,,,Hilti Store Edinburgh,Edinburgh,143.9,25+ km lower direct store threat,https://www.openstreetmap.org/node/12261028574,OpenStreetMap via Overpass API exact brand/name selectors,2026-04-23
Screwfix,Screwfix,Screwfix,node,13319482468,54.6314556,-1.310007,,,,Hilti Store Manchester,Manchester,144.1,25+ km lower direct store threat,https://www.openstreetmap.org/node/13319482468,OpenStreetMap via Overpass API exact brand/name selectors,2026-04-23
Screwfix,Screwfix,Screwfix,node,9667801167,53.5799536,-0.1071543,DN31 2UT,Grimsby,Appian Way,Hilti Store Manchester,Manchester,144.22,25+ km lower direct store threat,https://www.openstreetmap.org/node/9667801167,OpenStreetMap via Overpass API exact brand/name selectors,2026-04-23
Screwfix,Screwfix,Screwfix,way,602534427,57.1293872,-2.0916203,AB11 8DG,Aberdeen,Girdleness Road,Hilti Store Edinburgh,Edinburgh,144.33,25+ km lower direct store threat,https://www.openstreetmap.org/way/602534427,OpenStreetMap via Overpass API exact brand/name selectors,2026-04-23
Screwfix,Screwfix,Screwfix,way,369251063,55.0211013,-1.5400686,,,,Hilti Store Edinburgh,Edinburgh,145.18,25+ km lower direct store threat,https://www.openstreetmap.org/way/369251063,OpenStreetMap via Overpass API exact brand/name selectors,2026-04-23
Screwfix,Screwfix,Screwfix,node,12855445053,54.7064278,-1.5648625,DH6 5JQ,Durham,"Thinford Park, Loverose Way",Hilti Store Manchester,Manchester,145.46,25+ km lower direct store threat,https://www.openstreetmap.org/node/12855445053,OpenStreetMap via Overpass API exact brand/name selectors,2026-04-23
Screwfix,Screwfix,Screwfix,way,329932118,52.6371058,1.2864441,NR2 4TQ,Norwich,Barker Street,Hilti Store Edmonton,London,145.82,25+ km lower direct store threat,https://www.openstreetmap.org/way/329932118,OpenStreetMap via Overpass API exact brand/name selectors,2026-04-23
Screwfix,Screwfix,Screwfix,way,815842579,53.3370794,-6.3463408,,,Westlink Industrial Estate,Hilti Store Belfast,Belfast,145.93,25+ km lower direct store threat,https://www.openstreetmap.org/way/815842579,OpenStreetMap via Overpass API exact brand/name selectors,2026-04-23
Screwfix,Screwfix,Screwfix,way,132697750,52.6568496,1.2797336,,,,Hilti Store Edmonton,London,147.25,25+ km lower direct store threat,https://www.openstreetmap.org/way/132697750,OpenStreetMap via Overpass API exact brand/name selectors,2026-04-23
Screwfix,Screwfix,Screwfix,way,62225303,54.9771452,-1.572529,NE6 1EH,Newcastle upon Tyne,Union Road,Hilti Store Edinburgh,Edinburgh,147.42,25+ km lower direct store threat,https://www.openstreetmap.org/way/62225303,OpenStreetMap via Overpass API exact brand/name selectors,2026-04-23
Screwfix,Screwfix,Screwfix,node,13316148126,53.5356339,-0.0457738,DN36 4AW,Grimsby,Wilton Road,Hilti Store Manchester,Manchester,148.01,25+ km lower direct store threat,https://www.openstreetmap.org/node/13316148126,OpenStreetMap via Overpass API exact brand/name selectors,2026-04-23
Screwfix,Screwfix,Screwfix,node,9836760457,54.606229,-1.1060171,TS10 5QD,Redcar,West Coatham Lane,Hilti Store Manchester,Manchester,148.04,25+ km lower direct store threat,https://www.openstreetmap.org/node/9836760457,OpenStreetMap via Overpass API exact brand/name selectors,2026-04-23
Screwfix,Screwfix,Screwfix,node,9652000372,54.9607859,-1.582704,NE10 0EF,Gateshead,Park Road,Hilti Store Edinburgh,Edinburgh,148.37,25+ km lower direct store threat,https://www.openstreetmap.org/node/9652000372,OpenStreetMap via Overpass API exact brand/name selectors,2026-04-23
Screwfix,Screwfix,Screwfix Outlet,node,3237280881,55.0019724,-1.487414,NE29 7DE,North Shields,Narvik Way,Hilti Store Edinburgh,Edinburgh,149.03,25+ km lower direct store threat,https://www.openstreetmap.org/node/3237280881,OpenStreetMap via Overpass API exact brand/name selectors,2026-04-23
Screwfix,Screwfix,Screwfix,node,9453510331,52.6291583,1.3852286,NR13 5GE,Norwich,Hawthorne Drive,Hilti Store Edmonton,London,149.46,25+ km lower direct store threat,https://www.openstreetmap.org/node/9453510331,OpenStreetMap via Overpass API exact brand/name selectors,2026-04-23
Screwfix,Screwfix,Screwfix,way,483207438,54.2379223,-0.4128626,YO11 3UT,Scarborough,Dunslow Road,Hilti Store Manchester,Manchester,149.49,25+ km lower direct store threat,https://www.openstreetmap.org/way/483207438,OpenStreetMap via Overpass API exact brand/name selectors,2026-04-23
Screwfix,Screwfix,Screwfix,node,4401149161,54.9232402,-1.607292,,Gateshead,,Hilti Store Edinburgh,Edinburgh,150.57,25+ km lower direct store threat,https://www.openstreetmap.org/node/4401149161,OpenStreetMap via Overpass API exact brand/name selectors,2026-04-23
Screwfix,Screwfix,Screwfix,way,81523132,53.2801961,-6.220222,,,Spruce Avenue,Hilti Store Belfast,Belfast,150.84,25+ km lower direct store threat,https://www.openstreetmap.org/way/81523132,OpenStreetMap via Overpass API exact brand/name selectors,2026-04-23
Screwfix,Screwfix,Screwfix,node,519652101,54.6795559,-1.2122048,,,,Hilti Store Manchester,Manchester,151.73,25+ km lower direct store threat,https://www.openstreetmap.org/node/519652101,OpenStreetMap via Overpass API exact brand/name selectors,2026-04-23
Screwfix,Screwfix,Screwfix,node,7474196307,54.0785665,-0.2143614,YO16 4SJ,Bridlington,Bessingby Way,Hilti Store Manchester,Manchester,151.84,25+ km lower direct store threat,https://www.openstreetmap.org/node/7474196307,OpenStreetMap via Overpass API exact brand/name selectors,2026-04-23
Screwfix,Screwfix,Screwfix,node,7417071324,52.4448247,1.7228625,,,,Hilti Store Edmonton,London,152.39,25+ km lower direct store threat,https://www.openstreetmap.org/node/7417071324,OpenStreetMap via Overpass API exact brand/name selectors,2026-04-23
Screwfix,Screwfix,Screwfix,node,6280730090,54.779961,-1.542407,DH1 2XU,Durham,Dragonville Industrial Park,Hilti Store Manchester,Manchester,153.66,25+ km lower direct store threat,https://www.openstreetmap.org/node/6280730090,OpenStreetMap via Overpass API exact brand/name selectors,2026-04-23
Screwfix,Screwfix,Screwfix,node,11029985878,54.755614,-1.3656351,,,,Hilti Store Manchester,Manchester,155.15,25+ km lower direct store threat,https://www.openstreetmap.org/node/11029985878,OpenStreetMap via Overpass API exact brand/name selectors,2026-04-23
Screwfix,Screwfix,Screwfix,way,995270180,50.4589213,-4.6975942,,,,Hilti Store Cardiff,Cardiff,156.28,25+ km lower direct store threat,https://www.openstreetmap.org/way/995270180,OpenStreetMap via Overpass API exact brand/name selectors,2026-04-23
Screwfix,Screwfix,Screwfix,way,919305201,54.8534515,-1.5743558,,,,Hilti Store Edinburgh,Edinburgh,157.96,25+ km lower direct store threat,https://www.openstreetmap.org/way/919305201,OpenStreetMap via Overpass API exact brand/name selectors,2026-04-23
Screwfix,Screwfix,Screwfix,way,1036349441,50.5153069,-4.8534783,PL27 7FE,Wadebridge,,Hilti Store Cardiff,Cardiff,159.71,25+ km lower direct store threat,https://www.openstreetmap.org/way/1036349441,OpenStreetMap via Overpass API exact brand/name selectors,2026-04-23
Screwfix,Screwfix,Screwfix,node,10649833986,54.8350614,-1.4840931,,,,Hilti Store Manchester,Manchester,160.67,25+ km lower direct store threat,https://www.openstreetmap.org/node/10649833986,OpenStreetMap via Overpass API exact brand/name selectors,2026-04-23
Screwfix,Screwfix,Screwfix,way,68176184,52.592634,1.7136695,,,,Hilti Store Edmonton,London,162.28,25+ km lower direct store threat,https://www.openstreetmap.org/way/68176184,OpenStreetMap via Overpass API exact brand/name selectors,2026-04-23
Screwfix,Screwfix,Screwfix,node,6893739222,53.1420349,0.3193579,,,,Hilti Store Birmingham,Birmingham,165.19,25+ km lower direct store threat,https://www.openstreetmap.org/node/6893739222,OpenStreetMap via Overpass API exact brand/name selectors,2026-04-23
Screwfix,Screwfix,Screwfix,way,1431146427,52.8165523,1.3842631,,North Walsham,Hornbeam Road,Hilti Store Edmonton,London,165.62,25+ km lower direct store threat,https://www.openstreetmap.org/way/1431146427,OpenStreetMap via Overpass API exact brand/name selectors,2026-04-23
Screwfix,Screwfix,Screwfix,node,10957767090,50.3435245,-4.7368777,,,,Hilti Store Cardiff,Cardiff,167.69,25+ km lower direct store threat,https://www.openstreetmap.org/node/10957767090,OpenStreetMap via Overpass API exact brand/name selectors,2026-04-23
Screwfix,Screwfix,Screwfix,way,32211831,57.3675522,-2.0516404,AB41 9RD,Ellon,Broomiesburn Road,Hilti Store Edinburgh,Edinburgh,169.35,25+ km lower direct store threat,https://www.openstreetmap.org/way/32211831,OpenStreetMap via Overpass API exact brand/name selectors,2026-04-23
Screwfix,Screwfix,Screwfix,way,345720852,52.9282922,1.2856135,,,,Hilti Store Edmonton,London,172.11,25+ km lower direct store threat,https://www.openstreetmap.org/way/345720852,OpenStreetMap via Overpass API exact brand/name selectors,2026-04-23
Screwfix,Screwfix,Screwfix,node,8749836558,57.4863082,-4.2250073,,,,Hilti Store Glasgow,Glasgow,181.62,25+ km lower direct store threat,https://www.openstreetmap.org/node/8749836558,OpenStreetMap via Overpass API exact brand/name selectors,2026-04-23
Screwfix,Screwfix,Screwfix,way,356843358,53.2697941,-7.4730918,,,,Hilti Store Belfast,Belfast,181.92,25+ km lower direct store threat,https://www.openstreetmap.org/way/356843358,OpenStreetMap via Overpass API exact brand/name selectors,2026-04-23
Screwfix,Screwfix,Screwfix,way,116596990,57.5838142,-3.8544578,,,,Hilti Store Edinburgh,Edinburgh,185.29,25+ km lower direct store threat,https://www.openstreetmap.org/way/116596990,OpenStreetMap via Overpass API exact brand/name selectors,2026-04-23
Screwfix,Screwfix,Screwfix,way,74863334,57.6393083,-3.3138106,IV30 6YQ,Elgin,Edgar Road,Hilti Store Edinburgh,Edinburgh,186.49,25+ km lower direct store threat,https://www.openstreetmap.org/way/74863334,OpenStreetMap via Overpass API exact brand/name selectors,2026-04-23
Screwfix,Screwfix,ScrewFix,node,9264408769,53.4213127,-7.9869276,N37 NN70,,,Hilti Store Belfast,Belfast,190.32,25+ km lower direct store threat,https://www.openstreetmap.org/node/9264408769,OpenStreetMap via Overpass API exact brand/name selectors,2026-04-23
Screwfix,Screwfix,Screwfix,way,978237149,57.600672,-4.4436337,,,,Hilti Store Glasgow,Glasgow,194.58,25+ km lower direct store threat,https://www.openstreetmap.org/way/978237149,OpenStreetMap via Overpass API exact brand/name selectors,2026-04-23
Screwfix,Screwfix,Screwfix,way,433814828,50.2273077,-5.2499389,TR15 3RQ,Redruth,Wilson Way,Hilti Store Cardiff,Cardiff,202.14,25+ km lower direct store threat,https://www.openstreetmap.org/way/433814828,OpenStreetMap via Overpass API exact brand/name selectors,2026-04-23
Screwfix,Screwfix,Screwfix,node,6517940552,50.0988208,1.8665559,,,Rue Rose Bertin,Hilti Store Southwark,London,208.69,25+ km lower direct store threat,https://www.openstreetmap.org/node/6517940552,OpenStreetMap via Overpass API exact brand/name selectors,2026-04-23
Screwfix,Screwfix,Screwfix,way,647821133,50.1938625,-5.3938371,TR27 5JR,Hayle,Hayle Industrial Park,Hilti Store Cardiff,Cardiff,212.12,25+ km lower direct store threat,https://www.openstreetmap.org/way/647821133,OpenStreetMap via Overpass API exact brand/name selectors,2026-04-23
Screwfix,Screwfix,Screwfix,way,705817420,50.0993543,-5.2616913,,,,Hilti Store Cardiff,Cardiff,212.87,25+ km lower direct store threat,https://www.openstreetmap.org/way/705817420,OpenStreetMap via Overpass API exact brand/name selectors,2026-04-23
Screwfix,Screwfix,Screwfix,node,9264071465,52.6562912,-7.2361043,,,,Hilti Store Belfast,Belfast,235.56,25+ km lower direct store threat,https://www.openstreetmap.org/node/9264071465,OpenStreetMap via Overpass API exact brand/name selectors,2026-04-23
Screwfix,Screwfix,Screwfix,node,5955556928,52.3132443,-6.4565155,,Wexford,Rosslare Road,Hilti Store Cardiff,Cardiff,244.94,25+ km lower direct store threat,https://www.openstreetmap.org/node/5955556928,OpenStreetMap via Overpass API exact brand/name selectors,2026-04-23
Screwfix,Screwfix,Screwfix,node,11994319863,58.4313777,-3.0965626,,,,Hilti Store Edinburgh,Edinburgh,274.25,25+ km lower direct store threat,https://www.openstreetmap.org/node/11994319863,OpenStreetMap via Overpass API exact brand/name selectors,2026-04-23
Screwfix,Screwfix,Screwfix,way,44131554,52.2502404,-7.1173282,,Waterford,Tramore Road,Hilti Store Belfast,Belfast,275.77,25+ km lower direct store threat,https://www.openstreetmap.org/way/44131554,OpenStreetMap via Overpass API exact brand/name selectors,2026-04-23
Screwfix,Screwfix,Screwfix,way,153223809,52.3626409,-7.68945,,,,Hilti Store Belfast,Belfast,277.56,25+ km lower direct store threat,https://www.openstreetmap.org/way/153223809,OpenStreetMap via Overpass API exact brand/name selectors,2026-04-23
Screwfix,Screwfix,Screwfix,node,11420343213,52.6503657,-8.5809218,,,,Hilti Store Belfast,Belfast,281.19,25+ km lower direct store threat,https://www.openstreetmap.org/node/11420343213,OpenStreetMap via Overpass API exact brand/name selectors,2026-04-23
Screwfix,Screwfix,Screwfix,way,1190630338,51.9052274,-8.3469526,,,,Hilti Store Belfast,Belfast,342.89,25+ km lower direct store threat,https://www.openstreetmap.org/way/1190630338,OpenStreetMap via Overpass API exact brand/name selectors,2026-04-23
Screwfix,Screwfix,Screwfix,node,10109899566,51.8751984,-8.470252,T12 T677,Cork,Kinsale Road Business Park,Hilti Store Belfast,Belfast,349.77,25+ km lower direct store threat,https://www.openstreetmap.org/node/10109899566,OpenStreetMap via Overpass API exact brand/name selectors,2026-04-23
Screwfix,Screwfix,Screwfix,way,559074599,51.8881024,-8.6103102,,Ballincollig,,Hilti Store Belfast,Belfast,353.14,25+ km lower direct store threat,https://www.openstreetmap.org/way/559074599,OpenStreetMap via Overpass API exact brand/name selectors,2026-04-23
Selco Builders Warehouse,Selco Builders Warehouse | Selco,Selco Builders Warehouse,way,163401481,53.4781328,-2.2750764,M5 4EA,Salford,North Phoebe Street,Hilti Store Manchester,Manchester,1.24,0-2 km direct local threat,https://www.openstreetmap.org/way/163401481,OpenStreetMap via Overpass API exact brand/name selectors,2026-04-23
Selco Builders Warehouse,Selco Builders Warehouse | Selco,Selco Builders Warehouse,node,10180478668,51.4654045,-3.1958437,CF11 8AQ,Cardiff,Glynstell Close,Hilti Store Cardiff,Cardiff,3.0,2-5 km strong urban overlap,https://www.openstreetmap.org/node/10180478668,OpenStreetMap via Overpass API exact brand/name selectors,2026-04-23
Selco Builders Warehouse,Selco Builders Warehouse | Selco,Selco Builders Warehouse,node,11022629606,51.6065956,-0.0936161,,,,Hilti Store Edmonton,London,3.28,2-5 km strong urban overlap,https://www.openstreetmap.org/node/11022629606,OpenStreetMap via Overpass API exact brand/name selectors,2026-04-23
Selco Builders Warehouse,Selco Builders Warehouse | Selco,Selco Builders Warehouse,node,11961318377,53.4686486,-2.219435,M12 6AJ,Manchester,Stockport Road,Hilti Store Manchester,Manchester,4.06,2-5 km strong urban overlap,https://www.openstreetmap.org/node/11961318377,OpenStreetMap via Overpass API exact brand/name selectors,2026-04-23
Selco Builders Warehouse,Selco Builders Warehouse | Selco,Selco Builders Warehouse,way,182980085,51.6525194,-0.0544381,EN1 1TX,,Crown Road,Hilti Store Edmonton,London,4.46,2-5 km strong urban overlap,https://www.openstreetmap.org/way/182980085,OpenStreetMap via Overpass API exact brand/name selectors,2026-04-23
Selco Builders Warehouse,Selco Builders Warehouse | Selco,Selco Builders Warehouse,way,429460783,52.5298595,-1.9097997,B42 1BT,Birmingham,Walsall Road,Hilti Store Birmingham,Birmingham,4.59,2-5 km strong urban overlap,https://www.openstreetmap.org/way/429460783,OpenStreetMap via Overpass API exact brand/name selectors,2026-04-23
Selco Builders Warehouse,Selco Builders Warehouse | Selco,Selco Builders Warehouse,way,31896373,52.4570109,-1.8264379,B11 2DT,Birmingham,Wharfdale Road,Hilti Store Birmingham,Birmingham,5.68,5-10 km metro overlap,https://www.openstreetmap.org/way/31896373,OpenStreetMap via Overpass API exact brand/name selectors,2026-04-23
Selco Builders Warehouse,Selco Builders Warehouse | Selco,Selco Builders Warehouse,way,26223768,51.5255148,-3.1938274,,,,Hilti Store Cardiff,Cardiff,6.24,5-10 km metro overlap,https://www.openstreetmap.org/way/26223768,OpenStreetMap via Overpass API exact brand/name selectors,2026-04-23
Selco Builders Warehouse,Selco Builders Warehouse | Selco,Selco Builders Warehouse,node,10995814158,51.6200553,-0.1407575,,,,Hilti Store Edmonton,London,6.52,5-10 km metro overlap,https://www.openstreetmap.org/node/10995814158,OpenStreetMap via Overpass API exact brand/name selectors,2026-04-23
Selco Builders Warehouse,Selco Builders Warehouse | Selco,Selco Builders Warehouse,way,132275690,52.519504,-1.8053865,B24 0QY,Birmingham,Chester Road,Hilti Store Birmingham,Birmingham,6.57,5-10 km metro overlap,https://www.openstreetmap.org/way/132275690,OpenStreetMap via Overpass API exact brand/name selectors,2026-04-23
Selco Builders Warehouse,Selco Builders Warehouse | Selco,Selco,way,283637693,52.5196689,-1.8047563,,,,Hilti Store Birmingham,Birmingham,6.61,5-10 km metro overlap,https://www.openstreetmap.org/way/283637693,OpenStreetMap via Overpass API exact brand/name selectors,2026-04-23
Selco Builders Warehouse,Selco Builders Warehouse | Selco,Selco Builders Warehouse,way,132956969,51.5201963,0.0030452,,London,Europa Trade Park,Hilti Store Southwark,London,7.46,5-10 km metro overlap,https://www.openstreetmap.org/way/132956969,OpenStreetMap via Overpass API exact brand/name selectors,2026-04-23
Selco Builders Warehouse,Selco Builders Warehouse | Selco,Selco,way,391993067,52.4244236,-1.9238662,,,,Hilti Store Birmingham,Birmingham,7.69,5-10 km metro overlap,https://www.openstreetmap.org/way/391993067,OpenStreetMap via Overpass API exact brand/name selectors,2026-04-23
Selco Builders Warehouse,Selco Builders Warehouse | Selco,Selco Builders Warehouse,way,253084901,53.3991323,-2.2988437,,,,Hilti Store Manchester,Manchester,7.7,5-10 km metro overlap,https://www.openstreetmap.org/way/253084901,OpenStreetMap via Overpass API exact brand/name selectors,2026-04-23
Selco Builders Warehouse,Selco Builders Warehouse | Selco,Selco Builders Warehouse,way,106566203,52.4243769,-1.9247549,B30 2BT,Birmingham,Charlotte Road,Hilti Store Birmingham,Birmingham,7.72,5-10 km metro overlap,https://www.openstreetmap.org/way/106566203,OpenStreetMap via Overpass API exact brand/name selectors,2026-04-23
Selco Builders Warehouse,Selco Builders Warehouse | Selco,Selco Builders Warehouse,way,375842444,51.4885398,0.03185,,,,Hilti Store Southwark,London,9.41,5-10 km metro overlap,https://www.openstreetmap.org/way/375842444,OpenStreetMap via Overpass API exact brand/name selectors,2026-04-23
Selco Builders Warehouse,Selco Builders Warehouse | Selco,Selco Builders Warehouse,node,5264542542,51.4358123,-0.0197495,,,,Hilti Store Southwark,London,9.5,5-10 km metro overlap,https://www.openstreetmap.org/node/5264542542,OpenStreetMap via Overpass API exact brand/name selectors,2026-04-23
Selco Builders Warehouse,Selco Builders Warehouse | Selco,Selco Builders Warehouse,way,30693546,51.5405204,0.0674642,IG11 8BL,,Hertford Road,Hilti Store Edmonton,London,11.27,10-25 km regional catchment,https://www.openstreetmap.org/way/30693546,OpenStreetMap via Overpass API exact brand/name selectors,2026-04-23
Selco Builders Warehouse,Selco Builders Warehouse | Selco,Selco Builders Warehouse,way,1268847645,52.517617,-2.0656137,,,,Hilti Store Birmingham,Birmingham,12.28,10-25 km regional catchment,https://www.openstreetmap.org/way/1268847645,OpenStreetMap via Overpass API exact brand/name selectors,2026-04-23
Selco Builders Warehouse,Selco Builders Warehouse | Selco,Selco Builders Warehouse,way,216442357,51.5314348,-0.296888,W5 1UL,London,,Hilti Store Southwark,London,13.84,10-25 km regional catchment,https://www.openstreetmap.org/way/216442357,OpenStreetMap via Overpass API exact brand/name selectors,2026-04-23
Selco Builders Warehouse,Selco Builders Warehouse | Selco,Selco Builders Warehouse,way,713067702,51.3540176,-0.1195763,,,,Hilti Store Southwark,London,16.75,10-25 km regional catchment,https://www.openstreetmap.org/way/713067702,OpenStreetMap via Overpass API exact brand/name selectors,2026-04-23
Selco Builders Warehouse,Selco Builders Warehouse | Selco,Selco Builders Warehouse,way,196776215,51.5066039,-0.3564287,,,,Hilti Store Southwark,London,17.63,10-25 km regional catchment,https://www.openstreetmap.org/way/196776215,OpenStreetMap via Overpass API exact brand/name selectors,2026-04-23
Selco Builders Warehouse,Selco Builders Warehouse | Selco,Selco Builders Warehouse,node,613900062,51.4138287,0.1255547,DA14 5AH,Sidcup,Sandy Lane,Hilti Store Southwark,London,18.69,10-25 km regional catchment,https://www.openstreetmap.org/node/613900062,OpenStreetMap via Overpass API exact brand/name selectors,2026-04-23
Selco Builders Warehouse,Selco Builders Warehouse | Selco,Selco,way,28498499,51.3869038,0.1078005,BR5 4HE,Orpington,Cray Avenue,Hilti Store Southwark,London,19.53,10-25 km regional catchment,https://www.openstreetmap.org/way/28498499,OpenStreetMap via Overpass API exact brand/name selectors,2026-04-23
Selco Builders Warehouse,Selco Builders Warehouse | Selco,Selco Builders Warehouse,node,8078456880,52.5995384,-2.1288464,,,,Hilti Store Birmingham,Birmingham,20.21,10-25 km regional catchment,https://www.openstreetmap.org/node/8078456880,OpenStreetMap via Overpass API exact brand/name selectors,2026-04-23
Selco Builders Warehouse,Selco Builders Warehouse | Selco,Selco Builders Warehouse,way,544312102,51.5006411,-0.4267976,,,,Hilti Store Southwark,London,22.5,10-25 km regional catchment,https://www.openstreetmap.org/way/544312102,OpenStreetMap via Overpass API exact brand/name selectors,2026-04-23
Selco Builders Warehouse,Selco Builders Warehouse | Selco,Selco Builders Warehouse,node,12739951829,51.7490863,-0.3016038,AL1 5UG,St Albans,Brick Knoll Park,Hilti Store Edmonton,London,23.2,10-25 km regional catchment,https://www.openstreetmap.org/node/12739951829,OpenStreetMap via Overpass API exact brand/name selectors,2026-04-23
Selco Builders Warehouse,Selco Builders Warehouse | Selco,Selco Builders Warehouse,way,31502688,53.3896048,-2.6056959,,,,Hilti Store Manchester,Manchester,23.2,10-25 km regional catchment,https://www.openstreetmap.org/way/31502688,OpenStreetMap via Overpass API exact brand/name selectors,2026-04-23
Selco Builders Warehouse,Selco Builders Warehouse | Selco,Selco Builders Warehouse,way,709241193,51.6691727,-0.393861,WD24 4PP,Watford,Imperial Park,Hilti Store Edmonton,London,24.74,10-25 km regional catchment,https://www.openstreetmap.org/way/709241193,OpenStreetMap via Overpass API exact brand/name selectors,2026-04-23
Selco Builders Warehouse,Selco Builders Warehouse | Selco,Selco Builders Warehouse,way,94172299,52.4280632,-1.4821924,,,,Hilti Store Birmingham,Birmingham,28.48,25+ km lower direct store threat,https://www.openstreetmap.org/way/94172299,OpenStreetMap via Overpass API exact brand/name selectors,2026-04-23
Selco Builders Warehouse,Selco Builders Warehouse | Selco,Selco Builders Warehouse,node,13164970047,51.3487137,-0.4764655,KT13 0YU,Weybridge,Avro Way,Hilti Store Southwark,London,31.21,25+ km lower direct store threat,https://www.openstreetmap.org/node/13164970047,OpenStreetMap via Overpass API exact brand/name selectors,2026-04-23
Selco Builders Warehouse,Selco Builders Warehouse | Selco,Selco Builders Warehouse,way,157027607,51.197096,-0.1635726,,,,Hilti Store Southwark,London,34.43,25+ km lower direct store threat,https://www.openstreetmap.org/way/157027607,OpenStreetMap via Overpass API exact brand/name selectors,2026-04-23
Selco Builders Warehouse,Selco Builders Warehouse | Selco,Selco Builders Warehouse,way,665389752,51.581148,0.4503959,SS14 3AY,Basildon,Crompton Close,Hilti Store Edmonton,London,34.54,25+ km lower direct store threat,https://www.openstreetmap.org/way/665389752,OpenStreetMap via Overpass API exact brand/name selectors,2026-04-23
Selco Builders Warehouse,Selco Builders Warehouse | Selco,Selco Builders Warehouse,way,459600836,51.5216579,-0.6158446,,,,Hilti Store Southwark,London,35.63,25+ km lower direct store threat,https://www.openstreetmap.org/way/459600836,OpenStreetMap via Overpass API exact brand/name selectors,2026-04-23
Selco Builders Warehouse,Selco Builders Warehouse | Selco,Selco Builders Warehouse,way,554572644,51.7245154,0.4535263,CM1 3AR,Chelmsford,Westway,Hilti Store Edmonton,London,36.7,25+ km lower direct store threat,https://www.openstreetmap.org/way/554572644,OpenStreetMap via Overpass API exact brand/name selectors,2026-04-23
Selco Builders Warehouse,Selco Builders Warehouse | Selco,Selco Builders Warehouse,way,128069575,51.4371795,-2.6015406,BS3 4SZ,Bristol,,Hilti Store Cardiff,Cardiff,38.59,25+ km lower direct store threat,https://www.openstreetmap.org/way/128069575,OpenStreetMap via Overpass API exact brand/name selectors,2026-04-23
Selco Builders Warehouse,Selco Builders Warehouse | Selco,Selco Builders Warehouse,way,583596404,51.522044,-2.5667733,BS34 6FB,Bristol,,Hilti Store Cardiff,Cardiff,41.07,25+ km lower direct store threat,https://www.openstreetmap.org/way/583596404,OpenStreetMap via Overpass API exact brand/name selectors,2026-04-23
Selco Builders Warehouse,Selco Builders Warehouse | Selco,Selco Builders Warehouse,node,9955658417,51.2624504,-0.5717194,GU1 1SZ,,,Hilti Store Southwark,London,42.27,25+ km lower direct store threat,https://www.openstreetmap.org/node/9955658417,OpenStreetMap via Overpass API exact brand/name selectors,2026-04-23
Selco Builders Warehouse,Selco Builders Warehouse | Selco,Selco Builders Warehouse,way,1160182976,51.398893,0.5164518,,,,Hilti Store Southwark,London,44.41,25+ km lower direct store threat,https://www.openstreetmap.org/way/1160182976,OpenStreetMap via Overpass API exact brand/name selectors,2026-04-23
Selco Builders Warehouse,Selco Builders Warehouse | Selco,Selco Builders Warehouse,node,639273877,53.7701162,-1.7187682,,,,Hilti Store Manchester,Manchester,50.06,25+ km lower direct store threat,https://www.openstreetmap.org/node/639273877,OpenStreetMap via Overpass API exact brand/name selectors,2026-04-23
Selco Builders Warehouse,Selco Builders Warehouse | Selco,Selco Builders Warehouse,way,318343340,52.653069,-1.1435091,,,,Hilti Store Birmingham,Birmingham,53.58,25+ km lower direct store threat,https://www.openstreetmap.org/way/318343340,OpenStreetMap via Overpass API exact brand/name selectors,2026-04-23
Selco Builders Warehouse,Selco Builders Warehouse | Selco,Selco Builders Warehouse,way,205810406,53.7749189,-1.5800232,LS11 0EY,Leeds,Elland Way,Hilti Store Manchester,Manchester,57.48,25+ km lower direct store threat,https://www.openstreetmap.org/way/205810406,OpenStreetMap via Overpass API exact brand/name selectors,2026-04-23
Selco Builders Warehouse,Selco Builders Warehouse | Selco,Selco Builders Warehouse,node,5437278631,53.8095209,-1.5315038,,,,Hilti Store Manchester,Manchester,62.34,25+ km lower direct store threat,https://www.openstreetmap.org/node/5437278631,OpenStreetMap via Overpass API exact brand/name selectors,2026-04-23
Selco Builders Warehouse,Selco Builders Warehouse | Selco,Selco Builders Warehouse,node,5600037528,51.4612373,-1.000449,,,,Hilti Store Southwark,London,62.42,25+ km lower direct store threat,https://www.openstreetmap.org/node/5600037528,OpenStreetMap via Overpass API exact brand/name selectors,2026-04-23
Selco Builders Warehouse,Selco Builders Warehouse | Selco,Selco Builders Warehouse,node,7119164739,52.0050442,-0.7346808,MK1 1DF,Milton Keynes,Denbigh Road,Hilti Store Edmonton,London,64.33,25+ km lower direct store threat,https://www.openstreetmap.org/node/7119164739,OpenStreetMap via Overpass API exact brand/name selectors,2026-04-23
Selco Builders Warehouse,Selco Builders Warehouse | Selco,Selco Builders Warehouse,way,1146552946,51.9183676,-2.0951896,GL51 9NQ,,,Hilti Store Birmingham,Birmingham,65.13,25+ km lower direct store threat,https://www.openstreetmap.org/way/1146552946,OpenStreetMap via Overpass API exact brand/name selectors,2026-04-23
Selco Builders Warehouse,Selco Builders Warehouse | Selco,Selco Builders Warehouse,way,228147911,52.9766238,-1.1744905,NG7 7EB,Nottingham,Radford Road,Hilti Store Birmingham,Birmingham,72.41,25+ km lower direct store threat,https://www.openstreetmap.org/way/228147911,OpenStreetMap via Overpass API exact brand/name selectors,2026-04-23
Selco Builders Warehouse,Selco Builders Warehouse | Selco,Selco Builders Warehouse,node,11439359794,50.7093062,-3.5318068,EX2 8QH,Exeter,Filmer Way,Hilti Store Cardiff,Cardiff,89.09,25+ km lower direct store threat,https://www.openstreetmap.org/node/11439359794,OpenStreetMap via Overpass API exact brand/name selectors,2026-04-23
Selco Builders Warehouse,Selco Builders Warehouse | Selco,Selco Builders Warehouse,way,220554554,53.9575357,-1.0258668,YO10 3JA,York,Osbaldwick Link Road,Hilti Store Manchester,Manchester,98.94,25+ km lower direct store threat,https://www.openstreetmap.org/way/220554554,OpenStreetMap via Overpass API exact brand/name selectors,2026-04-23
Selco Builders Warehouse,Selco Builders Warehouse | Selco,Selco Builders Warehouse,way,89175133,52.5779318,-0.2150224,,,,Hilti Store Edmonton,London,107.95,25+ km lower direct store threat,https://www.openstreetmap.org/way/89175133,OpenStreetMap via Overpass API exact brand/name selectors,2026-04-23
Selco Builders Warehouse,Selco Builders Warehouse | Selco,Selco Builders Warehouse,way,709622869,50.9194989,-1.4642347,SO15 0BS,Southampton,,Hilti Store Southwark,London,115.04,25+ km lower direct store threat,https://www.openstreetmap.org/way/709622869,OpenStreetMap via Overpass API exact brand/name selectors,2026-04-23
Selco Builders Warehouse,Selco Builders Warehouse | Selco,Selco Builders Warehouse,way,670520724,50.7432355,-1.984536,,,,Hilti Store Cardiff,Cardiff,115.31,25+ km lower direct store threat,https://www.openstreetmap.org/way/670520724,OpenStreetMap via Overpass API exact brand/name selectors,2026-04-23
Toolstation,Toolstation,Toolstation,node,3670910757,55.9647845,-3.1320719,,,,Hilti Store Edinburgh,Edinburgh,0.04,0-2 km direct local threat,https://www.openstreetmap.org/node/3670910757,OpenStreetMap via Overpass API exact brand/name selectors,2026-04-23
Toolstation,Toolstation,Toolstation,node,12140884160,55.8528007,-4.2755573,,,,Hilti Store Glasgow,Glasgow,0.09,0-2 km direct local threat,https://www.openstreetmap.org/node/12140884160,OpenStreetMap via Overpass API exact brand/name selectors,2026-04-23
Toolstation,Toolstation,Toolstation,node,3574870606,52.4996032,-1.8809272,,,,Hilti Store Birmingham,Birmingham,1.19,0-2 km direct local threat,https://www.openstreetmap.org/node/3574870606,OpenStreetMap via Overpass API exact brand/name selectors,2026-04-23
Toolstation,Toolstation,Toolstation,node,6479063510,53.4780477,-2.2742853,M5 3GR,Salford,Regent Road,Hilti Store Manchester,Manchester,1.25,0-2 km direct local threat,https://www.openstreetmap.org/node/6479063510,OpenStreetMap via Overpass API exact brand/name selectors,2026-04-23
Toolstation,Toolstation,Toolstation,way,23376431,51.5909682,-0.0408336,,Walthamstow,Blackhorse Lane,Hilti Store Edmonton,London,2.45,2-5 km strong urban overlap,https://www.openstreetmap.org/way/23376431,OpenStreetMap via Overpass API exact brand/name selectors,2026-04-23
Toolstation,Toolstation,Toolstation,way,296031563,53.4095808,-2.9212882,,,,Hilti Store Liverpool,Liverpool,2.89,2-5 km strong urban overlap,https://www.openstreetmap.org/way/296031563,OpenStreetMap via Overpass API exact brand/name selectors,2026-04-23
Toolstation,Toolstation,Toolstation,way,965958280,55.8297434,-4.2967328,G41 4AZ,Glasgow,Haggs Road,Hilti Store Glasgow,Glasgow,2.96,2-5 km strong urban overlap,https://www.openstreetmap.org/way/965958280,OpenStreetMap via Overpass API exact brand/name selectors,2026-04-23
Toolstation,Toolstation,Toolstation,way,86248088,51.4718544,-3.1993615,CF11 8AB,Cardiff,Sloper Road,Hilti Store Cardiff,Cardiff,3.08,2-5 km strong urban overlap,https://www.openstreetmap.org/way/86248088,OpenStreetMap via Overpass API exact brand/name selectors,2026-04-23
Toolstation,Toolstation,Toolstation,node,11022629607,51.6069779,-0.0929829,,,,Hilti Store Edmonton,London,3.23,2-5 km strong urban overlap,https://www.openstreetmap.org/node/11022629607,OpenStreetMap via Overpass API exact brand/name selectors,2026-04-23
Toolstation,Toolstation,Toolstation,node,6846599925,51.4891954,-0.0560171,,,,Hilti Store Southwark,London,3.58,2-5 km strong urban overlap,https://www.openstreetmap.org/node/6846599925,OpenStreetMap via Overpass API exact brand/name selectors,2026-04-23
Toolstation,Toolstation,Toolstation,way,724201312,55.8532363,-4.2145575,G40 2UB,,Alma Street,Hilti Store Glasgow,Glasgow,3.73,2-5 km strong urban overlap,https://www.openstreetmap.org/way/724201312,OpenStreetMap via Overpass API exact brand/name selectors,2026-04-23
Toolstation,Toolstation,Toolstation,way,1012885570,51.5818367,-0.0691831,,,,Hilti Store Edmonton,London,3.75,2-5 km strong urban overlap,https://www.openstreetmap.org/way/1012885570,OpenStreetMap via Overpass API exact brand/name selectors,2026-04-23
Toolstation,Toolstation,Toolstation,way,467150796,52.5241942,-1.8946983,B42 2TX,Birmingham,Tamebridge Industrial Estate,Hilti Store Birmingham,Birmingham,3.77,2-5 km strong urban overlap,https://www.openstreetmap.org/way/467150796,OpenStreetMap via Overpass API exact brand/name selectors,2026-04-23
Toolstation,Toolstation,Toolstation,node,4469329366,53.478208,-2.2221093,M1 2NP,Manchester,Gidding Road,Hilti Store Manchester,Manchester,4.06,2-5 km strong urban overlap,https://www.openstreetmap.org/node/4469329366,OpenStreetMap via Overpass API exact brand/name selectors,2026-04-23
Toolstation,Toolstation,Toolstation,node,6419169276,55.9328565,-3.1011615,,,,Hilti Store Edinburgh,Edinburgh,4.08,2-5 km strong urban overlap,https://www.openstreetmap.org/node/6419169276,OpenStreetMap via Overpass API exact brand/name selectors,2026-04-23
Toolstation,Toolstation,Toolstation,node,418329556,51.4793752,-0.0569004,,,,Hilti Store Southwark,London,4.16,2-5 km strong urban overlap,https://www.openstreetmap.org/node/418329556,OpenStreetMap via Overpass API exact brand/name selectors,2026-04-23
Toolstation,Toolstation,Toolstation,node,12186238403,53.4326474,-2.3187684,M33 7JR,,Cross Street,Hilti Store Manchester,Manchester,4.62,2-5 km strong urban overlap,https://www.openstreetmap.org/node/12186238403,OpenStreetMap via Overpass API exact brand/name selectors,2026-04-23
Toolstation,Toolstation,Toolstation,node,12070335686,52.5272577,-1.9244732,B42 1DU,Birmingham,Austin Way,Hilti Store Birmingham,Birmingham,4.72,2-5 km strong urban overlap,https://www.openstreetmap.org/node/12070335686,OpenStreetMap via Overpass API exact brand/name selectors,2026-04-23
Toolstation,Toolstation,Toolstation,node,3579185977,51.6540221,-0.02939,EN3 7SX,,,Hilti Store Edmonton,London,4.76,2-5 km strong urban overlap,https://www.openstreetmap.org/node/3579185977,OpenStreetMap via Overpass API exact brand/name selectors,2026-04-23
Toolstation,Toolstation,Toolstation,node,822300720,53.3784593,-3.0112844,,,,Hilti Store Liverpool,Liverpool,4.86,2-5 km strong urban overlap,https://www.openstreetmap.org/node/822300720,OpenStreetMap via Overpass API exact brand/name selectors,2026-04-23
Toolstation,Toolstation,Toolstation,node,12954049608,52.4604026,-1.8367374,B11 2AT,Birmingham,Kings Road,Hilti Store Birmingham,Birmingham,4.91,2-5 km strong urban overlap,https://www.openstreetmap.org/node/12954049608,OpenStreetMap via Overpass API exact brand/name selectors,2026-04-23
Toolstation,Toolstation,Toolstation,node,10068538759,51.5499342,-0.1195334,,,,Hilti Store Southwark,London,5.22,5-10 km metro overlap,https://www.openstreetmap.org/node/10068538759,OpenStreetMap via Overpass API exact brand/name selectors,2026-04-23
Toolstation,Toolstation,Toolstation,way,1245779844,51.4578507,-0.1274657,,,,Hilti Store Southwark,London,5.46,5-10 km metro overlap,https://www.openstreetmap.org/way/1245779844,OpenStreetMap via Overpass API exact brand/name selectors,2026-04-23
Toolstation,Toolstation,Toolstation,way,373710192,51.5434897,-0.1501081,NW1 8AN,London,Chalk Farm Road,Hilti Store Southwark,London,5.5,5-10 km metro overlap,https://www.openstreetmap.org/way/373710192,OpenStreetMap via Overpass API exact brand/name selectors,2026-04-23
Toolstation,Toolstation,Toolstation,node,7467419138,53.5176732,-2.2737067,,,,Hilti Store Manchester,Manchester,5.6,5-10 km metro overlap,https://www.openstreetmap.org/node/7467419138,OpenStreetMap via Overpass API exact brand/name selectors,2026-04-23
Toolstation,Toolstation,Toolstation,node,12120509637,52.4384967,-1.8931863,,,,Hilti Store Birmingham,Birmingham,5.78,5-10 km metro overlap,https://www.openstreetmap.org/node/12120509637,OpenStreetMap via Overpass API exact brand/name selectors,2026-04-23
Toolstation,Toolstation,Toolstation,node,12120716964,51.555239,-0.0743771,,London,Stoke Newington Road,Hilti Store Southwark,London,5.97,5-10 km metro overlap,https://www.openstreetmap.org/node/12120716964,OpenStreetMap via Overpass API exact brand/name selectors,2026-04-23
Toolstation,Toolstation,Toolstation,node,12139519865,51.5229537,-3.1951406,,,,Hilti Store Cardiff,Cardiff,6.03,5-10 km metro overlap,https://www.openstreetmap.org/node/12139519865,OpenStreetMap via Overpass API exact brand/name selectors,2026-04-23
Toolstation,Toolstation,Toolstation,node,3844586275,51.5355061,-0.022441,,,,Hilti Store Southwark,London,6.49,5-10 km metro overlap,https://www.openstreetmap.org/node/3844586275,OpenStreetMap via Overpass API exact brand/name selectors,2026-04-23
Toolstation,Toolstation,Toolstation,node,10602422611,51.5921014,0.0424442,IG8 8HF,Woodford Green,Woodford Trading Estate,Hilti Store Edmonton,London,6.59,5-10 km metro overlap,https://www.openstreetmap.org/node/10602422611,OpenStreetMap via Overpass API exact brand/name selectors,2026-04-23
Toolstation,Toolstation,Toolstation,node,10995814159,51.6197945,-0.1420327,,,,Hilti Store Edmonton,London,6.6,5-10 km metro overlap,https://www.openstreetmap.org/node/10995814159,OpenStreetMap via Overpass API exact brand/name selectors,2026-04-23
Toolstation,Toolstation,Toolstation,way,566765395,55.8045392,-4.3399633,G53 7RH,Glasgow,,Hilti Store Glasgow,Glasgow,6.79,5-10 km metro overlap,https://www.openstreetmap.org/way/566765395,OpenStreetMap via Overpass API exact brand/name selectors,2026-04-23
Toolstation,Toolstation,Toolstation,node,4305980394,51.4435396,-0.0673723,,,,Hilti Store Southwark,London,7.16,5-10 km metro overlap,https://www.openstreetmap.org/node/4305980394,OpenStreetMap via Overpass API exact brand/name selectors,2026-04-23
Toolstation,Toolstation,Toolstation,node,13056118137,51.4455647,-0.144911,SW12 0PS,London,Zennor Road Industrial Estate,Hilti Store Southwark,London,7.18,5-10 km metro overlap,https://www.openstreetmap.org/node/13056118137,OpenStreetMap via Overpass API exact brand/name selectors,2026-04-23
Toolstation,Toolstation,Toolstation,way,336078131,52.5027412,-1.9951104,,,Redwood Trade Park,Hilti Store Birmingham,Birmingham,7.26,5-10 km metro overlap,https://www.openstreetmap.org/way/336078131,OpenStreetMap via Overpass API exact brand/name selectors,2026-04-23
Toolstation,Toolstation,Toolstation,node,3965095736,51.5218907,0.0022818,,,,Hilti Store Southwark,London,7.46,5-10 km metro overlap,https://www.openstreetmap.org/node/3965095736,OpenStreetMap via Overpass API exact brand/name selectors,2026-04-23
Toolstation,Toolstation,Toolstation,way,1317812912,51.5254224,-0.2043989,W9 3NF,London,Harrow Road,Hilti Store Southwark,London,7.48,5-10 km metro overlap,https://www.openstreetmap.org/way/1317812912,OpenStreetMap via Overpass API exact brand/name selectors,2026-04-23
Toolstation,Toolstation,Toolstation,node,10259290100,51.4587721,-0.0127403,,,,Hilti Store Southwark,London,7.97,5-10 km metro overlap,https://www.openstreetmap.org/node/10259290100,OpenStreetMap via Overpass API exact brand/name selectors,2026-04-23
Toolstation,Toolstation,Toolstation,node,10599891730,53.397543,-2.2541631,,,"Unit A, 41",Hilti Store Manchester,Manchester,7.98,5-10 km metro overlap,https://www.openstreetmap.org/node/10599891730,OpenStreetMap via Overpass API exact brand/name selectors,2026-04-23
Toolstation,Toolstation,Toolstation,way,191368682,52.530382,-1.7796169,B76 1DH,,Stockton Close,Hilti Store Birmingham,Birmingham,8.68,5-10 km metro overlap,https://www.openstreetmap.org/way/191368682,OpenStreetMap via Overpass API exact brand/name selectors,2026-04-23
Toolstation,Toolstation,Toolstation,node,3210115027,51.4882208,0.0236211,SE7 7RF,London,Ramac Way,Hilti Store Southwark,London,8.86,5-10 km metro overlap,https://www.openstreetmap.org/node/3210115027,OpenStreetMap via Overpass API exact brand/name selectors,2026-04-23
Toolstation,Toolstation,Toolstation,node,3931861565,52.41325,-1.9256646,B30 3HD,Birmingham,Melchett Road,Hilti Store Birmingham,Birmingham,8.92,5-10 km metro overlap,https://www.openstreetmap.org/node/3931861565,OpenStreetMap via Overpass API exact brand/name selectors,2026-04-23
Toolstation,Toolstation,Toolstation,node,8807247058,51.4599408,-0.2140935,,,,Hilti Store Southwark,London,9.21,5-10 km metro overlap,https://www.openstreetmap.org/node/8807247058,OpenStreetMap via Overpass API exact brand/name selectors,2026-04-23
Toolstation,Toolstation,Toolstation,node,3850524730,51.4322031,-0.0317862,SE26 4PU,London,,Hilti Store Southwark,London,9.37,5-10 km metro overlap,https://www.openstreetmap.org/node/3850524730,OpenStreetMap via Overpass API exact brand/name selectors,2026-04-23
Toolstation,Toolstation,Toolstation,node,5267265133,51.4354564,-0.0197056,SE6 2NZ,London,Bromley Road,Hilti Store Southwark,London,9.53,5-10 km metro overlap,https://www.openstreetmap.org/node/5267265133,OpenStreetMap via Overpass API exact brand/name selectors,2026-04-23
Toolstation,Toolstation,Toolstation,node,11148068818,55.8773624,-3.169381,,,,Hilti Store Edinburgh,Edinburgh,10.02,10-25 km regional catchment,https://www.openstreetmap.org/node/11148068818,OpenStreetMap via Overpass API exact brand/name selectors,2026-04-23
Toolstation,Toolstation,Toolstation,node,8520658868,51.4136284,-0.1247667,,,,Hilti Store Southwark,London,10.21,10-25 km regional catchment,https://www.openstreetmap.org/node/8520658868,OpenStreetMap via Overpass API exact brand/name selectors,2026-04-23
Toolstation,Toolstation,Toolstation,node,12320523031,53.5468258,-2.1987964,M24 1QZ,,Oldham Road,Hilti Store Manchester,Manchester,10.35,10-25 km regional catchment,https://www.openstreetmap.org/node/12320523031,OpenStreetMap via Overpass API exact brand/name selectors,2026-04-23
Toolstation,Toolstation,Toolstation,node,12294614901,51.5209168,-0.253776,W3 7XS,London,Telford Way,Hilti Store Southwark,London,10.68,10-25 km regional catchment,https://www.openstreetmap.org/node/12294614901,OpenStreetMap via Overpass API exact brand/name selectors,2026-04-23
Toolstation,Toolstation,Toolstation,node,4587104330,52.4562056,-2.0390655,,,,Hilti Store Birmingham,Birmingham,10.8,10-25 km regional catchment,https://www.openstreetmap.org/node/4587104330,OpenStreetMap via Overpass API exact brand/name selectors,2026-04-23
Toolstation,Toolstation,Toolstation,node,5695350968,55.9231716,-3.2910289,,,,Hilti Store Edinburgh,Edinburgh,10.92,10-25 km regional catchment,https://www.openstreetmap.org/node/5695350968,OpenStreetMap via Overpass API exact brand/name selectors,2026-04-23
Toolstation,Toolstation,Toolstation,node,5412061452,53.3460499,-2.8398388,,,,Hilti Store Liverpool,Liverpool,11.07,10-25 km regional catchment,https://www.openstreetmap.org/node/5412061452,OpenStreetMap via Overpass API exact brand/name selectors,2026-04-23
Toolstation,Toolstation,Toolstation,node,11184464375,53.5235228,-2.1415943,OL9 7PJ,Oldham,Victoria Trading Estate,Hilti Store Manchester,Manchester,11.12,10-25 km regional catchment,https://www.openstreetmap.org/node/11184464375,OpenStreetMap via Overpass API exact brand/name selectors,2026-04-23
Toolstation,Toolstation,Toolstation,node,12512159335,51.5973396,0.1163148,,,,Hilti Store Edmonton,London,11.41,10-25 km regional catchment,https://www.openstreetmap.org/node/12512159335,OpenStreetMap via Overpass API exact brand/name selectors,2026-04-23
Toolstation,Toolstation,Toolstation,node,6333598879,52.3963097,-1.8028846,B90 4NR,Solihull,Radway Road,Hilti Store Birmingham,Birmingham,12.01,10-25 km regional catchment,https://www.openstreetmap.org/node/6333598879,OpenStreetMap via Overpass API exact brand/name selectors,2026-04-23
Toolstation,Toolstation,Toolstation,node,11397680920,51.4127707,-0.1940033,,,,Hilti Store Southwark,London,12.02,10-25 km regional catchment,https://www.openstreetmap.org/node/11397680920,OpenStreetMap via Overpass API exact brand/name selectors,2026-04-23
Toolstation,Toolstation,Toolstation,way,680977704,52.5159336,-2.0662069,,,,Hilti Store Birmingham,Birmingham,12.27,10-25 km regional catchment,https://www.openstreetmap.org/way/680977704,OpenStreetMap via Overpass API exact brand/name selectors,2026-04-23
Toolstation,Toolstation,Toolstation,way,262346971,52.5841451,-1.9919615,WS2 9PG,Walsall,Bridgeman Street,Hilti Store Birmingham,Birmingham,12.5,10-25 km regional catchment,https://www.openstreetmap.org/way/262346971,OpenStreetMap via Overpass API exact brand/name selectors,2026-04-23
Toolstation,Toolstation,Toolstation,way,50317038,51.4644539,-0.275627,SW14 7JX,London,Upper Richmond Road West,Hilti Store Southwark,London,12.83,10-25 km regional catchment,https://www.openstreetmap.org/way/50317038,OpenStreetMap via Overpass API exact brand/name selectors,2026-04-23
Toolstation,Toolstation,Toolstation,node,10090592127,51.5319791,0.1080541,IG11 0BA,Barking,Alfred's Way,Hilti Store Edmonton,London,13.98,10-25 km regional catchment,https://www.openstreetmap.org/node/10090592127,OpenStreetMap via Overpass API exact brand/name selectors,2026-04-23
Toolstation,Toolstation,Toolstation,node,6586181100,51.4918269,-0.3034819,TW8 9PL,,,Hilti Store Southwark,London,14.03,10-25 km regional catchment,https://www.openstreetmap.org/node/6586181100,OpenStreetMap via Overpass API exact brand/name selectors,2026-04-23
Toolstation,Toolstation,Toolstation,node,6913799486,51.4390259,0.0750742,SE9 2BJ,London,Avery Hill Road,Hilti Store Southwark,London,14.24,10-25 km regional catchment,https://www.openstreetmap.org/node/6913799486,OpenStreetMap via Overpass API exact brand/name selectors,2026-04-23
Toolstation,Toolstation,Toolstation,node,11008670944,51.5737918,-3.289245,CF37 5UD,Pontypridd,Main Avenue,Hilti Store Cardiff,Cardiff,14.4,10-25 km regional catchment,https://www.openstreetmap.org/node/11008670944,OpenStreetMap via Overpass API exact brand/name selectors,2026-04-23
Toolstation,Toolstation,Toolstation,way,169139782,53.570296,-2.4214342,,,,Hilti Store Manchester,Manchester,14.73,10-25 km regional catchment,https://www.openstreetmap.org/way/169139782,OpenStreetMap via Overpass API exact brand/name selectors,2026-04-23
Toolstation,Toolstation,Toolstation,node,11341045987,53.5488202,-2.1009774,OL1 4EB,Oldham,Oldham Central Trading Park,Hilti Store Manchester,Manchester,14.94,10-25 km regional catchment,https://www.openstreetmap.org/node/11341045987,OpenStreetMap via Overpass API exact brand/name selectors,2026-04-23
Toolstation,Toolstation,Toolstation,node,12027162971,51.3994006,0.0332138,,,,Hilti Store Southwark,London,14.95,10-25 km regional catchment,https://www.openstreetmap.org/node/12027162971,OpenStreetMap via Overpass API exact brand/name selectors,2026-04-23
Toolstation,Toolstation,Toolstation,node,5978888913,51.3771162,-0.0263185,CR0 8ED,Croydon,Wickham Road,Hilti Store Southwark,London,15.08,10-25 km regional catchment,https://www.openstreetmap.org/node/5978888913,OpenStreetMap via Overpass API exact brand/name selectors,2026-04-23
Toolstation,Toolstation,Toolstation,node,10605723681,53.491139,-2.5055479,,Leigh,Acorn Court,Hilti Store Manchester,Manchester,15.1,10-25 km regional catchment,https://www.openstreetmap.org/node/10605723681,OpenStreetMap via Overpass API exact brand/name selectors,2026-04-23
Toolstation,Toolstation,Toolstation,node,9281569807,51.6581316,-0.2545311,,,,Hilti Store Edmonton,London,15.18,10-25 km regional catchment,https://www.openstreetmap.org/node/9281569807,OpenStreetMap via Overpass API exact brand/name selectors,2026-04-23
Toolstation,Toolstation,Toolstation,node,1531991568,53.3728863,-2.1079786,,,,Hilti Store Manchester,Manchester,15.55,10-25 km regional catchment,https://www.openstreetmap.org/node/1531991568,OpenStreetMap via Overpass API exact brand/name selectors,2026-04-23
Toolstation,Toolstation,Toolstation,node,2294903023,51.5518743,-0.3388623,,,Greenford Road,Hilti Store Southwark,London,17.24,10-25 km regional catchment,https://www.openstreetmap.org/node/2294903023,OpenStreetMap via Overpass API exact brand/name selectors,2026-04-23
Toolstation,Toolstation,Toolstation,node,7160911550,51.5748843,-2.9641658,NP19 4PT,Newport,Langland Way,Hilti Store Cardiff,Cardiff,17.28,10-25 km regional catchment,https://www.openstreetmap.org/node/7160911550,OpenStreetMap via Overpass API exact brand/name selectors,2026-04-23
Toolstation,Toolstation,Toolstation,node,8819002408,52.4608838,-2.147552,,,,Hilti Store Birmingham,Birmingham,17.76,10-25 km regional catchment,https://www.openstreetmap.org/node/8819002408,OpenStreetMap via Overpass API exact brand/name selectors,2026-04-23
Toolstation,Toolstation,Toolstation,node,9925828369,56.1263522,-3.1698153,,,,Hilti Store Edinburgh,Edinburgh,18.08,10-25 km regional catchment,https://www.openstreetmap.org/node/9925828369,OpenStreetMap via Overpass API exact brand/name selectors,2026-04-23
Toolstation,Toolstation,Toolstation,way,570793498,51.5912556,-0.3275177,,,,Hilti Store Southwark,London,18.36,10-25 km regional catchment,https://www.openstreetmap.org/way/570793498,OpenStreetMap via Overpass API exact brand/name selectors,2026-04-23
Toolstation,Toolstation,Toolstation,node,10774527048,53.6120173,-2.1455536,OL16 5NP,Rochdale,Fishwick Street,Hilti Store Manchester,Manchester,18.39,10-25 km regional catchment,https://www.openstreetmap.org/node/10774527048,OpenStreetMap via Overpass API exact brand/name selectors,2026-04-23
Toolstation,Toolstation,Toolstation,way,1056841751,53.5720765,-2.88042,L39 2ZA,Ormskirk,Atkinson Road,Hilti Store Liverpool,Liverpool,18.64,10-25 km regional catchment,https://www.openstreetmap.org/way/1056841751,OpenStreetMap via Overpass API exact brand/name selectors,2026-04-23
Toolstation,Toolstation,Toolstation,node,10814838151,51.5976897,0.2238726,RM3 8UR,Romford,Ashton Road,Hilti Store Edmonton,London,18.79,10-25 km regional catchment,https://www.openstreetmap.org/node/10814838151,OpenStreetMap via Overpass API exact brand/name selectors,2026-04-23
Toolstation,Toolstation,Toolstation,way,142507911,52.6267934,-1.7110351,B78 3JF,Tamworth,Kinson Drive,Hilti Store Birmingham,Birmingham,19.39,10-25 km regional catchment,https://www.openstreetmap.org/way/142507911,OpenStreetMap via Overpass API exact brand/name selectors,2026-04-23
Toolstation,Toolstation,Toolstation,node,13729984823,51.3753394,-0.303178,,,,Hilti Store Southwark,London,20.01,10-25 km regional catchment,https://www.openstreetmap.org/node/13729984823,OpenStreetMap via Overpass API exact brand/name selectors,2026-04-23
Toolstation,Toolstation,Toolstation,node,8078456879,52.5992012,-2.1287337,,,,Hilti Store Birmingham,Birmingham,20.18,10-25 km regional catchment,https://www.openstreetmap.org/node/8078456879,OpenStreetMap via Overpass API exact brand/name selectors,2026-04-23
Toolstation,Toolstation,Toolstation,node,10549102361,51.3171409,-0.0863911,,,,Hilti Store Southwark,London,20.84,10-25 km regional catchment,https://www.openstreetmap.org/node/10549102361,OpenStreetMap via Overpass API exact brand/name selectors,2026-04-23
Toolstation,Toolstation,Toolstation,way,711303388,51.4501571,0.1866187,,,,Hilti Store Southwark,London,20.86,10-25 km regional catchment,https://www.openstreetmap.org/way/711303388,OpenStreetMap via Overpass API exact brand/name selectors,2026-04-23
Toolstation,Toolstation,Toolstation,node,10048842446,51.80185,-0.0635789,,,,Hilti Store Edmonton,London,21.07,10-25 km regional catchment,https://www.openstreetmap.org/node/10048842446,OpenStreetMap via Overpass API exact brand/name selectors,2026-04-23
Toolstation,Toolstation,Toolstation,way,1238830969,51.3424391,-0.2603779,KT17 1DH,Epsom,"Nonsuch Industrial Estate, Kiln Ln",Hilti Store Southwark,London,21.09,10-25 km regional catchment,https://www.openstreetmap.org/way/1238830969,OpenStreetMap via Overpass API exact brand/name selectors,2026-04-23
Toolstation,Toolstation,Toolstation,node,11871730821,56.0494875,-3.4394242,KY11 8UX,Dunfermline,,Hilti Store Edinburgh,Edinburgh,21.27,10-25 km regional catchment,https://www.openstreetmap.org/node/11871730821,OpenStreetMap via Overpass API exact brand/name selectors,2026-04-23
Toolstation,Toolstation,Toolstation,way,164341627,51.7830471,0.1106421,,,Dukes Park,Hilti Store Edmonton,London,21.85,10-25 km regional catchment,https://www.openstreetmap.org/way/164341627,OpenStreetMap via Overpass API exact brand/name selectors,2026-04-23
Toolstation,Toolstation,Toolstation,way,4370113,51.751869,-0.2780128,AL4 0JY,St Albans,Acrewood Way,Hilti Store Edmonton,London,22.21,10-25 km regional catchment,https://www.openstreetmap.org/way/4370113,OpenStreetMap via Overpass API exact brand/name selectors,2026-04-23
Toolstation,Toolstation,Toolstation,way,32687410,53.4012206,-2.596985,WA2 8NT,Warrington,Kerfoot Street,Hilti Store Manchester,Manchester,22.21,10-25 km regional catchment,https://www.openstreetmap.org/way/32687410,OpenStreetMap via Overpass API exact brand/name selectors,2026-04-23
Toolstation,Toolstation,Toolstation,node,11377566863,52.3179722,-2.0600994,B60 3DR,,Sherwood Road,Hilti Store Birmingham,Birmingham,22.39,10-25 km regional catchment,https://www.openstreetmap.org/node/11377566863,OpenStreetMap via Overpass API exact brand/name selectors,2026-04-23
Toolstation,Toolstation,Toolstation,way,286266042,52.2887748,-1.8928252,B98 0FY,Redditch,Claybrook Drive,Hilti Store Birmingham,Birmingham,22.42,10-25 km regional catchment,https://www.openstreetmap.org/way/286266042,OpenStreetMap via Overpass API exact brand/name selectors,2026-04-23
Toolstation,Toolstation,Toolstation,node,10096125000,53.4826782,-2.6373649,WN4 9PJ,Wigan,,Hilti Store Liverpool,Liverpool,23.05,10-25 km regional catchment,https://www.openstreetmap.org/node/10096125000,OpenStreetMap via Overpass API exact brand/name selectors,2026-04-23
Toolstation,Toolstation,Toolstation,way,56429033,52.3973931,-1.5794459,CV4 9AP,Coventry,Torrington Avenue,Hilti Store Birmingham,Birmingham,23.44,10-25 km regional catchment,https://www.openstreetmap.org/way/56429033,OpenStreetMap via Overpass API exact brand/name selectors,2026-04-23
Toolstation,Toolstation,Toolstation,node,13176759939,53.201719,-3.012998,,,,Hilti Store Liverpool,Liverpool,23.61,10-25 km regional catchment,https://www.openstreetmap.org/node/13176759939,OpenStreetMap via Overpass API exact brand/name selectors,2026-04-23
Toolstation,Toolstation,Toolstation,node,2216729279,51.8070359,-0.1898268,,,,Hilti Store Edmonton,London,23.75,10-25 km regional catchment,https://www.openstreetmap.org/node/2216729279,OpenStreetMap via Overpass API exact brand/name selectors,2026-04-23
Toolstation,Toolstation,Toolstation,node,12846567940,55.9768975,-3.9530699,,,Tollpark Road,Hilti Store Glasgow,Glasgow,24.29,10-25 km regional catchment,https://www.openstreetmap.org/node/12846567940,OpenStreetMap via Overpass API exact brand/name selectors,2026-04-23
Toolstation,Toolstation,Toolstation,way,69072885,56.1835716,-3.1419162,,Glenrothes,B921,Hilti Store Edinburgh,Edinburgh,24.3,10-25 km regional catchment,https://www.openstreetmap.org/way/69072885,OpenStreetMap via Overpass API exact brand/name selectors,2026-04-23
Toolstation,Toolstation,Toolstation,node,7112955506,55.9086814,-3.5108882,EH54 5FD,Livingston,Houstoun Business Park,Hilti Store Edinburgh,Edinburgh,24.39,10-25 km regional catchment,https://www.openstreetmap.org/node/7112955506,OpenStreetMap via Overpass API exact brand/name selectors,2026-04-23
Toolstation,Toolstation,Toolstation,node,8722871322,51.6467249,-0.3964917,,,,Hilti Store Edmonton,London,24.41,10-25 km regional catchment,https://www.openstreetmap.org/node/8722871322,OpenStreetMap via Overpass API exact brand/name selectors,2026-04-23
Toolstation,Toolstation,Toolstation,way,996335613,51.6672873,-0.3905283,WD24 4PT,Watford,Colonial Way,Hilti Store Edmonton,London,24.46,10-25 km regional catchment,https://www.openstreetmap.org/way/996335613,OpenStreetMap via Overpass API exact brand/name selectors,2026-04-23
Toolstation,Toolstation,Toolstation,way,874942991,53.1937964,-2.9152512,,,,Hilti Store Liverpool,Liverpool,24.5,10-25 km regional catchment,https://www.openstreetmap.org/way/874942991,OpenStreetMap via Overpass API exact brand/name selectors,2026-04-23
Toolstation,Toolstation,Toolstation,way,1127870747,51.4171083,-0.4265016,TW16 7DX,Sunbury,Brooklands Close,Hilti Store Southwark,London,24.5,10-25 km regional catchment,https://www.openstreetmap.org/way/1127870747,OpenStreetMap via Overpass API exact brand/name selectors,2026-04-23
Toolstation,Toolstation,Toolstation,node,8393741596,51.5112157,-0.4628753,,,,Hilti Store Southwark,London,25.01,25+ km lower direct store threat,https://www.openstreetmap.org/node/8393741596,OpenStreetMap via Overpass API exact brand/name selectors,2026-04-23
Toolstation,Toolstation,Toolstation,node,11875198128,51.4797242,0.2777986,RM20 3EH,West Thurrock,Motherwell Way,Hilti Store Southwark,London,26.42,25+ km lower direct store threat,https://www.openstreetmap.org/node/11875198128,OpenStreetMap via Overpass API exact brand/name selectors,2026-04-23
Toolstation,Toolstation,Toolstation,way,28431779,51.3091431,-0.3337824,,,,Hilti Store Southwark,London,27.02,25+ km lower direct store threat,https://www.openstreetmap.org/way/28431779,OpenStreetMap via Overpass API exact brand/name selectors,2026-04-23
Toolstation,Toolstation,Toolstation,way,320859317,53.2634489,-2.5054026,CW9 5LH,Northwich,Old Warrington Road,Hilti Store Manchester,Manchester,27.15,25+ km lower direct store threat,https://www.openstreetmap.org/way/320859317,OpenStreetMap via Overpass API exact brand/name selectors,2026-04-23
Toolstation,Toolstation,Toolstation,node,8582718871,51.539581,-0.4936064,,,,Hilti Store Southwark,London,27.39,25+ km lower direct store threat,https://www.openstreetmap.org/node/8582718871,OpenStreetMap via Overpass API exact brand/name selectors,2026-04-23
Toolstation,Toolstation,Toolstation,node,12641373288,51.6381975,0.3557124,CM13 1TG,Brentwood,Tallon Road,Hilti Store Edmonton,London,27.95,25+ km lower direct store threat,https://www.openstreetmap.org/node/12641373288,OpenStreetMap via Overpass API exact brand/name selectors,2026-04-23
Toolstation,Toolstation,Toolstation,node,12486554646,52.4988565,-1.4748049,,,,Hilti Store Birmingham,Birmingham,28.11,25+ km lower direct store threat,https://www.openstreetmap.org/node/12486554646,OpenStreetMap via Overpass API exact brand/name selectors,2026-04-23
Toolstation,Toolstation,Toolstation,node,6166135774,51.5002782,-3.5623676,,,,Hilti Store Cardiff,Cardiff,28.33,25+ km lower direct store threat,https://www.openstreetmap.org/node/6166135774,OpenStreetMap via Overpass API exact brand/name selectors,2026-04-23
Toolstation,Toolstation,Toolstation,way,550149942,51.2507139,-0.1564819,RH1 2LH,Redhill,Trowers Way,Hilti Store Southwark,London,28.45,25+ km lower direct store threat,https://www.openstreetmap.org/way/550149942,OpenStreetMap via Overpass API exact brand/name selectors,2026-04-23
Toolstation,Toolstation,Toolstation,way,996303134,51.6360012,-0.4661038,WD3 1JB,Rickmansworth,Church Street,Hilti Store Edmonton,London,29.04,25+ km lower direct store threat,https://www.openstreetmap.org/way/996303134,OpenStreetMap via Overpass API exact brand/name selectors,2026-04-23
Toolstation,Toolstation,Toolstation,node,8334001531,53.2021594,-2.3476612,,,,Hilti Store Manchester,Manchester,29.84,25+ km lower direct store threat,https://www.openstreetmap.org/node/8334001531,OpenStreetMap via Overpass API exact brand/name selectors,2026-04-23
Toolstation,Toolstation,Toolstation,node,3269147165,51.3698572,-0.4759561,KT15 2SD,Addlestone,Hamm Moor Lane,Hilti Store Southwark,London,29.94,25+ km lower direct store threat,https://www.openstreetmap.org/node/3269147165,OpenStreetMap via Overpass API exact brand/name selectors,2026-04-23
Toolstation,Toolstation,Toolstation,way,1355497100,51.2274339,-2.9609478,,,,Hilti Store Cardiff,Cardiff,30.63,25+ km lower direct store threat,https://www.openstreetmap.org/way/1355497100,OpenStreetMap via Overpass API exact brand/name selectors,2026-04-23
Toolstation,Toolstation,Toolstation,way,609337963,51.4339214,-0.5301605,TW18 3AY,Staines-upon-Thames,Hawthorn Road,Hilti Store Southwark,London,30.69,25+ km lower direct store threat,https://www.openstreetmap.org/way/609337963,OpenStreetMap via Overpass API exact brand/name selectors,2026-04-23
Toolstation,Toolstation,Toolstation,way,1084327887,55.9810488,-3.6262044,,,,Hilti Store Edinburgh,Edinburgh,30.77,25+ km lower direct store threat,https://www.openstreetmap.org/way/1084327887,OpenStreetMap via Overpass API exact brand/name selectors,2026-04-23
Toolstation,Toolstation,Toolstation,way,200357588,51.3483905,-0.4771671,KT13 0YF,Weybridge,Avro Way,Hilti Store Southwark,London,31.27,25+ km lower direct store threat,https://www.openstreetmap.org/way/200357588,OpenStreetMap via Overpass API exact brand/name selectors,2026-04-23
Toolstation,Toolstation,Toolstation,node,13740428016,51.2898623,0.1952701,,,,Hilti Store Southwark,London,31.51,25+ km lower direct store threat,https://www.openstreetmap.org/node/13740428016,OpenStreetMap via Overpass API exact brand/name selectors,2026-04-23
Toolstation,Toolstation,Toolstation,node,9278283447,53.6623792,-2.6319578,,,,Hilti Store Manchester,Manchester,31.74,25+ km lower direct store threat,https://www.openstreetmap.org/node/9278283447,OpenStreetMap via Overpass API exact brand/name selectors,2026-04-23
Toolstation,Toolstation,Toolstation,way,1100642425,52.3968963,-1.439474,CV3 2NY,Coventry,Herald Way,Hilti Store Birmingham,Birmingham,32.25,25+ km lower direct store threat,https://www.openstreetmap.org/way/1100642425,OpenStreetMap via Overpass API exact brand/name selectors,2026-04-23
Toolstation,Toolstation,Toolstation,way,106546021,51.4993895,-2.6884866,BS11 9QD,Bristol,Avonbridge Trading Estate,Hilti Store Cardiff,Cardiff,32.43,25+ km lower direct store threat,https://www.openstreetmap.org/way/106546021,OpenStreetMap via Overpass API exact brand/name selectors,2026-04-23
Toolstation,Toolstation,Toolstation,way,1339321088,51.8723256,0.1782405,CM23 5PJ,Bishop's Stortford,Raynham Close,Hilti Store Edmonton,London,32.78,25+ km lower direct store threat,https://www.openstreetmap.org/way/1339321088,OpenStreetMap via Overpass API exact brand/name selectors,2026-04-23
Toolstation,Toolstation,Toolstation,node,11843429216,53.7398807,-2.4780538,BB2 3AH,Blackburn,Grimshaw Park,Hilti Store Manchester,Manchester,32.97,25+ km lower direct store threat,https://www.openstreetmap.org/node/11843429216,OpenStreetMap via Overpass API exact brand/name selectors,2026-04-23
Toolstation,Toolstation,Toolstation,way,870309788,53.1982853,-2.494154,CW7 3QE,Winsford,Road One,Hilti Store Manchester,Manchester,33.12,25+ km lower direct store threat,https://www.openstreetmap.org/way/870309788,OpenStreetMap via Overpass API exact brand/name selectors,2026-04-23
Toolstation,Toolstation,Toolstation,node,9902122452,52.279466,-1.5446819,,,,Hilti Store Birmingham,Birmingham,33.15,25+ km lower direct store threat,https://www.openstreetmap.org/node/9902122452,OpenStreetMap via Overpass API exact brand/name selectors,2026-04-23
Toolstation,Toolstation,Toolstation,node,11190443935,51.4189206,0.357337,DA11 8AB,Northfleet,Coldharbour Road,Hilti Store Southwark,London,33.19,25+ km lower direct store threat,https://www.openstreetmap.org/node/11190443935,OpenStreetMap via Overpass API exact brand/name selectors,2026-04-23
Toolstation,Toolstation,Toolstation,node,10253350445,53.1657638,-2.2113752,,,,Hilti Store Manchester,Manchester,33.87,25+ km lower direct store threat,https://www.openstreetmap.org/node/10253350445,OpenStreetMap via Overpass API exact brand/name selectors,2026-04-23
Toolstation,Toolstation,Toolstation,way,1352798976,51.5827055,0.4473272,SS14 3GL,Basildon,Luckyn Lane,Hilti Store Edmonton,London,34.31,25+ km lower direct store threat,https://www.openstreetmap.org/way/1352798976,OpenStreetMap via Overpass API exact brand/name selectors,2026-04-23
Toolstation,Toolstation,Toolstation,way,160614890,52.1985914,-1.7126811,,,,Hilti Store Birmingham,Birmingham,34.61,25+ km lower direct store threat,https://www.openstreetmap.org/way/160614890,OpenStreetMap via Overpass API exact brand/name selectors,2026-04-23
Toolstation,Toolstation,Toolstation,way,59019387,51.2302623,-0.3386164,,,,Hilti Store Southwark,London,34.62,25+ km lower direct store threat,https://www.openstreetmap.org/way/59019387,OpenStreetMap via Overpass API exact brand/name selectors,2026-04-23
Toolstation,Toolstation,Toolstation,node,9937042618,52.5343346,-1.374669,LE10 2ND,,Rainbow Way,Hilti Store Birmingham,Birmingham,35.2,25+ km lower direct store threat,https://www.openstreetmap.org/node/9937042618,OpenStreetMap via Overpass API exact brand/name selectors,2026-04-23
Toolstation,Toolstation,Toolstation,node,9516653443,51.7674796,-3.3682024,,,,Hilti Store Cardiff,Cardiff,35.71,25+ km lower direct store threat,https://www.openstreetmap.org/node/9516653443,OpenStreetMap via Overpass API exact brand/name selectors,2026-04-23
Toolstation,Toolstation,Toolstation,way,192127344,56.0110021,-3.7688047,FK2 9EG,,Middlefield Industrial Estate,Hilti Store Glasgow,Glasgow,36.05,25+ km lower direct store threat,https://www.openstreetmap.org/way/192127344,OpenStreetMap via Overpass API exact brand/name selectors,2026-04-23
Toolstation,Toolstation,Toolstation,node,9556558296,56.1153696,-3.9127168,,,,Hilti Store Glasgow,Glasgow,36.82,25+ km lower direct store threat,https://www.openstreetmap.org/node/9556558296,OpenStreetMap via Overpass API exact brand/name selectors,2026-04-23
Toolstation,Toolstation,Toolstation,way,570531707,51.4379618,-2.6226649,BS3 2LD,Bristol,,Hilti Store Cardiff,Cardiff,37.12,25+ km lower direct store threat,https://www.openstreetmap.org/way/570531707,OpenStreetMap via Overpass API exact brand/name selectors,2026-04-23
Toolstation,Toolstation,Toolstation,way,908876166,51.199443,-3.4607861,TA24 6DF,Minehead,Rainbow Way,Hilti Store Cardiff,Cardiff,37.26,25+ km lower direct store threat,https://www.openstreetmap.org/way/908876166,OpenStreetMap via Overpass API exact brand/name selectors,2026-04-23
Toolstation,Toolstation,Toolstation,way,1315194587,52.7701266,-1.5847717,DE11 0WT,Swadlincote,Optimum Road,Hilti Store Birmingham,Birmingham,37.3,25+ km lower direct store threat,https://www.openstreetmap.org/way/1315194587,OpenStreetMap via Overpass API exact brand/name selectors,2026-04-23
Toolstation,Toolstation,Toolstation,way,224640936,51.4601873,-2.6093051,BS8 2LG,Bristol,Whiteladies Road,Hilti Store Cardiff,Cardiff,37.85,25+ km lower direct store threat,https://www.openstreetmap.org/way/224640936,OpenStreetMap via Overpass API exact brand/name selectors,2026-04-23
Toolstation,Toolstation,Toolstation,node,11988816862,51.670715,-0.5878907,,,,Hilti Store Edmonton,London,37.87,25+ km lower direct store threat,https://www.openstreetmap.org/node/11988816862,OpenStreetMap via Overpass API exact brand/name selectors,2026-04-23
Toolstation,Toolstation,Toolstation,way,148759415,51.1486452,-2.9948705,TA6 4RN,Bridgwater,Express Park,Hilti Store Cardiff,Cardiff,37.94,25+ km lower direct store threat,https://www.openstreetmap.org/way/148759415,OpenStreetMap via Overpass API exact brand/name selectors,2026-04-23
Toolstation,Toolstation,Toolstation,way,148759414,51.1479241,-2.9947171,TA6 4RN,Bridgwater,Express Park,Hilti Store Cardiff,Cardiff,38.02,25+ km lower direct store threat,https://www.openstreetmap.org/way/148759414,OpenStreetMap via Overpass API exact brand/name selectors,2026-04-23
Toolstation,Toolstation,Toolstation,node,4613078428,53.6532704,-1.7841882,,,,Hilti Store Manchester,Manchester,38.76,25+ km lower direct store threat,https://www.openstreetmap.org/node/4613078428,OpenStreetMap via Overpass API exact brand/name selectors,2026-04-23
Toolstation,Toolstation,Toolstation,way,148218890,51.1398071,-2.9966494,TA6 4BH,Bridgwater,Wylds Road,Hilti Store Cardiff,Cardiff,38.84,25+ km lower direct store threat,https://www.openstreetmap.org/way/148218890,OpenStreetMap via Overpass API exact brand/name selectors,2026-04-23
Toolstation,Toolstation,Toolstation,node,2722573854,52.1971093,-2.2065399,,,,Hilti Store Birmingham,Birmingham,39.07,25+ km lower direct store threat,https://www.openstreetmap.org/node/2722573854,OpenStreetMap via Overpass API exact brand/name selectors,2026-04-23
Toolstation,Toolstation,Toolstation,way,202093415,53.726533,-1.8725522,,,,Hilti Store Manchester,Manchester,39.44,25+ km lower direct store threat,https://www.openstreetmap.org/way/202093415,OpenStreetMap via Overpass API exact brand/name selectors,2026-04-23
Toolstation,Toolstation,Toolstation,way,201187556,51.511019,-2.5734712,BS34 7QA,Bristol,Gloucester Road North,Hilti Store Cardiff,Cardiff,40.47,25+ km lower direct store threat,https://www.openstreetmap.org/way/201187556,OpenStreetMap via Overpass API exact brand/name selectors,2026-04-23
Toolstation,Toolstation,Toolstation,way,778612613,51.743666,0.50105,CM2 6TE,Chelmsford,New Dukes Way,Hilti Store Edmonton,London,40.51,25+ km lower direct store threat,https://www.openstreetmap.org/way/778612613,OpenStreetMap via Overpass API exact brand/name selectors,2026-04-23
Toolstation,Toolstation,Toolstation,way,893175301,53.043159,-2.9894384,LL13 8DL,Wrexham,Rivulet Road,Hilti Store Liverpool,Liverpool,41.06,25+ km lower direct store threat,https://www.openstreetmap.org/way/893175301,OpenStreetMap via Overpass API exact brand/name selectors,2026-04-23
Toolstation,Toolstation,Toolstation,way,515090010,51.4510568,-2.56233,,,,Hilti Store Cardiff,Cardiff,41.16,25+ km lower direct store threat,https://www.openstreetmap.org/way/515090010,OpenStreetMap via Overpass API exact brand/name selectors,2026-04-23
Toolstation,Toolstation,Toolstation,way,907119053,51.1355243,-0.0375732,RH19 1XZ,East Grinstead,Hills Road,Hilti Store Southwark,London,41.25,25+ km lower direct store threat,https://www.openstreetmap.org/way/907119053,OpenStreetMap via Overpass API exact brand/name selectors,2026-04-23
Toolstation,Toolstation,Toolstation,node,5327324667,52.8249496,-1.6216967,,,,Hilti Store Birmingham,Birmingham,41.36,25+ km lower direct store threat,https://www.openstreetmap.org/node/5327324667,OpenStreetMap via Overpass API exact brand/name selectors,2026-04-23
Toolstation,Toolstation,Toolstation,way,70978526,51.5442992,-2.5637356,BS32 4QA,Bristol,Ash Ridge Road,Hilti Store Cardiff,Cardiff,41.66,25+ km lower direct store threat,https://www.openstreetmap.org/way/70978526,OpenStreetMap via Overpass API exact brand/name selectors,2026-04-23
Toolstation,Toolstation,Toolstation,node,13113179480,51.1312388,-0.1684169,,,,Hilti Store Southwark,London,41.74,25+ km lower direct store threat,https://www.openstreetmap.org/node/13113179480,OpenStreetMap via Overpass API exact brand/name selectors,2026-04-23
Toolstation,Toolstation,Toolstation,node,9431571622,51.520547,-0.7112569,,,Reform Road,Hilti Store Southwark,London,42.22,25+ km lower direct store threat,https://www.openstreetmap.org/node/9431571622,OpenStreetMap via Overpass API exact brand/name selectors,2026-04-23
Toolstation,Toolstation,Toolstation,way,1036816770,53.6994782,-1.7714345,HD6 1PT,Brighouse,Armytage Road,Hilti Store Manchester,Manchester,42.38,25+ km lower direct store threat,https://www.openstreetmap.org/way/1036816770,OpenStreetMap via Overpass API exact brand/name selectors,2026-04-23
Toolstation,Toolstation,Toolstation,node,10605986655,53.103835,-2.0272746,,,,Hilti Store Manchester,Manchester,43.81,25+ km lower direct store threat,https://www.openstreetmap.org/node/10605986655,OpenStreetMap via Overpass API exact brand/name selectors,2026-04-23
Toolstation,Toolstation,Toolstation,node,12260542830,51.2459635,-0.5788586,GU1 1EH,Guildford,Woodbridge Road,Hilti Store Southwark,London,43.84,25+ km lower direct store threat,https://www.openstreetmap.org/node/12260542830,OpenStreetMap via Overpass API exact brand/name selectors,2026-04-23
Toolstation,Toolstation,Toolstation,way,1147753781,51.6183642,-0.7147758,HP13 7EQ,High Wycombe,Tannery Road,Hilti Store Southwark,London,44.24,25+ km lower direct store threat,https://www.openstreetmap.org/way/1147753781,OpenStreetMap via Overpass API exact brand/name selectors,2026-04-23
Toolstation,Toolstation,Toolstation,node,6866197622,51.3966242,0.5172347,,,,Hilti Store Southwark,London,44.53,25+ km lower direct store threat,https://www.openstreetmap.org/node/6866197622,OpenStreetMap via Overpass API exact brand/name selectors,2026-04-23
Toolstation,Toolstation,Toolstation,node,9122306426,51.4439127,-2.4989523,,,,Hilti Store Cardiff,Cardiff,45.6,25+ km lower direct store threat,https://www.openstreetmap.org/node/9122306426,OpenStreetMap via Overpass API exact brand/name selectors,2026-04-23
Toolstation,Toolstation,Toolstation,node,9321167112,53.0772381,-2.5149944,CW5 6RT,Nantwich,Beam Heath Way,Hilti Store Manchester,Manchester,46.11,25+ km lower direct store threat,https://www.openstreetmap.org/node/9321167112,OpenStreetMap via Overpass API exact brand/name selectors,2026-04-23
Toolstation,Toolstation,Toolstation,node,8680544901,53.0527489,-2.2103007,,,,Hilti Store Manchester,Manchester,46.36,25+ km lower direct store threat,https://www.openstreetmap.org/node/8680544901,OpenStreetMap via Overpass API exact brand/name selectors,2026-04-23
Toolstation,Toolstation,Toolstation,node,5448948891,55.4802877,-4.6056308,KA8 9FH,Ayr,Wallacetown Drive,Hilti Store Glasgow,Glasgow,46.38,25+ km lower direct store threat,https://www.openstreetmap.org/node/5448948891,OpenStreetMap via Overpass API exact brand/name selectors,2026-04-23
Toolstation,Toolstation,Toolstation,node,5596857691,51.4158922,-0.76205,,,,Hilti Store Southwark,London,46.79,25+ km lower direct store threat,https://www.openstreetmap.org/node/5596857691,OpenStreetMap via Overpass API exact brand/name selectors,2026-04-23
Toolstation,Toolstation,Toolstation,node,11023055171,53.0460029,-2.2442664,,,,Hilti Store Manchester,Manchester,46.93,25+ km lower direct store threat,https://www.openstreetmap.org/node/11023055171,OpenStreetMap via Overpass API exact brand/name selectors,2026-04-23
Toolstation,Toolstation,Toolstation,node,10741290173,51.3018111,0.4926337,,,,Hilti Store Southwark,London,46.98,25+ km lower direct store threat,https://www.openstreetmap.org/node/10741290173,OpenStreetMap via Overpass API exact brand/name selectors,2026-04-23
Toolstation,Toolstation,Toolstation,way,705060141,52.4625501,-1.1976762,,,,Hilti Store Birmingham,Birmingham,46.98,25+ km lower direct store threat,https://www.openstreetmap.org/way/705060141,OpenStreetMap via Overpass API exact brand/name selectors,2026-04-23
Toolstation,Toolstation,Toolstation,way,480054714,51.1541989,0.2879735,,,Longfield Road,Hilti Store Southwark,London,47.42,25+ km lower direct store threat,https://www.openstreetmap.org/way/480054714,OpenStreetMap via Overpass API exact brand/name selectors,2026-04-23
Toolstation,Toolstation,Toolstation,node,7985428820,51.5034526,-2.4709786,,,,Hilti Store Cardiff,Cardiff,47.48,25+ km lower direct store threat,https://www.openstreetmap.org/node/7985428820,OpenStreetMap via Overpass API exact brand/name selectors,2026-04-23
Toolstation,Toolstation,Toolstation,node,12589988619,51.5705149,0.6437481,,,,Hilti Store Edmonton,London,47.96,25+ km lower direct store threat,https://www.openstreetmap.org/node/12589988619,OpenStreetMap via Overpass API exact brand/name selectors,2026-04-23
Toolstation,Toolstation,Toolstation,way,329092568,51.6212952,-0.7718685,HP12 3FF,High Wycombe,Wycombe Trade Park,Hilti Store Southwark,London,48.12,25+ km lower direct store threat,https://www.openstreetmap.org/way/329092568,OpenStreetMap via Overpass API exact brand/name selectors,2026-04-23
Toolstation,Toolstation,Toolstation,node,4587771560,52.1308524,-2.3011262,WR14 1PZ,Malvern,Roman Way,Hilti Store Birmingham,Birmingham,48.79,25+ km lower direct store threat,https://www.openstreetmap.org/node/4587771560,OpenStreetMap via Overpass API exact brand/name selectors,2026-04-23
Toolstation,Toolstation,Toolstation,way,532907209,51.0283209,-3.0811372,TA2 8RX,Taunton,Crown Close,Hilti Store Cardiff,Cardiff,49.91,25+ km lower direct store threat,https://www.openstreetmap.org/way/532907209,OpenStreetMap via Overpass API exact brand/name selectors,2026-04-23
Toolstation,Toolstation,Toolstation,way,1309462901,53.0204632,-2.2061146,ST4 6JQ,,Etruria Way,Hilti Store Manchester,Manchester,49.96,25+ km lower direct store threat,https://www.openstreetmap.org/way/1309462901,OpenStreetMap via Overpass API exact brand/name selectors,2026-04-23
Toolstation,Toolstation,Toolstation,node,11819291362,51.3313247,-0.7711962,,,,Hilti Store Southwark,London,50.25,25+ km lower direct store threat,https://www.openstreetmap.org/node/11819291362,OpenStreetMap via Overpass API exact brand/name selectors,2026-04-23
Toolstation,Toolstation,Toolstation,node,8025686964,53.0118936,-2.1656729,,,"Berryhill Trading Estate, Victoria Rd, Fenton, Stoke-on-Trent ST4 2NG",Hilti Store Manchester,Manchester,51.24,25+ km lower direct store threat,https://www.openstreetmap.org/node/8025686964,OpenStreetMap via Overpass API exact brand/name selectors,2026-04-23
Toolstation,Toolstation,Toolstation,way,553864078,51.2879615,-0.7656581,GU14 7QU,Farnborough,Invincible Road,Hilti Store Southwark,London,51.96,25+ km lower direct store threat,https://www.openstreetmap.org/way/553864078,OpenStreetMap via Overpass API exact brand/name selectors,2026-04-23
Toolstation,Toolstation,Toolstation,way,408940083,52.6164816,-1.1345916,,,,Hilti Store Birmingham,Birmingham,52.95,25+ km lower direct store threat,https://www.openstreetmap.org/way/408940083,OpenStreetMap via Overpass API exact brand/name selectors,2026-04-23
Toolstation,Toolstation,Toolstation,node,13204458662,52.8954367,-1.4745057,DE24 8EB,Derby,Peak Drive,Hilti Store Birmingham,Birmingham,53.02,25+ km lower direct store threat,https://www.openstreetmap.org/node/13204458662,OpenStreetMap via Overpass API exact brand/name selectors,2026-04-23
Toolstation,Toolstation,Toolstation,node,4551239591,51.3834719,-2.3971031,,,Maltings Industrial Estate,Hilti Store Cardiff,Cardiff,53.53,25+ km lower direct store threat,https://www.openstreetmap.org/node/4551239591,OpenStreetMap via Overpass API exact brand/name selectors,2026-04-23
Toolstation,Toolstation,Toolstation,node,9164243447,52.9663146,-2.6608489,SY13 1GR,Whitchurch,"Mullbry Business Park, Shakespeare Way",Hilti Store Liverpool,Liverpool,53.54,25+ km lower direct store threat,https://www.openstreetmap.org/node/9164243447,OpenStreetMap via Overpass API exact brand/name selectors,2026-04-23
Toolstation,Toolstation,Toolstation,way,1465128740,53.500216,-1.4724344,S74 0SB,Barnsley,,Hilti Store Manchester,Manchester,53.61,25+ km lower direct store threat,https://www.openstreetmap.org/way/1465128740,OpenStreetMap via Overpass API exact brand/name selectors,2026-04-23
Toolstation,Toolstation,Toolstation,node,13528475259,53.3956804,-1.4751533,S3 9QY,Sheffield,Welland Close,Hilti Store Manchester,Manchester,53.97,25+ km lower direct store threat,https://www.openstreetmap.org/node/13528475259,OpenStreetMap via Overpass API exact brand/name selectors,2026-04-23
Toolstation,Toolstation,Toolstation,way,1137088317,51.2410263,0.5598453,,,,Hilti Store Southwark,London,54.46,25+ km lower direct store threat,https://www.openstreetmap.org/way/1137088317,OpenStreetMap via Overpass API exact brand/name selectors,2026-04-23
Toolstation,Toolstation,Toolstation,node,11379176380,52.9205453,-1.499763,DE1 1NA,Derby,,Hilti Store Birmingham,Birmingham,54.57,25+ km lower direct store threat,https://www.openstreetmap.org/node/11379176380,OpenStreetMap via Overpass API exact brand/name selectors,2026-04-23
Toolstation,Toolstation,Toolstation,node,12296327577,56.4197841,-3.4731576,PH1 3TT,Perth,Ruthvenfield Road,Hilti Store Edinburgh,Edinburgh,54.78,25+ km lower direct store threat,https://www.openstreetmap.org/node/12296327577,OpenStreetMap via Overpass API exact brand/name selectors,2026-04-23
Toolstation,Toolstation,Toolstation,way,444118810,53.8053415,-1.6751569,LS28 6AT,Pudsey,,Hilti Store Manchester,Manchester,54.82,25+ km lower direct store threat,https://www.openstreetmap.org/way/444118810,OpenStreetMap via Overpass API exact brand/name selectors,2026-04-23
Toolstation,Toolstation,Toolstation,way,1134160599,53.3398831,-1.4807794,,,,Hilti Store Manchester,Manchester,54.9,25+ km lower direct store threat,https://www.openstreetmap.org/way/1134160599,OpenStreetMap via Overpass API exact brand/name selectors,2026-04-23
Toolstation,Toolstation,Toolstation,node,7379606286,51.4541696,-0.8931429,,,,Hilti Store Southwark,London,55.09,25+ km lower direct store threat,https://www.openstreetmap.org/node/7379606286,OpenStreetMap via Overpass API exact brand/name selectors,2026-04-23
Toolstation,Toolstation,Toolstation,way,61722843,52.9132181,-1.4637302,DE1 2SX,Derby,London Road,Hilti Store Birmingham,Birmingham,55.09,25+ km lower direct store threat,https://www.openstreetmap.org/way/61722843,OpenStreetMap via Overpass API exact brand/name selectors,2026-04-23
Toolstation,Toolstation,Toolstation,way,1119268955,50.9803626,-3.2070794,TA21 9AD,Wellington,Westpark,Hilti Store Cardiff,Cardiff,55.1,25+ km lower direct store threat,https://www.openstreetmap.org/way/1119268955,OpenStreetMap via Overpass API exact brand/name selectors,2026-04-23
Toolstation,Toolstation,Toolstation,node,10601326593,53.9136192,-3.0215681,FY7 6PR,Fleetwood,Denham Way,Hilti Store Liverpool,Liverpool,55.89,25+ km lower direct store threat,https://www.openstreetmap.org/node/10601326593,OpenStreetMap via Overpass API exact brand/name selectors,2026-04-23
Toolstation,Toolstation,Toolstation,node,9403357384,51.2240363,-0.7729013,,,,Hilti Store Southwark,London,56.06,25+ km lower direct store threat,https://www.openstreetmap.org/node/9403357384,OpenStreetMap via Overpass API exact brand/name selectors,2026-04-23
Toolstation,Toolstation,Toolstation,way,1313924464,52.3650266,-2.695497,SY8 1XF,Ludlow,Orleton Road,Hilti Store Birmingham,Birmingham,56.38,25+ km lower direct store threat,https://www.openstreetmap.org/way/1313924464,OpenStreetMap via Overpass API exact brand/name selectors,2026-04-23
Toolstation,Toolstation,Toolstation,node,12396856536,53.5391989,-1.4303203,,,,Hilti Store Manchester,Manchester,56.81,25+ km lower direct store threat,https://www.openstreetmap.org/node/12396856536,OpenStreetMap via Overpass API exact brand/name selectors,2026-04-23
Toolstation,Toolstation,Toolstation,way,205810396,53.774338,-1.580449,LS11 0EY,Leeds,Elland Way,Hilti Store Manchester,Manchester,57.42,25+ km lower direct store threat,https://www.openstreetmap.org/way/205810396,OpenStreetMap via Overpass API exact brand/name selectors,2026-04-23
Toolstation,Toolstation,Toolstation,way,106555024,53.4036706,-1.4178023,,,,Hilti Store Manchester,Manchester,57.6,25+ km lower direct store threat,https://www.openstreetmap.org/way/106555024,OpenStreetMap via Overpass API exact brand/name selectors,2026-04-23
Toolstation,Toolstation,Toolstation,way,824955740,52.9440647,-1.4658441,DE21 4BN,Derby,,Hilti Store Birmingham,Birmingham,57.97,25+ km lower direct store threat,https://www.openstreetmap.org/way/824955740,OpenStreetMap via Overpass API exact brand/name selectors,2026-04-23
Toolstation,Toolstation,Toolstation,way,753323069,51.6357716,-3.9708937,SA5 8JF,Swansea,Carmarthen Road,Hilti Store Cardiff,Cardiff,59.17,25+ km lower direct store threat,https://www.openstreetmap.org/way/753323069,OpenStreetMap via Overpass API exact brand/name selectors,2026-04-23
Toolstation,Toolstation,Toolstation,node,11939590787,51.8350876,-2.5104278,,,Broadmoor Road,Hilti Store Cardiff,Cardiff,59.86,25+ km lower direct store threat,https://www.openstreetmap.org/node/11939590787,OpenStreetMap via Overpass API exact brand/name selectors,2026-04-23
Toolstation,Toolstation,Toolstation,node,9382533214,52.0683424,-1.3371473,OX16 2RL,Banbury,Marley Way,Hilti Store Birmingham,Birmingham,60.14,25+ km lower direct store threat,https://www.openstreetmap.org/node/9382533214,OpenStreetMap via Overpass API exact brand/name selectors,2026-04-23
Toolstation,Toolstation,Toolstation,node,6296208502,51.4385406,-0.9723205,RG2 0AH,Reading,Cradock Road,Hilti Store Southwark,London,60.74,25+ km lower direct store threat,https://www.openstreetmap.org/node/6296208502,OpenStreetMap via Overpass API exact brand/name selectors,2026-04-23
Toolstation,Toolstation,Toolstation,way,274789596,50.9686204,0.0919528,TN22 1QL,,Bell Lane,Hilti Store Southwark,London,61.07,25+ km lower direct store threat,https://www.openstreetmap.org/way/274789596,OpenStreetMap via Overpass API exact brand/name selectors,2026-04-23
Toolstation,Toolstation,Toolstation,way,1025537341,52.8883286,-1.2647182,NG10 1GA,Nottingham,Forbes Park Close,Hilti Store Birmingham,Birmingham,61.1,25+ km lower direct store threat,https://www.openstreetmap.org/way/1025537341,OpenStreetMap via Overpass API exact brand/name selectors,2026-04-23
Toolstation,Toolstation,Toolstation,way,505615834,50.954585,-0.1535659,RH15 9AD,Burgess Hill,York Road,Hilti Store Southwark,London,61.23,25+ km lower direct store threat,https://www.openstreetmap.org/way/505615834,OpenStreetMap via Overpass API exact brand/name selectors,2026-04-23
Toolstation,Toolstation,Toolstation,node,12100828134,53.2553183,-1.4282441,,,,Hilti Store Manchester,Manchester,61.29,25+ km lower direct store threat,https://www.openstreetmap.org/node/12100828134,OpenStreetMap via Overpass API exact brand/name selectors,2026-04-23
Toolstation,Toolstation,Toolstation,way,228817506,53.4469884,-1.3513047,,,,Hilti Store Manchester,Manchester,61.58,25+ km lower direct store threat,https://www.openstreetmap.org/way/228817506,OpenStreetMap via Overpass API exact brand/name selectors,2026-04-23
Toolstation,Toolstation,Toolstation,way,195438436,53.7883734,-1.508346,LS9 0RJ,Leeds,Newmarket Green,Hilti Store Manchester,Manchester,62.19,25+ km lower direct store threat,https://www.openstreetmap.org/way/195438436,OpenStreetMap via Overpass API exact brand/name selectors,2026-04-23
Toolstation,Toolstation,Toolstation,way,563078587,53.8098052,-1.529863,LS7 3AJ,Leeds,Roundhay Road,Hilti Store Manchester,Manchester,62.44,25+ km lower direct store threat,https://www.openstreetmap.org/way/563078587,OpenStreetMap via Overpass API exact brand/name selectors,2026-04-23
Toolstation,Toolstation,Toolstation,node,12985730181,51.0900884,-0.7165607,GU27 1DW,Haslemere,,Hilti Store Southwark,London,62.84,25+ km lower direct store threat,https://www.openstreetmap.org/node/12985730181,OpenStreetMap via Overpass API exact brand/name selectors,2026-04-23
Toolstation,Toolstation,Toolstation,node,13011383716,55.4355992,-2.7627102,TD9 8RJ,Hawick,Hawick Trade Park,Hilti Store Edinburgh,Edinburgh,63.27,25+ km lower direct store threat,https://www.openstreetmap.org/node/13011383716,OpenStreetMap via Overpass API exact brand/name selectors,2026-04-23
Toolstation,Toolstation,Toolstation,node,8498244518,51.9161992,-2.5729259,,,,Hilti Store Cardiff,Cardiff,63.4,25+ km lower direct store threat,https://www.openstreetmap.org/node/8498244518,OpenStreetMap via Overpass API exact brand/name selectors,2026-04-23
Toolstation,Toolstation,Toolstation,node,7366496254,51.4640382,-1.0158599,,,,Hilti Store Southwark,London,63.46,25+ km lower direct store threat,https://www.openstreetmap.org/node/7366496254,OpenStreetMap via Overpass API exact brand/name selectors,2026-04-23
Toolstation,Toolstation,Toolstation,way,420532585,53.0163692,-1.4843781,,,,Hilti Store Birmingham,Birmingham,64.53,25+ km lower direct store threat,https://www.openstreetmap.org/way/420532585,OpenStreetMap via Overpass API exact brand/name selectors,2026-04-23
Toolstation,Toolstation,Toolstation,node,7055261465,52.0077946,-0.7362119,,,,Hilti Store Edmonton,London,64.61,25+ km lower direct store threat,https://www.openstreetmap.org/node/7055261465,OpenStreetMap via Overpass API exact brand/name selectors,2026-04-23
Toolstation,Toolstation,Toolstation,node,9236067880,51.916779,-2.0959081,GL51 9PB,Cheltenham,Kingsditch Lane,Hilti Store Birmingham,Birmingham,65.31,25+ km lower direct store threat,https://www.openstreetmap.org/node/9236067880,OpenStreetMap via Overpass API exact brand/name selectors,2026-04-23
Toolstation,Toolstation,Toolstation,node,1969962991,52.1918813,0.1387507,CB1 7EA,Cambridge,Clifton Road Industrial Estate,Hilti Store Edmonton,London,65.66,25+ km lower direct store threat,https://www.openstreetmap.org/node/1969962991,OpenStreetMap via Overpass API exact brand/name selectors,2026-04-23
Toolstation,Toolstation,Toolstation,way,863256131,53.7182768,-1.3782813,WF10 5NN,Castleford,Willowbridge Lane,Hilti Store Manchester,Manchester,65.77,25+ km lower direct store threat,https://www.openstreetmap.org/way/863256131,OpenStreetMap via Overpass API exact brand/name selectors,2026-04-23
Toolstation,Toolstation,Toolstation,way,579408172,52.9763515,-1.3209747,DE7 8EF,Ilkeston,Ashbourne Court,Hilti Store Birmingham,Birmingham,66.23,25+ km lower direct store threat,https://www.openstreetmap.org/way/579408172,OpenStreetMap via Overpass API exact brand/name selectors,2026-04-23
Toolstation,Toolstation,Toolstation,way,833505434,53.8288372,-1.4620008,,,,Hilti Store Manchester,Manchester,67.28,25+ km lower direct store threat,https://www.openstreetmap.org/way/833505434,OpenStreetMap via Overpass API exact brand/name selectors,2026-04-23
Toolstation,Toolstation,Toolstation,node,13747929452,51.8774864,0.8452055,,,,Hilti Store Edmonton,London,68.13,25+ km lower direct store threat,https://www.openstreetmap.org/node/13747929452,OpenStreetMap via Overpass API exact brand/name selectors,2026-04-23
Toolstation,Toolstation,Toolstation,way,895663199,50.9355972,-2.662642,,,,Hilti Store Cardiff,Cardiff,69.08,25+ km lower direct store threat,https://www.openstreetmap.org/way/895663199,OpenStreetMap via Overpass API exact brand/name selectors,2026-04-23
Toolstation,Toolstation,Toolstation,way,731857089,53.6941554,-1.2992611,WF8 2LN,Pontefract,South Baileygate,Hilti Store Manchester,Manchester,69.52,25+ km lower direct store threat,https://www.openstreetmap.org/way/731857089,OpenStreetMap via Overpass API exact brand/name selectors,2026-04-23
Toolstation,Toolstation,Toolstation,way,265438478,51.4647642,-2.1478865,SN14 6NQ,,Vincients Road,Hilti Store Cardiff,Cardiff,69.78,25+ km lower direct store threat,https://www.openstreetmap.org/way/265438478,OpenStreetMap via Overpass API exact brand/name selectors,2026-04-23
Toolstation,Toolstation,Toolstation,way,37079660,52.9374448,-1.1617879,NG2 1LT,Nottingham,Gateside Road,Hilti Store Birmingham,Birmingham,69.83,25+ km lower direct store threat,https://www.openstreetmap.org/way/37079660,OpenStreetMap via Overpass API exact brand/name selectors,2026-04-23
Toolstation,Toolstation,Toolstation,node,3787820582,52.2327187,0.1364439,CB4 2PF,Cambridge,Kings Court,Hilti Store Edmonton,London,70.09,25+ km lower direct store threat,https://www.openstreetmap.org/node/3787820582,OpenStreetMap via Overpass API exact brand/name selectors,2026-04-23
Toolstation,Toolstation,Toolstation,way,79373238,52.9277066,-1.1382684,NG2 7JE,Nottingham,Loughborough Road,Hilti Store Birmingham,Birmingham,70.2,25+ km lower direct store threat,https://www.openstreetmap.org/way/79373238,OpenStreetMap via Overpass API exact brand/name selectors,2026-04-23
Toolstation,Toolstation,Toolstation,way,298165367,52.0508676,-0.7981338,MK12 6HS,,Erica Road,Hilti Store Edmonton,London,70.98,25+ km lower direct store threat,https://www.openstreetmap.org/way/298165367,OpenStreetMap via Overpass API exact brand/name selectors,2026-04-23
Toolstation,Toolstation,Toolstation,node,9201926923,51.1530575,-0.9618835,GU34 2QG,Alton,Mill Lane,Hilti Store Southwark,London,71.39,25+ km lower direct store threat,https://www.openstreetmap.org/node/9201926923,OpenStreetMap via Overpass API exact brand/name selectors,2026-04-23
Toolstation,Toolstation,Toolstation,way,1140186742,52.0406154,-1.1376622,NN13 6RE,Brackley,Tungsten Trade Park,Hilti Store Birmingham,Birmingham,71.57,25+ km lower direct store threat,https://www.openstreetmap.org/way/1140186742,OpenStreetMap via Overpass API exact brand/name selectors,2026-04-23
Toolstation,Toolstation,Toolstation,way,1241795054,52.2356845,-0.913899,NN5 5JH,,St James Mill Road,Hilti Store Birmingham,Birmingham,72.07,25+ km lower direct store threat,https://www.openstreetmap.org/way/1241795054,OpenStreetMap via Overpass API exact brand/name selectors,2026-04-23
Toolstation,Toolstation,Toolstation,node,7869212474,54.0597728,-2.8390112,,Morecambe,Middlegate,Hilti Store Liverpool,Liverpool,72.49,25+ km lower direct store threat,https://www.openstreetmap.org/node/7869212474,OpenStreetMap via Overpass API exact brand/name selectors,2026-04-23
Toolstation,Toolstation,Toolstation,node,13342706951,56.5514441,-2.6129435,,,,Hilti Store Edinburgh,Edinburgh,72.67,25+ km lower direct store threat,https://www.openstreetmap.org/node/13342706951,OpenStreetMap via Overpass API exact brand/name selectors,2026-04-23
Toolstation,Toolstation,Toolstation,node,11352356830,51.8661885,-2.2097687,,,,Hilti Store Birmingham,Birmingham,72.76,25+ km lower direct store threat,https://www.openstreetmap.org/node/11352356830,OpenStreetMap via Overpass API exact brand/name selectors,2026-04-23
Toolstation,Toolstation,Toolstation,node,8112361854,52.0717584,-2.7213445,HR4 9BD,Hereford,Holmer Road,Hilti Store Cardiff,Cardiff,72.78,25+ km lower direct store threat,https://www.openstreetmap.org/node/8112361854,OpenStreetMap via Overpass API exact brand/name selectors,2026-04-23
Toolstation,Toolstation,Toolstation,way,685449882,52.0448669,0.7525429,,,,Hilti Store Edmonton,London,73.0,25+ km lower direct store threat,https://www.openstreetmap.org/way/685449882,OpenStreetMap via Overpass API exact brand/name selectors,2026-04-23
Toolstation,Toolstation,Toolstation,way,1080987159,53.529358,-1.1478819,,,,Hilti Store Manchester,Manchester,75.25,25+ km lower direct store threat,https://www.openstreetmap.org/way/1080987159,OpenStreetMap via Overpass API exact brand/name selectors,2026-04-23
Toolstation,Toolstation,Toolstation,way,620664403,50.8616989,0.2471911,,,Diplocks Way,Hilti Store Southwark,London,75.48,25+ km lower direct store threat,https://www.openstreetmap.org/way/620664403,OpenStreetMap via Overpass API exact brand/name selectors,2026-04-23
Toolstation,Toolstation,Toolstation,way,234077514,50.8222078,-0.1240817,BN2 0DF,Brighton,Stevenson Road,Hilti Store Southwark,London,75.86,25+ km lower direct store threat,https://www.openstreetmap.org/way/234077514,OpenStreetMap via Overpass API exact brand/name selectors,2026-04-23
Toolstation,Toolstation,Toolstation,node,9691991981,52.9675617,-1.0621548,,,,Hilti Store Birmingham,Birmingham,76.95,25+ km lower direct store threat,https://www.openstreetmap.org/node/9691991981,OpenStreetMap via Overpass API exact brand/name selectors,2026-04-23
Toolstation,Toolstation,Toolstation,way,981319219,50.8296471,-0.3641702,BN14 8NQ,Worthing,,Hilti Store Southwark,London,77.22,25+ km lower direct store threat,https://www.openstreetmap.org/way/981319219,OpenStreetMap via Overpass API exact brand/name selectors,2026-04-23
Toolstation,Toolstation,Toolstation,node,11878552189,52.4048401,-0.7432653,,Kettering,Vista Park,Hilti Store Birmingham,Birmingham,78.29,25+ km lower direct store threat,https://www.openstreetmap.org/node/11878552189,OpenStreetMap via Overpass API exact brand/name selectors,2026-04-23
Toolstation,Toolstation,Toolstation,node,10263449924,51.0354327,-2.2715803,,,,Hilti Store Cardiff,Cardiff,78.54,25+ km lower direct store threat,https://www.openstreetmap.org/node/10263449924,OpenStreetMap via Overpass API exact brand/name selectors,2026-04-23
Toolstation,Toolstation,Toolstation,way,362622055,53.2191334,-4.1064146,LL57 4YH,Bangor,,Hilti Store Liverpool,Liverpool,78.82,25+ km lower direct store threat,https://www.openstreetmap.org/way/362622055,OpenStreetMap via Overpass API exact brand/name selectors,2026-04-23
Toolstation,Toolstation,Toolstation,node,12646595762,50.798194,0.0558736,,,,Hilti Store Southwark,London,79.28,25+ km lower direct store threat,https://www.openstreetmap.org/node/12646595762,OpenStreetMap via Overpass API exact brand/name selectors,2026-04-23
Toolstation,Toolstation,Toolstation,node,12969276127,51.7381274,-1.195693,OX4 2RD,Oxford,Peterley Road,Hilti Store Southwark,London,79.87,25+ km lower direct store threat,https://www.openstreetmap.org/node/12969276127,OpenStreetMap via Overpass API exact brand/name selectors,2026-04-23
Toolstation,Toolstation,Toolstation,node,5614908820,54.1204197,-3.2418215,,,,Hilti Store Liverpool,Liverpool,80.84,25+ km lower direct store threat,https://www.openstreetmap.org/node/5614908820,OpenStreetMap via Overpass API exact brand/name selectors,2026-04-23
Toolstation,Toolstation,Toolstation,way,487521212,51.1290149,0.8991666,,,,Hilti Store Southwark,London,81.12,25+ km lower direct store threat,https://www.openstreetmap.org/way/487521212,OpenStreetMap via Overpass API exact brand/name selectors,2026-04-23
Toolstation,Toolstation,Toolstation,way,327685710,52.3450806,-0.1848359,,Huntingdon,Clifton Road,Hilti Store Edmonton,London,81.99,25+ km lower direct store threat,https://www.openstreetmap.org/way/327685710,OpenStreetMap via Overpass API exact brand/name selectors,2026-04-23
Toolstation,Toolstation,Toolstation,node,8743485605,52.5044918,-0.6785694,,,,Hilti Store Birmingham,Birmingham,82.01,25+ km lower direct store threat,https://www.openstreetmap.org/node/8743485605,OpenStreetMap via Overpass API exact brand/name selectors,2026-04-23
Toolstation,Toolstation,Toolstation,way,260420204,51.3639966,-1.9745743,,Devizes,Hopton Road,Hilti Store Cardiff,Cardiff,82.79,25+ km lower direct store threat,https://www.openstreetmap.org/way/260420204,OpenStreetMap via Overpass API exact brand/name selectors,2026-04-23
Toolstation,Toolstation,Toolstation,node,6949764469,51.776507,-1.4898083,OX28 4XZ,Witney,Avenue One,Hilti Store Birmingham,Birmingham,83.95,25+ km lower direct store threat,https://www.openstreetmap.org/node/6949764469,OpenStreetMap via Overpass API exact brand/name selectors,2026-04-23
Toolstation,Toolstation,Toolstation,way,28375249,50.8694656,0.552636,TN38 9AZ,St Leonards-on-sea,Theaklen Drive,Hilti Store Southwark,London,84.04,25+ km lower direct store threat,https://www.openstreetmap.org/way/28375249,OpenStreetMap via Overpass API exact brand/name selectors,2026-04-23
Toolstation,Toolstation,Toolstation,way,487007163,50.7909738,0.2997647,,,Hawthorn Road,Hilti Store Southwark,London,84.12,25+ km lower direct store threat,https://www.openstreetmap.org/way/487007163,OpenStreetMap via Overpass API exact brand/name selectors,2026-04-23
Toolstation,Toolstation,Toolstation,node,6296272130,51.399262,-1.305733,,,,Hilti Store Southwark,London,84.24,25+ km lower direct store threat,https://www.openstreetmap.org/node/6296272130,OpenStreetMap via Overpass API exact brand/name selectors,2026-04-23
Toolstation,Toolstation,Toolstation,way,1276170030,51.7911115,1.1468457,,,,Hilti Store Edmonton,London,84.64,25+ km lower direct store threat,https://www.openstreetmap.org/way/1276170030,OpenStreetMap via Overpass API exact brand/name selectors,2026-04-23
Toolstation,Toolstation,Toolstation,node,11420194963,51.2733189,1.0685108,CT1 3RH,Canterbury,Simmonds Road,Hilti Store Southwark,London,85.17,25+ km lower direct store threat,https://www.openstreetmap.org/node/11420194963,OpenStreetMap via Overpass API exact brand/name selectors,2026-04-23
Toolstation,Toolstation,Toolstation,node,5059947062,51.6733014,-1.307223,,,,Hilti Store Southwark,London,85.37,25+ km lower direct store threat,https://www.openstreetmap.org/node/5059947062,OpenStreetMap via Overpass API exact brand/name selectors,2026-04-23
Toolstation,Toolstation,Toolstation,node,3554867381,51.752285,-1.284828,OX2 0PB,Oxford,Botley Road,Hilti Store Southwark,London,86.19,25+ km lower direct store threat,https://www.openstreetmap.org/node/3554867381,OpenStreetMap via Overpass API exact brand/name selectors,2026-04-23
Toolstation,Toolstation,Toolstation,node,10955932167,51.7061698,-1.963457,GL7 1YG,Cirencester,Love Lane,Hilti Store Cardiff,Cardiff,86.25,25+ km lower direct store threat,https://www.openstreetmap.org/node/10955932167,OpenStreetMap via Overpass API exact brand/name selectors,2026-04-23
Toolstation,Toolstation,Toolstation,node,12065036092,50.7233282,-3.4652507,,Exeter,Sanderling Court,Hilti Store Cardiff,Cardiff,86.32,25+ km lower direct store threat,https://www.openstreetmap.org/node/12065036092,OpenStreetMap via Overpass API exact brand/name selectors,2026-04-23
Toolstation,Toolstation,Toolstation,way,835811309,53.7670928,-1.0647266,,,,Hilti Store Manchester,Manchester,86.85,25+ km lower direct store threat,https://www.openstreetmap.org/way/835811309,OpenStreetMap via Overpass API exact brand/name selectors,2026-04-23
Toolstation,Toolstation,Toolstation,node,11871952452,51.3620612,1.1471904,,,,Hilti Store Edmonton,London,87.26,25+ km lower direct store threat,https://www.openstreetmap.org/node/11871952452,OpenStreetMap via Overpass API exact brand/name selectors,2026-04-23
Toolstation,Toolstation,Toolstation,node,11897392436,52.2523699,-3.3761485,,,,Hilti Store Cardiff,Cardiff,87.79,25+ km lower direct store threat,https://www.openstreetmap.org/node/11897392436,OpenStreetMap via Overpass API exact brand/name selectors,2026-04-23
Toolstation,Toolstation,Toolstation,node,5105538953,50.7957705,-0.6710021,PO22 9RJ,Bognor Regis,Durban Park,Hilti Store Southwark,London,88.22,25+ km lower direct store threat,https://www.openstreetmap.org/node/5105538953,OpenStreetMap via Overpass API exact brand/name selectors,2026-04-23
Toolstation,Toolstation,Toolstation,way,319692909,52.2402481,0.7423872,,Bury St Edmunds,Greyfriars Road,Hilti Store Edmonton,London,88.32,25+ km lower direct store threat,https://www.openstreetmap.org/way/319692909,OpenStreetMap via Overpass API exact brand/name selectors,2026-04-23
Toolstation,Toolstation,Toolstation,node,8457228930,54.1300526,-1.5091947,,,,Hilti Store Manchester,Manchester,89.42,25+ km lower direct store threat,https://www.openstreetmap.org/node/8457228930,OpenStreetMap via Overpass API exact brand/name selectors,2026-04-23
Toolstation,Toolstation,Toolstation,node,10852989441,50.703733,-3.5280181,EX2 8QQ,Exeter,Alphinbrook Road,Hilti Store Cardiff,Cardiff,89.6,25+ km lower direct store threat,https://www.openstreetmap.org/node/10852989441,OpenStreetMap via Overpass API exact brand/name selectors,2026-04-23
Toolstation,Toolstation,Toolstation,node,12967244105,51.8505403,-4.3076298,SA31 2BG,Carmarthen,Stephens Way,Hilti Store Cardiff,Cardiff,89.8,25+ km lower direct store threat,https://www.openstreetmap.org/node/12967244105,OpenStreetMap via Overpass API exact brand/name selectors,2026-04-23
Toolstation,Toolstation,Toolstation,way,1341780126,53.2507574,-4.3079166,LL77 7AR,Llangefni,Industrial Estate Road,Hilti Store Liverpool,Liverpool,90.99,25+ km lower direct store threat,https://www.openstreetmap.org/way/1341780126,OpenStreetMap via Overpass API exact brand/name selectors,2026-04-23
Toolstation,Toolstation,Toolstation,node,4975629530,51.5766342,-1.8072791,,,,Hilti Store Cardiff,Cardiff,93.93,25+ km lower direct store threat,https://www.openstreetmap.org/node/4975629530,OpenStreetMap via Overpass API exact brand/name selectors,2026-04-23
Toolstation,Toolstation,Toolstation,node,12021419217,56.7261624,-2.4640936,,,,Hilti Store Edinburgh,Edinburgh,94.12,25+ km lower direct store threat,https://www.openstreetmap.org/node/12021419217,OpenStreetMap via Overpass API exact brand/name selectors,2026-04-23
Toolstation,Toolstation,Toolstation,node,8734052062,50.6332765,-3.3757424,EX8 2NU,Exmouth,,Hilti Store Cardiff,Cardiff,94.83,25+ km lower direct store threat,https://www.openstreetmap.org/node/8734052062,OpenStreetMap via Overpass API exact brand/name selectors,2026-04-23
Toolstation,Toolstation,Toolstation,node,8241974951,53.7050605,-0.8958251,,,,Hilti Store Manchester,Manchester,95.15,25+ km lower direct store threat,https://www.openstreetmap.org/node/8241974951,OpenStreetMap via Overpass API exact brand/name selectors,2026-04-23
Toolstation,Toolstation,Toolstation,node,5242957386,52.0519493,1.1471023,IP1 1UZ,Ipswich,Commercial Road,Hilti Store Edmonton,London,95.5,25+ km lower direct store threat,https://www.openstreetmap.org/node/5242957386,OpenStreetMap via Overpass API exact brand/name selectors,2026-04-23
Toolstation,Toolstation,Toolstation,way,349858074,52.0820919,1.1171418,IP1 5NX,Ipswich,White House Road,Hilti Store Edmonton,London,95.5,25+ km lower direct store threat,https://www.openstreetmap.org/way/349858074,OpenStreetMap via Overpass API exact brand/name selectors,2026-04-23
Toolstation,Toolstation,Toolstation,way,87976575,51.6522224,-1.583541,SN7 7BU,Faringdon,Pioneer Road,Hilti Store Birmingham,Birmingham,95.53,25+ km lower direct store threat,https://www.openstreetmap.org/way/87976575,OpenStreetMap via Overpass API exact brand/name selectors,2026-04-23
Toolstation,Toolstation,Toolstation,way,1103653805,52.9111217,-0.6522328,,,,Hilti Store Birmingham,Birmingham,95.61,25+ km lower direct store threat,https://www.openstreetmap.org/way/1103653805,OpenStreetMap via Overpass API exact brand/name selectors,2026-04-23
Toolstation,Toolstation,Toolstation,node,3928741986,50.8494975,-0.991436,,,,Hilti Store Southwark,London,95.64,25+ km lower direct store threat,https://www.openstreetmap.org/node/3928741986,OpenStreetMap via Overpass API exact brand/name selectors,2026-04-23
Toolstation,Toolstation,Toolstation,way,576478705,51.069458,-1.298221,SO23 7RX,Winchester,Moorside Road,Hilti Store Southwark,London,96.23,25+ km lower direct store threat,https://www.openstreetmap.org/way/576478705,OpenStreetMap via Overpass API exact brand/name selectors,2026-04-23
Toolstation,Toolstation,Toolstation,way,707008650,51.5748303,-1.768248,SN2 8EA,Swindon,Dunbeath Road,Hilti Store Cardiff,Cardiff,96.59,25+ km lower direct store threat,https://www.openstreetmap.org/way/707008650,OpenStreetMap via Overpass API exact brand/name selectors,2026-04-23
Toolstation,Toolstation,Toolstation,node,12384856766,53.9579306,-1.0657735,YO10 3DP,York,Alexandra Court,Hilti Store Manchester,Manchester,96.78,25+ km lower direct store threat,https://www.openstreetmap.org/node/12384856766,OpenStreetMap via Overpass API exact brand/name selectors,2026-04-23
Toolstation,Toolstation,Toolstation,node,9989516298,53.9901485,-1.0947054,YO30 4US,York,Audax Road,Hilti Store Manchester,Manchester,97.29,25+ km lower direct store threat,https://www.openstreetmap.org/node/9989516298,OpenStreetMap via Overpass API exact brand/name selectors,2026-04-23
Toolstation,Toolstation,Toolstation,node,8809843836,51.4212279,-1.5177056,RG17 0YT,Hungerford,Tealgate,Hilti Store Southwark,London,98.53,25+ km lower direct store threat,https://www.openstreetmap.org/node/8809843836,OpenStreetMap via Overpass API exact brand/name selectors,2026-04-23
Toolstation,Toolstation,Toolstation,way,187100252,51.0958531,1.1665399,CT19 5FF,Folkestone,Park Farm Retail Park,Hilti Store Southwark,London,99.18,25+ km lower direct store threat,https://www.openstreetmap.org/way/187100252,OpenStreetMap via Overpass API exact brand/name selectors,2026-04-23
Toolstation,Toolstation,Toolstation,node,12388412690,51.4149899,-1.7205622,SN8 4AL,Marlborough,Blenheim Road,Hilti Store Cardiff,Cardiff,99.65,25+ km lower direct store threat,https://www.openstreetmap.org/node/12388412690,OpenStreetMap via Overpass API exact brand/name selectors,2026-04-23
Toolstation,Toolstation,Toolstation,way,200666374,53.0916088,-0.7887783,NG24 2DZ,Newark,Brunel Drive,Hilti Store Birmingham,Birmingham,99.75,25+ km lower direct store threat,https://www.openstreetmap.org/way/200666374,OpenStreetMap via Overpass API exact brand/name selectors,2026-04-23
Toolstation,Toolstation,Toolstation,way,803474314,54.3351089,-2.7409242,LA9 6DE,Kendal,Mintsfeet Road,Hilti Store Manchester,Manchester,101.07,25+ km lower direct store threat,https://www.openstreetmap.org/way/803474314,OpenStreetMap via Overpass API exact brand/name selectors,2026-04-23
Toolstation,Toolstation,Toolstation,way,849119162,52.4071126,0.7314049,IP24 3HZ,Thetford,London Road,Hilti Store Edmonton,London,103.17,25+ km lower direct store threat,https://www.openstreetmap.org/way/849119162,OpenStreetMap via Overpass API exact brand/name selectors,2026-04-23
Toolstation,Toolstation,Toolstation,way,598656754,50.797999,-1.0627822,PO4 8SS,Portsmouth,Rodney Road,Hilti Store Southwark,London,103.25,25+ km lower direct store threat,https://www.openstreetmap.org/way/598656754,OpenStreetMap via Overpass API exact brand/name selectors,2026-04-23
Toolstation,Toolstation,Toolstation,node,9177484055,54.2187527,-1.3552545,,,,Hilti Store Manchester,Manchester,103.27,25+ km lower direct store threat,https://www.openstreetmap.org/node/9177484055,OpenStreetMap via Overpass API exact brand/name selectors,2026-04-23
Toolstation,Toolstation,Toolstation,way,424541581,51.3570714,1.3894389,CT12 5FP,Ramsgate,Ravensgate Drive,Hilti Store Edmonton,London,103.45,25+ km lower direct store threat,https://www.openstreetmap.org/way/424541581,OpenStreetMap via Overpass API exact brand/name selectors,2026-04-23
Toolstation,Toolstation,Toolstation,way,51876728,52.0626791,1.2790351,IP5 3RD,Ipswich,Gloster Road,Hilti Store Edmonton,London,103.95,25+ km lower direct store threat,https://www.openstreetmap.org/way/51876728,OpenStreetMap via Overpass API exact brand/name selectors,2026-04-23
Toolstation,Toolstation,Toolstation,way,531564356,52.5596088,0.0671621,,March,,Hilti Store Edmonton,London,105.59,25+ km lower direct store threat,https://www.openstreetmap.org/way/531564356,OpenStreetMap via Overpass API exact brand/name selectors,2026-04-23
Toolstation,Toolstation,Toolstation,node,5584834711,50.9245025,-1.3073778,,,,Hilti Store Southwark,London,105.87,25+ km lower direct store threat,https://www.openstreetmap.org/node/5584834711,OpenStreetMap via Overpass API exact brand/name selectors,2026-04-23
Toolstation,Toolstation,Toolstation,way,580857835,50.6150614,-2.4962878,,,,Hilti Store Cardiff,Cardiff,106.11,25+ km lower direct store threat,https://www.openstreetmap.org/way/580857835,OpenStreetMap via Overpass API exact brand/name selectors,2026-04-23
Toolstation,Toolstation,Toolstation,way,266157456,52.5716633,-0.2128822,,,,Hilti Store Edmonton,London,107.24,25+ km lower direct store threat,https://www.openstreetmap.org/way/266157456,OpenStreetMap via Overpass API exact brand/name selectors,2026-04-23
Toolstation,Toolstation,Toolstation,node,8111794221,50.5410293,-3.5974238,,,,Hilti Store Cardiff,Cardiff,108.34,25+ km lower direct store threat,https://www.openstreetmap.org/node/8111794221,OpenStreetMap via Overpass API exact brand/name selectors,2026-04-23
Toolstation,Toolstation,Toolstation,node,10049672092,53.603853,-0.6510859,,,,Hilti Store Manchester,Manchester,108.76,25+ km lower direct store threat,https://www.openstreetmap.org/node/10049672092,OpenStreetMap via Overpass API exact brand/name selectors,2026-04-23
Toolstation,Toolstation,Toolstation,way,1168151316,52.5907962,-0.2591233,PE1 2FG,Peterborough,Maskew Avenue,Hilti Store Edmonton,London,109.73,25+ km lower direct store threat,https://www.openstreetmap.org/way/1168151316,OpenStreetMap via Overpass API exact brand/name selectors,2026-04-23
Toolstation,Toolstation,Toolstation,way,1060448078,50.9167841,-1.3853001,SO18 1UB,Southampton,,Hilti Store Southwark,London,110.73,25+ km lower direct store threat,https://www.openstreetmap.org/way/1060448078,OpenStreetMap via Overpass API exact brand/name selectors,2026-04-23
Toolstation,Toolstation,Toolstation,way,1013694584,54.3499128,-1.4421189,DL6 2LZ,Northallerton,Radcliffe Court,Hilti Store Manchester,Manchester,112.45,25+ km lower direct store threat,https://www.openstreetmap.org/way/1013694584,OpenStreetMap via Overpass API exact brand/name selectors,2026-04-23
Toolstation,Toolstation,Toolstation,node,4481688489,50.4845797,-3.5479568,,,,Hilti Store Cardiff,Cardiff,113.49,25+ km lower direct store threat,https://www.openstreetmap.org/node/4481688489,OpenStreetMap via Overpass API exact brand/name selectors,2026-04-23
Toolstation,Toolstation,Toolstation,way,352890805,50.9159044,-1.4563612,SO15 0AD,Southampton,Third Avenue,Hilti Store Southwark,London,114.82,25+ km lower direct store threat,https://www.openstreetmap.org/way/352890805,OpenStreetMap via Overpass API exact brand/name selectors,2026-04-23
Toolstation,Toolstation,Toolstation,way,1113396791,54.9251295,-2.9486788,,,,Hilti Store Edinburgh,Edinburgh,116.22,25+ km lower direct store threat,https://www.openstreetmap.org/way/1113396791,OpenStreetMap via Overpass API exact brand/name selectors,2026-04-23
Toolstation,Toolstation,Toolstation,way,350862283,52.3718543,1.1215534,IP22 4HQ,Diss,Vinces Road,Hilti Store Edmonton,London,116.32,25+ km lower direct store threat,https://www.openstreetmap.org/way/350862283,OpenStreetMap via Overpass API exact brand/name selectors,2026-04-23
Toolstation,Toolstation,Toolstation,way,376511833,50.7431129,-1.9539393,,,,Hilti Store Cardiff,Cardiff,116.84,25+ km lower direct store threat,https://www.openstreetmap.org/way/376511833,OpenStreetMap via Overpass API exact brand/name selectors,2026-04-23
Toolstation,Toolstation,Toolstation,way,761766221,50.7566084,-1.9265542,,,,Hilti Store Cardiff,Cardiff,117.18,25+ km lower direct store threat,https://www.openstreetmap.org/way/761766221,OpenStreetMap via Overpass API exact brand/name selectors,2026-04-23
Toolstation,Toolstation,Toolstation,relation,16465441,50.8480991,-1.7880928,BH24 1JS,Ringwood,,Hilti Store Cardiff,Cardiff,118.08,25+ km lower direct store threat,https://www.openstreetmap.org/relation/16465441,OpenStreetMap via Overpass API exact brand/name selectors,2026-04-23
Toolstation,Toolstation,Toolstation,node,9344796717,52.4011784,-4.0433721,,,,Hilti Store Cardiff,Cardiff,119.66,25+ km lower direct store threat,https://www.openstreetmap.org/node/9344796717,OpenStreetMap via Overpass API exact brand/name selectors,2026-04-23
Toolstation,Toolstation,Toolstation,node,10790774905,54.1265714,-0.8212543,,,,Hilti Store Manchester,Manchester,120.66,25+ km lower direct store threat,https://www.openstreetmap.org/node/10790774905,OpenStreetMap via Overpass API exact brand/name selectors,2026-04-23
Toolstation,Toolstation,Toolstation,node,11215393973,50.7082378,-1.2947559,,,,Hilti Store Southwark,London,121.54,25+ km lower direct store threat,https://www.openstreetmap.org/node/11215393973,OpenStreetMap via Overpass API exact brand/name selectors,2026-04-23
Toolstation,Toolstation,Toolstation,node,9609581768,50.7552839,-1.8418397,,,Yeomans Way,Hilti Store Cardiff,Cardiff,121.67,25+ km lower direct store threat,https://www.openstreetmap.org/node/9609581768,OpenStreetMap via Overpass API exact brand/name selectors,2026-04-23
Toolstation,Toolstation,Toolstation,node,13017799168,53.7650018,-0.4528533,,,,Hilti Store Manchester,Manchester,125.02,25+ km lower direct store threat,https://www.openstreetmap.org/node/13017799168,OpenStreetMap via Overpass API exact brand/name selectors,2026-04-23
Toolstation,Toolstation,Toolstation,node,12369540376,50.6282316,-4.3730583,,,,Hilti Store Cardiff,Cardiff,126.91,25+ km lower direct store threat,https://www.openstreetmap.org/node/12369540376,OpenStreetMap via Overpass API exact brand/name selectors,2026-04-23
Toolstation,Toolstation,Toolstation,node,11375731959,50.736212,-1.768201,BH23 1EZ,Christchruch,Stony Lane,Hilti Store Cardiff,Cardiff,126.97,25+ km lower direct store threat,https://www.openstreetmap.org/node/11375731959,OpenStreetMap via Overpass API exact brand/name selectors,2026-04-23
Toolstation,Toolstation,Toolstation,node,11388625900,54.5213851,-1.5040782,DL1 4WE,Darlington,Morton Park,Hilti Store Manchester,Manchester,127.71,25+ km lower direct store threat,https://www.openstreetmap.org/node/11388625900,OpenStreetMap via Overpass API exact brand/name selectors,2026-04-23
Toolstation,Toolstation,Toolstation,way,493917561,52.7397838,0.4148355,PE30 4ND,King's Lynn,Saint Hilary Park Road,Hilti Store Edmonton,London,129.23,25+ km lower direct store threat,https://www.openstreetmap.org/way/493917561,OpenStreetMap via Overpass API exact brand/name selectors,2026-04-23
Toolstation,Toolstation,Toolstation,way,1420055733,50.7724746,-1.5508935,SO41 8JU,Lymington,Ampress Park,Hilti Store Southwark,London,129.78,25+ km lower direct store threat,https://www.openstreetmap.org/way/1420055733,OpenStreetMap via Overpass API exact brand/name selectors,2026-04-23
Toolstation,Toolstation,Toolstation,way,825374594,55.1677964,-1.5484299,,,,Hilti Store Edinburgh,Edinburgh,133.33,25+ km lower direct store threat,https://www.openstreetmap.org/way/825374594,OpenStreetMap via Overpass API exact brand/name selectors,2026-04-23
Toolstation,Toolstation,Toolstation,node,11011809809,52.5766629,1.1342847,,,Penfold Drive,Hilti Store Edmonton,London,134.18,25+ km lower direct store threat,https://www.openstreetmap.org/node/11011809809,OpenStreetMap via Overpass API exact brand/name selectors,2026-04-23
Toolstation,Toolstation,Toolstation,node,10008330870,50.4174583,-4.0900013,,,,Hilti Store Cardiff,Cardiff,134.58,25+ km lower direct store threat,https://www.openstreetmap.org/node/10008330870,OpenStreetMap via Overpass API exact brand/name selectors,2026-04-23
Toolstation,Toolstation,Toolstation,node,7279485813,52.670094,0.9522867,,Dereham,Salhouse Road,Hilti Store Edmonton,London,135.93,25+ km lower direct store threat,https://www.openstreetmap.org/node/7279485813,OpenStreetMap via Overpass API exact brand/name selectors,2026-04-23
Toolstation,Toolstation,Toolstation,way,88736298,55.0961917,-1.6067702,NE23 1WE,Cramlington,Moorland Way,Hilti Store Edinburgh,Edinburgh,136.21,25+ km lower direct store threat,https://www.openstreetmap.org/way/88736298,OpenStreetMap via Overpass API exact brand/name selectors,2026-04-23
Toolstation,Toolstation,Toolstation,node,10542905329,52.9803663,-0.0339169,,,,Hilti Store Birmingham,Birmingham,136.31,25+ km lower direct store threat,https://www.openstreetmap.org/node/10542905329,OpenStreetMap via Overpass API exact brand/name selectors,2026-04-23
Toolstation,Toolstation,Toolstation,node,4942060332,50.3885504,-4.0737959,,,,Hilti Store Cardiff,Cardiff,136.87,25+ km lower direct store threat,https://www.openstreetmap.org/node/4942060332,OpenStreetMap via Overpass API exact brand/name selectors,2026-04-23
Toolstation,Toolstation,Toolstation,node,9483420274,54.5768637,-1.2848911,,,,Hilti Store Manchester,Manchester,139.46,25+ km lower direct store threat,https://www.openstreetmap.org/node/9483420274,OpenStreetMap via Overpass API exact brand/name selectors,2026-04-23
Toolstation,Toolstation,Toolstation,node,6501756283,50.420549,-4.2351683,,,,Hilti Store Cardiff,Cardiff,139.52,25+ km lower direct store threat,https://www.openstreetmap.org/node/6501756283,OpenStreetMap via Overpass API exact brand/name selectors,2026-04-23
Toolstation,Toolstation,Toolstation,node,9270319996,50.3689624,-4.1150888,,,,Hilti Store Cardiff,Cardiff,140.16,25+ km lower direct store threat,https://www.openstreetmap.org/node/9270319996,OpenStreetMap via Overpass API exact brand/name selectors,2026-04-23
Toolstation,Toolstation,Toolstation,way,1211282818,57.1477412,-2.2728888,,,,Hilti Store Edinburgh,Edinburgh,141.66,25+ km lower direct store threat,https://www.openstreetmap.org/way/1211282818,OpenStreetMap via Overpass API exact brand/name selectors,2026-04-23
Toolstation,Toolstation,Toolstation,way,625123499,52.603509,1.2880269,NR4 6DG,Norwich,Hall Road,Hilti Store Edmonton,London,143.01,25+ km lower direct store threat,https://www.openstreetmap.org/way/625123499,OpenStreetMap via Overpass API exact brand/name selectors,2026-04-23
Toolstation,Toolstation,Toolstation,node,9929778569,55.0078723,-1.5987014,,,,Hilti Store Edinburgh,Edinburgh,143.75,25+ km lower direct store threat,https://www.openstreetmap.org/node/9929778569,OpenStreetMap via Overpass API exact brand/name selectors,2026-04-23
Toolstation,Toolstation,Toolstation,way,1286609980,53.5779841,-0.10712,DN31 2UE,Grimsby,Gilbey Road,Hilti Store Manchester,Manchester,144.21,25+ km lower direct store threat,https://www.openstreetmap.org/way/1286609980,OpenStreetMap via Overpass API exact brand/name selectors,2026-04-23
Toolstation,Toolstation,Toolstation,node,1812400311,52.4588812,1.563008,NR34 9AN,Beccles,Saltgate,Hilti Store Edmonton,London,144.86,25+ km lower direct store threat,https://www.openstreetmap.org/node/1812400311,OpenStreetMap via Overpass API exact brand/name selectors,2026-04-23
Toolstation,Toolstation,Toolstation,way,369251075,55.0209469,-1.5409481,,,,Hilti Store Edinburgh,Edinburgh,145.15,25+ km lower direct store threat,https://www.openstreetmap.org/way/369251075,OpenStreetMap via Overpass API exact brand/name selectors,2026-04-23
Toolstation,Toolstation,Toolstation,way,117007231,52.63687,1.2831352,NR2 4UX,Norwich,Marriott Close,Hilti Store Edmonton,London,145.66,25+ km lower direct store threat,https://www.openstreetmap.org/way/117007231,OpenStreetMap via Overpass API exact brand/name selectors,2026-04-23
Toolstation,Toolstation,Toolstation,node,6855654353,54.9636043,-1.6313866,,,,Hilti Store Edinburgh,Edinburgh,146.13,25+ km lower direct store threat,https://www.openstreetmap.org/node/6855654353,OpenStreetMap via Overpass API exact brand/name selectors,2026-04-23
Toolstation,Toolstation,Toolstation,way,941511790,50.453883,-4.4904518,,,,Hilti Store Cardiff,Cardiff,147.07,25+ km lower direct store threat,https://www.openstreetmap.org/way/941511790,OpenStreetMap via Overpass API exact brand/name selectors,2026-04-23
Toolstation,Toolstation,Toolstation,node,7329542272,55.0021582,-1.4876639,,,,Hilti Store Edinburgh,Edinburgh,149.0,25+ km lower direct store threat,https://www.openstreetmap.org/node/7329542272,OpenStreetMap via Overpass API exact brand/name selectors,2026-04-23
Toolstation,Toolstation,Toolstation,node,4402671722,54.9323171,-1.6165718,,Gateshead,Eastern Avenue,Hilti Store Edinburgh,Edinburgh,149.41,25+ km lower direct store threat,https://www.openstreetmap.org/node/4402671722,OpenStreetMap via Overpass API exact brand/name selectors,2026-04-23
Toolstation,Toolstation,Toolstation,node,9702375827,52.629173,1.3846671,NR13 5GE,Norwich,Hawthorne Drive,Hilti Store Edmonton,London,149.43,25+ km lower direct store threat,https://www.openstreetmap.org/node/9702375827,OpenStreetMap via Overpass API exact brand/name selectors,2026-04-23
Toolstation,Toolstation,Toolstation,way,391450096,52.8356972,0.8684102,,,,Hilti Store Edmonton,London,149.61,25+ km lower direct store threat,https://www.openstreetmap.org/way/391450096,OpenStreetMap via Overpass API exact brand/name selectors,2026-04-23
Toolstation,Toolstation,Toolstation,node,11473486755,54.675612,-1.2097889,,,,Hilti Store Manchester,Manchester,151.42,25+ km lower direct store threat,https://www.openstreetmap.org/node/11473486755,OpenStreetMap via Overpass API exact brand/name selectors,2026-04-23
Toolstation,Toolstation,Toolstation,way,664931773,54.2703003,-0.4152116,,,,Hilti Store Manchester,Manchester,151.42,25+ km lower direct store threat,https://www.openstreetmap.org/way/664931773,OpenStreetMap via Overpass API exact brand/name selectors,2026-04-23
Toolstation,Toolstation,Toolstation,way,508361077,54.868766,-1.6970262,DH9 0AD,Stanley,,Hilti Store Edinburgh,Edinburgh,151.88,25+ km lower direct store threat,https://www.openstreetmap.org/way/508361077,OpenStreetMap via Overpass API exact brand/name selectors,2026-04-23
Toolstation,Toolstation,Toolstation,node,12469374521,54.9919759,-1.4358375,NE33 5QY,South Shields,Western Approach,Hilti Store Edinburgh,Edinburgh,152.11,25+ km lower direct store threat,https://www.openstreetmap.org/node/12469374521,OpenStreetMap via Overpass API exact brand/name selectors,2026-04-23
Toolstation,Toolstation,Toolstation,way,115981554,54.7801144,-1.5347685,DH1 2RS,Durham,Renny's Lane,Hilti Store Manchester,Manchester,153.84,25+ km lower direct store threat,https://www.openstreetmap.org/way/115981554,OpenStreetMap via Overpass API exact brand/name selectors,2026-04-23
Toolstation,Toolstation,Toolstation,node,11906719758,54.9091042,-1.5402778,NE37 1EZ,Washington,Parsons Road,Hilti Store Edinburgh,Edinburgh,154.51,25+ km lower direct store threat,https://www.openstreetmap.org/node/11906719758,OpenStreetMap via Overpass API exact brand/name selectors,2026-04-23
Toolstation,Toolstation,Toolstation,node,11029985892,54.754859,-1.3656583,,,,Hilti Store Manchester,Manchester,155.08,25+ km lower direct store threat,https://www.openstreetmap.org/node/11029985892,OpenStreetMap via Overpass API exact brand/name selectors,2026-04-23
Toolstation,Toolstation,Toolstation,node,9687978474,50.4712426,-4.7036822,,,,Hilti Store Cardiff,Cardiff,155.58,25+ km lower direct store threat,https://www.openstreetmap.org/node/9687978474,OpenStreetMap via Overpass API exact brand/name selectors,2026-04-23
Toolstation,Toolstation,Toolstation,way,68173124,52.5928612,1.7121015,NR31 0LX,Great Yarmouth,Bessemer Way,Hilti Store Edmonton,London,162.22,25+ km lower direct store threat,https://www.openstreetmap.org/way/68173124,OpenStreetMap via Overpass API exact brand/name selectors,2026-04-23
Toolstation,Toolstation,Toolstation,node,6893763618,53.1420084,0.3188361,,,,Hilti Store Birmingham,Birmingham,165.16,25+ km lower direct store threat,https://www.openstreetmap.org/node/6893763618,OpenStreetMap via Overpass API exact brand/name selectors,2026-04-23
Toolstation,Toolstation,Toolstation,way,1432337865,52.8157562,1.3846787,,North Walsham,Hornbeam Road,Hilti Store Edmonton,London,165.56,25+ km lower direct store threat,https://www.openstreetmap.org/way/1432337865,OpenStreetMap via Overpass API exact brand/name selectors,2026-04-23
Toolstation,Toolstation,Toolstation,node,10957767089,50.343747,-4.7378862,,,,Hilti Store Cardiff,Cardiff,167.72,25+ km lower direct store threat,https://www.openstreetmap.org/node/10957767089,OpenStreetMap via Overpass API exact brand/name selectors,2026-04-23
Toolstation,Toolstation,Toolstation,node,8749836535,57.4885081,-4.2206173,,,,Hilti Store Glasgow,Glasgow,181.87,25+ km lower direct store threat,https://www.openstreetmap.org/node/8749836535,OpenStreetMap via Overpass API exact brand/name selectors,2026-04-23
Toolstation,Toolstation,Toolstation,way,1174030604,57.6393521,-3.3136094,IV30 6YQ,Elgin,Edgar Road,Hilti Store Edinburgh,Edinburgh,186.5,25+ km lower direct store threat,https://www.openstreetmap.org/way/1174030604,OpenStreetMap via Overpass API exact brand/name selectors,2026-04-23
Toolstation,Toolstation,Toolstation,way,656018560,50.2633961,-5.1213086,TR4 9LD,Truro,Threemilestone Industrial Estate,Hilti Store Cardiff,Cardiff,192.81,25+ km lower direct store threat,https://www.openstreetmap.org/way/656018560,OpenStreetMap via Overpass API exact brand/name selectors,2026-04-23
Toolstation,Toolstation,Toolstation,way,546614138,50.2281967,-5.2583721,TR15 3RH,"Pool, Redruth",Wilson Way,Hilti Store Cardiff,Cardiff,202.5,25+ km lower direct store threat,https://www.openstreetmap.org/way/546614138,OpenStreetMap via Overpass API exact brand/name selectors,2026-04-23
Toolstation,Toolstation,Toolstation,way,1228390824,50.0991937,-5.2602798,,,,Hilti Store Cardiff,Cardiff,212.81,25+ km lower direct store threat,https://www.openstreetmap.org/way/1228390824,OpenStreetMap via Overpass API exact brand/name selectors,2026-04-23
Travis Perkins,Travis Perkins,Travis Perkins,way,27660133,51.479058,-3.1627125,,,,Hilti Store Cardiff,Cardiff,0.71,0-2 km direct local threat,https://www.openstreetmap.org/way/27660133,OpenStreetMap via Overpass API exact brand/name selectors,2026-04-23
Travis Perkins,Travis Perkins,Travis Perkins,node,4505184111,51.6047158,-0.049221,N17 0QJ,London,Leeside Road,Hilti Store Edmonton,London,0.89,0-2 km direct local threat,https://www.openstreetmap.org/node/4505184111,OpenStreetMap via Overpass API exact brand/name selectors,2026-04-23
Travis Perkins,Travis Perkins,Travis Perkins,way,777466105,55.9543161,-3.1270505,,,,Hilti Store Edinburgh,Edinburgh,1.24,0-2 km direct local threat,https://www.openstreetmap.org/way/777466105,OpenStreetMap via Overpass API exact brand/name selectors,2026-04-23
Travis Perkins,Travis Perkins,Travis Perkins,way,680383550,55.8431354,-4.2618411,,,,Hilti Store Glasgow,Glasgow,1.37,0-2 km direct local threat,https://www.openstreetmap.org/way/680383550,OpenStreetMap via Overpass API exact brand/name selectors,2026-04-23
Travis Perkins,Travis Perkins,Travis Perkins,way,87374534,52.5022505,-1.8747706,,,,Hilti Store Birmingham,Birmingham,1.66,0-2 km direct local threat,https://www.openstreetmap.org/way/87374534,OpenStreetMap via Overpass API exact brand/name selectors,2026-04-23
Travis Perkins,Travis Perkins,Travis Perkins,way,132520176,52.4960741,-1.9171186,,,,Hilti Store Birmingham,Birmingham,1.95,0-2 km direct local threat,https://www.openstreetmap.org/way/132520176,OpenStreetMap via Overpass API exact brand/name selectors,2026-04-23
Travis Perkins,Travis Perkins,Travis Perkins,way,244005253,53.4903218,-2.2756963,,,,Hilti Store Manchester,Manchester,2.56,2-5 km strong urban overlap,https://www.openstreetmap.org/way/244005253,OpenStreetMap via Overpass API exact brand/name selectors,2026-04-23
Travis Perkins,Travis Perkins,Travis Perkins,way,244005259,53.4905215,-2.2764689,,,,Hilti Store Manchester,Manchester,2.58,2-5 km strong urban overlap,https://www.openstreetmap.org/way/244005259,OpenStreetMap via Overpass API exact brand/name selectors,2026-04-23
Travis Perkins,Travis Perkins,Travis Perkins,way,628314240,53.4905965,-2.275239,,,,Hilti Store Manchester,Manchester,2.59,2-5 km strong urban overlap,https://www.openstreetmap.org/way/628314240,OpenStreetMap via Overpass API exact brand/name selectors,2026-04-23
Travis Perkins,Travis Perkins,Travis Perkins,way,1454397944,53.4301531,-2.9936634,L5 9XN,Liverpool,Sandhills Lane,Hilti Store Liverpool,Liverpool,2.78,2-5 km strong urban overlap,https://www.openstreetmap.org/way/1454397944,OpenStreetMap via Overpass API exact brand/name selectors,2026-04-23
Travis Perkins,Travis Perkins,Travis Perkins,node,11088684710,51.4815291,-0.1242058,,,,Hilti Store Southwark,London,2.97,2-5 km strong urban overlap,https://www.openstreetmap.org/node/11088684710,OpenStreetMap via Overpass API exact brand/name selectors,2026-04-23
Travis Perkins,Travis Perkins,Travis Perkins,node,11662302392,55.934523,-3.1457076,,,,Hilti Store Edinburgh,Edinburgh,3.49,2-5 km strong urban overlap,https://www.openstreetmap.org/node/11662302392,OpenStreetMap via Overpass API exact brand/name selectors,2026-04-23
Travis Perkins,Travis Perkins,Travis Perkins,way,544484759,51.4903013,-0.1527688,,London,Pimlico Road,Hilti Store Southwark,London,3.86,2-5 km strong urban overlap,https://www.openstreetmap.org/way/544484759,OpenStreetMap via Overpass API exact brand/name selectors,2026-04-23
Travis Perkins,Travis Perkins,Travis Perkins,way,51195252,52.4548171,-1.8836838,,,,Hilti Store Birmingham,Birmingham,3.98,2-5 km strong urban overlap,https://www.openstreetmap.org/way/51195252,OpenStreetMap via Overpass API exact brand/name selectors,2026-04-23
Travis Perkins,Travis Perkins,Travis Perkins,node,13311041354,51.4457976,-3.1890304,,,,Hilti Store Cardiff,Cardiff,3.99,2-5 km strong urban overlap,https://www.openstreetmap.org/node/13311041354,OpenStreetMap via Overpass API exact brand/name selectors,2026-04-23
Travis Perkins,Travis Perkins,Travis Perkins,way,1466439072,51.6304588,-0.0973247,,,,Hilti Store Edmonton,London,3.99,2-5 km strong urban overlap,https://www.openstreetmap.org/way/1466439072,OpenStreetMap via Overpass API exact brand/name selectors,2026-04-23
Travis Perkins,Travis Perkins,Travis Perkins,way,219839082,51.5282826,-0.0566639,,,,Hilti Store Southwark,London,4.1,2-5 km strong urban overlap,https://www.openstreetmap.org/way/219839082,OpenStreetMap via Overpass API exact brand/name selectors,2026-04-23
Travis Perkins,Travis Perkins,Travis Perkins,way,219840330,51.5870233,-0.0021364,E17 3LX,London,Wood Street,Hilti Store Edmonton,London,4.21,2-5 km strong urban overlap,https://www.openstreetmap.org/way/219840330,OpenStreetMap via Overpass API exact brand/name selectors,2026-04-23
Travis Perkins,Travis Perkins,Travis Perkins,way,1071543707,51.6164401,-0.1114284,,,,Hilti Store Edmonton,London,4.46,2-5 km strong urban overlap,https://www.openstreetmap.org/way/1071543707,OpenStreetMap via Overpass API exact brand/name selectors,2026-04-23
Travis Perkins,Travis Perkins,Travis Perkins,way,952261206,53.432679,-2.3206048,,,,Hilti Store Manchester,Manchester,4.69,2-5 km strong urban overlap,https://www.openstreetmap.org/way/952261206,OpenStreetMap via Overpass API exact brand/name selectors,2026-04-23
Travis Perkins,Travis Perkins,Travis Perkins,way,651478661,53.380894,-3.0130146,,,,Hilti Store Liverpool,Liverpool,4.73,2-5 km strong urban overlap,https://www.openstreetmap.org/way/651478661,OpenStreetMap via Overpass API exact brand/name selectors,2026-04-23
Travis Perkins,Travis Perkins,Travis Perkins,way,58116337,52.4611464,-1.8379242,B11 2AX,Birmingham,Kings Road,Hilti Store Birmingham,Birmingham,4.79,2-5 km strong urban overlap,https://www.openstreetmap.org/way/58116337,OpenStreetMap via Overpass API exact brand/name selectors,2026-04-23
Travis Perkins,Travis Perkins,Travis Perkins,way,1314418081,53.4484355,-2.3506712,,,,Hilti Store Manchester,Manchester,5.09,5-10 km metro overlap,https://www.openstreetmap.org/way/1314418081,OpenStreetMap via Overpass API exact brand/name selectors,2026-04-23
Travis Perkins,Travis Perkins,Travis Perkins,way,660600578,51.5998153,-0.1199564,N22 7SN,London,Bridge Road,Hilti Store Edmonton,London,5.23,5-10 km metro overlap,https://www.openstreetmap.org/way/660600578,OpenStreetMap via Overpass API exact brand/name selectors,2026-04-23
Travis Perkins,Travis Perkins,Travis Perkins,way,50695376,51.548621,-0.0671836,E8 1NH,London,Dalston Lane,Hilti Store Southwark,London,5.48,5-10 km metro overlap,https://www.openstreetmap.org/way/50695376,OpenStreetMap via Overpass API exact brand/name selectors,2026-04-23
Travis Perkins,Travis Perkins,Travis Perkins,way,366663038,51.5521004,-0.0799665,N16 8NU,London,Matthias Road,Hilti Store Southwark,London,5.53,5-10 km metro overlap,https://www.openstreetmap.org/way/366663038,OpenStreetMap via Overpass API exact brand/name selectors,2026-04-23
Travis Perkins,Travis Perkins,Travis Perkins,way,731842273,51.5196102,-0.1787515,W2 6NA,London,Harrow Road,Hilti Store Southwark,London,5.6,5-10 km metro overlap,https://www.openstreetmap.org/way/731842273,OpenStreetMap via Overpass API exact brand/name selectors,2026-04-23
Travis Perkins,Travis Perkins,Travis Perkins,relation,1365184,51.5911268,0.0266202,,,,Hilti Store Edmonton,London,5.63,5-10 km metro overlap,https://www.openstreetmap.org/relation/1365184,OpenStreetMap via Overpass API exact brand/name selectors,2026-04-23
Travis Perkins,Travis Perkins,Travis Perkins,node,12109407671,51.5204302,-3.1953757,,,,Hilti Store Cardiff,Cardiff,5.79,5-10 km metro overlap,https://www.openstreetmap.org/node/12109407671,OpenStreetMap via Overpass API exact brand/name selectors,2026-04-23
Travis Perkins,Travis Perkins,Travis Perkins,way,144157015,52.5372172,-1.844485,,,Goosemoor Lane,Hilti Store Birmingham,Birmingham,6.04,5-10 km metro overlap,https://www.openstreetmap.org/way/144157015,OpenStreetMap via Overpass API exact brand/name selectors,2026-04-23
Travis Perkins,Travis Perkins,Travis Perkins,way,1112004692,53.4996137,-2.2022691,,,,Hilti Store Manchester,Manchester,6.3,5-10 km metro overlap,https://www.openstreetmap.org/way/1112004692,OpenStreetMap via Overpass API exact brand/name selectors,2026-04-23
Travis Perkins,Travis Perkins,Travis Perkins,way,333539820,51.4711664,-0.1768345,,,,Hilti Store Southwark,London,6.37,5-10 km metro overlap,https://www.openstreetmap.org/way/333539820,OpenStreetMap via Overpass API exact brand/name selectors,2026-04-23
Travis Perkins,Travis Perkins,Travis Perkins,way,115333929,52.4352073,-1.9174191,,,,Hilti Store Birmingham,Birmingham,6.42,5-10 km metro overlap,https://www.openstreetmap.org/way/115333929,OpenStreetMap via Overpass API exact brand/name selectors,2026-04-23
Travis Perkins,Travis Perkins,Travis Perkins,way,187926655,51.6125456,-0.1409891,N11 1QJ,London,Station Road,Hilti Store Edmonton,London,6.48,5-10 km metro overlap,https://www.openstreetmap.org/way/187926655,OpenStreetMap via Overpass API exact brand/name selectors,2026-04-23
Travis Perkins,Travis Perkins,Travis Perkins,way,366122520,51.5644976,0.0077357,,,,Hilti Store Edmonton,London,6.56,5-10 km metro overlap,https://www.openstreetmap.org/way/366122520,OpenStreetMap via Overpass API exact brand/name selectors,2026-04-23
Travis Perkins,Travis Perkins,Travis Perkins,node,13056118163,51.4455603,-0.1445073,SW12 0NA,London,Weir Road,Hilti Store Southwark,London,7.17,5-10 km metro overlap,https://www.openstreetmap.org/node/13056118163,OpenStreetMap via Overpass API exact brand/name selectors,2026-04-23
Travis Perkins,Travis Perkins,Travis Perkins,node,639021557,52.426031,-1.9244618,,,,Hilti Store Birmingham,Birmingham,7.54,5-10 km metro overlap,https://www.openstreetmap.org/node/639021557,OpenStreetMap via Overpass API exact brand/name selectors,2026-04-23
Travis Perkins,Travis Perkins,Travis Perkins,way,438438896,52.4956235,-2.0040631,,,,Hilti Store Birmingham,Birmingham,7.75,5-10 km metro overlap,https://www.openstreetmap.org/way/438438896,OpenStreetMap via Overpass API exact brand/name selectors,2026-04-23
Travis Perkins,Travis Perkins,Travis Perkins,node,5703850375,51.442535,-0.0492661,SE23 1HF,London,Malham Road,Hilti Store Southwark,London,7.77,5-10 km metro overlap,https://www.openstreetmap.org/node/5703850375,OpenStreetMap via Overpass API exact brand/name selectors,2026-04-23
Travis Perkins,Travis Perkins,Travis Perkins,way,685000076,53.397653,-2.256278,,,,Hilti Store Manchester,Manchester,7.94,5-10 km metro overlap,https://www.openstreetmap.org/way/685000076,OpenStreetMap via Overpass API exact brand/name selectors,2026-04-23
Travis Perkins,Travis Perkins,Travis Perkins,node,13533225833,51.4303563,-0.1015799,,,,Hilti Store Southwark,London,8.22,5-10 km metro overlap,https://www.openstreetmap.org/node/13533225833,OpenStreetMap via Overpass API exact brand/name selectors,2026-04-23
Travis Perkins,Travis Perkins,Travis Perkins,way,104242294,52.5280702,-1.7853802,B76 1AH,Sutton Coldfield,Forge Lane,Hilti Store Birmingham,Birmingham,8.22,5-10 km metro overlap,https://www.openstreetmap.org/way/104242294,OpenStreetMap via Overpass API exact brand/name selectors,2026-04-23
Travis Perkins,Travis Perkins,Travis Perkins,way,437783182,51.5325143,-0.2133041,NW10 3NB,London,Chamberlayne Road,Hilti Store Southwark,London,8.33,5-10 km metro overlap,https://www.openstreetmap.org/way/437783182,OpenStreetMap via Overpass API exact brand/name selectors,2026-04-23
Travis Perkins,Travis Perkins,Travis Perkins,node,10092051288,51.4438503,-0.0186719,,,,Hilti Store Southwark,London,8.85,5-10 km metro overlap,https://www.openstreetmap.org/node/10092051288,OpenStreetMap via Overpass API exact brand/name selectors,2026-04-23
Travis Perkins,Travis Perkins,Travis Perkins,way,423466549,51.5310961,-0.2318382,NW10 5NY,London,Harrow Road,Hilti Store Southwark,London,9.48,5-10 km metro overlap,https://www.openstreetmap.org/way/423466549,OpenStreetMap via Overpass API exact brand/name selectors,2026-04-23
Travis Perkins,Travis Perkins,Travis Perkins,way,985815147,51.4895503,0.0365883,,,,Hilti Store Southwark,London,9.71,5-10 km metro overlap,https://www.openstreetmap.org/way/985815147,OpenStreetMap via Overpass API exact brand/name selectors,2026-04-23
Travis Perkins,Travis Perkins,Travis Perkins,node,5499509310,52.4767671,-2.0329617,,,,Hilti Store Birmingham,Birmingham,9.81,5-10 km metro overlap,https://www.openstreetmap.org/node/5499509310,OpenStreetMap via Overpass API exact brand/name selectors,2026-04-23
Travis Perkins,Travis Perkins,Travis Perkins,way,638802982,55.8757373,-3.1681599,,,,Hilti Store Edinburgh,Edinburgh,10.18,10-25 km regional catchment,https://www.openstreetmap.org/way/638802982,OpenStreetMap via Overpass API exact brand/name selectors,2026-04-23
Travis Perkins,Travis Perkins,Travis Perkins,node,12206633360,55.9238941,-3.293189,,Edinburgh,Bankhead Avenue,Hilti Store Edinburgh,Edinburgh,11.01,10-25 km regional catchment,https://www.openstreetmap.org/node/12206633360,OpenStreetMap via Overpass API exact brand/name selectors,2026-04-23
Travis Perkins,Travis Perkins,Travis Perkins,way,1343880872,51.7069912,-0.107839,,,,Hilti Store Edmonton,London,11.3,10-25 km regional catchment,https://www.openstreetmap.org/way/1343880872,OpenStreetMap via Overpass API exact brand/name selectors,2026-04-23
Travis Perkins,Travis Perkins,Travis Perkins,node,6333598880,52.3965297,-1.8035748,B90 4NS,Solihull,Radway Road,Hilti Store Birmingham,Birmingham,11.97,10-25 km regional catchment,https://www.openstreetmap.org/node/6333598880,OpenStreetMap via Overpass API exact brand/name selectors,2026-04-23
Travis Perkins,Travis Perkins,Travis Perkins,way,975004970,51.6907668,-0.1793009,EN6 2QY,Potters Bar,Barnet Road,Hilti Store Edmonton,London,12.6,10-25 km regional catchment,https://www.openstreetmap.org/way/975004970,OpenStreetMap via Overpass API exact brand/name selectors,2026-04-23
Travis Perkins,Travis Perkins,Travis Perkins,way,24549435,51.3987193,-0.1755294,CR4 4GL,Mitcham,Morden Road,Hilti Store Southwark,London,12.8,10-25 km regional catchment,https://www.openstreetmap.org/way/24549435,OpenStreetMap via Overpass API exact brand/name selectors,2026-04-23
Travis Perkins,Travis Perkins,Travis Perkins,way,542882765,53.5782042,-2.3561353,,,,Hilti Store Manchester,Manchester,13.28,10-25 km regional catchment,https://www.openstreetmap.org/way/542882765,OpenStreetMap via Overpass API exact brand/name selectors,2026-04-23
Travis Perkins,Travis Perkins,Travis Perkins,node,7434024258,51.4660263,-0.2899917,TW9 2LH,Richmond,Bardolph Road,Hilti Store Southwark,London,13.71,10-25 km regional catchment,https://www.openstreetmap.org/node/7434024258,OpenStreetMap via Overpass API exact brand/name selectors,2026-04-23
Travis Perkins,Travis Perkins,Travis Perkins,way,858900236,51.568356,0.1381248,,,,Hilti Store Edmonton,London,13.71,10-25 km regional catchment,https://www.openstreetmap.org/way/858900236,OpenStreetMap via Overpass API exact brand/name selectors,2026-04-23
Travis Perkins,Travis Perkins,Travis Perkins,way,44919559,51.4987101,-0.3021092,W5 4PA,London,Pope's Lane,Hilti Store Southwark,London,13.88,10-25 km regional catchment,https://www.openstreetmap.org/way/44919559,OpenStreetMap via Overpass API exact brand/name selectors,2026-04-23
Travis Perkins,Travis Perkins,Travis Perkins,node,12865478841,53.5499911,-2.1207302,OL1 2EY,Oldham,Featherstall Road North,Hilti Store Manchester,Manchester,14.01,10-25 km regional catchment,https://www.openstreetmap.org/node/12865478841,OpenStreetMap via Overpass API exact brand/name selectors,2026-04-23
Travis Perkins,Travis Perkins,Travis Perkins,way,471209362,52.6109545,-1.9584877,,,,Hilti Store Birmingham,Birmingham,14.18,10-25 km regional catchment,https://www.openstreetmap.org/way/471209362,OpenStreetMap via Overpass API exact brand/name selectors,2026-04-23
Travis Perkins,Travis Perkins,Travis Perkins,node,12875354089,53.389526,-3.1783668,,,,Hilti Store Liverpool,Liverpool,14.39,10-25 km regional catchment,https://www.openstreetmap.org/node/12875354089,OpenStreetMap via Overpass API exact brand/name selectors,2026-04-23
Travis Perkins,Travis Perkins,Travis Perkins,node,10587972067,53.5447639,-2.1026828,OL1 3QA,Oldham,Bell Street,Hilti Store Manchester,Manchester,14.58,10-25 km regional catchment,https://www.openstreetmap.org/node/10587972067,OpenStreetMap via Overpass API exact brand/name selectors,2026-04-23
Travis Perkins,Travis Perkins,Travis Perkins,node,4030782245,53.3743627,-2.1153913,,,,Hilti Store Manchester,Manchester,15.08,10-25 km regional catchment,https://www.openstreetmap.org/node/4030782245,OpenStreetMap via Overpass API exact brand/name selectors,2026-04-23
Travis Perkins,Travis Perkins,Travis Perkins,node,5978888914,51.3773215,-0.0239134,BR4 0PH,West Wickham,High Street,Hilti Store Southwark,London,15.11,10-25 km regional catchment,https://www.openstreetmap.org/node/5978888914,OpenStreetMap via Overpass API exact brand/name selectors,2026-04-23
Travis Perkins,Travis Perkins,Travis Perkins,way,1435128969,53.4959611,-2.5119562,,,,Hilti Store Manchester,Manchester,15.62,10-25 km regional catchment,https://www.openstreetmap.org/way/1435128969,OpenStreetMap via Overpass API exact brand/name selectors,2026-04-23
Travis Perkins,Travis Perkins,Travis Perkins,way,448048826,53.4964341,-2.5118661,,,,Hilti Store Manchester,Manchester,15.63,10-25 km regional catchment,https://www.openstreetmap.org/way/448048826,OpenStreetMap via Overpass API exact brand/name selectors,2026-04-23
Travis Perkins,Travis Perkins,Travis Perkins,way,1435128971,53.4962266,-2.5122989,,,,Hilti Store Manchester,Manchester,15.65,10-25 km regional catchment,https://www.openstreetmap.org/way/1435128971,OpenStreetMap via Overpass API exact brand/name selectors,2026-04-23
Travis Perkins,Travis Perkins,Travis Perkins,way,1435128970,53.4961191,-2.5124467,,,,Hilti Store Manchester,Manchester,15.66,10-25 km regional catchment,https://www.openstreetmap.org/way/1435128970,OpenStreetMap via Overpass API exact brand/name selectors,2026-04-23
Travis Perkins,Travis Perkins,Travis Perkins,way,1435128973,53.4962436,-2.5126891,,,,Hilti Store Manchester,Manchester,15.67,10-25 km regional catchment,https://www.openstreetmap.org/way/1435128973,OpenStreetMap via Overpass API exact brand/name selectors,2026-04-23
Travis Perkins,Travis Perkins,Travis Perkins,way,1435128972,53.4963741,-2.5126627,,,,Hilti Store Manchester,Manchester,15.68,10-25 km regional catchment,https://www.openstreetmap.org/way/1435128972,OpenStreetMap via Overpass API exact brand/name selectors,2026-04-23
Travis Perkins,Travis Perkins,Travis Perkins,way,998903534,51.435049,0.1031692,DA15 9AB,Sidcup,Hurst Road,Hilti Store Southwark,London,16.15,10-25 km regional catchment,https://www.openstreetmap.org/way/998903534,OpenStreetMap via Overpass API exact brand/name selectors,2026-04-23
Travis Perkins,Travis Perkins,Travis Perkins,way,547598714,53.3951345,-2.0648554,,,,Hilti Store Manchester,Manchester,16.41,10-25 km regional catchment,https://www.openstreetmap.org/way/547598714,OpenStreetMap via Overpass API exact brand/name selectors,2026-04-23
Travis Perkins,Travis Perkins,Travis Perkins,node,9864212469,51.5787172,-2.984176,NP20 2DR,Newport,Frederick Street,Hilti Store Cardiff,Cardiff,16.54,10-25 km regional catchment,https://www.openstreetmap.org/node/9864212469,OpenStreetMap via Overpass API exact brand/name selectors,2026-04-23
Travis Perkins,Travis Perkins,Travis Perkins,way,1118588695,53.4511762,-2.723228,WA9 1AN,St Helens,Jackson Street,Hilti Store Liverpool,Liverpool,16.57,10-25 km regional catchment,https://www.openstreetmap.org/way/1118588695,OpenStreetMap via Overpass API exact brand/name selectors,2026-04-23
Travis Perkins,Travis Perkins,Travis Perkins,node,6081600579,53.3198236,-2.2382885,,,,Hilti Store Manchester,Manchester,16.66,10-25 km regional catchment,https://www.openstreetmap.org/node/6081600579,OpenStreetMap via Overpass API exact brand/name selectors,2026-04-23
Travis Perkins,Travis Perkins,Travis Perkins,way,87386115,51.7614563,1.1e-06,EN11 0DR,Hoddesdon,Essex Road,Hilti Store Edmonton,London,16.86,10-25 km regional catchment,https://www.openstreetmap.org/way/87386115,OpenStreetMap via Overpass API exact brand/name selectors,2026-04-23
Travis Perkins,Travis Perkins,Travis Perkins,way,220337390,51.5591726,-0.3341751,,,,Hilti Store Southwark,London,17.2,10-25 km regional catchment,https://www.openstreetmap.org/way/220337390,OpenStreetMap via Overpass API exact brand/name selectors,2026-04-23
Travis Perkins,Travis Perkins,Travis Perkins,node,1871649241,51.5315334,-3.399883,CF72 9HG,,Coedcae Lane Industrial Estate,Hilti Store Cardiff,Cardiff,18.07,10-25 km regional catchment,https://www.openstreetmap.org/node/1871649241,OpenStreetMap via Overpass API exact brand/name selectors,2026-04-23
Travis Perkins,Travis Perkins,Travis Perkins,way,10428419,51.7389662,-0.2142688,AL9 7HF,Hatfield,Travellers Lane,Hilti Store Edmonton,London,18.17,10-25 km regional catchment,https://www.openstreetmap.org/way/10428419,OpenStreetMap via Overpass API exact brand/name selectors,2026-04-23
Travis Perkins,Travis Perkins,Travis Perkins,node,12384674555,51.3835207,-0.2859771,KT5 9BG,,King Charles Road,Hilti Store Southwark,London,18.53,10-25 km regional catchment,https://www.openstreetmap.org/node/12384674555,OpenStreetMap via Overpass API exact brand/name selectors,2026-04-23
Travis Perkins,Travis Perkins,Travis Perkins,way,202829048,53.6149674,-2.1496144,OL16 1SS,Rochdale,Livsey Street,Hilti Store Manchester,Manchester,18.55,10-25 km regional catchment,https://www.openstreetmap.org/way/202829048,OpenStreetMap via Overpass API exact brand/name selectors,2026-04-23
Travis Perkins,Travis Perkins,Travis Perkins,way,1314417703,53.3068525,-2.3635284,,,,Hilti Store Manchester,Manchester,18.69,10-25 km regional catchment,https://www.openstreetmap.org/way/1314417703,OpenStreetMap via Overpass API exact brand/name selectors,2026-04-23
Travis Perkins,Travis Perkins,Travis Perkins,node,5408691679,51.5935165,-0.3327184,,,,Hilti Store Southwark,London,18.8,10-25 km regional catchment,https://www.openstreetmap.org/node/5408691679,OpenStreetMap via Overpass API exact brand/name selectors,2026-04-23
Travis Perkins,Travis Perkins,Travis Perkins,way,307556140,51.5255225,0.1914094,,,,Hilti Store Edmonton,London,19.12,10-25 km regional catchment,https://www.openstreetmap.org/way/307556140,OpenStreetMap via Overpass API exact brand/name selectors,2026-04-23
Travis Perkins,Travis Perkins,Travis Perkins,way,135166612,52.6039726,-1.6745805,B77 5BY,Tamworth,Magnus,Hilti Store Birmingham,Birmingham,19.27,10-25 km regional catchment,https://www.openstreetmap.org/way/135166612,OpenStreetMap via Overpass API exact brand/name selectors,2026-04-23
Travis Perkins,Travis Perkins,Travis Perkins,way,1259729713,52.607434,-1.6748648,B77 5GZ,Tamworth,,Hilti Store Birmingham,Birmingham,19.51,10-25 km regional catchment,https://www.openstreetmap.org/way/1259729713,OpenStreetMap via Overpass API exact brand/name selectors,2026-04-23
Travis Perkins,Travis Perkins,Travis Perkins,way,244428246,52.3432977,-2.0518199,,,,Hilti Store Birmingham,Birmingham,19.71,10-25 km regional catchment,https://www.openstreetmap.org/way/244428246,OpenStreetMap via Overpass API exact brand/name selectors,2026-04-23
Travis Perkins,Travis Perkins,Travis Perkins,way,723145177,52.6675002,-1.8313474,,,,Hilti Store Birmingham,Birmingham,20.08,10-25 km regional catchment,https://www.openstreetmap.org/way/723145177,OpenStreetMap via Overpass API exact brand/name selectors,2026-04-23
Travis Perkins,Travis Perkins,Travis Perkins,way,95640166,51.3414143,-2.9581704,BS23 3UZ,,Phillips Road,Hilti Store Cardiff,Cardiff,20.17,10-25 km regional catchment,https://www.openstreetmap.org/way/95640166,OpenStreetMap via Overpass API exact brand/name selectors,2026-04-23
Travis Perkins,Travis Perkins,Travis Perkins,way,104634615,51.6096238,-3.3681384,,,,Hilti Store Cardiff,Cardiff,21.02,10-25 km regional catchment,https://www.openstreetmap.org/way/104634615,OpenStreetMap via Overpass API exact brand/name selectors,2026-04-23
Travis Perkins,Travis Perkins,Travis Perkins,way,238297399,53.5907233,-2.5385588,BL6 6BE,Bolton,Chorley New Road,Hilti Store Manchester,Manchester,21.86,10-25 km regional catchment,https://www.openstreetmap.org/way/238297399,OpenStreetMap via Overpass API exact brand/name selectors,2026-04-23
Travis Perkins,Travis Perkins,Travis Perkins,way,681753541,56.054303,-3.4469988,KY11 8QP,,,Hilti Store Edinburgh,Edinburgh,21.93,10-25 km regional catchment,https://www.openstreetmap.org/way/681753541,OpenStreetMap via Overpass API exact brand/name selectors,2026-04-23
Travis Perkins,Travis Perkins,Travis Perkins,way,903968625,51.784584,0.1261803,,,,Hilti Store Edmonton,London,22.54,10-25 km regional catchment,https://www.openstreetmap.org/way/903968625,OpenStreetMap via Overpass API exact brand/name selectors,2026-04-23
Travis Perkins,Travis Perkins,Travis Perkins,way,709246400,51.6658773,-0.3644886,,,,Hilti Store Edmonton,London,22.69,10-25 km regional catchment,https://www.openstreetmap.org/way/709246400,OpenStreetMap via Overpass API exact brand/name selectors,2026-04-23
Travis Perkins,Travis Perkins,Travis Perkins,way,37879038,51.5069482,-0.4322877,,,,Hilti Store Southwark,London,22.88,10-25 km regional catchment,https://www.openstreetmap.org/way/37879038,OpenStreetMap via Overpass API exact brand/name selectors,2026-04-23
Travis Perkins,Travis Perkins,Travis Perkins,node,13090733505,53.2087301,-3.0322949,,,,Hilti Store Liverpool,Liverpool,23.06,10-25 km regional catchment,https://www.openstreetmap.org/node/13090733505,OpenStreetMap via Overpass API exact brand/name selectors,2026-04-23
Travis Perkins,Travis Perkins,Travis Perkins,way,975314973,53.4864853,-2.633421,,,,Hilti Store Manchester,Manchester,23.43,10-25 km regional catchment,https://www.openstreetmap.org/way/975314973,OpenStreetMap via Overpass API exact brand/name selectors,2026-04-23
Travis Perkins,Travis Perkins,Travis Perkins,way,369303283,51.419244,-0.4129146,,,,Hilti Store Southwark,London,23.54,10-25 km regional catchment,https://www.openstreetmap.org/way/369303283,OpenStreetMap via Overpass API exact brand/name selectors,2026-04-23
Travis Perkins,Travis Perkins,Travis Perkins,way,693713108,51.8032223,-0.1999443,AL7 1GF,,,Hilti Store Edmonton,London,23.66,10-25 km regional catchment,https://www.openstreetmap.org/way/693713108,OpenStreetMap via Overpass API exact brand/name selectors,2026-04-23
Travis Perkins,Travis Perkins,Travis Perkins,way,1230436851,51.304187,-0.218587,,,,Hilti Store Southwark,London,23.68,10-25 km regional catchment,https://www.openstreetmap.org/way/1230436851,OpenStreetMap via Overpass API exact brand/name selectors,2026-04-23
Travis Perkins,Travis Perkins,Travis Perkins,way,84193486,51.3805373,-0.3868524,,,,Hilti Store Southwark,London,24.08,10-25 km regional catchment,https://www.openstreetmap.org/way/84193486,OpenStreetMap via Overpass API exact brand/name selectors,2026-04-23
Travis Perkins,Travis Perkins,Travis Perkins,way,4372372,51.7494529,-0.3187769,AL1 5HN,,,Hilti Store Edmonton,London,24.13,10-25 km regional catchment,https://www.openstreetmap.org/way/4372372,OpenStreetMap via Overpass API exact brand/name selectors,2026-04-23
Travis Perkins,Travis Perkins,Travis Perkins,way,586047277,53.193307,-2.9174213,,,,Hilti Store Liverpool,Liverpool,24.53,10-25 km regional catchment,https://www.openstreetmap.org/way/586047277,OpenStreetMap via Overpass API exact brand/name selectors,2026-04-23
Travis Perkins,Travis Perkins,Travis Perkins,way,127675290,53.5425748,-2.6341312,WN3 4DZ,Wigan,Queen Street,Hilti Store Manchester,Manchester,24.81,10-25 km regional catchment,https://www.openstreetmap.org/way/127675290,OpenStreetMap via Overpass API exact brand/name selectors,2026-04-23
Travis Perkins,Travis Perkins,Travis Perkins,way,56200709,52.3930363,-1.5501235,CV5 6BL,Coventry,Sir Henry Parkes Road,Hilti Store Birmingham,Birmingham,25.45,25+ km lower direct store threat,https://www.openstreetmap.org/way/56200709,OpenStreetMap via Overpass API exact brand/name selectors,2026-04-23
Travis Perkins,Travis Perkins,Travis Perkins,way,28431769,51.3095356,-0.3338705,,,,Hilti Store Southwark,London,26.99,25+ km lower direct store threat,https://www.openstreetmap.org/way/28431769,OpenStreetMap via Overpass API exact brand/name selectors,2026-04-23
Travis Perkins,Travis Perkins,Travis Perkins,way,631299728,51.4760547,-2.7609292,BS20 6QG,Bristol,Bristol Road,Hilti Store Cardiff,Cardiff,27.31,25+ km lower direct store threat,https://www.openstreetmap.org/way/631299728,OpenStreetMap via Overpass API exact brand/name selectors,2026-04-23
Travis Perkins,Travis Perkins,Travis Perkins,way,654819096,51.4385093,-2.7519432,BS48 1JE,Bristol,,Hilti Store Cardiff,Cardiff,28.23,25+ km lower direct store threat,https://www.openstreetmap.org/way/654819096,OpenStreetMap via Overpass API exact brand/name selectors,2026-04-23
Travis Perkins,Travis Perkins,Travis Perkins,way,7915046,51.2506442,-0.1650833,,,,Hilti Store Southwark,London,28.54,25+ km lower direct store threat,https://www.openstreetmap.org/way/7915046,OpenStreetMap via Overpass API exact brand/name selectors,2026-04-23
Travis Perkins,Travis Perkins,Travis Perkins,way,230239410,51.4784499,0.318263,RM17 5XS,Grays,Seally Road,Hilti Store Southwark,London,29.22,25+ km lower direct store threat,https://www.openstreetmap.org/way/230239410,OpenStreetMap via Overpass API exact brand/name selectors,2026-04-23
Travis Perkins,Travis Perkins,Travis Perkins,way,259266112,52.225432,-1.8672829,B49 6EP,Alcester,Arden Road,Hilti Store Birmingham,Birmingham,29.51,25+ km lower direct store threat,https://www.openstreetmap.org/way/259266112,OpenStreetMap via Overpass API exact brand/name selectors,2026-04-23
Travis Perkins,Travis Perkins,Travis Perkins,node,685783779,53.1654378,-3.1436176,,,,Hilti Store Liverpool,Liverpool,29.9,25+ km lower direct store threat,https://www.openstreetmap.org/node/685783779,OpenStreetMap via Overpass API exact brand/name selectors,2026-04-23
Travis Perkins,Travis Perkins,Travis Perkins,node,8324158688,51.3710466,-0.4763746,,,,Hilti Store Southwark,London,29.9,25+ km lower direct store threat,https://www.openstreetmap.org/node/8324158688,OpenStreetMap via Overpass API exact brand/name selectors,2026-04-23
Travis Perkins,Travis Perkins,Travis Perkins,way,981007710,53.1651711,-3.1440705,,,,Hilti Store Liverpool,Liverpool,29.94,25+ km lower direct store threat,https://www.openstreetmap.org/way/981007710,OpenStreetMap via Overpass API exact brand/name selectors,2026-04-23
Travis Perkins,Travis Perkins,Travis Perkins,way,259731314,51.4331913,-0.5310052,TW18 3AY,Staines-upon-Thames,Hawthorn Road,Hilti Store Southwark,London,30.77,25+ km lower direct store threat,https://www.openstreetmap.org/way/259731314,OpenStreetMap via Overpass API exact brand/name selectors,2026-04-23
Travis Perkins,Travis Perkins,Travis Perkins,node,7746201831,51.2906751,0.1930009,TN14 5DQ,Sevenoaks,Cramptons Road,Hilti Store Southwark,London,31.34,25+ km lower direct store threat,https://www.openstreetmap.org/node/7746201831,OpenStreetMap via Overpass API exact brand/name selectors,2026-04-23
Travis Perkins,Travis Perkins,Travis Perkins,way,27763883,51.2908066,0.1935358,TN14 5DQ,Sevenoaks,Crampton Road,Hilti Store Southwark,London,31.35,25+ km lower direct store threat,https://www.openstreetmap.org/way/27763883,OpenStreetMap via Overpass API exact brand/name selectors,2026-04-23
Travis Perkins,Travis Perkins,Travis Perkins,way,999044608,51.4386936,0.3486194,,,,Hilti Store Southwark,London,32.03,25+ km lower direct store threat,https://www.openstreetmap.org/way/999044608,OpenStreetMap via Overpass API exact brand/name selectors,2026-04-23
Travis Perkins,Travis Perkins,Travis Perkins,way,261927275,51.7431088,-0.4720045,HP3 9HR,,,Hilti Store Edmonton,London,32.69,25+ km lower direct store threat,https://www.openstreetmap.org/way/261927275,OpenStreetMap via Overpass API exact brand/name selectors,2026-04-23
Travis Perkins,Travis Perkins,Travis Perkins,way,209193697,52.2789211,-1.5440333,,,,Hilti Store Birmingham,Birmingham,33.23,25+ km lower direct store threat,https://www.openstreetmap.org/way/209193697,OpenStreetMap via Overpass API exact brand/name selectors,2026-04-23
Travis Perkins,Travis Perkins,Travis Perkins,way,1075274109,56.023804,-3.8291323,,,,Hilti Store Glasgow,Glasgow,33.6,25+ km lower direct store threat,https://www.openstreetmap.org/way/1075274109,OpenStreetMap via Overpass API exact brand/name selectors,2026-04-23
Travis Perkins,Travis Perkins,Travis Perkins,way,945486607,51.2754791,-2.7851115,,,Valley Line Industrial Park,Hilti Store Cardiff,Cardiff,33.93,25+ km lower direct store threat,https://www.openstreetmap.org/way/945486607,OpenStreetMap via Overpass API exact brand/name selectors,2026-04-23
Travis Perkins,Travis Perkins,Travis Perkins,way,158023827,52.1989491,-1.7149035,,,,Hilti Store Birmingham,Birmingham,34.52,25+ km lower direct store threat,https://www.openstreetmap.org/way/158023827,OpenStreetMap via Overpass API exact brand/name selectors,2026-04-23
Travis Perkins,Travis Perkins,Travis Perkins,way,566390107,51.7514457,-3.3903147,,,,Hilti Store Cardiff,Cardiff,34.78,25+ km lower direct store threat,https://www.openstreetmap.org/way/566390107,OpenStreetMap via Overpass API exact brand/name selectors,2026-04-23
Travis Perkins,Travis Perkins,Travis Perkins,way,444329772,53.7863279,-2.2687262,BB11 5AL,Burnley,Accrington Road,Hilti Store Manchester,Manchester,35.46,25+ km lower direct store threat,https://www.openstreetmap.org/way/444329772,OpenStreetMap via Overpass API exact brand/name selectors,2026-04-23
Travis Perkins,Travis Perkins,Travis Perkins,way,317350895,53.1836172,-2.5545346,CW7 2RB,Winsford,Leslie Road,Hilti Store Manchester,Manchester,36.43,25+ km lower direct store threat,https://www.openstreetmap.org/way/317350895,OpenStreetMap via Overpass API exact brand/name selectors,2026-04-23
Travis Perkins,Travis Perkins,Travis Perkins,way,55433340,52.2139658,-2.1796799,,,,Hilti Store Birmingham,Birmingham,36.5,25+ km lower direct store threat,https://www.openstreetmap.org/way/55433340,OpenStreetMap via Overpass API exact brand/name selectors,2026-04-23
Travis Perkins,Travis Perkins,Travis Perkins,node,11188309893,51.523057,-0.6323083,,,,Hilti Store Southwark,London,36.77,25+ km lower direct store threat,https://www.openstreetmap.org/node/11188309893,OpenStreetMap via Overpass API exact brand/name selectors,2026-04-23
Travis Perkins,Travis Perkins,Travis Perkins,node,5217122062,51.2056408,-3.4691877,,,,Hilti Store Cardiff,Cardiff,37.03,25+ km lower direct store threat,https://www.openstreetmap.org/node/5217122062,OpenStreetMap via Overpass API exact brand/name selectors,2026-04-23
Travis Perkins,Travis Perkins,Travis Perkins,way,70451399,51.4647425,-2.6087396,BS8 2PH,Bristol,,Hilti Store Cardiff,Cardiff,37.87,25+ km lower direct store threat,https://www.openstreetmap.org/way/70451399,OpenStreetMap via Overpass API exact brand/name selectors,2026-04-23
Travis Perkins,Travis Perkins,Travis Perkins,way,540035136,52.7719073,-1.5700867,DE11 9DF,Swadlincote,George Holmes Way,Hilti Store Birmingham,Birmingham,38.02,25+ km lower direct store threat,https://www.openstreetmap.org/way/540035136,OpenStreetMap via Overpass API exact brand/name selectors,2026-04-23
Travis Perkins,Travis Perkins,Travis Perkins,relation,5655617,53.1945504,-3.4097072,,,,Hilti Store Liverpool,Liverpool,38.21,25+ km lower direct store threat,https://www.openstreetmap.org/relation/5655617,OpenStreetMap via Overpass API exact brand/name selectors,2026-04-23
Travis Perkins,Travis Perkins,Travis Perkins,way,161969346,51.627906,-3.6578115,,,,Hilti Store Cardiff,Cardiff,38.7,25+ km lower direct store threat,https://www.openstreetmap.org/way/161969346,OpenStreetMap via Overpass API exact brand/name selectors,2026-04-23
Travis Perkins,Travis Perkins,Travis Perkins,way,583364546,51.4959316,-2.5973255,,,,Hilti Store Cardiff,Cardiff,38.7,25+ km lower direct store threat,https://www.openstreetmap.org/way/583364546,OpenStreetMap via Overpass API exact brand/name selectors,2026-04-23
Travis Perkins,Travis Perkins,Travis Perkins,way,375152561,51.7615993,-0.5575946,HP4 2EY,Berkhamsted,Station Road,Hilti Store Edmonton,London,38.89,25+ km lower direct store threat,https://www.openstreetmap.org/way/375152561,OpenStreetMap via Overpass API exact brand/name selectors,2026-04-23
Travis Perkins,Travis Perkins,Travis Perkins,way,148218886,51.1387353,-2.9981703,TA6 4BH,Bridgwater,Wylds Road,Hilti Store Cardiff,Cardiff,38.93,25+ km lower direct store threat,https://www.openstreetmap.org/way/148218886,OpenStreetMap via Overpass API exact brand/name selectors,2026-04-23
Travis Perkins,Travis Perkins,Travis Perkins,node,1134045681,52.8147328,-2.1156574,,,,Hilti Store Birmingham,Birmingham,39.15,25+ km lower direct store threat,https://www.openstreetmap.org/node/1134045681,OpenStreetMap via Overpass API exact brand/name selectors,2026-04-23
Travis Perkins,Travis Perkins,Travis Perkins,node,7177561084,51.883018,-0.4351777,,,,Hilti Store Edmonton,London,40.22,25+ km lower direct store threat,https://www.openstreetmap.org/node/7177561084,OpenStreetMap via Overpass API exact brand/name selectors,2026-04-23
Travis Perkins,Travis Perkins,Travis Perkins,way,506305643,52.8156968,-1.6266786,,,,Hilti Store Birmingham,Birmingham,40.29,25+ km lower direct store threat,https://www.openstreetmap.org/way/506305643,OpenStreetMap via Overpass API exact brand/name selectors,2026-04-23
Travis Perkins,Travis Perkins,Travis Perkins,node,12768830754,51.4539436,-2.5715305,BS2 0QP,Bristol,,Hilti Store Cardiff,Cardiff,40.5,25+ km lower direct store threat,https://www.openstreetmap.org/node/12768830754,OpenStreetMap via Overpass API exact brand/name selectors,2026-04-23
Travis Perkins,Travis Perkins,Travis Perkins,way,332959939,53.1126592,-2.4424711,,,,Hilti Store Manchester,Manchester,40.89,25+ km lower direct store threat,https://www.openstreetmap.org/way/332959939,OpenStreetMap via Overpass API exact brand/name selectors,2026-04-23
Travis Perkins,Travis Perkins,Travis Perkins,way,558941242,51.5944061,-0.6834021,,,,Hilti Store Southwark,London,41.45,25+ km lower direct store threat,https://www.openstreetmap.org/way/558941242,OpenStreetMap via Overpass API exact brand/name selectors,2026-04-23
Travis Perkins,Travis Perkins,Travis Perkins,way,460068860,51.5089036,-2.557203,,,,Hilti Store Cardiff,Cardiff,41.57,25+ km lower direct store threat,https://www.openstreetmap.org/way/460068860,OpenStreetMap via Overpass API exact brand/name selectors,2026-04-23
Travis Perkins,Travis Perkins,Travis Perkins,node,2875286594,53.7891298,-2.9880551,FY4 5RT,Blackpool,,Hilti Store Liverpool,Liverpool,41.95,25+ km lower direct store threat,https://www.openstreetmap.org/node/2875286594,OpenStreetMap via Overpass API exact brand/name selectors,2026-04-23
Travis Perkins,Travis Perkins,Travis Perkins,node,6890867137,52.1760342,-2.2310113,,,,Hilti Store Birmingham,Birmingham,41.95,25+ km lower direct store threat,https://www.openstreetmap.org/node/6890867137,OpenStreetMap via Overpass API exact brand/name selectors,2026-04-23
Travis Perkins,Travis Perkins,Travis Perkins,way,73889866,53.7655313,-2.7206444,PR2 2SH,Preston,Tulketh Brow,Hilti Store Liverpool,Liverpool,42.47,25+ km lower direct store threat,https://www.openstreetmap.org/way/73889866,OpenStreetMap via Overpass API exact brand/name selectors,2026-04-23
Travis Perkins,Travis Perkins,Travis Perkins,way,1036816805,53.700412,-1.7702479,HD6 1QQ,Brighouse,Wakefield Road,Hilti Store Manchester,Manchester,42.5,25+ km lower direct store threat,https://www.openstreetmap.org/way/1036816805,OpenStreetMap via Overpass API exact brand/name selectors,2026-04-23
Travis Perkins,Travis Perkins,Travis Perkins,way,390103394,51.4318823,-2.539134,BS4 5PR,Bristol,,Hilti Store Cardiff,Cardiff,42.95,25+ km lower direct store threat,https://www.openstreetmap.org/way/390103394,OpenStreetMap via Overpass API exact brand/name selectors,2026-04-23
Travis Perkins,Travis Perkins,Travis Perkins,node,8479217917,51.4747969,-2.5347553,,,Ridgeway Road,Hilti Store Cardiff,Cardiff,42.97,25+ km lower direct store threat,https://www.openstreetmap.org/node/8479217917,OpenStreetMap via Overpass API exact brand/name selectors,2026-04-23
Travis Perkins,Travis Perkins,Travis Perkins,way,49159799,51.5169657,-0.7330297,,,,Hilti Store Southwark,London,43.71,25+ km lower direct store threat,https://www.openstreetmap.org/way/49159799,OpenStreetMap via Overpass API exact brand/name selectors,2026-04-23
Travis Perkins,Travis Perkins,Travis Perkins,way,1162060768,52.6802123,-2.4585567,,,,Hilti Store Birmingham,Birmingham,43.84,25+ km lower direct store threat,https://www.openstreetmap.org/way/1162060768,OpenStreetMap via Overpass API exact brand/name selectors,2026-04-23
Travis Perkins,Travis Perkins,Travis Perkins,way,60952231,51.2456011,-0.5797237,GU1 1ED,Guildford,Woodbridge Trade & Retail Park,Hilti Store Southwark,London,43.91,25+ km lower direct store threat,https://www.openstreetmap.org/way/60952231,OpenStreetMap via Overpass API exact brand/name selectors,2026-04-23
Travis Perkins,Travis Perkins,Travis Perkins,way,230330364,53.0983378,-2.0338853,,,,Hilti Store Manchester,Manchester,44.21,25+ km lower direct store threat,https://www.openstreetmap.org/way/230330364,OpenStreetMap via Overpass API exact brand/name selectors,2026-04-23
Travis Perkins,Travis Perkins,Travis Perkins,node,12480211325,52.7655859,-2.3774446,,,,Hilti Store Birmingham,Birmingham,44.94,25+ km lower direct store threat,https://www.openstreetmap.org/node/12480211325,OpenStreetMap via Overpass API exact brand/name selectors,2026-04-23
Travis Perkins,Travis Perkins,Travis Perkins,node,5015482767,51.5172999,-2.501558,,,,Hilti Store Cardiff,Cardiff,45.5,25+ km lower direct store threat,https://www.openstreetmap.org/node/5015482767,OpenStreetMap via Overpass API exact brand/name selectors,2026-04-23
Travis Perkins,Travis Perkins,Travis Perkins,way,930719634,51.3761545,0.5264534,,,,Hilti Store Southwark,London,45.81,25+ km lower direct store threat,https://www.openstreetmap.org/way/930719634,OpenStreetMap via Overpass API exact brand/name selectors,2026-04-23
Travis Perkins,Travis Perkins,Travis Perkins,way,157081479,52.0749136,-1.9327067,WR11 1GS,Evesham,Enterprise Way,Hilti Store Birmingham,Birmingham,46.3,25+ km lower direct store threat,https://www.openstreetmap.org/way/157081479,OpenStreetMap via Overpass API exact brand/name selectors,2026-04-23
Travis Perkins,Travis Perkins,Travis Perkins,way,420034204,52.9072259,-1.8727369,,,,Hilti Store Birmingham,Birmingham,46.36,25+ km lower direct store threat,https://www.openstreetmap.org/way/420034204,OpenStreetMap via Overpass API exact brand/name selectors,2026-04-23
Travis Perkins,Travis Perkins,Travis Perkins,node,4226288182,51.0964099,-0.2405292,,,,Hilti Store Southwark,London,46.37,25+ km lower direct store threat,https://www.openstreetmap.org/node/4226288182,OpenStreetMap via Overpass API exact brand/name selectors,2026-04-23
Travis Perkins,Travis Perkins,Travis Perkins,way,265879133,52.9971935,-3.0413191,,,,Hilti Store Liverpool,Liverpool,46.42,25+ km lower direct store threat,https://www.openstreetmap.org/way/265879133,OpenStreetMap via Overpass API exact brand/name selectors,2026-04-23
Travis Perkins,Travis Perkins,Travis Perkins,way,331528867,53.882144,-2.3709279,,,,Hilti Store Manchester,Manchester,46.49,25+ km lower direct store threat,https://www.openstreetmap.org/way/331528867,OpenStreetMap via Overpass API exact brand/name selectors,2026-04-23
Travis Perkins,Travis Perkins,Travis Perkins,node,5596857689,51.4159479,-0.7617932,,,,Hilti Store Southwark,London,46.77,25+ km lower direct store threat,https://www.openstreetmap.org/node/5596857689,OpenStreetMap via Overpass API exact brand/name selectors,2026-04-23
Travis Perkins,Travis Perkins,Travis Perkins,way,481870687,51.1551807,0.288742,,,,Hilti Store Southwark,London,47.36,25+ km lower direct store threat,https://www.openstreetmap.org/way/481870687,OpenStreetMap via Overpass API exact brand/name selectors,2026-04-23
Travis Perkins,Travis Perkins,Travis Perkins,way,986127561,51.2994041,0.4982838,,,,Hilti Store Southwark,London,47.45,25+ km lower direct store threat,https://www.openstreetmap.org/way/986127561,OpenStreetMap via Overpass API exact brand/name selectors,2026-04-23
Travis Perkins,Travis Perkins,Travis Perkins,node,9756926957,53.8382328,-3.0227089,FY3 7XQ,Blackpool,Chorley Road,Hilti Store Liverpool,Liverpool,47.54,25+ km lower direct store threat,https://www.openstreetmap.org/node/9756926957,OpenStreetMap via Overpass API exact brand/name selectors,2026-04-23
Travis Perkins,Travis Perkins,Travis Perkins,way,387135838,52.0545298,-1.7555545,GL55 6JX,,Battle Brook Road,Hilti Store Birmingham,Birmingham,49.32,25+ km lower direct store threat,https://www.openstreetmap.org/way/387135838,OpenStreetMap via Overpass API exact brand/name selectors,2026-04-23
Travis Perkins,Travis Perkins,Travis Perkins,node,8242630192,51.3284624,-0.7550504,,,,Hilti Store Southwark,London,49.34,25+ km lower direct store threat,https://www.openstreetmap.org/node/8242630192,OpenStreetMap via Overpass API exact brand/name selectors,2026-04-23
Travis Perkins,Travis Perkins,Travis Perkins,way,343423725,51.0277064,-3.084701,,,,Hilti Store Cardiff,Cardiff,49.95,25+ km lower direct store threat,https://www.openstreetmap.org/way/343423725,OpenStreetMap via Overpass API exact brand/name selectors,2026-04-23
Travis Perkins,Travis Perkins,Travis Perkins,node,2281844095,51.3712624,-0.7917906,,,,Hilti Store Southwark,London,50.07,25+ km lower direct store threat,https://www.openstreetmap.org/node/2281844095,OpenStreetMap via Overpass API exact brand/name selectors,2026-04-23
Travis Perkins,Travis Perkins,Travis Perkins,node,687080965,53.7702262,-1.7152522,,,,Hilti Store Manchester,Manchester,50.24,25+ km lower direct store threat,https://www.openstreetmap.org/node/687080965,OpenStreetMap via Overpass API exact brand/name selectors,2026-04-23
Travis Perkins,Travis Perkins,Travis Perkins,node,11397089629,53.787458,-1.7428243,BD4 7AQ,Bradford,Windsor Street,Hilti Store Manchester,Manchester,50.24,25+ km lower direct store threat,https://www.openstreetmap.org/node/11397089629,OpenStreetMap via Overpass API exact brand/name selectors,2026-04-23
Travis Perkins,Travis Perkins,Travis Perkins,way,721878721,52.7623822,-1.2950784,,,,Hilti Store Birmingham,Birmingham,50.26,25+ km lower direct store threat,https://www.openstreetmap.org/way/721878721,OpenStreetMap via Overpass API exact brand/name selectors,2026-04-23
Travis Perkins,Travis Perkins,Travis Perkins,way,945061641,52.7629234,-1.2949169,,,,Hilti Store Birmingham,Birmingham,50.3,25+ km lower direct store threat,https://www.openstreetmap.org/way/945061641,OpenStreetMap via Overpass API exact brand/name selectors,2026-04-23
Travis Perkins,Travis Perkins,Travis Perkins,way,541797109,51.5442258,-2.4331987,,,,Hilti Store Cardiff,Cardiff,50.56,25+ km lower direct store threat,https://www.openstreetmap.org/way/541797109,OpenStreetMap via Overpass API exact brand/name selectors,2026-04-23
Travis Perkins,Travis Perkins,Travis Perkins,way,239056316,53.013623,-2.2148722,ST4 6DJ,,Rope Street,Hilti Store Manchester,Manchester,50.66,25+ km lower direct store threat,https://www.openstreetmap.org/way/239056316,OpenStreetMap via Overpass API exact brand/name selectors,2026-04-23
Travis Perkins,Travis Perkins,Travis Perkins,way,103184637,51.7831389,-2.6085358,,,,Hilti Store Cardiff,Cardiff,50.98,25+ km lower direct store threat,https://www.openstreetmap.org/way/103184637,OpenStreetMap via Overpass API exact brand/name selectors,2026-04-23
Travis Perkins,Travis Perkins,Travis Perkins,node,7100300380,53.4013694,-1.5042753,,,,Hilti Store Manchester,Manchester,51.96,25+ km lower direct store threat,https://www.openstreetmap.org/node/7100300380,OpenStreetMap via Overpass API exact brand/name selectors,2026-04-23
Travis Perkins,Travis Perkins,Travis Perkins,way,941030945,51.7386272,0.6824631,CM9 4XD,Maldon,Galliford Road,Hilti Store Edmonton,London,52.22,25+ km lower direct store threat,https://www.openstreetmap.org/way/941030945,OpenStreetMap via Overpass API exact brand/name selectors,2026-04-23
Travis Perkins,Travis Perkins,Travis Perkins,node,2929927240,52.9706787,-2.6731947,,,,Hilti Store Liverpool,Liverpool,52.79,25+ km lower direct store threat,https://www.openstreetmap.org/node/2929927240,OpenStreetMap via Overpass API exact brand/name selectors,2026-04-23
Travis Perkins,Travis Perkins,Travis Perkins Clearance Warehouse,way,408940074,52.6164869,-1.1343428,,,,Hilti Store Birmingham,Birmingham,52.97,25+ km lower direct store threat,https://www.openstreetmap.org/way/408940074,OpenStreetMap via Overpass API exact brand/name selectors,2026-04-23
Travis Perkins,Travis Perkins,Travis Perkins,way,490672707,52.5882488,-1.1224752,LE18 2FL,Wigston,Chartwell Drive,Hilti Store Birmingham,Birmingham,53.02,25+ km lower direct store threat,https://www.openstreetmap.org/way/490672707,OpenStreetMap via Overpass API exact brand/name selectors,2026-04-23
Travis Perkins,Travis Perkins,Travis Perkins,way,1181161240,51.5446945,0.7146454,,,,Hilti Store Edmonton,London,53.18,25+ km lower direct store threat,https://www.openstreetmap.org/way/1181161240,OpenStreetMap via Overpass API exact brand/name selectors,2026-04-23
Travis Perkins,Travis Perkins,Travis Perkins,relation,9235805,52.6448952,-1.1433193,LE4 0BX,Leicester,Ravensbridge Drive,Hilti Store Birmingham,Birmingham,53.3,25+ km lower direct store threat,https://www.openstreetmap.org/relation/9235805,OpenStreetMap via Overpass API exact brand/name selectors,2026-04-23
Travis Perkins,Travis Perkins,Travis Perkins,way,621207803,56.4137639,-3.4584177,PH1 3AA,Perth,Dunkeld Road,Hilti Store Edinburgh,Edinburgh,53.81,25+ km lower direct store threat,https://www.openstreetmap.org/way/621207803,OpenStreetMap via Overpass API exact brand/name selectors,2026-04-23
Travis Perkins,Travis Perkins,Travis Perkins,way,438259489,52.9672534,-2.0656029,,,,Hilti Store Birmingham,Birmingham,54.33,25+ km lower direct store threat,https://www.openstreetmap.org/way/438259489,OpenStreetMap via Overpass API exact brand/name selectors,2026-04-23
Travis Perkins,Travis Perkins,Travis Perkins,node,12169417728,52.9029417,-1.4539917,DE24 8NB,Derby,Wincanton Close,Hilti Store Birmingham,Birmingham,54.47,25+ km lower direct store threat,https://www.openstreetmap.org/node/12169417728,OpenStreetMap via Overpass API exact brand/name selectors,2026-04-23
Travis Perkins,Travis Perkins,Travis Perkins,way,1246890241,51.2347484,0.5591517,,,,Hilti Store Southwark,London,54.8,25+ km lower direct store threat,https://www.openstreetmap.org/way/1246890241,OpenStreetMap via Overpass API exact brand/name selectors,2026-04-23
Travis Perkins,Travis Perkins,Travis Perkins,way,190799513,51.0444202,0.1824343,TN6 2JJ,Crowborough,Farningham Road,Hilti Store Southwark,London,54.82,25+ km lower direct store threat,https://www.openstreetmap.org/way/190799513,OpenStreetMap via Overpass API exact brand/name selectors,2026-04-23
Travis Perkins,Travis Perkins,Travis Perkins,way,173078395,53.3658904,-1.4677852,,,,Hilti Store Manchester,Manchester,55.05,25+ km lower direct store threat,https://www.openstreetmap.org/way/173078395,OpenStreetMap via Overpass API exact brand/name selectors,2026-04-23
Travis Perkins,Travis Perkins,Travis Perkins,way,331311810,53.553855,-1.4594042,S71 1HN,Barnsley,Pontefract Road,Hilti Store Manchester,Manchester,55.16,25+ km lower direct store threat,https://www.openstreetmap.org/way/331311810,OpenStreetMap via Overpass API exact brand/name selectors,2026-04-23
Travis Perkins,Travis Perkins,Travis Perkins,way,1312791831,51.3798466,-2.3696237,BA2 3EE,,,Hilti Store Cardiff,Cardiff,55.48,25+ km lower direct store threat,https://www.openstreetmap.org/way/1312791831,OpenStreetMap via Overpass API exact brand/name selectors,2026-04-23
Travis Perkins,Travis Perkins,Travis Perkins,node,5915573845,51.3809999,-0.8836934,,,,Hilti Store Southwark,London,55.9,25+ km lower direct store threat,https://www.openstreetmap.org/node/5915573845,OpenStreetMap via Overpass API exact brand/name selectors,2026-04-23
Travis Perkins,Travis Perkins,Travis Perkins,way,173591406,52.3701813,-2.6986945,,,,Hilti Store Birmingham,Birmingham,56.45,25+ km lower direct store threat,https://www.openstreetmap.org/way/173591406,OpenStreetMap via Overpass API exact brand/name selectors,2026-04-23
Travis Perkins,Travis Perkins,Travis Perkins,way,326567324,51.2830677,-0.838948,,,,Hilti Store Southwark,London,56.76,25+ km lower direct store threat,https://www.openstreetmap.org/way/326567324,OpenStreetMap via Overpass API exact brand/name selectors,2026-04-23
Travis Perkins,Travis Perkins,Travis Perkins,way,704919056,52.2474693,-1.1542066,NN11 4SD,Daventry,,Hilti Store Birmingham,Birmingham,56.78,25+ km lower direct store threat,https://www.openstreetmap.org/way/704919056,OpenStreetMap via Overpass API exact brand/name selectors,2026-04-23
Travis Perkins,Travis Perkins,Travis Perkins,way,328759161,51.2831528,-0.8395126,,,,Hilti Store Southwark,London,56.79,25+ km lower direct store threat,https://www.openstreetmap.org/way/328759161,OpenStreetMap via Overpass API exact brand/name selectors,2026-04-23
Travis Perkins,Travis Perkins,Travis Perkins,way,1287971654,51.0177204,-3.5320437,,,,Hilti Store Cardiff,Cardiff,57.19,25+ km lower direct store threat,https://www.openstreetmap.org/way/1287971654,OpenStreetMap via Overpass API exact brand/name selectors,2026-04-23
Travis Perkins,Travis Perkins,Travis Perkins,way,734600982,51.478255,-0.9319519,,,,Hilti Store Southwark,London,57.55,25+ km lower direct store threat,https://www.openstreetmap.org/way/734600982,OpenStreetMap via Overpass API exact brand/name selectors,2026-04-23
Travis Perkins,Travis Perkins,Travis Perkins,way,505587952,52.6837039,-1.0985272,LE4 8PH,Thurmaston,Westmoreland Avenue,Hilti Store Birmingham,Birmingham,57.62,25+ km lower direct store threat,https://www.openstreetmap.org/way/505587952,OpenStreetMap via Overpass API exact brand/name selectors,2026-04-23
Travis Perkins,Travis Perkins,Travis Perkins,way,380041964,51.9976855,-2.1526426,GL20 5BD,Tewkesbury,Bredon Road,Hilti Store Birmingham,Birmingham,57.64,25+ km lower direct store threat,https://www.openstreetmap.org/way/380041964,OpenStreetMap via Overpass API exact brand/name selectors,2026-04-23
Travis Perkins,Travis Perkins,Travis Perkins,way,522930634,53.792638,-1.5978633,LS12 4NL,Leeds,Wortley Moor Road,Hilti Store Manchester,Manchester,57.75,25+ km lower direct store threat,https://www.openstreetmap.org/way/522930634,OpenStreetMap via Overpass API exact brand/name selectors,2026-04-23
Travis Perkins,Travis Perkins,Travis Perkins,way,1314576512,52.9435693,-1.4669057,DE21 4BN,Derby,,Hilti Store Birmingham,Birmingham,57.88,25+ km lower direct store threat,https://www.openstreetmap.org/way/1314576512,OpenStreetMap via Overpass API exact brand/name selectors,2026-04-23
Travis Perkins,Travis Perkins,Travis Perkins,way,946059018,51.8184442,-0.8296542,,,,Hilti Store Edmonton,London,58.57,25+ km lower direct store threat,https://www.openstreetmap.org/way/946059018,OpenStreetMap via Overpass API exact brand/name selectors,2026-04-23
Travis Perkins,Travis Perkins,Travis Perkins,way,1291664724,51.8254664,-2.5108431,,,,Hilti Store Cardiff,Cardiff,59.13,25+ km lower direct store threat,https://www.openstreetmap.org/way/1291664724,OpenStreetMap via Overpass API exact brand/name selectors,2026-04-23
Travis Perkins,Travis Perkins,Travis Perkins,way,1314374724,51.632972,0.8135714,,,,Hilti Store Edmonton,London,59.46,25+ km lower direct store threat,https://www.openstreetmap.org/way/1314374724,OpenStreetMap via Overpass API exact brand/name selectors,2026-04-23
Travis Perkins,Travis Perkins,Travis Perkins,way,495004694,52.0753835,-1.3260928,,,,Hilti Store Birmingham,Birmingham,60.0,25+ km lower direct store threat,https://www.openstreetmap.org/way/495004694,OpenStreetMap via Overpass API exact brand/name selectors,2026-04-23
Travis Perkins,Travis Perkins,Travis Perkins,way,713923310,51.2056884,-0.8214423,GU10 5EH,Farnham,Coxbridge Business Park,Hilti Store Southwark,London,60.0,25+ km lower direct store threat,https://www.openstreetmap.org/way/713923310,OpenStreetMap via Overpass API exact brand/name selectors,2026-04-23
Travis Perkins,Travis Perkins,Travis Perkins,way,142143538,55.5907516,-2.4313678,,,,Hilti Store Edinburgh,Edinburgh,60.45,25+ km lower direct store threat,https://www.openstreetmap.org/way/142143538,OpenStreetMap via Overpass API exact brand/name selectors,2026-04-23
Travis Perkins,Travis Perkins,Travis Perkins,node,600580280,52.1446212,0.1467154,,,Church Street,Hilti Store Edmonton,London,60.63,25+ km lower direct store threat,https://www.openstreetmap.org/node/600580280,OpenStreetMap via Overpass API exact brand/name selectors,2026-04-23
Travis Perkins,Travis Perkins,Travis Perkins,way,146034169,52.8857526,-1.2684266,NG10 1PR,Nottingham,Forbes Close,Hilti Store Birmingham,Birmingham,60.72,25+ km lower direct store threat,https://www.openstreetmap.org/way/146034169,OpenStreetMap via Overpass API exact brand/name selectors,2026-04-23
Travis Perkins,Travis Perkins,Travis Perkins,way,509603870,53.2627761,-1.4271453,,,,Hilti Store Manchester,Manchester,61.04,25+ km lower direct store threat,https://www.openstreetmap.org/way/509603870,OpenStreetMap via Overpass API exact brand/name selectors,2026-04-23
Travis Perkins,Travis Perkins,Travis Perkins,way,505623889,50.9553109,-0.1410136,RH15 9NF,Burgess Hill,Victoria Way,Hilti Store Southwark,London,61.1,25+ km lower direct store threat,https://www.openstreetmap.org/way/505623889,OpenStreetMap via Overpass API exact brand/name selectors,2026-04-23
Travis Perkins,Travis Perkins,Travis Perkins,way,156329065,53.4073862,-1.3607555,,,,Hilti Store Manchester,Manchester,61.31,25+ km lower direct store threat,https://www.openstreetmap.org/way/156329065,OpenStreetMap via Overpass API exact brand/name selectors,2026-04-23
Travis Perkins,Travis Perkins,Travis Perkins,node,471496839,52.0744284,0.4428855,,,,Hilti Store Edmonton,London,61.4,25+ km lower direct store threat,https://www.openstreetmap.org/node/471496839,OpenStreetMap via Overpass API exact brand/name selectors,2026-04-23
Travis Perkins,Travis Perkins,Travis Perkins,way,219770358,52.0748103,0.4425886,,,,Hilti Store Edmonton,London,61.42,25+ km lower direct store threat,https://www.openstreetmap.org/way/219770358,OpenStreetMap via Overpass API exact brand/name selectors,2026-04-23
Travis Perkins,Travis Perkins,Travis Perkins,way,380329661,53.2336054,-1.4375734,,,,Hilti Store Manchester,Manchester,61.71,25+ km lower direct store threat,https://www.openstreetmap.org/way/380329661,OpenStreetMap via Overpass API exact brand/name selectors,2026-04-23
Travis Perkins,Travis Perkins,Travis Perkins,way,127212790,52.8526417,-3.0470792,,,,Hilti Store Liverpool,Liverpool,62.45,25+ km lower direct store threat,https://www.openstreetmap.org/way/127212790,OpenStreetMap via Overpass API exact brand/name selectors,2026-04-23
Travis Perkins,Travis Perkins,Travis Perkins,way,1314382542,52.0367777,-2.4346867,,,,Hilti Store Birmingham,Birmingham,62.61,25+ km lower direct store threat,https://www.openstreetmap.org/way/1314382542,OpenStreetMap via Overpass API exact brand/name selectors,2026-04-23
Travis Perkins,Travis Perkins,Travis Perkins,node,3268232406,51.0962244,0.5263136,,,,Hilti Store Southwark,London,62.97,25+ km lower direct store threat,https://www.openstreetmap.org/node/3268232406,OpenStreetMap via Overpass API exact brand/name selectors,2026-04-23
Travis Perkins,Travis Perkins,Travis Perkins,node,10862450597,52.7430017,-2.7322548,SY1 3TG,Shrewsbury,Vanguard Way,Hilti Store Birmingham,Birmingham,63.43,25+ km lower direct store threat,https://www.openstreetmap.org/node/10862450597,OpenStreetMap via Overpass API exact brand/name selectors,2026-04-23
Travis Perkins,Travis Perkins,Travis Perkins,way,1074782841,51.9404962,-1.554629,,,,Hilti Store Birmingham,Birmingham,65.27,25+ km lower direct store threat,https://www.openstreetmap.org/way/1074782841,OpenStreetMap via Overpass API exact brand/name selectors,2026-04-23
Travis Perkins,Travis Perkins,Travis Perkins,way,424322863,51.9125346,-2.0983085,,,,Hilti Store Birmingham,Birmingham,65.81,25+ km lower direct store threat,https://www.openstreetmap.org/way/424322863,OpenStreetMap via Overpass API exact brand/name selectors,2026-04-23
Travis Perkins,Travis Perkins,Travis Perkins,way,344601448,52.9600354,-1.2946869,DE7 4BY,Ilkeston,Thurman Street,Hilti Store Birmingham,Birmingham,65.83,25+ km lower direct store threat,https://www.openstreetmap.org/way/344601448,OpenStreetMap via Overpass API exact brand/name selectors,2026-04-23
Travis Perkins,Travis Perkins,Travis Perkins,way,126328194,51.4517,-1.0549107,,Reading,,Hilti Store Southwark,London,66.27,25+ km lower direct store threat,https://www.openstreetmap.org/way/126328194,OpenStreetMap via Overpass API exact brand/name selectors,2026-04-23
Travis Perkins,Travis Perkins,Travis Perkins,way,1189678462,52.1948667,0.172919,,,,Hilti Store Edmonton,London,66.48,25+ km lower direct store threat,https://www.openstreetmap.org/way/1189678462,OpenStreetMap via Overpass API exact brand/name selectors,2026-04-23
Travis Perkins,Travis Perkins,Travis Perkins,way,1189678461,52.1951615,0.1733916,CB1 3JS,Cambridge,Coldhams Lane,Hilti Store Edmonton,London,66.52,25+ km lower direct store threat,https://www.openstreetmap.org/way/1189678461,OpenStreetMap via Overpass API exact brand/name selectors,2026-04-23
Travis Perkins,Travis Perkins,Travis Perkins,node,6528406356,53.8269842,-1.4572496,,,,Hilti Store Manchester,Manchester,67.41,25+ km lower direct store threat,https://www.openstreetmap.org/node/6528406356,OpenStreetMap via Overpass API exact brand/name selectors,2026-04-23
Travis Perkins,Travis Perkins,Travis Perkins,way,308752000,50.9033522,-3.4808111,,,,Hilti Store Cardiff,Cardiff,67.47,25+ km lower direct store threat,https://www.openstreetmap.org/way/308752000,OpenStreetMap via Overpass API exact brand/name selectors,2026-04-23
Travis Perkins,Travis Perkins,Travis Perkins,way,645304709,53.6951636,-1.3183936,WF8 4PR,Pontefract,Park Road,Hilti Store Manchester,Manchester,68.39,25+ km lower direct store threat,https://www.openstreetmap.org/way/645304709,OpenStreetMap via Overpass API exact brand/name selectors,2026-04-23
Travis Perkins,Travis Perkins,Travis Perkins,way,1304753812,51.8826504,-2.0750009,,,,Hilti Store Birmingham,Birmingham,68.75,25+ km lower direct store threat,https://www.openstreetmap.org/way/1304753812,OpenStreetMap via Overpass API exact brand/name selectors,2026-04-23
Travis Perkins,Travis Perkins,Travis Perkins,way,1419654934,51.4146251,-2.165854,,,,Hilti Store Cardiff,Cardiff,68.89,25+ km lower direct store threat,https://www.openstreetmap.org/way/1419654934,OpenStreetMap via Overpass API exact brand/name selectors,2026-04-23
Travis Perkins,Travis Perkins,Travis Perkins,way,1319289777,51.0563466,-2.4139975,,,,Hilti Store Cardiff,Cardiff,69.46,25+ km lower direct store threat,https://www.openstreetmap.org/way/1319289777,OpenStreetMap via Overpass API exact brand/name selectors,2026-04-23
Travis Perkins,Travis Perkins,Travis Perkins,way,247955103,52.9367727,-1.1650571,NG2 1LN,Nottingham,Crossgate Drive,Hilti Store Birmingham,Birmingham,69.62,25+ km lower direct store threat,https://www.openstreetmap.org/way/247955103,OpenStreetMap via Overpass API exact brand/name selectors,2026-04-23
Travis Perkins,Travis Perkins,Travis Perkins,way,397866989,53.0184198,-1.3216786,NG16 3RZ,Nottingham,Linkmel Road,Hilti Store Birmingham,Birmingham,70.06,25+ km lower direct store threat,https://www.openstreetmap.org/way/397866989,OpenStreetMap via Overpass API exact brand/name selectors,2026-04-23
Travis Perkins,Travis Perkins,Travis Perkins,way,587065623,52.2337968,0.1347153,,,,Hilti Store Edmonton,London,70.19,25+ km lower direct store threat,https://www.openstreetmap.org/way/587065623,OpenStreetMap via Overpass API exact brand/name selectors,2026-04-23
Travis Perkins,Travis Perkins,Travis Perkins,way,64240846,56.5869514,-3.3299918,,,,Hilti Store Edinburgh,Edinburgh,70.22,25+ km lower direct store threat,https://www.openstreetmap.org/way/64240846,OpenStreetMap via Overpass API exact brand/name selectors,2026-04-23
Travis Perkins,Travis Perkins,Travis Perkins,node,9453862883,53.048546,-1.3856392,,,,Hilti Store Birmingham,Birmingham,70.72,25+ km lower direct store threat,https://www.openstreetmap.org/node/9453862883,OpenStreetMap via Overpass API exact brand/name selectors,2026-04-23
Travis Perkins,Travis Perkins,Travis Perkins,way,552944083,51.4581927,-2.1306597,SN14 0BU,Chippenham,Sheldon Road,Hilti Store Cardiff,Cardiff,70.99,25+ km lower direct store threat,https://www.openstreetmap.org/way/552944083,OpenStreetMap via Overpass API exact brand/name selectors,2026-04-23
Travis Perkins,Travis Perkins,Travis Perkins,way,1230436263,52.0548142,-2.7234855,,,,Hilti Store Cardiff,Cardiff,71.01,25+ km lower direct store threat,https://www.openstreetmap.org/way/1230436263,OpenStreetMap via Overpass API exact brand/name selectors,2026-04-23
Travis Perkins,Travis Perkins,Travis Perkins,way,1129979626,51.7440191,-2.2213824,,,,Hilti Store Cardiff,Cardiff,71.09,25+ km lower direct store threat,https://www.openstreetmap.org/way/1129979626,OpenStreetMap via Overpass API exact brand/name selectors,2026-04-23
Travis Perkins,Travis Perkins,Travis Perkins,way,232753430,51.275915,-1.0654902,,,,Hilti Store Southwark,London,71.53,25+ km lower direct store threat,https://www.openstreetmap.org/way/232753430,OpenStreetMap via Overpass API exact brand/name selectors,2026-04-23
Travis Perkins,Travis Perkins,Travis Perkins,way,156859801,51.6736124,-4.1420191,SA14 9RA,Llanelli,Trostre Road,Hilti Store Cardiff,Cardiff,71.69,25+ km lower direct store threat,https://www.openstreetmap.org/way/156859801,OpenStreetMap via Overpass API exact brand/name selectors,2026-04-23
Travis Perkins,Travis Perkins,Travis Perkins,way,470279536,52.2352488,-0.9164939,NN5 5JR,,Harvey Reeves Road,Hilti Store Birmingham,Birmingham,71.93,25+ km lower direct store threat,https://www.openstreetmap.org/way/470279536,OpenStreetMap via Overpass API exact brand/name selectors,2026-04-23
Travis Perkins,Travis Perkins,Travis Perkins,way,936774319,52.7537665,-0.9094128,,,,Hilti Store Birmingham,Birmingham,72.37,25+ km lower direct store threat,https://www.openstreetmap.org/way/936774319,OpenStreetMap via Overpass API exact brand/name selectors,2026-04-23
Travis Perkins,Travis Perkins,Travis Perkins,way,102355671,52.0231343,-1.1461379,,,,Hilti Store Birmingham,Birmingham,72.54,25+ km lower direct store threat,https://www.openstreetmap.org/way/102355671,OpenStreetMap via Overpass API exact brand/name selectors,2026-04-23
Travis Perkins,Travis Perkins,Travis Perkins,way,1012847883,56.5523553,-2.6159951,DD11 2NJ,Arbroath,,Hilti Store Edinburgh,Edinburgh,72.68,25+ km lower direct store threat,https://www.openstreetmap.org/way/1012847883,OpenStreetMap via Overpass API exact brand/name selectors,2026-04-23
Travis Perkins,Travis Perkins,Travis Perkins,way,254558480,52.4450473,-0.8136663,,,,Hilti Store Birmingham,Birmingham,73.07,25+ km lower direct store threat,https://www.openstreetmap.org/way/254558480,OpenStreetMap via Overpass API exact brand/name selectors,2026-04-23
Travis Perkins,Travis Perkins,Travis Perkins,way,1210078462,54.070798,-2.8627265,LA4 5LL,Morecambe,Euston Grove,Hilti Store Liverpool,Liverpool,73.55,25+ km lower direct store threat,https://www.openstreetmap.org/way/1210078462,OpenStreetMap via Overpass API exact brand/name selectors,2026-04-23
Travis Perkins,Travis Perkins,Travis Perkins,way,1471633110,51.8809041,0.9296218,,,,Hilti Store Edmonton,London,73.56,25+ km lower direct store threat,https://www.openstreetmap.org/way/1471633110,OpenStreetMap via Overpass API exact brand/name selectors,2026-04-23
Travis Perkins,Travis Perkins,Travis Perkins,way,330244636,53.0099566,-1.1887932,NG6 8EP,Nottingham,Leen Drive,Hilti Store Birmingham,Birmingham,74.59,25+ km lower direct store threat,https://www.openstreetmap.org/way/330244636,OpenStreetMap via Overpass API exact brand/name selectors,2026-04-23
Travis Perkins,Travis Perkins,Travis Perkins,node,12345891453,50.8276907,-0.1393726,BN1 4ES,Brighton,Trafalgar Lane,Hilti Store Southwark,London,75.28,25+ km lower direct store threat,https://www.openstreetmap.org/node/12345891453,OpenStreetMap via Overpass API exact brand/name selectors,2026-04-23
Travis Perkins,Travis Perkins,Travis Perkins,way,235901525,50.8320502,-0.2534372,,,,Hilti Store Southwark,London,75.49,25+ km lower direct store threat,https://www.openstreetmap.org/way/235901525,OpenStreetMap via Overpass API exact brand/name selectors,2026-04-23
Travis Perkins,Travis Perkins,Travis Perkins,node,565763579,50.8318811,-0.2532852,,,,Hilti Store Southwark,London,75.51,25+ km lower direct store threat,https://www.openstreetmap.org/node/565763579,OpenStreetMap via Overpass API exact brand/name selectors,2026-04-23
Travis Perkins,Travis Perkins,Travis Perkins,node,565763578,50.8319759,-0.2554118,,,,Hilti Store Southwark,London,75.52,25+ km lower direct store threat,https://www.openstreetmap.org/node/565763578,OpenStreetMap via Overpass API exact brand/name selectors,2026-04-23
Travis Perkins,Travis Perkins,Travis Perkins,way,620660998,50.8608301,0.2476501,,,,Hilti Store Southwark,London,75.58,25+ km lower direct store threat,https://www.openstreetmap.org/way/620660998,OpenStreetMap via Overpass API exact brand/name selectors,2026-04-23
Travis Perkins,Travis Perkins,Travis Perkins,way,108858932,52.2155761,-0.8530571,NN4 7BW,Northampton,Gowerton Road,Hilti Store Birmingham,Birmingham,76.76,25+ km lower direct store threat,https://www.openstreetmap.org/way/108858932,OpenStreetMap via Overpass API exact brand/name selectors,2026-04-23
Travis Perkins,Travis Perkins,Travis Perkins,way,152901525,52.2953299,0.1292729,CB24 8SA,,High Street,Hilti Store Edmonton,London,76.87,25+ km lower direct store threat,https://www.openstreetmap.org/way/152901525,OpenStreetMap via Overpass API exact brand/name selectors,2026-04-23
Travis Perkins,Travis Perkins,Travis Perkins,way,108858960,52.2159642,-0.8480184,NN4 7EX,Northampton,Salthouse Road,Hilti Store Birmingham,Birmingham,77.06,25+ km lower direct store threat,https://www.openstreetmap.org/way/108858960,OpenStreetMap via Overpass API exact brand/name selectors,2026-04-23
Travis Perkins,Travis Perkins,Travis Perkins,way,398734706,51.0746913,-4.0601659,,,,Hilti Store Cardiff,Cardiff,77.08,25+ km lower direct store threat,https://www.openstreetmap.org/way/398734706,OpenStreetMap via Overpass API exact brand/name selectors,2026-04-23
Travis Perkins,Travis Perkins,Travis Perkins,node,1843701795,51.9888335,-0.9913558,,,,Hilti Store Edmonton,London,77.24,25+ km lower direct store threat,https://www.openstreetmap.org/node/1843701795,OpenStreetMap via Overpass API exact brand/name selectors,2026-04-23
Travis Perkins,Travis Perkins,Travis Perkins,way,981388766,50.8282215,-0.3659369,,,,Hilti Store Southwark,London,77.4,25+ km lower direct store threat,https://www.openstreetmap.org/way/981388766,OpenStreetMap via Overpass API exact brand/name selectors,2026-04-23
Travis Perkins,Travis Perkins,Travis Perkins,way,1284521723,53.3143544,-1.1414628,S80 3NE,Worksop,Vesuvius Way,Hilti Store Manchester,Manchester,77.44,25+ km lower direct store threat,https://www.openstreetmap.org/way/1284521723,OpenStreetMap via Overpass API exact brand/name selectors,2026-04-23
Travis Perkins,Travis Perkins,Travis Perkins,node,11056594213,50.8419532,-0.4498992,BN13 3UR,Worthing,Clapham Common,Hilti Store Southwark,London,77.54,25+ km lower direct store threat,https://www.openstreetmap.org/node/11056594213,OpenStreetMap via Overpass API exact brand/name selectors,2026-04-23
Travis Perkins,Travis Perkins,Travis Perkins,way,637975359,52.259532,0.3897486,CB8 7AU,,,Hilti Store Edmonton,London,77.92,25+ km lower direct store threat,https://www.openstreetmap.org/way/637975359,OpenStreetMap via Overpass API exact brand/name selectors,2026-04-23
Travis Perkins,Travis Perkins,Travis Perkins,way,467058333,52.4070339,-0.744402,NN16 8UN,Kettering,Telford Way,Hilti Store Birmingham,Birmingham,78.18,25+ km lower direct store threat,https://www.openstreetmap.org/way/467058333,OpenStreetMap via Overpass API exact brand/name selectors,2026-04-23
Travis Perkins,Travis Perkins,Travis Perkins,way,813650035,51.1421338,0.8717787,TN23 7RP,Ashford,Beaver Road,Hilti Store Southwark,London,78.73,25+ km lower direct store threat,https://www.openstreetmap.org/way/813650035,OpenStreetMap via Overpass API exact brand/name selectors,2026-04-23
Travis Perkins,Travis Perkins,Travis Perkins,way,643087565,51.606905,-1.234388,OX11 8AG,Didcot,,Hilti Store Southwark,London,79.13,25+ km lower direct store threat,https://www.openstreetmap.org/way/643087565,OpenStreetMap via Overpass API exact brand/name selectors,2026-04-23
Travis Perkins,Travis Perkins,Travis Perkins,way,238260900,54.1259594,-2.7692416,LA5 9LG,Carnforth,Oxford Street,Hilti Store Manchester,Manchester,79.94,25+ km lower direct store threat,https://www.openstreetmap.org/way/238260900,OpenStreetMap via Overpass API exact brand/name selectors,2026-04-23
Travis Perkins,Travis Perkins,Travis Perkins,way,338932612,54.1172341,-3.2373242,,,,Hilti Store Liverpool,Liverpool,80.43,25+ km lower direct store threat,https://www.openstreetmap.org/way/338932612,OpenStreetMap via Overpass API exact brand/name selectors,2026-04-23
Travis Perkins,Travis Perkins,Travis Perkins,way,178280261,52.6734249,-0.733309,,,,Hilti Store Birmingham,Birmingham,80.75,25+ km lower direct store threat,https://www.openstreetmap.org/way/178280261,OpenStreetMap via Overpass API exact brand/name selectors,2026-04-23
Travis Perkins,Travis Perkins,Travis Perkins,way,295889921,54.002836,-1.4487383,HG5 8LF,,,Hilti Store Manchester,Manchester,80.86,25+ km lower direct store threat,https://www.openstreetmap.org/way/295889921,OpenStreetMap via Overpass API exact brand/name selectors,2026-04-23
Travis Perkins,Travis Perkins,Travis Perkins,way,1271149320,51.1010823,-4.1532979,,,,Hilti Store Cardiff,Cardiff,80.9,25+ km lower direct store threat,https://www.openstreetmap.org/way/1271149320,OpenStreetMap via Overpass API exact brand/name selectors,2026-04-23
Travis Perkins,Travis Perkins,Travis Perkins,way,546607551,52.339684,-0.18774,PE29 7DG,Huntingdon,,Hilti Store Edmonton,London,81.42,25+ km lower direct store threat,https://www.openstreetmap.org/way/546607551,OpenStreetMap via Overpass API exact brand/name selectors,2026-04-23
Travis Perkins,Travis Perkins,Travis Perkins,way,135354178,50.8071104,-0.5424132,,,,Hilti Store Southwark,London,83.39,25+ km lower direct store threat,https://www.openstreetmap.org/way/135354178,OpenStreetMap via Overpass API exact brand/name selectors,2026-04-23
Travis Perkins,Travis Perkins,Travis Perkins,way,1498168898,51.7763087,-1.4859147,OX28 4FH,Witney,Witan Park,Hilti Store Birmingham,Birmingham,84.06,25+ km lower direct store threat,https://www.openstreetmap.org/way/1498168898,OpenStreetMap via Overpass API exact brand/name selectors,2026-04-23
Travis Perkins,Travis Perkins,Travis Perkins,way,1436553228,51.7757467,-1.4859241,OX28 4FH,Witney,Witan Park,Hilti Store Birmingham,Birmingham,84.11,25+ km lower direct store threat,https://www.openstreetmap.org/way/1436553228,OpenStreetMap via Overpass API exact brand/name selectors,2026-04-23
Travis Perkins,Travis Perkins,Travis Perkins,node,13203804551,51.7757384,-1.4859254,OX28 4FH,Witney,Witan Park,Hilti Store Birmingham,Birmingham,84.12,25+ km lower direct store threat,https://www.openstreetmap.org/node/13203804551,OpenStreetMap via Overpass API exact brand/name selectors,2026-04-23
Travis Perkins,Travis Perkins,Travis Perkins,node,11547267292,50.7285645,-2.9450495,,,,Hilti Store Cardiff,Cardiff,84.26,25+ km lower direct store threat,https://www.openstreetmap.org/node/11547267292,OpenStreetMap via Overpass API exact brand/name selectors,2026-04-23
Travis Perkins,Travis Perkins,Travis Perkins,way,554135984,52.3188932,-0.6797774,NN8 4EY,Wellingborough,Links Road,Hilti Store Birmingham,Birmingham,84.27,25+ km lower direct store threat,https://www.openstreetmap.org/way/554135984,OpenStreetMap via Overpass API exact brand/name selectors,2026-04-23
Travis Perkins,Travis Perkins,Travis Perkins,node,2525938409,51.0185776,-2.1876499,SP7 9HD,,Littledown,Hilti Store Cardiff,Cardiff,84.31,25+ km lower direct store threat,https://www.openstreetmap.org/node/2525938409,OpenStreetMap via Overpass API exact brand/name selectors,2026-04-23
Travis Perkins,Travis Perkins,Travis Perkins,relation,14553398,51.7306847,-4.3072561,,,,Hilti Store Cardiff,Cardiff,84.5,25+ km lower direct store threat,https://www.openstreetmap.org/relation/14553398,OpenStreetMap via Overpass API exact brand/name selectors,2026-04-23
Travis Perkins,Travis Perkins,Travis Perkins,way,912467636,50.8620795,0.5558323,,St Leonards-on-Sea,Springfield Valley Road,Hilti Store Southwark,London,84.85,25+ km lower direct store threat,https://www.openstreetmap.org/way/912467636,OpenStreetMap via Overpass API exact brand/name selectors,2026-04-23
Travis Perkins,Travis Perkins,Travis Perkins,way,368298847,52.6548528,-3.1387567,,,,Hilti Store Liverpool,Liverpool,85.0,25+ km lower direct store threat,https://www.openstreetmap.org/way/368298847,OpenStreetMap via Overpass API exact brand/name selectors,2026-04-23
Travis Perkins,Travis Perkins,Travis Perkins,way,108447191,51.7999912,1.1573595,CO15 3TH,Clacton-on-Sea,Oxford Road,Hilti Store Edmonton,London,85.57,25+ km lower direct store threat,https://www.openstreetmap.org/way/108447191,OpenStreetMap via Overpass API exact brand/name selectors,2026-04-23
Travis Perkins,Travis Perkins,Travis Perkins,way,820493771,50.7747351,0.2884763,,,,Hilti Store Southwark,London,85.57,25+ km lower direct store threat,https://www.openstreetmap.org/way/820493771,OpenStreetMap via Overpass API exact brand/name selectors,2026-04-23
Travis Perkins,Travis Perkins,Travis Perkins,way,373920287,51.7043711,-1.9592593,GL7 1WW,Cirencester,Love Lane,Hilti Store Cardiff,Cardiff,86.47,25+ km lower direct store threat,https://www.openstreetmap.org/way/373920287,OpenStreetMap via Overpass API exact brand/name selectors,2026-04-23
Travis Perkins,Travis Perkins,Travis Perkins,node,12199138171,50.7395231,-2.7455435,DT6 3DJ,Bridport,St Andrew's Road,Hilti Store Cardiff,Cardiff,86.61,25+ km lower direct store threat,https://www.openstreetmap.org/node/12199138171,OpenStreetMap via Overpass API exact brand/name selectors,2026-04-23
Travis Perkins,Travis Perkins,Travis Perkins,node,315537668,51.2919392,1.100205,CT1 1DX,Canterbury,Marshwood Close,Hilti Store Southwark,London,86.66,25+ km lower direct store threat,https://www.openstreetmap.org/node/315537668,OpenStreetMap via Overpass API exact brand/name selectors,2026-04-23
Travis Perkins,Travis Perkins,Travis Perkins,way,254761711,51.7523198,-1.2957605,OX2 0QD,Oxford,West Way,Hilti Store Southwark,London,86.91,25+ km lower direct store threat,https://www.openstreetmap.org/way/254761711,OpenStreetMap via Overpass API exact brand/name selectors,2026-04-23
Travis Perkins,Travis Perkins,Travis Perkins,way,238426473,54.1287294,-1.5045671,HG4 1AJ,,,Hilti Store Manchester,Manchester,89.47,25+ km lower direct store threat,https://www.openstreetmap.org/way/238426473,OpenStreetMap via Overpass API exact brand/name selectors,2026-04-23
Travis Perkins,Travis Perkins,Travis Perkins,node,8986305124,50.7039557,-3.5267253,EX2 8NJ,Exeter,Hennock Road North,Hilti Store Cardiff,Cardiff,89.55,25+ km lower direct store threat,https://www.openstreetmap.org/node/8986305124,OpenStreetMap via Overpass API exact brand/name selectors,2026-04-23
Travis Perkins,Travis Perkins,Travis Perkins,way,224229810,52.399319,0.2728144,CB7 4AS,Ely,Lisle Lane,Hilti Store Edmonton,London,90.18,25+ km lower direct store threat,https://www.openstreetmap.org/way/224229810,OpenStreetMap via Overpass API exact brand/name selectors,2026-04-23
Travis Perkins,Travis Perkins,Travis Perkins,way,1259078161,54.228448,-2.775568,LA7 7RF,Milnthorpe,Grisleymires Lane,Hilti Store Manchester,Manchester,90.62,25+ km lower direct store threat,https://www.openstreetmap.org/way/1259078161,OpenStreetMap via Overpass API exact brand/name selectors,2026-04-23
Travis Perkins,Travis Perkins,Travis Perkins,way,296052464,53.1351878,-4.2711287,,,,Hilti Store Liverpool,Liverpool,92.17,25+ km lower direct store threat,https://www.openstreetmap.org/way/296052464,OpenStreetMap via Overpass API exact brand/name selectors,2026-04-23
Travis Perkins,Travis Perkins,Travis Perkins,way,1466042200,51.563574,-1.8203706,SN5 7UN,Swindon,Westmead Drive,Hilti Store Cardiff,Cardiff,92.88,25+ km lower direct store threat,https://www.openstreetmap.org/way/1466042200,OpenStreetMap via Overpass API exact brand/name selectors,2026-04-23
Travis Perkins,Travis Perkins,Travis Perkins,way,245864254,56.7267356,-2.4623972,DD10 9BD,Montrose,Waldron Road,Hilti Store Edinburgh,Edinburgh,94.22,25+ km lower direct store threat,https://www.openstreetmap.org/way/245864254,OpenStreetMap via Overpass API exact brand/name selectors,2026-04-23
Travis Perkins,Travis Perkins,Travis Perkins,way,821400921,52.4633972,0.0475566,,,,Hilti Store Edmonton,London,94.82,25+ km lower direct store threat,https://www.openstreetmap.org/way/821400921,OpenStreetMap via Overpass API exact brand/name selectors,2026-04-23
Travis Perkins,Travis Perkins,Travis Perkins,way,28943267,52.0616313,1.127698,IP2 0UB,Ipswich,Arkwright Road,Hilti Store Edmonton,London,94.91,25+ km lower direct store threat,https://www.openstreetmap.org/way/28943267,OpenStreetMap via Overpass API exact brand/name selectors,2026-04-23
Travis Perkins,Travis Perkins,Travis Perkins,way,225902620,52.9300727,-4.1434261,,,,Hilti Store Liverpool,Liverpool,95.11,25+ km lower direct store threat,https://www.openstreetmap.org/way/225902620,OpenStreetMap via Overpass API exact brand/name selectors,2026-04-23
Travis Perkins,Travis Perkins,Travis Perkins,node,12127642716,52.1205944,-4.0777995,SA48 8LT,Lampeter,"Llambed Business Park, Tregaron Road",Hilti Store Cardiff,Cardiff,95.82,25+ km lower direct store threat,https://www.openstreetmap.org/node/12127642716,OpenStreetMap via Overpass API exact brand/name selectors,2026-04-23
Travis Perkins,Travis Perkins,Travis Perkins,way,445044314,52.186428,1.0012324,,,,Hilti Store Edmonton,London,96.15,25+ km lower direct store threat,https://www.openstreetmap.org/way/445044314,OpenStreetMap via Overpass API exact brand/name selectors,2026-04-23
Travis Perkins,Travis Perkins,Travis Perkins,way,665769441,52.5121998,-3.314214,,,,Hilti Store Birmingham,Birmingham,96.44,25+ km lower direct store threat,https://www.openstreetmap.org/way/665769441,OpenStreetMap via Overpass API exact brand/name selectors,2026-04-23
Travis Perkins,Travis Perkins,Travis Perkins,way,59109929,53.9586776,-1.0718091,YO31 7UY,York,,Hilti Store Manchester,Manchester,96.5,25+ km lower direct store threat,https://www.openstreetmap.org/way/59109929,OpenStreetMap via Overpass API exact brand/name selectors,2026-04-23
Travis Perkins,Travis Perkins,Travis Perkins,node,11985259510,51.5748986,-1.7677591,,,,Hilti Store Cardiff,Cardiff,96.63,25+ km lower direct store threat,https://www.openstreetmap.org/node/11985259510,OpenStreetMap via Overpass API exact brand/name selectors,2026-04-23
Travis Perkins,Travis Perkins,Travis Perkins,node,5679130432,53.9873002,-1.0972878,YO30 4XE,York,George Cayley Drive,Hilti Store Manchester,Manchester,96.96,25+ km lower direct store threat,https://www.openstreetmap.org/node/5679130432,OpenStreetMap via Overpass API exact brand/name selectors,2026-04-23
Travis Perkins,Travis Perkins,Travis Perkins,way,769262687,52.6633225,-0.4661952,PE9 1XS,Stamford,Gwash Way,Hilti Store Birmingham,Birmingham,98.1,25+ km lower direct store threat,https://www.openstreetmap.org/way/769262687,OpenStreetMap via Overpass API exact brand/name selectors,2026-04-23
Travis Perkins,Travis Perkins,Travis Perkins,way,1190467063,51.0931688,1.1482745,,,,Hilti Store Southwark,London,98.2,25+ km lower direct store threat,https://www.openstreetmap.org/way/1190467063,OpenStreetMap via Overpass API exact brand/name selectors,2026-04-23
Travis Perkins,Travis Perkins,Travis Perkins,way,295802539,51.4182198,-1.7290811,,,,Hilti Store Cardiff,Cardiff,99.03,25+ km lower direct store threat,https://www.openstreetmap.org/way/295802539,OpenStreetMap via Overpass API exact brand/name selectors,2026-04-23
Travis Perkins,Travis Perkins,Travis Perkins,way,200666298,53.0905983,-0.7872615,NG24 2DE,Newark,Brunel Drive,Hilti Store Birmingham,Birmingham,99.75,25+ km lower direct store threat,https://www.openstreetmap.org/way/200666298,OpenStreetMap via Overpass API exact brand/name selectors,2026-04-23
Travis Perkins,Travis Perkins,Travis Perkins,way,992211869,50.7436296,-3.9975473,,,,Hilti Store Cardiff,Cardiff,100.34,25+ km lower direct store threat,https://www.openstreetmap.org/way/992211869,OpenStreetMap via Overpass API exact brand/name selectors,2026-04-23
Travis Perkins,Travis Perkins,Travis Perkins,way,32235666,50.8218974,-1.0528007,PO3 5QH,Portsmouth,,Hilti Store Southwark,London,100.77,25+ km lower direct store threat,https://www.openstreetmap.org/way/32235666,OpenStreetMap via Overpass API exact brand/name selectors,2026-04-23
Travis Perkins,Travis Perkins,Travis Perkins,way,354300786,54.3351765,-2.7420856,LA9 6RX,Kendal,Mintsfeet Trading Estate,Hilti Store Manchester,Manchester,101.1,25+ km lower direct store threat,https://www.openstreetmap.org/way/354300786,OpenStreetMap via Overpass API exact brand/name selectors,2026-04-23
Travis Perkins,Travis Perkins,Travis Perkins,way,153073758,51.2131111,-1.4875372,,,,Hilti Store Southwark,London,101.52,25+ km lower direct store threat,https://www.openstreetmap.org/way/153073758,OpenStreetMap via Overpass API exact brand/name selectors,2026-04-23
Travis Perkins,Travis Perkins,Travis Perkins,way,968530786,52.4366221,0.6076283,IP27 0NZ,Brandon,Wimbledon Avenue,Hilti Store Edmonton,London,101.99,25+ km lower direct store threat,https://www.openstreetmap.org/way/968530786,OpenStreetMap via Overpass API exact brand/name selectors,2026-04-23
Travis Perkins,Travis Perkins,Travis Perkins,way,340899380,51.3690107,1.3889617,CT9 4JF,,Persian Way,Hilti Store Edmonton,London,103.05,25+ km lower direct store threat,https://www.openstreetmap.org/way/340899380,OpenStreetMap via Overpass API exact brand/name selectors,2026-04-23
Travis Perkins,Travis Perkins,Travis Perkins,way,190429577,52.0655179,1.2805741,,,,Hilti Store Edmonton,London,104.19,25+ km lower direct store threat,https://www.openstreetmap.org/way/190429577,OpenStreetMap via Overpass API exact brand/name selectors,2026-04-23
Travis Perkins,Travis Perkins,Travis Perkins,node,11357352877,51.1536834,1.3043468,CT16 3PT,,,Hilti Store Southwark,London,105.18,25+ km lower direct store threat,https://www.openstreetmap.org/node/11357352877,OpenStreetMap via Overpass API exact brand/name selectors,2026-04-23
Travis Perkins,Travis Perkins,Travis Perkins,way,80499173,50.9759175,-1.3615428,SO50 4NU,Eastleigh,Parham Drive,Hilti Store Southwark,London,105.56,25+ km lower direct store threat,https://www.openstreetmap.org/way/80499173,OpenStreetMap via Overpass API exact brand/name selectors,2026-04-23
Travis Perkins,Travis Perkins,Travis Perkins,way,89159280,52.5765768,-0.2191231,,,,Hilti Store Edmonton,London,107.83,25+ km lower direct store threat,https://www.openstreetmap.org/way/89159280,OpenStreetMap via Overpass API exact brand/name selectors,2026-04-23
Travis Perkins,Travis Perkins,Travis Perkins,way,429675834,53.3045749,-4.6314065,LL65 2HY,Caergybi/Holyhead,Kingsland Road,Hilti Store Liverpool,Liverpool,111.25,25+ km lower direct store threat,https://www.openstreetmap.org/way/429675834,OpenStreetMap via Overpass API exact brand/name selectors,2026-04-23
Travis Perkins,Travis Perkins,Travis Perkins,way,306236220,53.9285695,-0.7787632,YO42 2SQ,York,Station Road,Hilti Store Manchester,Manchester,111.38,25+ km lower direct store threat,https://www.openstreetmap.org/way/306236220,OpenStreetMap via Overpass API exact brand/name selectors,2026-04-23
Travis Perkins,Travis Perkins,Travis Perkins,way,93812426,51.7317522,-4.7249285,,,,Hilti Store Cardiff,Cardiff,112.11,25+ km lower direct store threat,https://www.openstreetmap.org/way/93812426,OpenStreetMap via Overpass API exact brand/name selectors,2026-04-23
Travis Perkins,Travis Perkins,Travis Perkins,way,148511211,50.9968617,-1.4971853,,,,Hilti Store Southwark,London,112.32,25+ km lower direct store threat,https://www.openstreetmap.org/way/148511211,OpenStreetMap via Overpass API exact brand/name selectors,2026-04-23
Travis Perkins,Travis Perkins,Travis Perkins,way,201321411,50.4893112,-3.5353166,,,,Hilti Store Cardiff,Cardiff,112.76,25+ km lower direct store threat,https://www.openstreetmap.org/way/201321411,OpenStreetMap via Overpass API exact brand/name selectors,2026-04-23
Travis Perkins,Travis Perkins,Travis Perkins,node,4095048298,50.7186249,-1.1555375,,,,Hilti Store Southwark,London,114.21,25+ km lower direct store threat,https://www.openstreetmap.org/node/4095048298,OpenStreetMap via Overpass API exact brand/name selectors,2026-04-23
Travis Perkins,Travis Perkins,Travis Perkins,way,775589601,52.3790736,1.1060611,IP22 4EH,Diss,Shelfanger Road,Hilti Store Edmonton,London,116.17,25+ km lower direct store threat,https://www.openstreetmap.org/way/775589601,OpenStreetMap via Overpass API exact brand/name selectors,2026-04-23
Travis Perkins,Travis Perkins,Travis Perkins,node,848521210,50.841171,-1.3919887,,,,Hilti Store Southwark,London,116.31,25+ km lower direct store threat,https://www.openstreetmap.org/node/848521210,OpenStreetMap via Overpass API exact brand/name selectors,2026-04-23
Travis Perkins,Travis Perkins,Travis Perkins,way,406963394,52.6575724,0.1525515,PE13 2HH,Wisbech,,Hilti Store Edmonton,London,116.99,25+ km lower direct store threat,https://www.openstreetmap.org/way/406963394,OpenStreetMap via Overpass API exact brand/name selectors,2026-04-23
Travis Perkins,Travis Perkins,Travis Perkins,way,243575694,50.7521207,-1.9264675,,,,Hilti Store Cardiff,Cardiff,117.53,25+ km lower direct store threat,https://www.openstreetmap.org/way/243575694,OpenStreetMap via Overpass API exact brand/name selectors,2026-04-23
Travis Perkins,Travis Perkins,Travis Perkins,way,1228816381,52.4752775,0.95227,,,,Hilti Store Edmonton,London,117.78,25+ km lower direct store threat,https://www.openstreetmap.org/way/1228816381,OpenStreetMap via Overpass API exact brand/name selectors,2026-04-23
Travis Perkins,Travis Perkins,Travis Perkins,way,526577710,52.5890881,-4.0969261,,,,Hilti Store Liverpool,Liverpool,118.81,25+ km lower direct store threat,https://www.openstreetmap.org/way/526577710,OpenStreetMap via Overpass API exact brand/name selectors,2026-04-23
Travis Perkins,Travis Perkins,Travis Perkins,node,12123907721,56.8244223,-5.0870181,,,,Hilti Store Glasgow,Glasgow,119.04,25+ km lower direct store threat,https://www.openstreetmap.org/node/12123907721,OpenStreetMap via Overpass API exact brand/name selectors,2026-04-23
Travis Perkins,Travis Perkins,Travis Perkins,node,13241136475,50.7475584,-1.8782976,,,,Hilti Store Cardiff,Cardiff,120.35,25+ km lower direct store threat,https://www.openstreetmap.org/node/13241136475,OpenStreetMap via Overpass API exact brand/name selectors,2026-04-23
Travis Perkins,Travis Perkins,Travis Perkins,way,722865226,50.8278526,-4.5435685,,,,Hilti Store Cardiff,Cardiff,120.63,25+ km lower direct store threat,https://www.openstreetmap.org/way/722865226,OpenStreetMap via Overpass API exact brand/name selectors,2026-04-23
Travis Perkins,Travis Perkins,Travis Perkins,way,318388378,54.8837479,-2.9338651,CA2 4AX,Carlisle,Currock Road,Hilti Store Edinburgh,Edinburgh,120.89,25+ km lower direct store threat,https://www.openstreetmap.org/way/318388378,OpenStreetMap via Overpass API exact brand/name selectors,2026-04-23
Travis Perkins,Travis Perkins,Travis Perkins,way,136378313,50.4339755,-3.6888092,,,,Hilti Store Cardiff,Cardiff,121.62,25+ km lower direct store threat,https://www.openstreetmap.org/way/136378313,OpenStreetMap via Overpass API exact brand/name selectors,2026-04-23
Travis Perkins,Travis Perkins,Travis Perkins,way,1162824281,50.7304417,-1.8387917,,,Ashley Road,Hilti Store Cardiff,Cardiff,123.68,25+ km lower direct store threat,https://www.openstreetmap.org/way/1162824281,OpenStreetMap via Overpass API exact brand/name selectors,2026-04-23
Travis Perkins,Travis Perkins,Travis Perkins,way,1263209225,50.5384094,-4.1467281,PL19 9QN,Tavistock,Plymouth Road Industrial Estate,Hilti Store Cardiff,Cardiff,125.11,25+ km lower direct store threat,https://www.openstreetmap.org/way/1263209225,OpenStreetMap via Overpass API exact brand/name selectors,2026-04-23
Travis Perkins,Travis Perkins,Travis Perkins,way,394441289,52.6510691,0.6772149,,,,Hilti Store Edmonton,London,125.61,25+ km lower direct store threat,https://www.openstreetmap.org/way/394441289,OpenStreetMap via Overpass API exact brand/name selectors,2026-04-23
Travis Perkins,Travis Perkins,Travis Perkins,node,11435872099,50.616481,-1.2223014,,,,Hilti Store Southwark,London,126.01,25+ km lower direct store threat,https://www.openstreetmap.org/node/11435872099,OpenStreetMap via Overpass API exact brand/name selectors,2026-04-23
Travis Perkins,Travis Perkins,Travis Perkins,way,454871176,50.736996,-1.7534257,BH23 3QA,Christchurch,Somerford Way,Hilti Store Cardiff,Cardiff,127.7,25+ km lower direct store threat,https://www.openstreetmap.org/way/454871176,OpenStreetMap via Overpass API exact brand/name selectors,2026-04-23
Travis Perkins,Travis Perkins,Travis Perkins,way,601097224,50.3531525,-3.5783411,TQ6 9NG,Dartmouth,,Hilti Store Cardiff,Cardiff,128.2,25+ km lower direct store threat,https://www.openstreetmap.org/way/601097224,OpenStreetMap via Overpass API exact brand/name selectors,2026-04-23
Travis Perkins,Travis Perkins,Travis Perkins,node,4375555060,54.5237613,-3.5255754,,,,Hilti Store Liverpool,Liverpool,128.94,25+ km lower direct store threat,https://www.openstreetmap.org/node/4375555060,OpenStreetMap via Overpass API exact brand/name selectors,2026-04-23
Travis Perkins,Travis Perkins,Travis Perkins,node,13342475316,53.3892665,-0.3318349,LN8 3EW,Market Rasen,Jameson Bridge Street,Hilti Store Manchester,Manchester,129.41,25+ km lower direct store threat,https://www.openstreetmap.org/node/13342475316,OpenStreetMap via Overpass API exact brand/name selectors,2026-04-23
Travis Perkins,Travis Perkins,Travis Perkins,way,1420055731,50.7726338,-1.5499391,SO41 8JU,Lymington,Ampress Park,Hilti Store Southwark,London,129.72,25+ km lower direct store threat,https://www.openstreetmap.org/way/1420055731,OpenStreetMap via Overpass API exact brand/name selectors,2026-04-23
Travis Perkins,Travis Perkins,Travis Perkins,way,1314412850,51.7982164,-4.9842512,,,,Hilti Store Cardiff,Cardiff,131.25,25+ km lower direct store threat,https://www.openstreetmap.org/way/1314412850,OpenStreetMap via Overpass API exact brand/name selectors,2026-04-23
Travis Perkins,Travis Perkins,Travis Perkins,node,5448836312,50.747856,-1.6656483,BH25 6QP,New Milton,Manor Farm Close,Hilti Store Cardiff,Cardiff,131.7,25+ km lower direct store threat,https://www.openstreetmap.org/node/5448836312,OpenStreetMap via Overpass API exact brand/name selectors,2026-04-23
Travis Perkins,Travis Perkins,Travis Perkins,way,376737333,52.7654263,0.3965901,,,,Hilti Store Edmonton,London,131.7,25+ km lower direct store threat,https://www.openstreetmap.org/way/376737333,OpenStreetMap via Overpass API exact brand/name selectors,2026-04-23
Travis Perkins,Travis Perkins,Travis Perkins,way,1131178538,51.7268039,-5.0304472,,,,Hilti Store Cardiff,Cardiff,132.51,25+ km lower direct store threat,https://www.openstreetmap.org/way/1131178538,OpenStreetMap via Overpass API exact brand/name selectors,2026-04-23
Travis Perkins,Travis Perkins,Travis Perkins,way,203292781,53.7461271,-0.324436,HU9 1DN,Hull,Clarence Street,Hilti Store Manchester,Manchester,132.73,25+ km lower direct store threat,https://www.openstreetmap.org/way/203292781,OpenStreetMap via Overpass API exact brand/name selectors,2026-04-23
Travis Perkins,Travis Perkins,Travis Perkins,way,336042622,54.6044707,-3.118751,CA12 4LH,Keswick,Penrith Road,Hilti Store Liverpool,Liverpool,132.97,25+ km lower direct store threat,https://www.openstreetmap.org/way/336042622,OpenStreetMap via Overpass API exact brand/name selectors,2026-04-23
Travis Perkins,Travis Perkins,Travis Perkins,node,9004779046,52.5382927,1.1915038,,,,Hilti Store Edmonton,London,133.26,25+ km lower direct store threat,https://www.openstreetmap.org/node/9004779046,OpenStreetMap via Overpass API exact brand/name selectors,2026-04-23
Travis Perkins,Travis Perkins,Travis Perkins,node,3829074794,54.6389437,-1.6965969,,Bishop Auckland,Staindrop Road,Hilti Store Manchester,Manchester,135.72,25+ km lower direct store threat,https://www.openstreetmap.org/node/3829074794,OpenStreetMap via Overpass API exact brand/name selectors,2026-04-23
Travis Perkins,Travis Perkins,Travis Perkins,way,394956648,52.6746205,0.9524308,,,,Hilti Store Edmonton,London,136.37,25+ km lower direct store threat,https://www.openstreetmap.org/way/394956648,OpenStreetMap via Overpass API exact brand/name selectors,2026-04-23
Travis Perkins,Travis Perkins,Travis Perkins,way,190654921,52.9718858,-0.0263687,,,,Hilti Store Birmingham,Birmingham,136.41,25+ km lower direct store threat,https://www.openstreetmap.org/way/190654921,OpenStreetMap via Overpass API exact brand/name selectors,2026-04-23
Travis Perkins,Travis Perkins,Travis Perkins,node,6698465970,54.6668104,-2.7608486,CA11 9BL,Penrith,Gilwilly Road,Hilti Store Manchester,Manchester,136.99,25+ km lower direct store threat,https://www.openstreetmap.org/node/6698465970,OpenStreetMap via Overpass API exact brand/name selectors,2026-04-23
Travis Perkins,Travis Perkins,Travis Perkins,way,240777471,50.417839,-4.2327077,PL12 6LF,Saltash,,Hilti Store Cardiff,Cardiff,139.68,25+ km lower direct store threat,https://www.openstreetmap.org/way/240777471,OpenStreetMap via Overpass API exact brand/name selectors,2026-04-23
Travis Perkins,Travis Perkins,Travis Perkins,way,1230436707,50.3699985,-4.1292658,,,,Hilti Store Cardiff,Cardiff,140.54,25+ km lower direct store threat,https://www.openstreetmap.org/way/1230436707,OpenStreetMap via Overpass API exact brand/name selectors,2026-04-23
Travis Perkins,Travis Perkins,Travis Perkins,way,294333965,54.6388316,-3.561173,,,,Hilti Store Liverpool,Liverpool,141.86,25+ km lower direct store threat,https://www.openstreetmap.org/way/294333965,OpenStreetMap via Overpass API exact brand/name selectors,2026-04-23
Travis Perkins,Travis Perkins,Travis Perkins,node,4432335742,54.9661925,-1.7088984,,,,Hilti Store Edinburgh,Edinburgh,142.78,25+ km lower direct store threat,https://www.openstreetmap.org/node/4432335742,OpenStreetMap via Overpass API exact brand/name selectors,2026-04-23
Travis Perkins,Travis Perkins,Travis Perkins,way,233274332,53.209338,-0.1177907,LN9 5JA,Horncastle,Bridge Street,Hilti Store Birmingham,Birmingham,143.35,25+ km lower direct store threat,https://www.openstreetmap.org/way/233274332,OpenStreetMap via Overpass API exact brand/name selectors,2026-04-23
Travis Perkins,Travis Perkins,Travis Perkins,way,547315153,52.6138109,1.3098164,NR1 2EN,Norwich,Europa Way,Hilti Store Edmonton,London,144.84,25+ km lower direct store threat,https://www.openstreetmap.org/way/547315153,OpenStreetMap via Overpass API exact brand/name selectors,2026-04-23
Travis Perkins,Travis Perkins,Travis Perkins,way,333527164,55.0204949,-1.5433592,,,,Hilti Store Edinburgh,Edinburgh,145.09,25+ km lower direct store threat,https://www.openstreetmap.org/way/333527164,OpenStreetMap via Overpass API exact brand/name selectors,2026-04-23
Travis Perkins,Travis Perkins,Travis Perkins,way,1170049708,52.4635555,1.5663859,,,,Hilti Store Edmonton,London,145.37,25+ km lower direct store threat,https://www.openstreetmap.org/way/1170049708,OpenStreetMap via Overpass API exact brand/name selectors,2026-04-23
Travis Perkins,Travis Perkins,Travis Perkins,way,114868987,53.5756344,-0.0738541,DN31 3LG,Grimsby,Rowlandson Street,Hilti Store Manchester,Manchester,146.38,25+ km lower direct store threat,https://www.openstreetmap.org/way/114868987,OpenStreetMap via Overpass API exact brand/name selectors,2026-04-23
Travis Perkins,Travis Perkins,Travis Perkins,node,11410790664,52.6555022,1.2836342,,,,Hilti Store Edmonton,London,147.29,25+ km lower direct store threat,https://www.openstreetmap.org/node/11410790664,OpenStreetMap via Overpass API exact brand/name selectors,2026-04-23
Travis Perkins,Travis Perkins,Travis Perkins,way,445484512,54.8966996,-1.7313417,,,,Hilti Store Edinburgh,Edinburgh,148.07,25+ km lower direct store threat,https://www.openstreetmap.org/way/445484512,OpenStreetMap via Overpass API exact brand/name selectors,2026-04-23
Travis Perkins,Travis Perkins,Travis Perkins,way,1257419128,52.6284599,1.3844353,NR13 5HB,,,Hilti Store Edmonton,London,149.36,25+ km lower direct store threat,https://www.openstreetmap.org/way/1257419128,OpenStreetMap via Overpass API exact brand/name selectors,2026-04-23
Travis Perkins,Travis Perkins,Travis Perkins,way,501700108,54.2398536,-0.4139521,YO11 3UT,Scarborough,Dunslow Road,Hilti Store Manchester,Manchester,149.55,25+ km lower direct store threat,https://www.openstreetmap.org/way/501700108,OpenStreetMap via Overpass API exact brand/name selectors,2026-04-23
Travis Perkins,Travis Perkins,Travis Perkins,way,1230436711,54.6670933,-1.2140382,,,,Hilti Store Manchester,Manchester,150.45,25+ km lower direct store threat,https://www.openstreetmap.org/way/1230436711,OpenStreetMap via Overpass API exact brand/name selectors,2026-04-23
Travis Perkins,Travis Perkins,Travis Perkins,way,793241020,52.4460948,1.7218093,,,,Hilti Store Edmonton,London,152.42,25+ km lower direct store threat,https://www.openstreetmap.org/way/793241020,OpenStreetMap via Overpass API exact brand/name selectors,2026-04-23
Travis Perkins,Travis Perkins,Travis Perkins,way,194669253,54.7814204,-1.5389337,DH1 2XD,Durham,,Hilti Store Manchester,Manchester,153.89,25+ km lower direct store threat,https://www.openstreetmap.org/way/194669253,OpenStreetMap via Overpass API exact brand/name selectors,2026-04-23
Travis Perkins,Travis Perkins,Travis Perkins,way,242644127,50.4589083,-4.7081647,PL31 1DQ,Bodmin,Woods-Browning Industrial Estate,Hilti Store Cardiff,Cardiff,156.79,25+ km lower direct store threat,https://www.openstreetmap.org/way/242644127,OpenStreetMap via Overpass API exact brand/name selectors,2026-04-23
Travis Perkins,Travis Perkins,Travis Perkins,way,243486056,52.5947815,1.7182309,,,,Hilti Store Edmonton,London,162.67,25+ km lower direct store threat,https://www.openstreetmap.org/way/243486056,OpenStreetMap via Overpass API exact brand/name selectors,2026-04-23
Travis Perkins,Travis Perkins,Travis Perkins,way,1026103474,52.8264297,1.3702574,,,,Hilti Store Edmonton,London,165.94,25+ km lower direct store threat,https://www.openstreetmap.org/way/1026103474,OpenStreetMap via Overpass API exact brand/name selectors,2026-04-23
Travis Perkins,Travis Perkins,Travis Perkins,way,210041502,52.9273716,1.2868505,,Cromer,,Hilti Store Edmonton,London,172.07,25+ km lower direct store threat,https://www.openstreetmap.org/way/210041502,OpenStreetMap via Overpass API exact brand/name selectors,2026-04-23
Travis Perkins,Travis Perkins,Travis Perkins,way,959098649,57.541508,-2.4594929,,,,Hilti Store Edinburgh,Edinburgh,180.03,25+ km lower direct store threat,https://www.openstreetmap.org/way/959098649,OpenStreetMap via Overpass API exact brand/name selectors,2026-04-23
Travis Perkins,Travis Perkins,Travis Perkins,way,67916362,57.4845957,-4.2291066,IV1 1NT,Inverness,Shore Street,Hilti Store Glasgow,Glasgow,181.42,25+ km lower direct store threat,https://www.openstreetmap.org/way/67916362,OpenStreetMap via Overpass API exact brand/name selectors,2026-04-23
Travis Perkins,Travis Perkins,Travis Perkins,way,656018943,50.2655748,-5.1009406,TR1 3LP,Truro,"Treliske Industrial Estate, Oak Lane",Hilti Store Cardiff,Cardiff,191.62,25+ km lower direct store threat,https://www.openstreetmap.org/way/656018943,OpenStreetMap via Overpass API exact brand/name selectors,2026-04-23
Travis Perkins,Travis Perkins,Travis Perkins,way,978237203,57.5991674,-4.4407622,IV15 9QF,Dingwall,,Hilti Store Glasgow,Glasgow,194.41,25+ km lower direct store threat,https://www.openstreetmap.org/way/978237203,OpenStreetMap via Overpass API exact brand/name selectors,2026-04-23
Travis Perkins,Travis Perkins,Travis Perkins,way,717932713,57.6884205,-4.175759,IV18 0EW,Invergordon,High Street,Hilti Store Edinburgh,Edinburgh,201.86,25+ km lower direct store threat,https://www.openstreetmap.org/way/717932713,OpenStreetMap via Overpass API exact brand/name selectors,2026-04-23
Wolseley,Wolseley | Wolseley Plumb & Parts,Wolseley,way,172190965,53.4813513,-2.2757286,,,,Hilti Store Manchester,Manchester,1.58,0-2 km direct local threat,https://www.openstreetmap.org/way/172190965,OpenStreetMap via Overpass API exact brand/name selectors,2026-04-23
Wolseley,Wolseley | Wolseley Plumb & Parts,Wolseley,node,3120449211,55.96304,-3.1652856,,Edinburgh,Hawkhill Avenue,Hilti Store Edinburgh,Edinburgh,2.05,2-5 km strong urban overlap,https://www.openstreetmap.org/node/3120449211,OpenStreetMap via Overpass API exact brand/name selectors,2026-04-23
Wolseley,Wolseley | Wolseley Plumb & Parts,Wolseley,way,127892543,51.6011151,-0.0226466,E17 5DU,London,Waltham Park Way,Hilti Store Edmonton,London,2.12,2-5 km strong urban overlap,https://www.openstreetmap.org/way/127892543,OpenStreetMap via Overpass API exact brand/name selectors,2026-04-23
Wolseley,Wolseley | Wolseley Plumb & Parts,Wolseley,way,409579454,51.6010086,-0.0226183,E17 5DU,London,Waltham Park Way,Hilti Store Edmonton,London,2.13,2-5 km strong urban overlap,https://www.openstreetmap.org/way/409579454,OpenStreetMap via Overpass API exact brand/name selectors,2026-04-23
Wolseley,Wolseley | Wolseley Plumb & Parts,Wolseley,node,10951422057,55.8755493,-4.2629461,,,,Hilti Store Glasgow,Glasgow,2.58,2-5 km strong urban overlap,https://www.openstreetmap.org/node/10951422057,OpenStreetMap via Overpass API exact brand/name selectors,2026-04-23
Wolseley,Wolseley | Wolseley Plumb & Parts,Wolseley,node,11662302391,55.9342389,-3.1463253,EH16 5UY,Peffermill Industrial Estate,,Hilti Store Edinburgh,Edinburgh,3.53,2-5 km strong urban overlap,https://www.openstreetmap.org/node/11662302391,OpenStreetMap via Overpass API exact brand/name selectors,2026-04-23
Wolseley,Wolseley | Wolseley Plumb & Parts,Wolseley,node,12677563334,52.5086843,-1.9708521,,,Doranda Way,Hilti Store Birmingham,Birmingham,5.85,5-10 km metro overlap,https://www.openstreetmap.org/node/12677563334,OpenStreetMap via Overpass API exact brand/name selectors,2026-04-23
Wolseley,Wolseley | Wolseley Plumb & Parts,Wolseley,node,10949097579,53.4663614,-2.9937851,,,,Hilti Store Liverpool,Liverpool,6.33,5-10 km metro overlap,https://www.openstreetmap.org/node/10949097579,OpenStreetMap via Overpass API exact brand/name selectors,2026-04-23
Wolseley,Wolseley | Wolseley Plumb & Parts,Wolseley,node,10951424190,55.8033297,-4.3273205,,,,Hilti Store Glasgow,Glasgow,6.46,5-10 km metro overlap,https://www.openstreetmap.org/node/10951424190,OpenStreetMap via Overpass API exact brand/name selectors,2026-04-23
Wolseley,Wolseley | Wolseley Plumb & Parts,Wolseley,node,13056118130,51.4457809,-0.1452936,SW12 0PS,London,Zennor Road Industrial Estate,Hilti Store Southwark,London,7.17,5-10 km metro overlap,https://www.openstreetmap.org/node/13056118130,OpenStreetMap via Overpass API exact brand/name selectors,2026-04-23
Wolseley,Wolseley | Wolseley Plumb & Parts,Wolseley,way,1430101237,52.5021361,-1.9952656,,,Redwood Trade Park,Hilti Store Birmingham,Birmingham,7.25,5-10 km metro overlap,https://www.openstreetmap.org/way/1430101237,OpenStreetMap via Overpass API exact brand/name selectors,2026-04-23
Wolseley,Wolseley | Wolseley Plumb & Parts,Wolseley,node,3851589997,55.9355099,-3.2426706,EH11 2RN,Edinburgh,Gorgie Road,Hilti Store Edinburgh,Edinburgh,7.61,5-10 km metro overlap,https://www.openstreetmap.org/node/3851589997,OpenStreetMap via Overpass API exact brand/name selectors,2026-04-23
Wolseley,Wolseley | Wolseley Plumb & Parts,Wolseley,way,223478954,51.5804271,-0.1530042,,,,Hilti Store Edmonton,London,8.14,5-10 km metro overlap,https://www.openstreetmap.org/way/223478954,OpenStreetMap via Overpass API exact brand/name selectors,2026-04-23
Wolseley,Wolseley | Wolseley Plumb & Parts,Wolseley,way,191368665,52.5299716,-1.7806223,B76 1DH,,Stockton Close,Hilti Store Birmingham,Birmingham,8.6,5-10 km metro overlap,https://www.openstreetmap.org/way/191368665,OpenStreetMap via Overpass API exact brand/name selectors,2026-04-23
Wolseley,Wolseley | Wolseley Plumb & Parts,Wolseley,way,740817888,51.6189167,-0.1782713,N12 8QA,London,Finchley Industrial Centre,Hilti Store Edmonton,London,9.08,5-10 km metro overlap,https://www.openstreetmap.org/way/740817888,OpenStreetMap via Overpass API exact brand/name selectors,2026-04-23
Wolseley,Wolseley | Wolseley Plumb & Parts,Wolseley,node,12925609366,51.4910355,0.0293659,,,,Hilti Store Southwark,London,9.19,5-10 km metro overlap,https://www.openstreetmap.org/node/12925609366,OpenStreetMap via Overpass API exact brand/name selectors,2026-04-23
Wolseley,Wolseley | Wolseley Plumb & Parts,Wolseley,way,555320958,51.432101,-0.0324846,SE26 4PR,London,,Hilti Store Southwark,London,9.35,5-10 km metro overlap,https://www.openstreetmap.org/way/555320958,OpenStreetMap via Overpass API exact brand/name selectors,2026-04-23
Wolseley,Wolseley | Wolseley Plumb & Parts,Wolseley,node,3567214645,55.9291553,-3.297413,EH12 9EB,Edinburgh,South Gyle Crescent,Hilti Store Edinburgh,Edinburgh,11.02,10-25 km regional catchment,https://www.openstreetmap.org/node/3567214645,OpenStreetMap via Overpass API exact brand/name selectors,2026-04-23
Wolseley,Wolseley | Wolseley Plumb & Parts,Wolseley,way,1425516370,55.92702,-3.2964642,,,,Hilti Store Edinburgh,Edinburgh,11.05,10-25 km regional catchment,https://www.openstreetmap.org/way/1425516370,OpenStreetMap via Overpass API exact brand/name selectors,2026-04-23
Wolseley,Wolseley | Wolseley Plumb & Parts,Wolseley,way,313914304,55.9269724,-3.2967797,,,,Hilti Store Edinburgh,Edinburgh,11.07,10-25 km regional catchment,https://www.openstreetmap.org/way/313914304,OpenStreetMap via Overpass API exact brand/name selectors,2026-04-23
Wolseley,Wolseley | Wolseley Plumb & Parts,Wolseley,node,777995496,52.3981669,-1.8089423,B90 4QN,Solihull,Maidwell Drive,Hilti Store Birmingham,Birmingham,11.63,10-25 km regional catchment,https://www.openstreetmap.org/node/777995496,OpenStreetMap via Overpass API exact brand/name selectors,2026-04-23
Wolseley,Wolseley | Wolseley Plumb & Parts,Wolseley,node,10949032753,53.484137,-2.1020982,,,,Hilti Store Manchester,Manchester,11.97,10-25 km regional catchment,https://www.openstreetmap.org/node/10949032753,OpenStreetMap via Overpass API exact brand/name selectors,2026-04-23
Wolseley,Wolseley | Wolseley Plumb & Parts,Wolseley,node,11397680924,51.4125294,-0.1955505,,,,Hilti Store Southwark,London,12.1,10-25 km regional catchment,https://www.openstreetmap.org/node/11397680924,OpenStreetMap via Overpass API exact brand/name selectors,2026-04-23
Wolseley,Wolseley | Wolseley Plumb & Parts,Wolseley,way,482702724,53.4163704,-2.7774459,,,,Hilti Store Liverpool,Liverpool,12.41,10-25 km regional catchment,https://www.openstreetmap.org/way/482702724,OpenStreetMap via Overpass API exact brand/name selectors,2026-04-23
Wolseley,Wolseley | Wolseley Plumb & Parts,Wolseley,node,10949039499,51.5319945,0.1063791,,,,Hilti Store Edmonton,London,13.89,10-25 km regional catchment,https://www.openstreetmap.org/node/10949039499,OpenStreetMap via Overpass API exact brand/name selectors,2026-04-23
Wolseley,Wolseley | Wolseley Plumb & Parts,Wolseley,node,13203307133,51.7040528,-0.1995413,EN6 3QW,Potters Bar,Summit Road,Hilti Store Edmonton,London,14.62,10-25 km regional catchment,https://www.openstreetmap.org/node/13203307133,OpenStreetMap via Overpass API exact brand/name selectors,2026-04-23
Wolseley,Wolseley | Wolseley Plumb & Parts,Wolseley,node,6503338421,51.3721001,-0.1168002,CR0 4NU,Croydon,Purley Way,Hilti Store Southwark,London,14.74,10-25 km regional catchment,https://www.openstreetmap.org/node/6503338421,OpenStreetMap via Overpass API exact brand/name selectors,2026-04-23
Wolseley,Wolseley | Wolseley Plumb & Parts,Wolseley,node,11341045994,53.547926,-2.100885,OL1 4EB,Oldham,Oldham Central Trading Park,Hilti Store Manchester,Manchester,14.88,10-25 km regional catchment,https://www.openstreetmap.org/node/11341045994,OpenStreetMap via Overpass API exact brand/name selectors,2026-04-23
Wolseley,Wolseley | Wolseley Plumb & Parts,Wolseley,way,213504633,51.3818731,-0.0145183,,,,Hilti Store Southwark,London,14.89,10-25 km regional catchment,https://www.openstreetmap.org/way/213504633,OpenStreetMap via Overpass API exact brand/name selectors,2026-04-23
Wolseley,Wolseley | Wolseley Plumb & Parts,Wolseley,way,213504629,51.3818385,-0.0143658,,,,Hilti Store Southwark,London,14.9,10-25 km regional catchment,https://www.openstreetmap.org/way/213504629,OpenStreetMap via Overpass API exact brand/name selectors,2026-04-23
Wolseley,Wolseley | Wolseley Plumb & Parts,Wolseley,node,13203516512,51.7062005,-0.2036415,EN6 3DQ,Potters Bar,Cranborne Road,Hilti Store Edmonton,London,14.99,10-25 km regional catchment,https://www.openstreetmap.org/node/13203516512,OpenStreetMap via Overpass API exact brand/name selectors,2026-04-23
Wolseley,Wolseley | Wolseley Plumb & Parts,Wolseley,node,8449676985,51.443932,-0.3380587,,Twickenham,Heathlands Close,Hilti Store Southwark,London,17.69,10-25 km regional catchment,https://www.openstreetmap.org/node/8449676985,OpenStreetMap via Overpass API exact brand/name selectors,2026-04-23
Wolseley,Wolseley | Wolseley Plumb & Parts,Wolseley,node,5012761593,55.9300796,-3.4146667,EH28 8PW,Edinburgh,Cliftonhall Road,Hilti Store Edinburgh,Edinburgh,18.0,10-25 km regional catchment,https://www.openstreetmap.org/node/5012761593,OpenStreetMap via Overpass API exact brand/name selectors,2026-04-23
Wolseley,Wolseley | Wolseley Plumb & Parts,Wolseley,node,9925753599,56.1264029,-3.1686056,,,,Hilti Store Edinburgh,Edinburgh,18.08,10-25 km regional catchment,https://www.openstreetmap.org/node/9925753599,OpenStreetMap via Overpass API exact brand/name selectors,2026-04-23
Wolseley,Wolseley | Wolseley Plumb & Parts,Wolseley,node,10905432100,51.5910445,-0.327115,,,,Hilti Store Southwark,London,18.33,10-25 km regional catchment,https://www.openstreetmap.org/node/10905432100,OpenStreetMap via Overpass API exact brand/name selectors,2026-04-23
Wolseley,Wolseley | Wolseley Plumb & Parts,Wolseley,way,275871734,52.5766206,-2.1248432,WV2 3LT,Wolverhampton,Birmingham Road,Hilti Store Birmingham,Birmingham,18.56,10-25 km regional catchment,https://www.openstreetmap.org/way/275871734,OpenStreetMap via Overpass API exact brand/name selectors,2026-04-23
Wolseley,Wolseley | Wolseley Plumb & Parts,Wolseley,node,9904482732,53.3964771,-2.5415518,WA1 4AG,Warrington,New Cut Lane,Hilti Store Manchester,Manchester,18.99,10-25 km regional catchment,https://www.openstreetmap.org/node/9904482732,OpenStreetMap via Overpass API exact brand/name selectors,2026-04-23
Wolseley,Wolseley | Wolseley Plumb & Parts,Wolseley,way,758637321,51.389023,0.1088613,,Orpington,Cray Avenue,Hilti Store Southwark,London,19.42,10-25 km regional catchment,https://www.openstreetmap.org/way/758637321,OpenStreetMap via Overpass API exact brand/name selectors,2026-04-23
Wolseley,Wolseley | Wolseley Plumb & Parts,Wolseley,way,97117870,51.3411296,-2.960083,BS23 3XP,Weston-super-Mare,,Hilti Store Cardiff,Cardiff,20.1,10-25 km regional catchment,https://www.openstreetmap.org/way/97117870,OpenStreetMap via Overpass API exact brand/name selectors,2026-04-23
Wolseley,Wolseley | Wolseley Plumb & Parts,Wolseley Plumb Centre Blackwood,node,12215894179,51.6583942,-3.1753719,NP12 2XF,Newport,,Hilti Store Cardiff,Cardiff,20.46,10-25 km regional catchment,https://www.openstreetmap.org/node/12215894179,OpenStreetMap via Overpass API exact brand/name selectors,2026-04-23
Wolseley,Wolseley | Wolseley Plumb & Parts,Wolseley,node,11508822251,51.4008468,-0.3574278,,,Walton Road,Hilti Store Southwark,London,21.12,10-25 km regional catchment,https://www.openstreetmap.org/node/11508822251,OpenStreetMap via Overpass API exact brand/name selectors,2026-04-23
Wolseley,Wolseley | Wolseley Plumb & Parts,Wolseley,way,76473517,52.6244479,-1.6685351,,,,Hilti Store Birmingham,Birmingham,21.12,10-25 km regional catchment,https://www.openstreetmap.org/way/76473517,OpenStreetMap via Overpass API exact brand/name selectors,2026-04-23
Wolseley,Wolseley | Wolseley Plumb & Parts,Wolseley,way,343578273,52.3172528,-2.0605421,B60 3EX,,Aston Road,Hilti Store Birmingham,Birmingham,22.47,10-25 km regional catchment,https://www.openstreetmap.org/way/343578273,OpenStreetMap via Overpass API exact brand/name selectors,2026-04-23
Wolseley,Wolseley | Wolseley Plumb & Parts,Wolseley,way,311880039,55.9103371,-3.4971035,EH54 5PF,Livingston,Kelvin Square,Hilti Store Edinburgh,Edinburgh,23.51,10-25 km regional catchment,https://www.openstreetmap.org/way/311880039,OpenStreetMap via Overpass API exact brand/name selectors,2026-04-23
Wolseley,Wolseley | Wolseley Plumb & Parts,Wolseley,node,1764424179,51.7496499,-0.3145639,AL1 5HT,St Albans,Campfield Road,Hilti Store Edmonton,London,23.92,10-25 km regional catchment,https://www.openstreetmap.org/node/1764424179,OpenStreetMap via Overpass API exact brand/name selectors,2026-04-23
Wolseley,Wolseley | Wolseley Plumb & Parts,Wolseley,node,11832692641,56.1843111,-3.1461085,,,,Hilti Store Edinburgh,Edinburgh,24.39,10-25 km regional catchment,https://www.openstreetmap.org/node/11832692641,OpenStreetMap via Overpass API exact brand/name selectors,2026-04-23
Wolseley,Wolseley | Wolseley Plumb & Parts,Wolseley,way,910152790,51.5099565,-0.4625238,,,,Hilti Store Southwark,London,24.98,10-25 km regional catchment,https://www.openstreetmap.org/way/910152790,OpenStreetMap via Overpass API exact brand/name selectors,2026-04-23
Wolseley,Wolseley | Wolseley Plumb & Parts,Wolseley,node,10957889567,51.3765179,-0.4082081,,,,Hilti Store Southwark,London,25.55,25+ km lower direct store threat,https://www.openstreetmap.org/node/10957889567,OpenStreetMap via Overpass API exact brand/name selectors,2026-04-23
Wolseley,Wolseley | Wolseley Plumb & Parts,Wolseley,way,415100948,51.4788593,0.271527,RM20 3FH,West Thurrock,Eastern Avenue,Hilti Store Southwark,London,26.0,25+ km lower direct store threat,https://www.openstreetmap.org/way/415100948,OpenStreetMap via Overpass API exact brand/name selectors,2026-04-23
Wolseley,Wolseley | Wolseley Plumb & Parts,Wolseley,way,217363709,52.4238769,-1.5093089,CV1 4DW,Coventry,Kingfield Road,Hilti Store Birmingham,Birmingham,26.82,25+ km lower direct store threat,https://www.openstreetmap.org/way/217363709,OpenStreetMap via Overpass API exact brand/name selectors,2026-04-23
Wolseley,Wolseley | Wolseley Plumb & Parts,Wolseley,way,63703218,52.3756176,-2.2517441,DY10 1HY,,Worcester Road,Hilti Store Birmingham,Birmingham,27.66,25+ km lower direct store threat,https://www.openstreetmap.org/way/63703218,OpenStreetMap via Overpass API exact brand/name selectors,2026-04-23
Wolseley,Wolseley | Wolseley Plumb & Parts,Wolseley Plumb & Parts,node,13741168243,51.2911693,0.1936547,TN14 5DQ,Sevenoaks,Cramptons Road,Hilti Store Southwark,London,31.33,25+ km lower direct store threat,https://www.openstreetmap.org/node/13741168243,OpenStreetMap via Overpass API exact brand/name selectors,2026-04-23
Wolseley,Wolseley | Wolseley Plumb & Parts,Wolseley,way,1339321081,51.8719182,0.1789666,CM23 5PJ,Bishop's Stortford,Raynham Close,Hilti Store Edmonton,London,32.77,25+ km lower direct store threat,https://www.openstreetmap.org/way/1339321081,OpenStreetMap via Overpass API exact brand/name selectors,2026-04-23
Wolseley,Wolseley | Wolseley Plumb & Parts,Wolseley,node,8115176953,53.6753294,-2.655623,PR7 7EL,Chorley,Buckshaw Link,Hilti Store Manchester,Manchester,33.86,25+ km lower direct store threat,https://www.openstreetmap.org/node/8115176953,OpenStreetMap via Overpass API exact brand/name selectors,2026-04-23
Wolseley,Wolseley | Wolseley Plumb & Parts,Wolseley,way,317313653,53.1927102,-2.5268352,CW7 2BD,Winsford,Sadler Road,Hilti Store Manchester,Manchester,34.65,25+ km lower direct store threat,https://www.openstreetmap.org/way/317313653,OpenStreetMap via Overpass API exact brand/name selectors,2026-04-23
Wolseley,Wolseley | Wolseley Plumb & Parts,Wolseley,way,1178749206,55.6087412,-4.6425672,KA11 4JT,Irvine,,Hilti Store Glasgow,Glasgow,35.64,25+ km lower direct store threat,https://www.openstreetmap.org/way/1178749206,OpenStreetMap via Overpass API exact brand/name selectors,2026-04-23
Wolseley,Wolseley | Wolseley Plumb & Parts,Wolseley,way,280903118,53.3163992,-3.4788206,LL18 2PH,Rhyl,Vale Road,Hilti Store Liverpool,Liverpool,35.74,25+ km lower direct store threat,https://www.openstreetmap.org/way/280903118,OpenStreetMap via Overpass API exact brand/name selectors,2026-04-23
Wolseley,Wolseley | Wolseley Plumb & Parts,Wolseley,node,10957775708,56.1137962,-3.9265823,,,,Hilti Store Glasgow,Glasgow,36.16,25+ km lower direct store threat,https://www.openstreetmap.org/node/10957775708,OpenStreetMap via Overpass API exact brand/name selectors,2026-04-23
Wolseley,Wolseley | Wolseley Plumb & Parts,Wolseley,way,55433369,52.214978,-2.1738238,,,,Hilti Store Birmingham,Birmingham,36.2,25+ km lower direct store threat,https://www.openstreetmap.org/way/55433369,OpenStreetMap via Overpass API exact brand/name selectors,2026-04-23
Wolseley,Wolseley | Wolseley Plumb & Parts,Wolseley,node,7176802988,51.5193574,-0.6252023,,,,Hilti Store Southwark,London,36.26,25+ km lower direct store threat,https://www.openstreetmap.org/node/7176802988,OpenStreetMap via Overpass API exact brand/name selectors,2026-04-23
Wolseley,Wolseley | Wolseley Plumb & Parts,Wolseley,way,265516576,52.2155402,-2.1967415,,,,Hilti Store Birmingham,Birmingham,37.0,25+ km lower direct store threat,https://www.openstreetmap.org/way/265516576,OpenStreetMap via Overpass API exact brand/name selectors,2026-04-23
Wolseley,Wolseley | Wolseley Plumb & Parts,Wolseley,node,11988816857,51.6713858,-0.5881934,,,,Hilti Store Edmonton,London,37.9,25+ km lower direct store threat,https://www.openstreetmap.org/node/11988816857,OpenStreetMap via Overpass API exact brand/name selectors,2026-04-23
Wolseley,Wolseley | Wolseley Plumb & Parts,Wolseley,way,201738350,53.6400778,-1.7853301,HD1 3ER,Huddersfield,Colne Road,Hilti Store Manchester,Manchester,37.94,25+ km lower direct store threat,https://www.openstreetmap.org/way/201738350,OpenStreetMap via Overpass API exact brand/name selectors,2026-04-23
Wolseley,Wolseley | Wolseley Plumb & Parts,Wolseley,node,4193517408,51.8772765,-0.4047069,,Luton,Thistle Road,Hilti Store Edmonton,London,38.37,25+ km lower direct store threat,https://www.openstreetmap.org/node/4193517408,OpenStreetMap via Overpass API exact brand/name selectors,2026-04-23
Wolseley,Wolseley | Wolseley Plumb & Parts,Wolseley,way,190594116,51.467469,-2.5889773,BS6 5EE,Bristol,Station Road,Hilti Store Cardiff,Cardiff,39.23,25+ km lower direct store threat,https://www.openstreetmap.org/way/190594116,OpenStreetMap via Overpass API exact brand/name selectors,2026-04-23
Wolseley,Wolseley | Wolseley Plumb & Parts,Wolseley,node,6757989446,51.8184262,-3.016271,,,,Hilti Store Cardiff,Cardiff,39.4,25+ km lower direct store threat,https://www.openstreetmap.org/node/6757989446,OpenStreetMap via Overpass API exact brand/name selectors,2026-04-23
Wolseley,Wolseley | Wolseley Plumb & Parts,Wolseley,node,11229594229,54.2617138,-5.9283773,,Castlewellan,Mill Hill,Hilti Store Belfast,Belfast,40.38,25+ km lower direct store threat,https://www.openstreetmap.org/node/11229594229,OpenStreetMap via Overpass API exact brand/name selectors,2026-04-23
Wolseley,Wolseley | Wolseley Plumb & Parts,Wolseley,way,1025368802,51.7426412,0.5077637,CM2 6UN,Chelmsford,Suffolk Drive,Hilti Store Edmonton,London,40.9,25+ km lower direct store threat,https://www.openstreetmap.org/way/1025368802,OpenStreetMap via Overpass API exact brand/name selectors,2026-04-23
Wolseley,Wolseley | Wolseley Plumb & Parts,Wolseley,way,515090018,51.4508307,-2.5622529,,,,Hilti Store Cardiff,Cardiff,41.16,25+ km lower direct store threat,https://www.openstreetmap.org/way/515090018,OpenStreetMap via Overpass API exact brand/name selectors,2026-04-23
Wolseley,Wolseley | Wolseley Plumb & Parts,Wolseley,way,874792373,53.0418618,-2.9866677,LL13 8DT,Wrexham,Rivulet Road,Hilti Store Liverpool,Liverpool,41.2,25+ km lower direct store threat,https://www.openstreetmap.org/way/874792373,OpenStreetMap via Overpass API exact brand/name selectors,2026-04-23
Wolseley,Wolseley | Wolseley Plumb & Parts,Wolseley,node,13113179488,51.1318562,-0.1681356,,,,Hilti Store Southwark,London,41.67,25+ km lower direct store threat,https://www.openstreetmap.org/node/13113179488,OpenStreetMap via Overpass API exact brand/name selectors,2026-04-23
Wolseley,Wolseley | Wolseley Plumb & Parts,Wolseley,way,900510266,51.1330946,-0.0151347,RH19 2HH,East Grinstead,Charlwoods Business Centre,Hilti Store Southwark,London,41.71,25+ km lower direct store threat,https://www.openstreetmap.org/way/900510266,OpenStreetMap via Overpass API exact brand/name selectors,2026-04-23
Wolseley,Wolseley | Wolseley Plumb & Parts,Wolseley,way,91897990,53.0961087,-2.4311881,CW1 6DL,Crewe,Macon Way,Hilti Store Manchester,Manchester,42.49,25+ km lower direct store threat,https://www.openstreetmap.org/way/91897990,OpenStreetMap via Overpass API exact brand/name selectors,2026-04-23
Wolseley,Wolseley | Wolseley Plumb & Parts,Wolseley,node,10957896420,51.1941137,0.2849901,,,,Hilti Store Southwark,London,43.71,25+ km lower direct store threat,https://www.openstreetmap.org/node/10957896420,OpenStreetMap via Overpass API exact brand/name selectors,2026-04-23
Wolseley,Wolseley | Wolseley Plumb & Parts,Wolseley,node,2882477891,51.6214192,-0.7233382,HP11 1LH,High Wycombe,London Road,Hilti Store Southwark,London,44.9,25+ km lower direct store threat,https://www.openstreetmap.org/node/2882477891,OpenStreetMap via Overpass API exact brand/name selectors,2026-04-23
Wolseley,Wolseley | Wolseley Plumb & Parts,Wolseley,way,371772231,55.6086348,-2.7881173,,,,Hilti Store Edinburgh,Edinburgh,45.1,25+ km lower direct store threat,https://www.openstreetmap.org/way/371772231,OpenStreetMap via Overpass API exact brand/name selectors,2026-04-23
Wolseley,Wolseley | Wolseley Plumb & Parts,Wolseley,way,326373218,56.3302207,-2.8048377,KY16 8YB,St. Andrews,Tom Stewart Lane,Hilti Store Edinburgh,Edinburgh,45.39,25+ km lower direct store threat,https://www.openstreetmap.org/way/326373218,OpenStreetMap via Overpass API exact brand/name selectors,2026-04-23
Wolseley,Wolseley | Wolseley Plumb & Parts,Wolseley,way,55840096,51.2915972,0.4671675,ME20 7TQ,Aylesford,Lake Road,Hilti Store Southwark,London,46.01,25+ km lower direct store threat,https://www.openstreetmap.org/way/55840096,OpenStreetMap via Overpass API exact brand/name selectors,2026-04-23
Wolseley,Wolseley | Wolseley Plumb & Parts,Wolseley Plumb & Parts,node,9321162756,53.077334,-2.5151232,CW5 6PQ,Nantwich,Beam Heath Way,Hilti Store Manchester,Manchester,46.1,25+ km lower direct store threat,https://www.openstreetmap.org/node/9321162756,OpenStreetMap via Overpass API exact brand/name selectors,2026-04-23
Wolseley,Wolseley | Wolseley Plumb & Parts,Wolseley Plumb & Parts,node,9756926956,53.8367129,-3.0235378,FY3 7UN,Blackpool,Mowbray Drive,Hilti Store Liverpool,Liverpool,47.37,25+ km lower direct store threat,https://www.openstreetmap.org/node/9756926956,OpenStreetMap via Overpass API exact brand/name selectors,2026-04-23
Wolseley,Wolseley | Wolseley Plumb & Parts,Wolseley,way,122074916,51.0250908,-3.0873245,TA2 8DE,Taunton,Venture Way,Hilti Store Cardiff,Cardiff,50.23,25+ km lower direct store threat,https://www.openstreetmap.org/way/122074916,OpenStreetMap via Overpass API exact brand/name selectors,2026-04-23
Wolseley,Wolseley | Wolseley Plumb & Parts,Wolseley,node,11397089630,53.7875525,-1.7416673,BD4 7AQ,Bradford,Windsor Street,Hilti Store Manchester,Manchester,50.3,25+ km lower direct store threat,https://www.openstreetmap.org/node/11397089630,OpenStreetMap via Overpass API exact brand/name selectors,2026-04-23
Wolseley,Wolseley | Wolseley Plumb & Parts,Wolseley,way,205094201,51.5415162,-2.4353146,,,,Hilti Store Cardiff,Cardiff,50.37,25+ km lower direct store threat,https://www.openstreetmap.org/way/205094201,OpenStreetMap via Overpass API exact brand/name selectors,2026-04-23
Wolseley,Wolseley | Wolseley Plumb & Parts,Wolseley,way,398812887,53.2902711,-3.7056133,LL29 9YF,Old Colwyn,Abergele Road,Hilti Store Liverpool,Liverpool,51.01,25+ km lower direct store threat,https://www.openstreetmap.org/way/398812887,OpenStreetMap via Overpass API exact brand/name selectors,2026-04-23
Wolseley,Wolseley | Wolseley Plumb & Parts,Wolseley,node,11638356121,53.4093128,-1.4966136,,,,Hilti Store Manchester,Manchester,52.34,25+ km lower direct store threat,https://www.openstreetmap.org/node/11638356121,OpenStreetMap via Overpass API exact brand/name selectors,2026-04-23
Wolseley,Wolseley | Wolseley Plumb & Parts,Wolseley,way,409117762,52.6184291,-1.1331685,,,,Hilti Store Birmingham,Birmingham,53.1,25+ km lower direct store threat,https://www.openstreetmap.org/way/409117762,OpenStreetMap via Overpass API exact brand/name selectors,2026-04-23
Wolseley,Wolseley | Wolseley Plumb & Parts,Wolseley,way,320892572,52.6400673,-1.1389689,LE1 4BX,Leicester,Craven Street,Hilti Store Birmingham,Birmingham,53.41,25+ km lower direct store threat,https://www.openstreetmap.org/way/320892572,OpenStreetMap via Overpass API exact brand/name selectors,2026-04-23
Wolseley,Wolseley | Wolseley Plumb & Parts,Wolseley,way,61570035,52.8982498,-1.4541891,DE24 8HJ,Derby,Dunstall Park Road,Hilti Store Birmingham,Birmingham,54.02,25+ km lower direct store threat,https://www.openstreetmap.org/way/61570035,OpenStreetMap via Overpass API exact brand/name selectors,2026-04-23
Wolseley,Wolseley | Wolseley Plumb & Parts,Wolseley,way,61570038,52.8982902,-1.454434,DE24 8HJ,Derby,Dunstall Park Road,Hilti Store Birmingham,Birmingham,54.02,25+ km lower direct store threat,https://www.openstreetmap.org/way/61570038,OpenStreetMap via Overpass API exact brand/name selectors,2026-04-23
Wolseley,Wolseley | Wolseley Plumb & Parts,Wolseley,way,61568174,52.898193,-1.4538518,DE24 8HJ,Derby,Dunstall Park Road,Hilti Store Birmingham,Birmingham,54.03,25+ km lower direct store threat,https://www.openstreetmap.org/way/61568174,OpenStreetMap via Overpass API exact brand/name selectors,2026-04-23
Wolseley,Wolseley | Wolseley Plumb & Parts,Wolseley,way,1063687127,53.5599454,-1.472366,,,,Hilti Store Manchester,Manchester,54.43,25+ km lower direct store threat,https://www.openstreetmap.org/way/1063687127,OpenStreetMap via Overpass API exact brand/name selectors,2026-04-23
Wolseley,Wolseley | Wolseley Plumb & Parts,Wolseley,way,1246890200,51.2369555,0.5601318,,,,Hilti Store Southwark,London,54.72,25+ km lower direct store threat,https://www.openstreetmap.org/way/1246890200,OpenStreetMap via Overpass API exact brand/name selectors,2026-04-23
Wolseley,Wolseley | Wolseley Plumb & Parts,Wolseley,way,93170088,53.3739221,-1.4645039,S2 4BA,Sheffield,Manton Street,Hilti Store Manchester,Manchester,55.08,25+ km lower direct store threat,https://www.openstreetmap.org/way/93170088,OpenStreetMap via Overpass API exact brand/name selectors,2026-04-23
Wolseley,Wolseley | Wolseley Plumb & Parts,Wolseley,node,5734588800,52.9220779,-1.4639111,DE21 6XE,Derby,Ashlyn Road,Hilti Store Birmingham,Birmingham,55.92,25+ km lower direct store threat,https://www.openstreetmap.org/node/5734588800,OpenStreetMap via Overpass API exact brand/name selectors,2026-04-23
Wolseley,Wolseley | Wolseley Plumb & Parts,Wolseley,node,3700724757,53.9468778,-2.0184214,BD23 2UR,Skipton,Snaygill Industrial Estate,Hilti Store Manchester,Manchester,56.03,25+ km lower direct store threat,https://www.openstreetmap.org/node/3700724757,OpenStreetMap via Overpass API exact brand/name selectors,2026-04-23
Wolseley,Wolseley | Wolseley Plumb & Parts,Wolseley,node,8985664027,52.3663875,-2.6955932,SY8 1XF,Ludlow,Orleton Road,Hilti Store Birmingham,Birmingham,56.35,25+ km lower direct store threat,https://www.openstreetmap.org/node/8985664027,OpenStreetMap via Overpass API exact brand/name selectors,2026-04-23
Wolseley,Wolseley | Wolseley Plumb & Parts,Wolseley,way,291689211,51.2169327,-0.7919893,GU9 7UP,Farnham,Farnham Business Centre,Hilti Store Southwark,London,57.6,25+ km lower direct store threat,https://www.openstreetmap.org/way/291689211,OpenStreetMap via Overpass API exact brand/name selectors,2026-04-23
Wolseley,Wolseley | Wolseley Plumb & Parts,Wolseley,way,1104721857,53.3896133,-1.4089436,,,,Hilti Store Manchester,Manchester,58.41,25+ km lower direct store threat,https://www.openstreetmap.org/way/1104721857,OpenStreetMap via Overpass API exact brand/name selectors,2026-04-23
Wolseley,Wolseley | Wolseley Plumb & Parts,Wolseley,way,946059012,51.8195097,-0.8310187,,,,Hilti Store Edmonton,London,58.7,25+ km lower direct store threat,https://www.openstreetmap.org/way/946059012,OpenStreetMap via Overpass API exact brand/name selectors,2026-04-23
Wolseley,Wolseley | Wolseley Plumb & Parts,Wolseley,way,58898039,52.0329314,-0.5923756,MK43 0YL,Brogborough,Badgers Rise,Hilti Store Edmonton,London,59.9,25+ km lower direct store threat,https://www.openstreetmap.org/way/58898039,OpenStreetMap via Overpass API exact brand/name selectors,2026-04-23
Wolseley,Wolseley | Wolseley Plumb & Parts,Wolseley,way,146034156,52.8868045,-1.2678234,,Nottingham,Forbes Close,Hilti Store Birmingham,Birmingham,60.83,25+ km lower direct store threat,https://www.openstreetmap.org/way/146034156,OpenStreetMap via Overpass API exact brand/name selectors,2026-04-23
Wolseley,Wolseley | Wolseley Plumb & Parts,Wolseley,way,930965048,52.0598754,-1.3326894,,,,Hilti Store Birmingham,Birmingham,61.06,25+ km lower direct store threat,https://www.openstreetmap.org/way/930965048,OpenStreetMap via Overpass API exact brand/name selectors,2026-04-23
Wolseley,Wolseley | Wolseley Plumb & Parts,Wolseley,way,117293155,52.73798,-2.729705,SY1 3AZ,Shrewsbury,Brixton Way,Hilti Store Birmingham,Birmingham,63.03,25+ km lower direct store threat,https://www.openstreetmap.org/way/117293155,OpenStreetMap via Overpass API exact brand/name selectors,2026-04-23
Wolseley,Wolseley | Wolseley Plumb & Parts,Wolseley,node,7366496244,51.4636825,-1.0109261,,,,Hilti Store Southwark,London,63.12,25+ km lower direct store threat,https://www.openstreetmap.org/node/7366496244,OpenStreetMap via Overpass API exact brand/name selectors,2026-04-23
Wolseley,Wolseley | Wolseley Plumb & Parts,Wolseley,node,4486018728,53.2198087,-1.4230146,,,,Hilti Store Manchester,Manchester,63.25,25+ km lower direct store threat,https://www.openstreetmap.org/node/4486018728,OpenStreetMap via Overpass API exact brand/name selectors,2026-04-23
Wolseley,Wolseley | Wolseley Plumb & Parts,Wolseley,node,1969962954,52.1901416,0.138811,CB1 7EA,Cambridge,Clifton Road Industrial Estate,Hilti Store Edmonton,London,65.47,25+ km lower direct store threat,https://www.openstreetmap.org/node/1969962954,OpenStreetMap via Overpass API exact brand/name selectors,2026-04-23
Wolseley,Wolseley | Wolseley Plumb & Parts,Wolseley,way,577545802,52.977146,-1.321324,DE7 8EF,Ilkeston,Ellesmere Court,Hilti Store Birmingham,Birmingham,66.29,25+ km lower direct store threat,https://www.openstreetmap.org/way/577545802,OpenStreetMap via Overpass API exact brand/name selectors,2026-04-23
Wolseley,Wolseley | Wolseley Plumb & Parts,Wolseley,node,4902262125,52.2169139,0.1561622,,,,Hilti Store Edmonton,London,68.62,25+ km lower direct store threat,https://www.openstreetmap.org/node/4902262125,OpenStreetMap via Overpass API exact brand/name selectors,2026-04-23
Wolseley,Wolseley | Wolseley Plumb & Parts,Wolseley,way,731857088,53.6946752,-1.2991233,WF8 2LN,Pontefract,South Baileygate,Hilti Store Manchester,Manchester,69.55,25+ km lower direct store threat,https://www.openstreetmap.org/way/731857088,OpenStreetMap via Overpass API exact brand/name selectors,2026-04-23
Wolseley,Wolseley | Wolseley Plumb & Parts,Wolseley,node,10957904167,50.9474742,-2.6105471,,,,Hilti Store Cardiff,Cardiff,69.84,25+ km lower direct store threat,https://www.openstreetmap.org/node/10957904167,OpenStreetMap via Overpass API exact brand/name selectors,2026-04-23
Wolseley,Wolseley | Wolseley Plumb & Parts,Wolseley,way,1126352034,52.0601883,-2.7291427,,,,Hilti Store Cardiff,Cardiff,71.39,25+ km lower direct store threat,https://www.openstreetmap.org/way/1126352034,OpenStreetMap via Overpass API exact brand/name selectors,2026-04-23
Wolseley,Wolseley | Wolseley Plumb & Parts,Wolseley,node,6646438051,54.059479,-2.8372935,LA3 3AY,Morecambe,Northgate,Hilti Store Liverpool,Liverpool,72.47,25+ km lower direct store threat,https://www.openstreetmap.org/node/6646438051,OpenStreetMap via Overpass API exact brand/name selectors,2026-04-23
Wolseley,Wolseley | Wolseley Plumb & Parts,Wolseley,way,506664690,52.2314846,-0.9104252,NN5 5JP,,St James Mill Road,Hilti Store Birmingham,Birmingham,72.47,25+ km lower direct store threat,https://www.openstreetmap.org/way/506664690,OpenStreetMap via Overpass API exact brand/name selectors,2026-04-23
Wolseley,Wolseley | Wolseley Plumb & Parts,Wolseley,node,13342706952,56.5513269,-2.6127871,,,,Hilti Store Edinburgh,Edinburgh,72.66,25+ km lower direct store threat,https://www.openstreetmap.org/node/13342706952,OpenStreetMap via Overpass API exact brand/name selectors,2026-04-23
Wolseley,Wolseley | Wolseley Plumb & Parts,Wolseley,way,978460359,52.0440884,0.7485,,,,Hilti Store Edmonton,London,72.74,25+ km lower direct store threat,https://www.openstreetmap.org/way/978460359,OpenStreetMap via Overpass API exact brand/name selectors,2026-04-23
Wolseley,Wolseley | Wolseley Plumb & Parts,Wolseley,way,105871504,51.8355363,-2.2709174,GL2 5HA,Gloucester,,Hilti Store Cardiff,Cardiff,73.01,25+ km lower direct store threat,https://www.openstreetmap.org/way/105871504,OpenStreetMap via Overpass API exact brand/name selectors,2026-04-23
Wolseley,Wolseley | Wolseley Plumb & Parts,Wolseley,way,1425517276,51.8355549,-2.2706237,GL2 5HA,Gloucester,,Hilti Store Cardiff,Cardiff,73.03,25+ km lower direct store threat,https://www.openstreetmap.org/way/1425517276,OpenStreetMap via Overpass API exact brand/name selectors,2026-04-23
Wolseley,Wolseley | Wolseley Plumb & Parts,Wolseley,node,10957474846,52.0626908,-0.8216706,,,,Hilti Store Edmonton,London,73.05,25+ km lower direct store threat,https://www.openstreetmap.org/node/10957474846,OpenStreetMap via Overpass API exact brand/name selectors,2026-04-23
Wolseley,Wolseley | Wolseley Plumb & Parts,Wolseley,way,1021653674,50.87283,0.2507581,,,,Hilti Store Southwark,London,74.39,25+ km lower direct store threat,https://www.openstreetmap.org/way/1021653674,OpenStreetMap via Overpass API exact brand/name selectors,2026-04-23
Wolseley,Wolseley | Wolseley Plumb & Parts,Wolseley,way,371698637,52.764121,-0.8811466,LE13 1BL,Melton Mowbray,Rosebery Avenue,Hilti Store Birmingham,Birmingham,74.57,25+ km lower direct store threat,https://www.openstreetmap.org/way/371698637,OpenStreetMap via Overpass API exact brand/name selectors,2026-04-23
Wolseley,Wolseley | Wolseley Plumb & Parts,Wolseley,way,830008820,51.072672,-4.0322389,EX32 8QD,Barnstaple,Barum Gate Retail Park,Hilti Store Cardiff,Cardiff,75.64,25+ km lower direct store threat,https://www.openstreetmap.org/way/830008820,OpenStreetMap via Overpass API exact brand/name selectors,2026-04-23
Wolseley,Wolseley | Wolseley Plumb & Parts,Wolseley,way,536841784,53.5213727,-1.137903,DN1 3AA,Doncaster,West Street,Hilti Store Manchester,Manchester,75.84,25+ km lower direct store threat,https://www.openstreetmap.org/way/536841784,OpenStreetMap via Overpass API exact brand/name selectors,2026-04-23
Wolseley,Wolseley | Wolseley Plumb & Parts,Wolseley,node,7074500495,53.00593,-1.1299934,NG5 7DS,Nottingham,High Street,Hilti Store Birmingham,Birmingham,76.82,25+ km lower direct store threat,https://www.openstreetmap.org/node/7074500495,OpenStreetMap via Overpass API exact brand/name selectors,2026-04-23
Wolseley,Wolseley | Wolseley Plumb & Parts,Wolseley Plumb & Parts,way,981319221,50.82981,-0.3655057,BN14 8PG,Worthing,,Hilti Store Southwark,London,77.22,25+ km lower direct store threat,https://www.openstreetmap.org/way/981319221,OpenStreetMap via Overpass API exact brand/name selectors,2026-04-23
Wolseley,Wolseley | Wolseley Plumb & Parts,Wolseley,node,10949062965,51.1483168,0.8566439,,,,Hilti Store Southwark,London,77.47,25+ km lower direct store threat,https://www.openstreetmap.org/node/10949062965,OpenStreetMap via Overpass API exact brand/name selectors,2026-04-23
Wolseley,Wolseley | Wolseley Plumb & Parts,Wolseley,node,13732671920,52.2482146,-0.8096265,NN3 9UE,Northampton,Hartburn Close,Hilti Store Birmingham,Birmingham,78.13,25+ km lower direct store threat,https://www.openstreetmap.org/node/13732671920,OpenStreetMap via Overpass API exact brand/name selectors,2026-04-23
Wolseley,Wolseley | Wolseley Plumb & Parts,Wolseley,way,467058342,52.4095581,-0.7403473,,,,Hilti Store Birmingham,Birmingham,78.42,25+ km lower direct store threat,https://www.openstreetmap.org/way/467058342,OpenStreetMap via Overpass API exact brand/name selectors,2026-04-23
Wolseley,Wolseley | Wolseley Plumb & Parts,Wolseley,node,12972064337,51.7377963,-1.194164,OX4 2RD,Oxford,Pony Road,Hilti Store Southwark,London,79.76,25+ km lower direct store threat,https://www.openstreetmap.org/node/12972064337,OpenStreetMap via Overpass API exact brand/name selectors,2026-04-23
Wolseley,Wolseley | Wolseley Plumb & Parts,Wolseley,node,1327167389,52.3449099,-0.1816529,PE29 7DL,Huntingdon,Glebe Road,Hilti Store Edmonton,London,81.95,25+ km lower direct store threat,https://www.openstreetmap.org/node/1327167389,OpenStreetMap via Overpass API exact brand/name selectors,2026-04-23
Wolseley,Wolseley | Wolseley Plumb & Parts,Wolseley,way,28612754,50.8902969,0.5520752,TN37 7PJ,St. Leonards-On-Sea,The Ridge West,Hilti Store Southwark,London,82.08,25+ km lower direct store threat,https://www.openstreetmap.org/way/28612754,OpenStreetMap via Overpass API exact brand/name selectors,2026-04-23
Wolseley,Wolseley | Wolseley Plumb & Parts,Wolseley,way,349141420,54.1352417,-3.2351386,,,,Hilti Store Liverpool,Liverpool,82.35,25+ km lower direct store threat,https://www.openstreetmap.org/way/349141420,OpenStreetMap via Overpass API exact brand/name selectors,2026-04-23
Wolseley,Wolseley | Wolseley Plumb & Parts,Wolseley,way,897230478,51.3445532,-1.9765309,,Devizes,Nursteed Road,Hilti Store Cardiff,Cardiff,83.02,25+ km lower direct store threat,https://www.openstreetmap.org/way/897230478,OpenStreetMap via Overpass API exact brand/name selectors,2026-04-23
Wolseley,Wolseley | Wolseley Plumb & Parts,Wolseley,way,341316726,52.2994157,-0.7039542,NN8 2AX,Wellingborough,Croyland Road,Hilti Store Birmingham,Birmingham,83.22,25+ km lower direct store threat,https://www.openstreetmap.org/way/341316726,OpenStreetMap via Overpass API exact brand/name selectors,2026-04-23
Wolseley,Wolseley | Wolseley Plumb & Parts,Wolseley,node,13246704617,51.7772494,-1.4910857,OX28 4XZ,Witney,Avenue One,Hilti Store Birmingham,Birmingham,83.84,25+ km lower direct store threat,https://www.openstreetmap.org/node/13246704617,OpenStreetMap via Overpass API exact brand/name selectors,2026-04-23
Wolseley,Wolseley | Wolseley Plumb & Parts,Wolseley,way,487007165,50.7908168,0.2987083,,Eastbourne,Hawthorn Road,Hilti Store Southwark,London,84.11,25+ km lower direct store threat,https://www.openstreetmap.org/way/487007165,OpenStreetMap via Overpass API exact brand/name selectors,2026-04-23
Wolseley,Wolseley | Wolseley Plumb & Parts,Wolseley,way,542335573,51.2736896,1.0656162,CT1 3RB,Canterbury,Cotton Road,Hilti Store Southwark,London,84.96,25+ km lower direct store threat,https://www.openstreetmap.org/way/542335573,OpenStreetMap via Overpass API exact brand/name selectors,2026-04-23
Wolseley,Wolseley | Wolseley Plumb & Parts,Wolseley,way,112559445,51.8016263,1.1602984,CO15 3TH,Clacton-on-Sea,Oxford Road,Hilti Store Edmonton,London,85.81,25+ km lower direct store threat,https://www.openstreetmap.org/way/112559445,OpenStreetMap via Overpass API exact brand/name selectors,2026-04-23
Wolseley,Wolseley | Wolseley Plumb & Parts,Wolseley,node,7006817373,50.7231949,-3.4651633,EX2 7PJ,Exeter,Sanderling Court,Hilti Store Cardiff,Cardiff,86.33,25+ km lower direct store threat,https://www.openstreetmap.org/node/7006817373,OpenStreetMap via Overpass API exact brand/name selectors,2026-04-23
Wolseley,Wolseley | Wolseley Plumb & Parts,Wolseley,node,11091231021,51.7519094,-1.2935748,,,,Hilti Store Southwark,London,86.75,25+ km lower direct store threat,https://www.openstreetmap.org/node/11091231021,OpenStreetMap via Overpass API exact brand/name selectors,2026-04-23
Wolseley,Wolseley | Wolseley Plumb & Parts,Wolseley,node,11091231025,51.7515445,-1.294697,,,,Hilti Store Southwark,London,86.81,25+ km lower direct store threat,https://www.openstreetmap.org/node/11091231025,OpenStreetMap via Overpass API exact brand/name selectors,2026-04-23
Wolseley,Wolseley | Wolseley Plumb & Parts,Wolseley,way,313090097,52.2400746,0.7417904,,Bury St Edmunds,Greyfriars Road,Hilti Store Edmonton,London,88.28,25+ km lower direct store threat,https://www.openstreetmap.org/way/313090097,OpenStreetMap via Overpass API exact brand/name selectors,2026-04-23
Wolseley,Wolseley | Wolseley Plumb & Parts,Wolseley,way,224247720,52.3882503,0.2633863,,,The Dock,Hilti Store Edmonton,London,88.83,25+ km lower direct store threat,https://www.openstreetmap.org/way/224247720,OpenStreetMap via Overpass API exact brand/name selectors,2026-04-23
Wolseley,Wolseley | Wolseley Plumb & Parts,Wolseley,way,442584751,54.1308234,-1.5126202,,,,Hilti Store Manchester,Manchester,89.36,25+ km lower direct store threat,https://www.openstreetmap.org/way/442584751,OpenStreetMap via Overpass API exact brand/name selectors,2026-04-23
Wolseley,Wolseley | Wolseley Plumb & Parts,Wolseley,node,8986305054,50.7052537,-3.5256791,,,,Hilti Store Cardiff,Cardiff,89.39,25+ km lower direct store threat,https://www.openstreetmap.org/node/8986305054,OpenStreetMap via Overpass API exact brand/name selectors,2026-04-23
Wolseley,Wolseley | Wolseley Plumb & Parts,Wolseley,way,368293067,54.131706,-1.5128842,,,,Hilti Store Manchester,Manchester,89.43,25+ km lower direct store threat,https://www.openstreetmap.org/way/368293067,OpenStreetMap via Overpass API exact brand/name selectors,2026-04-23
Wolseley,Wolseley | Wolseley Plumb & Parts,Wolseley,way,1411264760,51.8517197,-4.3054169,,,,Hilti Store Cardiff,Cardiff,89.72,25+ km lower direct store threat,https://www.openstreetmap.org/way/1411264760,OpenStreetMap via Overpass API exact brand/name selectors,2026-04-23
Wolseley,Wolseley | Wolseley Plumb & Parts,Wolseley,way,516266127,52.9297117,-4.1404553,,,,Hilti Store Liverpool,Liverpool,94.97,25+ km lower direct store threat,https://www.openstreetmap.org/way/516266127,OpenStreetMap via Overpass API exact brand/name selectors,2026-04-23
Wolseley,Wolseley | Wolseley Plumb & Parts,Wolseley,way,136578261,52.0819484,1.1162319,IP1 5NY,Ipswich,Goddard Road East,Hilti Store Edmonton,London,95.44,25+ km lower direct store threat,https://www.openstreetmap.org/way/136578261,OpenStreetMap via Overpass API exact brand/name selectors,2026-04-23
Wolseley,Wolseley | Wolseley Plumb & Parts,Wolseley,way,576483472,51.0695548,-1.295511,SO23 7FA,Winchester,,Hilti Store Southwark,London,96.07,25+ km lower direct store threat,https://www.openstreetmap.org/way/576483472,OpenStreetMap via Overpass API exact brand/name selectors,2026-04-23
Wolseley,Wolseley | Wolseley Plumb & Parts,Wolseley,node,3355649164,53.9570511,-1.0685384,,,,Hilti Store Manchester,Manchester,96.58,25+ km lower direct store threat,https://www.openstreetmap.org/node/3355649164,OpenStreetMap via Overpass API exact brand/name selectors,2026-04-23
Wolseley,Wolseley | Wolseley Plumb & Parts,Wolseley,way,161371149,51.5772581,-1.7631156,,,,Hilti Store Cardiff,Cardiff,96.98,25+ km lower direct store threat,https://www.openstreetmap.org/way/161371149,OpenStreetMap via Overpass API exact brand/name selectors,2026-04-23
Wolseley,Wolseley | Wolseley Plumb & Parts,Wolseley,way,595929356,53.991383,-1.0943548,YO30 4UU,York,Seafire Close,Hilti Store Manchester,Manchester,97.39,25+ km lower direct store threat,https://www.openstreetmap.org/way/595929356,OpenStreetMap via Overpass API exact brand/name selectors,2026-04-23
Wolseley,Wolseley | Wolseley Plumb & Parts,Wolseley,way,140321220,52.0522,1.181964,IP3 8DD,Ipswich,Derby Road,Hilti Store Edmonton,London,97.58,25+ km lower direct store threat,https://www.openstreetmap.org/way/140321220,OpenStreetMap via Overpass API exact brand/name selectors,2026-04-23
Wolseley,Wolseley | Wolseley Plumb & Parts,Wolseley,way,28899163,52.0291677,1.2040612,IP3 9RT,Ipswich,Foxtail Road,Hilti Store Edmonton,London,97.67,25+ km lower direct store threat,https://www.openstreetmap.org/way/28899163,OpenStreetMap via Overpass API exact brand/name selectors,2026-04-23
Wolseley,Wolseley | Wolseley Plumb & Parts,Wolseley,way,641133153,52.5001885,-3.3364841,,,,Hilti Store Birmingham,Birmingham,97.94,25+ km lower direct store threat,https://www.openstreetmap.org/way/641133153,OpenStreetMap via Overpass API exact brand/name selectors,2026-04-23
Wolseley,Wolseley | Wolseley Plumb & Parts,Wolseley,node,10957764054,52.65922,-0.4655778,,,,Hilti Store Birmingham,Birmingham,98.06,25+ km lower direct store threat,https://www.openstreetmap.org/node/10957764054,OpenStreetMap via Overpass API exact brand/name selectors,2026-04-23
Wolseley,Wolseley | Wolseley Plumb & Parts,Wolseley,way,931575398,51.0933699,1.1660331,CT19 5EU,Folkestone,Kingsmead,Hilti Store Southwark,London,99.28,25+ km lower direct store threat,https://www.openstreetmap.org/way/931575398,OpenStreetMap via Overpass API exact brand/name selectors,2026-04-23
Wolseley,Wolseley | Wolseley Plumb & Parts,Wolseley,way,32524972,50.8275175,-1.0583742,PO3 5RQ,Portsmouth,Airport Service Road,Hilti Store Southwark,London,100.56,25+ km lower direct store threat,https://www.openstreetmap.org/way/32524972,OpenStreetMap via Overpass API exact brand/name selectors,2026-04-23
Wolseley,Wolseley | Wolseley Plumb & Parts,Wolseley,way,202862796,54.3350529,-2.7383173,LA9 6BZ,Kendal,Shap Road,Hilti Store Manchester,Manchester,101.02,25+ km lower direct store threat,https://www.openstreetmap.org/way/202862796,OpenStreetMap via Overpass API exact brand/name selectors,2026-04-23
Wolseley,Wolseley | Wolseley Plumb & Parts,Wolseley,way,287231776,52.4030435,0.7256592,,,,Hilti Store Edmonton,London,102.58,25+ km lower direct store threat,https://www.openstreetmap.org/way/287231776,OpenStreetMap via Overpass API exact brand/name selectors,2026-04-23
Wolseley,Wolseley | Wolseley Plumb & Parts,Wolseley,node,8250348683,51.3571639,1.4131222,,,,Hilti Store Edmonton,London,105.02,25+ km lower direct store threat,https://www.openstreetmap.org/node/8250348683,OpenStreetMap via Overpass API exact brand/name selectors,2026-04-23
Wolseley,Wolseley | Wolseley Plumb & Parts,Wolseley,way,59384664,54.1463449,-4.4830368,IM1 5AR,,South Quay,Hilti Store Belfast,Belfast,106.89,25+ km lower direct store threat,https://www.openstreetmap.org/way/59384664,OpenStreetMap via Overpass API exact brand/name selectors,2026-04-23
Wolseley,Wolseley | Wolseley Plumb & Parts,Wolseley,node,4269600702,55.3976362,-1.6906357,,Alnwick,Hawthorn Close,Hilti Store Edinburgh,Edinburgh,110.23,25+ km lower direct store threat,https://www.openstreetmap.org/node/4269600702,OpenStreetMap via Overpass API exact brand/name selectors,2026-04-23
Wolseley,Wolseley | Wolseley Plumb & Parts,Wolseley,way,1126709602,54.9252457,-2.9484774,,,,Hilti Store Edinburgh,Edinburgh,116.2,25+ km lower direct store threat,https://www.openstreetmap.org/way/1126709602,OpenStreetMap via Overpass API exact brand/name selectors,2026-04-23
Wolseley,Wolseley | Wolseley Plumb & Parts,Wolseley,node,9188615133,50.7051624,-1.2945149,,Newport,River Way,Hilti Store Southwark,London,121.78,25+ km lower direct store threat,https://www.openstreetmap.org/node/9188615133,OpenStreetMap via Overpass API exact brand/name selectors,2026-04-23
Wolseley,Wolseley | Wolseley Plumb & Parts,Wolseley,way,605888537,52.079277,-4.6573959,SA43 3AG,Cardigan / Aberteifi,,Hilti Store Cardiff,Cardiff,123.28,25+ km lower direct store threat,https://www.openstreetmap.org/way/605888537,OpenStreetMap via Overpass API exact brand/name selectors,2026-04-23
Wolseley,Wolseley | Wolseley Plumb & Parts,Wolseley Plumb & Parts,way,992012336,50.7416558,-1.7965494,,,,Hilti Store Cardiff,Cardiff,125.07,25+ km lower direct store threat,https://www.openstreetmap.org/way/992012336,OpenStreetMap via Overpass API exact brand/name selectors,2026-04-23
Wolseley,Wolseley | Wolseley Plumb & Parts,Wolseley,node,3549957167,54.979123,-2.089464,NE46 4DQ,Hexham,,Hilti Store Edinburgh,Edinburgh,127.83,25+ km lower direct store threat,https://www.openstreetmap.org/node/3549957167,OpenStreetMap via Overpass API exact brand/name selectors,2026-04-23
Wolseley,Wolseley | Wolseley Plumb & Parts,Wolseley,way,214690137,50.3904773,-4.0767659,,,,Hilti Store Cardiff,Cardiff,136.77,25+ km lower direct store threat,https://www.openstreetmap.org/way/214690137,OpenStreetMap via Overpass API exact brand/name selectors,2026-04-23
Wolseley,Wolseley | Wolseley Plumb & Parts,Wolseley,node,4500550724,54.9689043,-1.842614,,Prudhoe,Dukes Court,Hilti Store Edinburgh,Edinburgh,137.4,25+ km lower direct store threat,https://www.openstreetmap.org/node/4500550724,OpenStreetMap via Overpass API exact brand/name selectors,2026-04-23
Wolseley,Wolseley | Wolseley Plumb & Parts,Wolseley,node,3826823717,54.6589895,-1.6727746,DL14 7LR,Bishop Auckland,Railway Street,Hilti Store Manchester,Manchester,138.3,25+ km lower direct store threat,https://www.openstreetmap.org/node/3826823717,OpenStreetMap via Overpass API exact brand/name selectors,2026-04-23
Wolseley,Wolseley | Wolseley Plumb & Parts,Wolseley,way,654347233,50.2832809,-3.7829046,TQ7 1ES,Kingsbridge,Bridge Works,Hilti Store Cardiff,Cardiff,139.62,25+ km lower direct store threat,https://www.openstreetmap.org/way/654347233,OpenStreetMap via Overpass API exact brand/name selectors,2026-04-23
Wolseley,Wolseley | Wolseley Plumb & Parts,Wolseley,way,553565585,54.5763031,-1.273531,,,Pennine Avenue,Hilti Store Manchester,Manchester,139.75,25+ km lower direct store threat,https://www.openstreetmap.org/way/553565585,OpenStreetMap via Overpass API exact brand/name selectors,2026-04-23
Wolseley,Wolseley | Wolseley Plumb & Parts,Wolseley,way,914977034,50.3653518,-4.119581,,,,Hilti Store Cardiff,Cardiff,140.67,25+ km lower direct store threat,https://www.openstreetmap.org/way/914977034,OpenStreetMap via Overpass API exact brand/name selectors,2026-04-23
Wolseley,Wolseley | Wolseley Plumb & Parts,Wolseley,way,914977035,50.3654621,-4.1198503,PL4 0RU,Plymouth,Macadam Road,Hilti Store Cardiff,Cardiff,140.67,25+ km lower direct store threat,https://www.openstreetmap.org/way/914977035,OpenStreetMap via Overpass API exact brand/name selectors,2026-04-23
Wolseley,Wolseley | Wolseley Plumb & Parts,Wolseley,way,705105942,50.3640564,-4.1180534,,,,Hilti Store Cardiff,Cardiff,140.74,25+ km lower direct store threat,https://www.openstreetmap.org/way/705105942,OpenStreetMap via Overpass API exact brand/name selectors,2026-04-23
Wolseley,Wolseley | Wolseley Plumb & Parts,Wolseley,way,294339314,54.6365665,-3.5576171,,,,Hilti Store Liverpool,Liverpool,141.55,25+ km lower direct store threat,https://www.openstreetmap.org/way/294339314,OpenStreetMap via Overpass API exact brand/name selectors,2026-04-23
Wolseley,Wolseley | Wolseley Plumb & Parts,Wolseley Plumb & Parts,node,9709259583,53.5733994,-0.0864825,DN31 1SF,Grimsby,Rendel Street,Hilti Store Manchester,Manchester,145.54,25+ km lower direct store threat,https://www.openstreetmap.org/node/9709259583,OpenStreetMap via Overpass API exact brand/name selectors,2026-04-23
Wolseley,Wolseley | Wolseley Plumb & Parts,Wolseley,way,455487143,52.6539616,1.256536,NR6 5DR,Norwich,Hellesdon Park Road,Hilti Store Edmonton,London,146.03,25+ km lower direct store threat,https://www.openstreetmap.org/way/455487143,OpenStreetMap via Overpass API exact brand/name selectors,2026-04-23
Wolseley,Wolseley | Wolseley Plumb & Parts,Wolseley,way,314546726,57.1480043,-2.079513,AB11 5BX,Aberdeen,Wellington Street,Hilti Store Edinburgh,Edinburgh,146.51,25+ km lower direct store threat,https://www.openstreetmap.org/way/314546726,OpenStreetMap via Overpass API exact brand/name selectors,2026-04-23
Wolseley,Wolseley | Wolseley Plumb & Parts,Wolseley,way,96630529,55.0217792,-1.4990741,,,,Hilti Store Edinburgh,Edinburgh,146.92,25+ km lower direct store threat,https://www.openstreetmap.org/way/96630529,OpenStreetMap via Overpass API exact brand/name selectors,2026-04-23
Wolseley,Wolseley | Wolseley Plumb & Parts,Wolseley Plumb Centre,way,941511793,50.4552089,-4.4920548,,,,Hilti Store Cardiff,Cardiff,147.02,25+ km lower direct store threat,https://www.openstreetmap.org/way/941511793,OpenStreetMap via Overpass API exact brand/name selectors,2026-04-23
Wolseley,Wolseley | Wolseley Plumb & Parts,Wolseley,node,4629607070,54.9870708,-1.5339021,,Wallsend,Buddle Industrial Estate,Hilti Store Edinburgh,Edinburgh,148.23,25+ km lower direct store threat,https://www.openstreetmap.org/node/4629607070,OpenStreetMap via Overpass API exact brand/name selectors,2026-04-23
Wolseley,Wolseley | Wolseley Plumb & Parts,Wolseley,node,4629607071,54.9871696,-1.5337232,,Wallsend,Buddle Industrial Estate,Hilti Store Edinburgh,Edinburgh,148.23,25+ km lower direct store threat,https://www.openstreetmap.org/node/4629607071,OpenStreetMap via Overpass API exact brand/name selectors,2026-04-23
Wolseley,Wolseley | Wolseley Plumb & Parts,Wolseley,node,4690343231,55.0028435,-1.4869984,NE29 7DE,North Shields,Narvik Way,Hilti Store Edinburgh,Edinburgh,148.98,25+ km lower direct store threat,https://www.openstreetmap.org/node/4690343231,OpenStreetMap via Overpass API exact brand/name selectors,2026-04-23
Wolseley,Wolseley | Wolseley Plumb & Parts,Wolseley,node,4401149159,54.9238259,-1.6066644,,Gateshead,,Hilti Store Edinburgh,Edinburgh,150.55,25+ km lower direct store threat,https://www.openstreetmap.org/node/4401149159,OpenStreetMap via Overpass API exact brand/name selectors,2026-04-23
Wolseley,Wolseley | Wolseley Plumb & Parts,Wolseley (Plumb Centre),node,12750049361,53.3800582,-0.0090713,LN11 0YB,Louth,Warwick Road,Hilti Store Manchester,Manchester,150.83,25+ km lower direct store threat,https://www.openstreetmap.org/node/12750049361,OpenStreetMap via Overpass API exact brand/name selectors,2026-04-23
Wolseley,Wolseley | Wolseley Plumb & Parts,Wolseley,way,676023215,54.675685,-1.209116,TS25 1PU,Hartlepool,Greatham Street,Hilti Store Manchester,Manchester,151.45,25+ km lower direct store threat,https://www.openstreetmap.org/way/676023215,OpenStreetMap via Overpass API exact brand/name selectors,2026-04-23
Wolseley,Wolseley | Wolseley Plumb & Parts,Wolseley,node,12521358330,52.4790183,1.7577362,NR32 1UR,Lowestoft,Whapload Road,Hilti Store Edmonton,London,156.57,25+ km lower direct store threat,https://www.openstreetmap.org/node/12521358330,OpenStreetMap via Overpass API exact brand/name selectors,2026-04-23
Wolseley,Wolseley | Wolseley Plumb & Parts,Wolseley,node,10949107122,50.4718545,-4.7432721,,,,Hilti Store Cardiff,Cardiff,157.48,25+ km lower direct store threat,https://www.openstreetmap.org/node/10949107122,OpenStreetMap via Overpass API exact brand/name selectors,2026-04-23
Wolseley,Wolseley | Wolseley Plumb & Parts,Wolseley,relation,3522702,52.5921265,1.7161916,,,,Hilti Store Edmonton,London,162.37,25+ km lower direct store threat,https://www.openstreetmap.org/relation/3522702,OpenStreetMap via Overpass API exact brand/name selectors,2026-04-23
Wolseley,Wolseley | Wolseley Plumb & Parts,Wolseley,node,11198368537,52.9313768,1.2973389,,Cromer,Canada Road,Hilti Store Edmonton,London,172.83,25+ km lower direct store threat,https://www.openstreetmap.org/node/11198368537,OpenStreetMap via Overpass API exact brand/name selectors,2026-04-23
Wolseley,Wolseley | Wolseley Plumb & Parts,Wolseley,node,10951398393,57.4949258,-4.2252112,,,,Hilti Store Glasgow,Glasgow,182.57,25+ km lower direct store threat,https://www.openstreetmap.org/node/10951398393,OpenStreetMap via Overpass API exact brand/name selectors,2026-04-23
Wolseley,Wolseley | Wolseley Plumb & Parts,Wolseley,way,1138521299,57.6482329,-3.2959284,IV30 1XY,Elgin,Tyock Industrial Estate,Hilti Store Edinburgh,Edinburgh,187.42,25+ km lower direct store threat,https://www.openstreetmap.org/way/1138521299,OpenStreetMap via Overpass API exact brand/name selectors,2026-04-23
YESSS Electrical,YESSS Electrical | YESSS,YESSS Electrical,way,208052635,51.515867,-0.0240145,E14 7BN,London,Thomas Road Industrial Estate,Hilti Store Southwark,London,5.53,5-10 km metro overlap,https://www.openstreetmap.org/way/208052635,OpenStreetMap via Overpass API exact brand/name selectors,2026-04-23
YESSS Electrical,YESSS Electrical | YESSS,YESSS Electrical,way,57914235,53.7072614,-1.3850477,WF6 1TN,Normanton,Foxbridge Way,Hilti Store Manchester,Manchester,64.86,25+ km lower direct store threat,https://www.openstreetmap.org/way/57914235,OpenStreetMap via Overpass API exact brand/name selectors,2026-04-23
