brand,manufacturer,location_type,location_name,address,city,postcode,latitude,longitude,services,official_source_url,extraction_scope,nearest_hilti_store,distance_to_nearest_hilti_km,threat_band,retrieved_utc
DEWALT,Stanley Black & Decker,Official service agent / drop-off point,Frank Clark Ltd – Cork,"Cork Power Tools Service Centre, Cork",Cork,RO Ireland,54.597285,-5.93012,Petrol; Repair Service; Drop off & Collection Point; 5 Star Service Agent; Authorized Service Agent; Bluetooth; Parts Sales Online,https://service.dewalt.co.uk/DEWALT/GB/en-GB/AgentLocator/SearchAgentLocators,Official GB town list from locator,Hilti Store Belfast,3.21,2-5 km strong urban overlap,2026-04-23
DEWALT,Stanley Black & Decker,Official service agent / drop-off point,Tooled-Up C/O Lee Industrial Ltd,"78 Suez Rd, Enfield",Enfield,EN3 7PS,51.649435,-0.0301135,Repair Service; Authorized Service Agent,https://service.dewalt.co.uk/DEWALT/GB/en-GB/AgentLocator/SearchAgentLocators,Official GB town list from locator,Hilti Store Edmonton,4.26,2-5 km strong urban overlap,2026-04-23
DEWALT,Stanley Black & Decker,Official service agent / drop-off point,Toucan Tools,"373-375 Church Rd, London",London,E10 7JG,51.570295,-0.024226,Repair Service; Drop off & Collection Point; Authorized Service Agent,https://service.dewalt.co.uk/DEWALT/GB/en-GB/AgentLocator/SearchAgentLocators,Official GB town list from locator,Hilti Store Edmonton,4.97,2-5 km strong urban overlap,2026-04-23
DEWALT,Stanley Black & Decker,Official service agent / drop-off point,Data Power Tools,"427 Cowbridge Road West, Cardiff",Cardiff,CF5 5TF,51.4690422,-3.263894,Petrol; Repair Service; Drop off & Collection Point; 5 Star Service Agent; Authorized Service Agent,https://service.dewalt.co.uk/DEWALT/GB/en-GB/AgentLocator/SearchAgentLocators,Official GB town list from locator,Hilti Store Cardiff,7.56,5-10 km metro overlap,2026-04-23
DEWALT,Stanley Black & Decker,Official service agent / drop-off point,McBride Tools,"Units 2-5 TR Business Park, 8A Trench Road, Mallusk",Mallusk,BT36 4TY,54.6774439,-5.9906847,Repair Service; 5 Star Service Agent; Authorized Service Agent,https://service.dewalt.co.uk/DEWALT/GB/en-GB/AgentLocator/SearchAgentLocators,Official GB town list from locator,Hilti Store Belfast,7.62,5-10 km metro overlap,2026-04-23
DEWALT,Stanley Black & Decker,Official service agent / drop-off point,Global Survey Equipment Ltd,"52, Rosedale Avenue, Atherton",Atherton,M46 0DZ,53.5250881,-2.4925321,Drop off & Collection Point; Authorized Laser Service Agent; Authorized Service Agent,https://service.dewalt.co.uk/DEWALT/GB/en-GB/AgentLocator/SearchAgentLocators,Official GB town list from locator,Hilti Store Manchester,15.4,10-25 km regional catchment,2026-04-23
DEWALT,Stanley Black & Decker,Official service agent / drop-off point,The Powertool Service Centre,"2-4 Cross Street, Warrington",Warrington,WA2 7PL,53.3997199,-2.5905023,Repair Service; Authorized Service Agent,https://service.dewalt.co.uk/DEWALT/GB/en-GB/AgentLocator/SearchAgentLocators,Official GB town list from locator,Hilti Store Manchester,21.86,10-25 km regional catchment,2026-04-23
DEWALT,Stanley Black & Decker,Official service agent / drop-off point,ENGINEERING AGENCIES LTD,"Halbeath Road, Dunfermline",Dunfermline,KY12 7RS,56.0779139,-3.4263448,Repair Service; Drop off & Collection Point; 5 Star Service Agent; Authorized Service Agent,https://service.dewalt.co.uk/DEWALT/GB/en-GB/AgentLocator/SearchAgentLocators,Official GB town list from locator,Hilti Store Edinburgh,22.16,10-25 km regional catchment,2026-04-23
DEWALT,Stanley Black & Decker,Official service agent / drop-off point,Fixings and Powertool Center,"Brighton Road, Salfords, Redhill",Redhill,RH1 5EQ,51.2330192,-0.1719741,Repair Service; Drop off & Collection Point; Authorized Service Agent,https://service.dewalt.co.uk/DEWALT/GB/en-GB/AgentLocator/SearchAgentLocators,Official GB town list from locator,Hilti Store Southwark,30.56,25+ km lower direct store threat,2026-04-23
DEWALT,Stanley Black & Decker,Official service agent / drop-off point,AC Supply,"Ickneld Way East, Letchworth Garden City, Letchworth Garden City",Letchworth Garden City,SG6 1JX,51.9925906,-0.1856454,Repair Service; Drop off & Collection Point; 5 Star Service Agent; Authorized Service Agent,https://service.dewalt.co.uk/DEWALT/GB/en-GB/AgentLocator/SearchAgentLocators,Official GB town list from locator,Hilti Store Edmonton,43.31,25+ km lower direct store threat,2026-04-23
DEWALT,Stanley Black & Decker,Official service agent / drop-off point,A One Tools & Fixings,"370 Bradford Road , Brighouse",Brighouse,HD6 4DJ,53.7194892,-1.7771859,Repair Service; Drop off & Collection Point; 5 Star Service Agent; Authorized Service Agent,https://service.dewalt.co.uk/DEWALT/GB/en-GB/AgentLocator/SearchAgentLocators,Official GB town list from locator,Hilti Store Manchester,43.47,25+ km lower direct store threat,2026-04-23
DEWALT,Stanley Black & Decker,Official service agent / drop-off point,Magherafelt Building Supplies,"50-52 Church St, Magherafelt",Magherafelt,BT45 6AW,54.7567184,-6.6051921,Repair Service; Authorized Service Agent,https://service.dewalt.co.uk/DEWALT/GB/en-GB/AgentLocator/SearchAgentLocators,Official GB town list from locator,Hilti Store Belfast,46.73,25+ km lower direct store threat,2026-04-23
DEWALT,Stanley Black & Decker,Official service agent / drop-off point,Fixit Power Tools,"5 Llewelyn Rd, Colwyn Bay",Colwyn Bay,,53.2948762,-3.7293236,Repair Service; Authorized Service Agent,https://service.dewalt.co.uk/DEWALT/GB/en-GB/AgentLocator/SearchAgentLocators,Official GB town list from locator,Hilti Store Liverpool,52.4,25+ km lower direct store threat,2026-04-23
DEWALT,Stanley Black & Decker,Official service agent / drop-off point,Powertech,"Unit 2C Ellisons Road Norwood Ind Estate Killamarsh, Sheffield",Sheffield,S21 2JG,53.3312479,-1.3012275,Petrol; Repair Service; Drop off & Collection Point; 5 Star Service Agent; Authorized Service Agent; Parts Sales Online,https://service.dewalt.co.uk/DEWALT/GB/en-GB/AgentLocator/SearchAgentLocators,Official GB town list from locator,Hilti Store Manchester,66.69,25+ km lower direct store threat,2026-04-23
DEWALT,Stanley Black & Decker,Official service agent / drop-off point,Power Tools Plus,"The Old Chapel, Chaworth Road, Colwick, Nottingham",Nottingham,NG4 2FZ,52.9601524,-1.0811052,Repair Service; Drop off & Collection Point; 5 Star Service Agent; Authorized Service Agent; Parts Sales Online,https://service.dewalt.co.uk/DEWALT/GB/en-GB/AgentLocator/SearchAgentLocators,Official GB town list from locator,Hilti Store Birmingham,75.46,25+ km lower direct store threat,2026-04-23
DEWALT,Stanley Black & Decker,Official service agent / drop-off point,Timberman,"Geilli Garage, Bronwydd Arms, Camarthen",Camarthen,SA33 6BE,51.861939,-4.294993,Repair Service; Drop off & Collection Point; Authorized Service Agent,https://service.dewalt.co.uk/DEWALT/GB/en-GB/AgentLocator/SearchAgentLocators,Official GB town list from locator,Hilti Store Cardiff,89.62,25+ km lower direct store threat,2026-04-23
DEWALT,Stanley Black & Decker,Official service agent / drop-off point,Goodwin Power Tools,"93-95 Canterbury Road, Westbrook, Margate",Margate,,51.384645,1.3673013,Petrol; Repair Service; Authorized Service Agent,https://service.dewalt.co.uk/DEWALT/GB/en-GB/AgentLocator/SearchAgentLocators,Official GB town list from locator,Hilti Store Edmonton,101.14,25+ km lower direct store threat,2026-04-23
DEWALT,Stanley Black & Decker,Official service agent / drop-off point,ITS Tools,"Dodnor Lane Ind Estate , Newport",Newport,PO30 5XB,50.7151966,-1.2934411,Petrol; Repair Service; 5 Star Service Agent; Authorized Service Agent,https://service.dewalt.co.uk/DEWALT/GB/en-GB/AgentLocator/SearchAgentLocators,Official GB town list from locator,Hilti Store Southwark,120.91,25+ km lower direct store threat,2026-04-23
DEWALT,Stanley Black & Decker,Official service agent / drop-off point,National Service Centre / Factory Outlet,"Stanley Black & Decker, Meadowfield Avenue, Meadowfield Avenue, Spennymoor",Spennymoor,DL16 6YJ,54.7107488,-1.5737605,SBD Service Centre; Repair Service; Drop off & Collection Point; 5 Star Service Agent; Authorized Laser Service Agent; Authorized Service Agent; Bluetooth,https://service.dewalt.co.uk/DEWALT/GB/en-GB/AgentLocator/SearchAgentLocators,Official GB town list from locator,Hilti Store Manchester,145.73,25+ km lower direct store threat,2026-04-23
DEWALT,Stanley Black & Decker,Official service agent / drop-off point,CL Plant & Tool Hire,"No.32 , Zone C, Mullingar Business Park, Mullingar",Mullingar,N91 R70H,53.5126789,-7.3552849,Petrol; Repair Service; Drop off & Collection Point; 5 Star Service Agent; Authorized Service Agent,https://service.dewalt.co.uk/DEWALT/GB/en-GB/AgentLocator/SearchAgentLocators,Official GB town list from locator,Hilti Store Belfast,155.31,25+ km lower direct store threat,2026-04-23
DEWALT,Stanley Black & Decker,Official service agent / drop-off point,Highland Industrial Supplies,"36 Seafield Road, Inveralmond Industrial Estate, Inverness",Inverness,IV1 1SG,57.4903658,-4.2158598,Repair Service; Drop off & Collection Point; Authorized Service Agent,https://service.dewalt.co.uk/DEWALT/GB/en-GB/AgentLocator/SearchAgentLocators,Official GB town list from locator,Hilti Store Edinburgh,182.02,25+ km lower direct store threat,2026-04-23
DEWALT,Stanley Black & Decker,Official service agent / drop-off point,B.G.Romeril,"21 Dumaresq Street, B.G.Romeril, St Helier",St Helier,JE1 3UT,49.1854469,-2.1085007,Repair Service; Authorized Service Agent,https://service.dewalt.co.uk/DEWALT/GB/en-GB/AgentLocator/SearchAgentLocators,Official GB town list from locator,Hilti Store Cardiff,265.18,25+ km lower direct store threat,2026-04-23
DEWALT,Stanley Black & Decker,Official service agent / drop-off point,Shetland Power Tools Ltd,"23 Gremista Industrial Estate, Lerwick",Lerwick,ZE1 0PX,60.168873,-1.166983,Repair Service; Authorized Service Agent,https://service.dewalt.co.uk/DEWALT/GB/en-GB/AgentLocator/SearchAgentLocators,Official GB town list from locator,Hilti Store Edinburgh,481.47,25+ km lower direct store threat,2026-04-23
Makita,Makita Corporation,Official dealer / service partner,DECCO LTD- (FYFE & MCGROUTHER),"19-25 HOUSTON STREET, GLASGOW",GLASGOW,G5 8RS,55.8525126,-4.2755809,Dealer,https://www.makitauk.com/dealer-locator.html,"Official locator searches around Hilti store cities/postcodes, 75 mile radius",Hilti Store Glasgow,0.11,0-2 km direct local threat,2026-04-23
Makita,Makita Corporation,Official dealer / service partner,MURDOCKS DUNCRUE,"DUNCRUE ROAD, CO ANTRIM, NORTHERN IRELAND, BELFAST",BELFAST,BT3 9BP,54.6237875852876,-5.91596023595196,Dealer,https://www.makitauk.com/dealer-locator.html,"Official locator searches around Hilti store cities/postcodes, 75 mile radius",Hilti Store Belfast,0.13,0-2 km direct local threat,2026-04-23
Makita,Makita Corporation,Official dealer / service partner,REXEL,"MAGELLAN COURT, BEIGNON CLOSE, OCEAN PARK, CARDIFF",CARDIFF,CF24 5PB,51.47598,-3.156716,Dealer,https://www.makitauk.com/dealer-locator.html,"Official locator searches around Hilti store cities/postcodes, 75 mile radius",Hilti Store Cardiff,0.17,0-2 km direct local threat,2026-04-23
Makita,Makita Corporation,Official dealer / service partner,LSDM LTD,38-40 SOUTHWARK STREET,,SE1 1UN,51.505356,-0.0983089,Dealer,https://www.makitauk.com/dealer-locator.html,"Official locator searches around Hilti store cities/postcodes, 75 mile radius",Hilti Store Southwark,0.27,0-2 km direct local threat,2026-04-23
Makita,Makita Corporation,Official dealer / service partner,E.C.A. SUPPLIES COVENTRY LTD,"UNIT A CHESTON ROAD, BIRMINGHAM",BIRMINGHAM,B7 5EA,52.4965626,-1.8778126,Dealer/service partner,https://www.makitauk.com/dealer-locator.html,"Official locator searches around Hilti store cities/postcodes, 75 mile radius",Hilti Store Birmingham,1.06,0-2 km direct local threat,2026-04-23
Makita,Makita Corporation,Official dealer / service partner,THE SAW CENTRE LTD,"650 EGLINGTON STREET, GLASGOW",GLASGOW,G5 9RP,55.8437968,-4.262765,Dealer,https://www.makitauk.com/dealer-locator.html,"Official locator searches around Hilti store cities/postcodes, 75 mile radius",Hilti Store Glasgow,1.27,0-2 km direct local threat,2026-04-23
Makita,Makita Corporation,Official dealer / service partner,LAWSONS (WHETSTONE),"401 MONTAGU ROAD, EDMONTON, , LONDON",LONDON,N9 0HP,51.624309,-0.0479,Dealer,https://www.makitauk.com/dealer-locator.html,"Official locator searches around Hilti store cities/postcodes, 75 mile radius",Hilti Store Edmonton,1.3,0-2 km direct local threat,2026-04-23
Makita,Makita Corporation,Official dealer / service partner,REXEL,"UNIT 15, MAPLE BUSINESS PARK, WALTER STREET, ASTON, BIRMINGHAM",BIRMINGHAM,B7 5ET,52.498451,-1.873873,Dealer,https://www.makitauk.com/dealer-locator.html,"Official locator searches around Hilti store cities/postcodes, 75 mile radius",Hilti Store Birmingham,1.4,0-2 km direct local threat,2026-04-23
Makita,Makita Corporation,Official dealer / service partner,LSDM LTD,167-169 SHAFTESBURY AVENUE,,WC2H 8AN,51.5130702,-0.1282635,Dealer,https://www.makitauk.com/dealer-locator.html,"Official locator searches around Hilti store cities/postcodes, 75 mile radius",Hilti Store Southwark,2.08,2-5 km strong urban overlap,2026-04-23
Makita,Makita Corporation,Official dealer / service partner,ITS,"UNIT 11 WALTHAM PARK WAY, London",London,E17 5DU,51.601055,-0.020602,Dealer,https://www.makitauk.com/dealer-locator.html,"Official locator searches around Hilti store cities/postcodes, 75 mile radius",Hilti Store Edmonton,2.24,2-5 km strong urban overlap,2026-04-23
Makita,Makita Corporation,Official dealer / service partner,MP MORAN & SONS LTD.  M067C,"198 200 KENNINGTON PARK ROAD, LONDON",LONDON,SE11 4BT,51.4837069,-0.1107368,Dealer,https://www.makitauk.com/dealer-locator.html,"Official locator searches around Hilti store cities/postcodes, 75 mile radius",Hilti Store Southwark,2.37,2-5 km strong urban overlap,2026-04-23
Makita,Makita Corporation,Official dealer / service partner,COMPRESSED AIR SERVICES,"Unit 22 Bordesley Green Trading Centre, Bordesley Green Rd, Birmingham",Birmingham,B8 1BZ,52.4843388948286,-1.85525097856595,Service Partner,https://www.makitauk.com/dealer-locator.html,"Official locator searches around Hilti store cities/postcodes, 75 mile radius",Hilti Store Birmingham,2.44,2-5 km strong urban overlap,2026-04-23
Makita,Makita Corporation,Official dealer / service partner,J R WEBSTER & CO LTD,"25 DICKSON STREET, LIVERPOOL",LIVERPOOL,L3 7EB,53.4193357,-2.999925,Dealer,https://www.makitauk.com/dealer-locator.html,"Official locator searches around Hilti store cities/postcodes, 75 mile radius",Hilti Store Liverpool,2.47,2-5 km strong urban overlap,2026-04-23
Makita,Makita Corporation,Official dealer / service partner,J.G. MARTIN PLANT HIRE LTD,"25 ROBERT STREET OFF HELEN STREET, GLASGOW",GLASGOW,G51 3HB,55.861524,-4.3128126,Dealer,https://www.makitauk.com/dealer-locator.html,"Official locator searches around Hilti store cities/postcodes, 75 mile radius",Hilti Store Glasgow,2.57,2-5 km strong urban overlap,2026-04-23
Makita,Makita Corporation,Official dealer / service partner,LSDM LTD,2/4 GREAT EASTERN STREET,,EC2A 3NW,51.523112,-0.0779384,Dealer,https://www.makitauk.com/dealer-locator.html,"Official locator searches around Hilti store cities/postcodes, 75 mile radius",Hilti Store Southwark,2.66,2-5 km strong urban overlap,2026-04-23
Makita,Makita Corporation,Official dealer / service partner,CLAREMONT ELEC MOTOR REPAIRS,"36, TENNANT STREET,, EDINBURGH.",EDINBURGH.,EH6 5NA,55.9701631,-3.1762108,Dealer/service partner,https://www.makitauk.com/dealer-locator.html,"Official locator searches around Hilti store cities/postcodes, 75 mile radius",Hilti Store Edinburgh,2.78,2-5 km strong urban overlap,2026-04-23
Makita,Makita Corporation,Official dealer / service partner,LSDM LTD,6-8 WARWICK WAY,,SW1V 1RU,51.4925387,-0.1384541,Dealer,https://www.makitauk.com/dealer-locator.html,"Official locator searches around Hilti store cities/postcodes, 75 mile radius",Hilti Store Southwark,2.86,2-5 km strong urban overlap,2026-04-23
Makita,Makita Corporation,Official dealer / service partner,SPECIALIST IRONMONGERY & INDUSTRIAL SUPPLIES LTD,"LEITH, EDINBURGH",EDINBURGH,EH6 5RX,55.972331,-3.1769015,Dealer,https://www.makitauk.com/dealer-locator.html,"Official locator searches around Hilti store cities/postcodes, 75 mile radius",Hilti Store Edinburgh,2.88,2-5 km strong urban overlap,2026-04-23
Makita,Makita Corporation,Official dealer / service partner,REXEL,"29-50 OSSORY ROAD, BERMONDSEY, LONDON",LONDON,SE1 5AN,51.484588,-0.070766,Dealer,https://www.makitauk.com/dealer-locator.html,"Official locator searches around Hilti store cities/postcodes, 75 mile radius",Hilti Store Southwark,3.07,2-5 km strong urban overlap,2026-04-23
Makita,Makita Corporation,Official dealer / service partner,THE HIREMAN (LONDON) LTD,14-22 OSSORY ROAD,,SE1 5AN,51.4842205,-0.0706676,Dealer,https://www.makitauk.com/dealer-locator.html,"Official locator searches around Hilti store cities/postcodes, 75 mile radius",Hilti Store Southwark,3.1,2-5 km strong urban overlap,2026-04-23
Makita,Makita Corporation,Official dealer / service partner,C & S BUILDER MERCHANTS(C165T),C & S HOUSE,,E17 5QU,51.5830732,-0.036762,Dealer/service partner,https://www.makitauk.com/dealer-locator.html,"Official locator searches around Hilti store cities/postcodes, 75 mile radius",Hilti Store Edmonton,3.36,2-5 km strong urban overlap,2026-04-23
Makita,Makita Corporation,Official dealer / service partner,POWER TOOL CENTRE LTD,"UNIT 3 ELECTRIC AVENUE, LIVERPOOL",LIVERPOOL,L11 0EL,53.4094399346779,-2.90434,Dealer,https://www.makitauk.com/dealer-locator.html,"Official locator searches around Hilti store cities/postcodes, 75 mile radius",Hilti Store Liverpool,4.01,2-5 km strong urban overlap,2026-04-23
Makita,Makita Corporation,Official dealer / service partner,LEE INDUSTRIAL LTD,"78 SUEZ ROAD, ENFIELD",ENFIELD,EN3 7PS,51.6492675,-0.0301948,Dealer,https://www.makitauk.com/dealer-locator.html,"Official locator searches around Hilti store cities/postcodes, 75 mile radius",Hilti Store Edmonton,4.24,2-5 km strong urban overlap,2026-04-23
Makita,Makita Corporation,Official dealer / service partner,THE TIMBER GROUP,"1-23 Hertford Rd, ENFIELD",ENFIELD,EN3 5JD,51.651569,-0.04667,Dealer,https://www.makitauk.com/dealer-locator.html,"Official locator searches around Hilti store cities/postcodes, 75 mile radius",Hilti Store Edmonton,4.33,2-5 km strong urban overlap,2026-04-23
Makita,Makita Corporation,Official dealer / service partner,MURDOCKS CASTLEREAGH,"14 ORBY LINK, BELFAST, IRELAND",IRELAND,BT5 5HW,54.5874260868103,-5.89148765343517,Dealer,https://www.makitauk.com/dealer-locator.html,"Official locator searches around Hilti store cities/postcodes, 75 mile radius",Hilti Store Belfast,4.42,2-5 km strong urban overlap,2026-04-23
Makita,Makita Corporation,Official dealer / service partner,LAWSONS,53 BLUNDELL STREET,,N7 9BN,51.5443468,-0.1216915,Dealer/service partner,https://www.makitauk.com/dealer-locator.html,"Official locator searches around Hilti store cities/postcodes, 75 mile radius",Hilti Store Southwark,4.66,2-5 km strong urban overlap,2026-04-23
Makita,Makita Corporation,Official dealer / service partner,THE TIMBER GROUP,"Timber Mill Way, Gauden Road, LONDON",LONDON,SW4 6LY,51.466795,-0.132833,Dealer,https://www.makitauk.com/dealer-locator.html,"Official locator searches around Hilti store cities/postcodes, 75 mile radius",Hilti Store Southwark,4.69,2-5 km strong urban overlap,2026-04-23
Makita,Makita Corporation,Official dealer / service partner,MAKITA GLASGOW,"Unit 4a, Albion Trading Estate, Glasgow",Glasgow,G14 0SY,55.87353,-4.34214,Service Partner,https://www.makitauk.com/dealer-locator.html,"Official locator searches around Hilti store cities/postcodes, 75 mile radius",Hilti Store Glasgow,4.79,2-5 km strong urban overlap,2026-04-23
Makita,Makita Corporation,Official dealer / service partner,LSDM LTD,7/15 CAMDEN ROAD,,NW1 9LQ,51.5398748,-0.1418868,Dealer,https://www.makitauk.com/dealer-locator.html,"Official locator searches around Hilti store cities/postcodes, 75 mile radius",Hilti Store Southwark,4.83,2-5 km strong urban overlap,2026-04-23
Makita,Makita Corporation,Official dealer / service partner,ITS,"479 LEA BRIDGE ROAD, LONDON",LONDON,E10 7EB,51.572495,-0.019886,Dealer,https://www.makitauk.com/dealer-locator.html,"Official locator searches around Hilti store cities/postcodes, 75 mile radius",Hilti Store Edmonton,4.84,2-5 km strong urban overlap,2026-04-23
Makita,Makita Corporation,Official dealer / service partner,LSDM LTD,19/29 BALLS POND ROAD,,N1 4BY,51.5460703,-0.0769291,Dealer,https://www.makitauk.com/dealer-locator.html,"Official locator searches around Hilti store cities/postcodes, 75 mile radius",Hilti Store Southwark,4.95,2-5 km strong urban overlap,2026-04-23
Makita,Makita Corporation,Official dealer / service partner,J R WEBSTER & CO LTD,"UNIT 2 EXPRESS BUSINESS PARK, BIRKENHEAD",BIRKENHEAD,CH42 1NB,53.376794,-3.011661,Dealer/service partner,https://www.makitauk.com/dealer-locator.html,"Official locator searches around Hilti store cities/postcodes, 75 mile radius",Hilti Store Liverpool,5.02,5-10 km metro overlap,2026-04-23
Makita,Makita Corporation,Official dealer / service partner,LLOYD & JONES ENGINEERS LTD,Lloyd & Jones (Birkenhead Branch) UNIT 7 ROYAL STANDARD WAY,,CH42 1NB,53.376794,-3.011661,Dealer,https://www.makitauk.com/dealer-locator.html,"Official locator searches around Hilti store cities/postcodes, 75 mile radius",Hilti Store Liverpool,5.02,5-10 km metro overlap,2026-04-23
Makita,Makita Corporation,Official dealer / service partner,RIVTEX LIMITED,"CRAVEN HOUSE, BIRKENHEAD",BIRKENHEAD,CH41 4BW,53.3916002,-3.0324932,Dealer,https://www.makitauk.com/dealer-locator.html,"Official locator searches around Hilti store cities/postcodes, 75 mile radius",Hilti Store Liverpool,5.04,5-10 km metro overlap,2026-04-23
Makita,Makita Corporation,Official dealer / service partner,LSDM LTD,404-406 EDGEWARE ROAD,,W2 1ED,51.5223685,-0.1731545,Dealer,https://www.makitauk.com/dealer-locator.html,"Official locator searches around Hilti store cities/postcodes, 75 mile radius",Hilti Store Southwark,5.34,5-10 km metro overlap,2026-04-23
Makita,Makita Corporation,Official dealer / service partner,LLOYD AND JONES,BOOTLE,BOOTLE,L20 1BL,53.4597158,-2.9866403,Dealer,https://www.makitauk.com/dealer-locator.html,"Official locator searches around Hilti store cities/postcodes, 75 mile radius",Hilti Store Liverpool,5.49,5-10 km metro overlap,2026-04-23
Makita,Makita Corporation,Official dealer / service partner,TOUCAN TOOL CO LTD (T073W),"373-375 CHURCH ROAD, LONDON",LONDON,E10 7JG,51.5659951,-0.0208253,Dealer,https://www.makitauk.com/dealer-locator.html,"Official locator searches around Hilti store cities/postcodes, 75 mile radius",Hilti Store Edmonton,5.49,5-10 km metro overlap,2026-04-23
Makita,Makita Corporation,Official dealer / service partner,LSDM LTD,335-337 KIND ROAD,,SW3 5EU,51.4841543,-0.1761144,Dealer,https://www.makitauk.com/dealer-locator.html,"Official locator searches around Hilti store cities/postcodes, 75 mile radius",Hilti Store Southwark,5.61,5-10 km metro overlap,2026-04-23
Makita,Makita Corporation,Official dealer / service partner,MURDOCKS KENNEDY WAY,"KENNEDY WAY INDUSTRIAL ESTATE, BELFAST",BELFAST,BT11 9DT,54.5782924934128,-5.97254487228399,Dealer,https://www.makitauk.com/dealer-locator.html,"Official locator searches around Hilti store cities/postcodes, 75 mile radius",Hilti Store Belfast,6.36,5-10 km metro overlap,2026-04-23
Makita,Makita Corporation,Official dealer / service partner,TOOL & PLANT SERVICES.,"UNITS 13 & 14 SAUCHIEBANK, EDINBURGH",EDINBURGH,EH11 2NN,55.9430065,-3.2271356,Dealer,https://www.makitauk.com/dealer-locator.html,"Official locator searches around Hilti store cities/postcodes, 75 mile radius",Hilti Store Edinburgh,6.38,5-10 km metro overlap,2026-04-23
Makita,Makita Corporation,Official dealer / service partner,BUILDER DEPOT LTD,"STATION ROAD, LONDON",LONDON,N11 1QJ,51.6127576,-0.1410518,Dealer/service partner,https://www.makitauk.com/dealer-locator.html,"Official locator searches around Hilti store cities/postcodes, 75 mile radius",Hilti Store Edmonton,6.49,5-10 km metro overlap,2026-04-23
Makita,Makita Corporation,Official dealer / service partner,MURFIX LTD,THE JM CENTRE,,M27 6AT,53.5149564,-2.3429921,Dealer,https://www.makitauk.com/dealer-locator.html,"Official locator searches around Hilti store cities/postcodes, 75 mile radius",Hilti Store Manchester,6.69,5-10 km metro overlap,2026-04-23
Makita,Makita Corporation,Official dealer / service partner,TOGA PLANT HIRE LTD,25 TREGO ROAD,,E9 5HJ,51.5417428,-0.0250518,Dealer,https://www.makitauk.com/dealer-locator.html,"Official locator searches around Hilti store cities/postcodes, 75 mile radius",Hilti Store Southwark,6.75,5-10 km metro overlap,2026-04-23
Makita,Makita Corporation,Official dealer / service partner,LSDM LTD,361-365 KENSINGTON HIGH STREET,,W14 8QY,51.4968699,-0.2048357,Dealer,https://www.makitauk.com/dealer-locator.html,"Official locator searches around Hilti store cities/postcodes, 75 mile radius",Hilti Store Southwark,7.18,5-10 km metro overlap,2026-04-23
Makita,Makita Corporation,Official dealer / service partner,BELL DONALDSON STEELE,"17 WESTFIELD STREET, EDINBURGH",EDINBURGH,EH11 2QQ,55.9375236,-3.2379994,Dealer,https://www.makitauk.com/dealer-locator.html,"Official locator searches around Hilti store cities/postcodes, 75 mile radius",Hilti Store Edinburgh,7.25,5-10 km metro overlap,2026-04-23
Makita,Makita Corporation,Official dealer / service partner,LSDM LTD,665/671 FULHAM ROAD,,SW6 5PZ,51.4785831,-0.1999981,Dealer/service partner,https://www.makitauk.com/dealer-locator.html,"Official locator searches around Hilti store cities/postcodes, 75 mile radius",Hilti Store Southwark,7.38,5-10 km metro overlap,2026-04-23
Makita,Makita Corporation,Official dealer / service partner,DATA POWER TOOLS LTD,"427 COWBRIDGE ROAD WEST, CARDIFF",CARDIFF,CF5 5TF,51.4701013075582,-3.26158722462129,Dealer/service partner,https://www.makitauk.com/dealer-locator.html,"Official locator searches around Hilti store cities/postcodes, 75 mile radius",Hilti Store Cardiff,7.39,5-10 km metro overlap,2026-04-23
Makita,Makita Corporation,Official dealer / service partner,ANGLIA TOOL CENTRE,"UNIT 7B REDWOOD TRADE PARK, WEST MIDLANDS",WEST MIDLANDS,B66 1NJ,52.502703,-1.9975737,Dealer/service partner,https://www.makitauk.com/dealer-locator.html,"Official locator searches around Hilti store cities/postcodes, 75 mile radius",Hilti Store Birmingham,7.42,5-10 km metro overlap,2026-04-23
Makita,Makita Corporation,Official dealer / service partner,MCBRIDE TOOL SERVICES LTD M255N,"UNITS 2-5 TR BUSINESS PARK, MALLUSK",MALLUSK,BT36 4TY,54.6780433728323,-5.99182911020511,Dealer,https://www.makitauk.com/dealer-locator.html,"Official locator searches around Hilti store cities/postcodes, 75 mile radius",Hilti Store Belfast,7.72,5-10 km metro overlap,2026-04-23
Makita,Makita Corporation,Official dealer / service partner,BUILDERS DEPOT LTD B209E,"14 BACKBURN ROAD, LONDON",LONDON,NW6 1RZ,51.5472477,-0.1904432,Dealer/service partner,https://www.makitauk.com/dealer-locator.html,"Official locator searches around Hilti store cities/postcodes, 75 mile radius",Hilti Store Southwark,7.78,5-10 km metro overlap,2026-04-23
Makita,Makita Corporation,Official dealer / service partner,LAWSONS ,20 SMUGGLERS WAY,,SW18 1EQ,51.4613406,-0.1910292,Dealer/service partner,https://www.makitauk.com/dealer-locator.html,"Official locator searches around Hilti store cities/postcodes, 75 mile radius",Hilti Store Southwark,7.81,5-10 km metro overlap,2026-04-23
Makita,Makita Corporation,Official dealer / service partner,Axminster Tools & Machinery,Valegate Retail Park,,CF5 6EH,51.4639222,-3.2731184,Dealer/service partner,https://www.makitauk.com/dealer-locator.html,"Official locator searches around Hilti store cities/postcodes, 75 mile radius",Hilti Store Cardiff,8.26,5-10 km metro overlap,2026-04-23
Makita,Makita Corporation,Official dealer / service partner,MP MORAN & SONS LTD.  M067C,"THE YARD 5-23 IVERSON ROAD, WATFORD",WATFORD,NW6 2QT,51.5467253,-0.1997376,Dealer,https://www.makitauk.com/dealer-locator.html,"Official locator searches around Hilti store cities/postcodes, 75 mile radius",Hilti Store Southwark,8.26,5-10 km metro overlap,2026-04-23
Makita,Makita Corporation,Official dealer / service partner,A GATTO & SON LTD,"206-212 GARRATT LANE, LONDON",LONDON,SW18 4EB,51.4471411,-0.1895992,Dealer/service partner,https://www.makitauk.com/dealer-locator.html,"Official locator searches around Hilti store cities/postcodes, 75 mile radius",Hilti Store Southwark,8.8,5-10 km metro overlap,2026-04-23
Makita,Makita Corporation,Official dealer / service partner,RUSSELLS TRADE & DIY,"46 UPPER TOOTING ROAD, LONDON",LONDON,SW17 7PD,51.4345859,-0.1618125,Dealer,https://www.makitauk.com/dealer-locator.html,"Official locator searches around Hilti store cities/postcodes, 75 mile radius",Hilti Store Southwark,8.8,5-10 km metro overlap,2026-04-23
Makita,Makita Corporation,Official dealer / service partner,LAWSONS (WHETSTONE),"1208 HIGH ROAD, LONDON",LONDON,N20 OLL,51.6285942,-0.1744815,Dealer/service partner,https://www.makitauk.com/dealer-locator.html,"Official locator searches around Hilti store cities/postcodes, 75 mile radius",Hilti Store Edmonton,8.97,5-10 km metro overlap,2026-04-23
Makita,Makita Corporation,Official dealer / service partner,BEESLEY & FILDES     B059C,"WILSON ROAD, LIVERPOOL",LIVERPOOL,L36 6AF,53.408768,-2.828852,Dealer/service partner,https://www.makitauk.com/dealer-locator.html,"Official locator searches around Hilti store cities/postcodes, 75 mile radius",Hilti Store Liverpool,9.01,5-10 km metro overlap,2026-04-23
Makita,Makita Corporation,Official dealer / service partner,LSDM LTD,683-685 FINCHLEY ROAD,,NW2 2JP,51.5617306,-0.1975183,Dealer,https://www.makitauk.com/dealer-locator.html,"Official locator searches around Hilti store cities/postcodes, 75 mile radius",Hilti Store Southwark,9.2,5-10 km metro overlap,2026-04-23
Makita,Makita Corporation,Official dealer / service partner,EH SMITH LTD.           E027T,UNIT 3 CFS BUSINESS PARK,,B75 7AZ,52.5611301,-1.8135338,Dealer/service partner,https://www.makitauk.com/dealer-locator.html,"Official locator searches around Hilti store cities/postcodes, 75 mile radius",Hilti Store Birmingham,9.41,5-10 km metro overlap,2026-04-23
Makita,Makita Corporation,Official dealer / service partner,EH SMITH LTD.        E027T  *3,"HASLUCKS  GREEN ROAD, SHIRLEY, SOLIHULL",SOLIHULL,B90 2NG,52.4087777,-1.8387669,Dealer/service partner,https://www.makitauk.com/dealer-locator.html,"Official locator searches around Hilti store cities/postcodes, 75 mile radius",Hilti Store Birmingham,9.72,5-10 km metro overlap,2026-04-23
Makita,Makita Corporation,Official dealer / service partner,DAVES TRADE CENTRE LIMITED,152-154 BALLARDS LANE,,N3 2PA,51.605068,-0.1880731,Dealer,https://www.makitauk.com/dealer-locator.html,"Official locator searches around Hilti store cities/postcodes, 75 mile radius",Hilti Store Edmonton,9.77,5-10 km metro overlap,2026-04-23
Makita,Makita Corporation,Official dealer / service partner,MP MORAN & SONS LTD.  M067C,"299-301 HIGH ROAD,, LONDON.",LONDON.,NW6 7JR,51.547006,-0.230412,Dealer,https://www.makitauk.com/dealer-locator.html,"Official locator searches around Hilti store cities/postcodes, 75 mile radius",Hilti Store Southwark,10.09,10-25 km regional catchment,2026-04-23
Makita,Makita Corporation,Official dealer / service partner,NOVO CSV LTD,"44 ELWELL STREET, WEST BROMWICH",WEST BROMWICH,B70 0DN,52.529241,-2.024891,Dealer,https://www.makitauk.com/dealer-locator.html,"Official locator searches around Hilti store cities/postcodes, 75 mile radius",Hilti Store Birmingham,10.11,10-25 km regional catchment,2026-04-23
Makita,Makita Corporation,Official dealer / service partner,LUMSDEN STUART LTD,"11A LAW PLACE, GLASGOW, LANARKSHIRE","GLASGOW, LANARKSHIRE",G74 4QL,55.7792242985885,-4.17449960274642,Dealer,https://www.makitauk.com/dealer-locator.html,"Official locator searches around Hilti store cities/postcodes, 75 mile radius",Hilti Store Glasgow,10.33,10-25 km regional catchment,2026-04-23
Makita,Makita Corporation,Official dealer / service partner,DONTEL ROOFING SUPPLIES LTD,CERAMIC HOUSE,,EN8 9SF,51.7080633,-0.0255718,Dealer/service partner,https://www.makitauk.com/dealer-locator.html,"Official locator searches around Hilti store cities/postcodes, 75 mile radius",Hilti Store Edmonton,10.72,10-25 km regional catchment,2026-04-23
Makita,Makita Corporation,Official dealer / service partner,J R WEBSTER & CO LTD,"BIRCHILL ROAD, KIRKBY  ",KIRKBY  ,L33 7TD,53.483863,-2.855703,Dealer/service partner,https://www.makitauk.com/dealer-locator.html,"Official locator searches around Hilti store cities/postcodes, 75 mile radius",Hilti Store Liverpool,10.76,10-25 km regional catchment,2026-04-23
Makita,Makita Corporation,Official dealer / service partner,Builder Depot,"383A Edgware Road, London ",London ,NW2 6LD,51.5657817,-0.2258221,Dealer/service partner,https://www.makitauk.com/dealer-locator.html,"Official locator searches around Hilti store cities/postcodes, 75 mile radius",Hilti Store Southwark,10.97,10-25 km regional catchment,2026-04-23
Makita,Makita Corporation,Official dealer / service partner,MP MORAN & SONS LTD     M067C,"WORTHINGTON HOUSE, WILLSDEN",WILLSDEN,NW10 2JJ,51.5489619,-0.2434814,Dealer,https://www.makitauk.com/dealer-locator.html,"Official locator searches around Hilti store cities/postcodes, 75 mile radius",Hilti Store Southwark,10.99,10-25 km regional catchment,2026-04-23
Makita,Makita Corporation,Official dealer / service partner,EDMUNDSON ELECTRICAL LTD 019,"UNIT 5, PACIFIC AVENUE",,WS10 7WP,52.5446582,-2.0321022,Dealer,https://www.makitauk.com/dealer-locator.html,"Official locator searches around Hilti store cities/postcodes, 75 mile radius",Hilti Store Birmingham,11.36,10-25 km regional catchment,2026-04-23
Makita,Makita Corporation,Official dealer / service partner,LAKEDALE POWER TOOLS,"217-223 PLUMSTEAD HIGH STREET, LONDON",LONDON,SE18 1HE,51.4935433,0.0617776,Dealer,https://www.makitauk.com/dealer-locator.html,"Official locator searches around Hilti store cities/postcodes, 75 mile radius",Hilti Store Southwark,11.38,10-25 km regional catchment,2026-04-23
Makita,Makita Corporation,Official dealer / service partner,HAYLEY GROUP LTD,"SHELAH ROAD, HALESOWEN",HALESOWEN,B63 3XL,52.4608903,-2.0546343,Dealer,https://www.makitauk.com/dealer-locator.html,"Official locator searches around Hilti store cities/postcodes, 75 mile radius",Hilti Store Birmingham,11.63,10-25 km regional catchment,2026-04-23
Makita,Makita Corporation,Official dealer / service partner,GAS CENTRE LIMITED,"UNIT 8 SHIRE HOUSE, SHIRLEY",SHIRLEY,B90 4LR,52.3977093,-1.805249,Dealer,https://www.makitauk.com/dealer-locator.html,"Official locator searches around Hilti store cities/postcodes, 75 mile radius",Hilti Store Birmingham,11.8,10-25 km regional catchment,2026-04-23
Makita,Makita Corporation,Official dealer / service partner,EDMUNDSON ELECTRICAL LTD 501,"ALPA HOUSE,59-61 PARK ROYAL RD",,NW10 7JJ,51.5295091,-0.2681191,Dealer,https://www.makitauk.com/dealer-locator.html,"Official locator searches around Hilti store cities/postcodes, 75 mile radius",Hilti Store Southwark,11.85,10-25 km regional catchment,2026-04-23
Makita,Makita Corporation,Official dealer / service partner,LAWSONS,2-4 COLVILLE ROAD,,W3 8BL,51.4989007,-0.2731485,Dealer/service partner,https://www.makitauk.com/dealer-locator.html,"Official locator searches around Hilti store cities/postcodes, 75 mile radius",Hilti Store Southwark,11.88,10-25 km regional catchment,2026-04-23
Makita,Makita Corporation,Official dealer / service partner,RAN HIRE & SALES LIMITED,"RAN HOUSE BROAD STREET, BARRY",BARRY,CF62 7XX,51.4013286,-3.2798658,Dealer/service partner,https://www.makitauk.com/dealer-locator.html,"Official locator searches around Hilti store cities/postcodes, 75 mile radius",Hilti Store Cardiff,11.89,10-25 km regional catchment,2026-04-23
Makita,Makita Corporation,Official dealer / service partner,REXEL,"ABBEY HOUSE, ABBEY ROAD, PARK ROYAL, LONDON",LONDON,NW10 7UA,51.531781,-0.272153,Dealer,https://www.makitauk.com/dealer-locator.html,"Official locator searches around Hilti store cities/postcodes, 75 mile radius",Hilti Store Southwark,12.18,10-25 km regional catchment,2026-04-23
Makita,Makita Corporation,Official dealer / service partner,LAWSONS,"5-7 LOMBARD ROAD, MERTON, LONDON",LONDON,SW19 3TZ,51.409934,-0.191999,Dealer,https://www.makitauk.com/dealer-locator.html,"Official locator searches around Hilti store cities/postcodes, 75 mile radius",Hilti Store Southwark,12.21,10-25 km regional catchment,2026-04-23
Makita,Makita Corporation,Official dealer / service partner,TOGA PLANT HIRE LTD,"UNIT E WESTERN TRADING ESTATE, LONDON",LONDON,NW10 7LU,51.532699,-0.2727988,Dealer,https://www.makitauk.com/dealer-locator.html,"Official locator searches around Hilti store cities/postcodes, 75 mile radius",Hilti Store Southwark,12.25,10-25 km regional catchment,2026-04-23
Makita,Makita Corporation,Official dealer / service partner,BUILDERS DEPOT LTD B209E,"ABBEY ROAD, LONDON",LONDON,NW10 7UP,51.5344962,-0.2749247,Dealer/service partner,https://www.makitauk.com/dealer-locator.html,"Official locator searches around Hilti store cities/postcodes, 75 mile radius",Hilti Store Southwark,12.44,10-25 km regional catchment,2026-04-23
Makita,Makita Corporation,Official dealer / service partner,THE HIREMAN (LONDON) LTD,"BLACK SWAN HOUSE, LONDON",LONDON,E16 4TG,51.5561866,-0.2697268,Dealer,https://www.makitauk.com/dealer-locator.html,"Official locator searches around Hilti store cities/postcodes, 75 mile radius",Hilti Store Southwark,12.97,10-25 km regional catchment,2026-04-23
Makita,Makita Corporation,Official dealer / service partner,LSDM LTD,"UNIT 24, FOURTH WAY, LONDON",LONDON,HA9 0LH,51.5577167,-0.2697934,Dealer,https://www.makitauk.com/dealer-locator.html,"Official locator searches around Hilti store cities/postcodes, 75 mile radius",Hilti Store Southwark,13.06,10-25 km regional catchment,2026-04-23
Makita,Makita Corporation,Official dealer / service partner,EH SMITH LTD.           E027T,THE CROFTON CENTRE,,B31 4PT,52.3864312,-1.9846845,Dealer/service partner,https://www.makitauk.com/dealer-locator.html,"Official locator searches around Hilti store cities/postcodes, 75 mile radius",Hilti Store Birmingham,13.23,10-25 km regional catchment,2026-04-23
Makita,Makita Corporation,Official dealer / service partner,N & C BUILDING PRODUCTS N002R,41-51 FRESHWATER ROAD,,RM8 1SP,51.5666726,0.1313044,Dealer,https://www.makitauk.com/dealer-locator.html,"Official locator searches around Hilti store cities/postcodes, 75 mile radius",Hilti Store Edmonton,13.34,10-25 km regional catchment,2026-04-23
Makita,Makita Corporation,Official dealer / service partner,CROYDON POWER TOOL CENTRE,"79 GLOUCESTER ROAD, CROYDON",CROYDON,CR0 2DN,51.3838735,-0.0896403,Dealer,https://www.makitauk.com/dealer-locator.html,"Official locator searches around Hilti store cities/postcodes, 75 mile radius",Hilti Store Southwark,13.42,10-25 km regional catchment,2026-04-23
Makita,Makita Corporation,Official dealer / service partner,TOOLSAVER LTD,"UNITS 10 & 11 BLOCK 22 BELGRAVE STREET, BELLSHILL",BELLSHILL,ML4 3NP,55.8185462,-4.0628062,Dealer,https://www.makitauk.com/dealer-locator.html,"Official locator searches around Hilti store cities/postcodes, 75 mile radius",Hilti Store Glasgow,13.76,10-25 km regional catchment,2026-04-23
Makita,Makita Corporation,Official dealer / service partner,LSDM LTD,9 THE MALL,,W5 2PJ,51.5133776,-0.3038972,Dealer,https://www.makitauk.com/dealer-locator.html,"Official locator searches around Hilti store cities/postcodes, 75 mile radius",Hilti Store Southwark,14.03,10-25 km regional catchment,2026-04-23
Makita,Makita Corporation,Official dealer / service partner,MURDOCKS NEWTOWNARDS,"21 JUBILEE ROAD, CO.DOWN, NORTHERN IRELAND, NEWTOWNARDS",NEWTOWNARDS,BT23 4YJ,54.584277142496,-5.70428640455731,Dealer,https://www.makitauk.com/dealer-locator.html,"Official locator searches around Hilti store cities/postcodes, 75 mile radius",Hilti Store Belfast,14.29,10-25 km regional catchment,2026-04-23
Makita,Makita Corporation,Official dealer / service partner,BOB RICHARDSON TOOL & FASTENERS LTD,PEDMORE ROAD,DUDLEY,DY2 0RL,52.4874829,-2.107193,Dealer,https://www.makitauk.com/dealer-locator.html,"Official locator searches around Hilti store cities/postcodes, 75 mile radius",Hilti Store Birmingham,14.72,10-25 km regional catchment,2026-04-23
Makita,Makita Corporation,Official dealer / service partner,LAWSONS,"164 COLLIER ROW ROAD, ROMFORD ",ROMFORD ,RM5 2BD,51.5928362,0.1658157,Dealer/service partner,https://www.makitauk.com/dealer-locator.html,"Official locator searches around Hilti store cities/postcodes, 75 mile radius",Hilti Store Edmonton,14.87,10-25 km regional catchment,2026-04-23
Makita,Makita Corporation,Official dealer / service partner,FRANK BLAKELEY & SON LTD,POOR PEG MILL,,OL10 4HZ,53.5953605,-2.2127073,Dealer,https://www.makitauk.com/dealer-locator.html,"Official locator searches around Hilti store cities/postcodes, 75 mile radius",Hilti Store Manchester,14.91,10-25 km regional catchment,2026-04-23
Makita,Makita Corporation,Official dealer / service partner,J & B ELECTRIC POWER TOOL CO.,"LIMITED, DORSET HOUSE, BOLTON",BOLTON,BL2 1ES,53.5725534,-2.4222292,Dealer,https://www.makitauk.com/dealer-locator.html,"Official locator searches around Hilti store cities/postcodes, 75 mile radius",Hilti Store Manchester,14.96,10-25 km regional catchment,2026-04-23
Makita,Makita Corporation,Official dealer / service partner,HUWS GRAY FITLOCK LIMITED,"UNIT 1  MILL LANE IND ESTATE, ELLESMERE PORT",ELLESMERE PORT,CH2 4HX,53.279061,-2.930255,Dealer/service partner,https://www.makitauk.com/dealer-locator.html,"Official locator searches around Hilti store cities/postcodes, 75 mile radius",Hilti Store Liverpool,14.97,10-25 km regional catchment,2026-04-23
Makita,Makita Corporation,Official dealer / service partner,TRAVIS PERKINS TRADING CO. LTD,"COLINDALE BENCHMARX (TP), UNIT 72 CAPITOL IND PARK, CAPITOL WAY, LONDON",LONDON,NW9 0EW,51.593428,-0.264414,Dealer,https://www.makitauk.com/dealer-locator.html,"Official locator searches around Hilti store cities/postcodes, 75 mile radius",Hilti Store Southwark,14.99,10-25 km regional catchment,2026-04-23
Makita,Makita Corporation,Official dealer / service partner,LLOYD & JONES ENGINEERS LTD,WRIGLEY STREET,,OL4 1HW,53.5439258,-2.0936599,Dealer,https://www.makitauk.com/dealer-locator.html,"Official locator searches around Hilti store cities/postcodes, 75 mile radius",Hilti Store Manchester,15.01,10-25 km regional catchment,2026-04-23
Makita,Makita Corporation,Official dealer / service partner,SHAWS ELECTRICAL LTD,"353 PURLEY WAY, CROYDON",CROYDON,CR0 4NW,51.3691627,-0.1179749,Service Partner,https://www.makitauk.com/dealer-locator.html,"Official locator searches around Hilti store cities/postcodes, 75 mile radius",Hilti Store Southwark,15.07,10-25 km regional catchment,2026-04-23
Makita,Makita Corporation,Official dealer / service partner,J R WEBSTER & CO LTD,"UNIT 2 BLOCK A WATERS BUSS PK, ELLESMERE PORT",ELLESMERE PORT,CH65 4FF,53.2825608,-2.8948404,Dealer/service partner,https://www.makitauk.com/dealer-locator.html,"Official locator searches around Hilti store cities/postcodes, 75 mile radius",Hilti Store Liverpool,15.13,10-25 km regional catchment,2026-04-23
Makita,Makita Corporation,Official dealer / service partner,T E HUGHES & SONS LTD H159K,33 OLD CHESTER ROAD,,CH66 3NZ,53.2769076,-2.9364385,Dealer,https://www.makitauk.com/dealer-locator.html,"Official locator searches around Hilti store cities/postcodes, 75 mile radius",Hilti Store Liverpool,15.15,10-25 km regional catchment,2026-04-23
Makita,Makita Corporation,Official dealer / service partner,J R WEBSTER & CO LTD,"OLD DITTON ROAD, WIDNES",WIDNES,WA8 0NP,53.358523,-2.750989,Dealer/service partner,https://www.makitauk.com/dealer-locator.html,"Official locator searches around Hilti store cities/postcodes, 75 mile radius",Hilti Store Liverpool,15.37,10-25 km regional catchment,2026-04-23
Makita,Makita Corporation,Official dealer / service partner,PGR TIMBER,"DANES ROAD, ROMFORD, , ESSEX",ESSEX,RM7 0HL,51.570463,0.166657,Dealer,https://www.makitauk.com/dealer-locator.html,"Official locator searches around Hilti store cities/postcodes, 75 mile radius",Hilti Store Edmonton,15.49,10-25 km regional catchment,2026-04-23
Makita,Makita Corporation,Official dealer / service partner,JACKDAW TOOLS LTD,"JACKDAW HOUSE, WILLENHALL",WILLENHALL,WV13 1DB,52.588165,-2.054897,Dealer/service partner,https://www.makitauk.com/dealer-locator.html,"Official locator searches around Hilti store cities/postcodes, 75 mile radius",Hilti Store Birmingham,15.58,10-25 km regional catchment,2026-04-23
Makita,Makita Corporation,Official dealer / service partner,LLOYD & JONES ENGINEERS LTD T/A JACKDAW TOOLS LTD,"JACKDAW HOUSE, WILLENHALL",WILLENHALL,WV13 1DB,52.588259,-2.0558394,Dealer,https://www.makitauk.com/dealer-locator.html,"Official locator searches around Hilti store cities/postcodes, 75 mile radius",Hilti Store Birmingham,15.63,10-25 km regional catchment,2026-04-23
Makita,Makita Corporation,Official dealer / service partner,Ray Grahams Ltd,"47-59 Donaghadee Road, Newtownards",Newtownards,BT23 7HB,54.597142,-5.676766,Dealer,https://www.makitauk.com/dealer-locator.html,"Official locator searches around Hilti store cities/postcodes, 75 mile radius",Hilti Store Belfast,15.64,10-25 km regional catchment,2026-04-23
Makita,Makita Corporation,Official dealer / service partner,LAWSONS (WHETSTONE) ,"301 BURNT OAK BDWY, MIDDLESEX, EDGEWARE",EDGEWARE,HA8 5ED,51.605616,-0.273979,Dealer,https://www.makitauk.com/dealer-locator.html,"Official locator searches around Hilti store cities/postcodes, 75 mile radius",Hilti Store Edmonton,15.69,10-25 km regional catchment,2026-04-23
Makita,Makita Corporation,Official dealer / service partner,TOOLS4TRADE LTD,"165A BOSTON ROAD, LONDON",LONDON,W7 3SA,51.5046512,-0.3345702,Dealer,https://www.makitauk.com/dealer-locator.html,"Official locator searches around Hilti store cities/postcodes, 75 mile radius",Hilti Store Southwark,16.12,10-25 km regional catchment,2026-04-23
Makita,Makita Corporation,Official dealer / service partner,"GEORGE HIGGINS (SIDCUP) LTD.,","75/77 STATION ROAD, SIDCUP",SIDCUP,DA15 7DN,51.43291,0.102664,Dealer/service partner,https://www.makitauk.com/dealer-locator.html,"Official locator searches around Hilti store cities/postcodes, 75 mile radius",Hilti Store Southwark,16.23,10-25 km regional catchment,2026-04-23
Makita,Makita Corporation,Official dealer / service partner,LAWSONS (NEW MALDEN),"UNIT 16, ADAMS IND ESTATE, ST JOHNS ROAD, MALDEN",MALDEN,KT3 3SQ,51.404425,-0.273305,Dealer,https://www.makitauk.com/dealer-locator.html,"Official locator searches around Hilti store cities/postcodes, 75 mile radius",Hilti Store Southwark,16.27,10-25 km regional catchment,2026-04-23
Makita,Makita Corporation,Official dealer / service partner,MURDOCKS LISBURN,"17A BALLINDERRY ROAD, CO ANTRIM, LISBURN",LISBURN,BT28 2SA,54.5114368940074,-6.07501927645136,Dealer,https://www.makitauk.com/dealer-locator.html,"Official locator searches around Hilti store cities/postcodes, 75 mile radius",Hilti Store Belfast,16.29,10-25 km regional catchment,2026-04-23
Makita,Makita Corporation,Official dealer / service partner,EH SMITH LTD.         E027T *3,TIMMIS ROAD,,DY9 7BQ,52.459416,-2.1257148,Dealer/service partner,https://www.makitauk.com/dealer-locator.html,"Official locator searches around Hilti store cities/postcodes, 75 mile radius",Hilti Store Birmingham,16.34,10-25 km regional catchment,2026-04-23
Makita,Makita Corporation,Official dealer / service partner,THE TIMBER GROUP,"Geddings Road, HODDESON",HODDESON,EN11 0NT,51.760573,-0.003073,Dealer,https://www.makitauk.com/dealer-locator.html,"Official locator searches around Hilti store cities/postcodes, 75 mile radius",Hilti Store Edmonton,16.73,10-25 km regional catchment,2026-04-23
Makita,Makita Corporation,Official dealer / service partner,HEWARD AND DEAN (B.D.) LTD,"UNIT N4 RD PARK, HODDESDON",HODDESDON,EN11 0FB,51.76222,-0.000437,Dealer,https://www.makitauk.com/dealer-locator.html,"Official locator searches around Hilti store cities/postcodes, 75 mile radius",Hilti Store Edmonton,16.94,10-25 km regional catchment,2026-04-23
Makita,Makita Corporation,Official dealer / service partner,WRIGHT HIRE(EQUIPMENT HIRE SERVICE)LTD,"SHEPLEY LANE IND ESTATE, STOCKPORT",STOCKPORT,SK6 7JW,53.3838237,-2.0660956,Dealer,https://www.makitauk.com/dealer-locator.html,"Official locator searches around Hilti store cities/postcodes, 75 mile radius",Hilti Store Manchester,17.0,10-25 km regional catchment,2026-04-23
Makita,Makita Corporation,Official dealer / service partner,D & M TOOLS LTD,"73-81 HEATH ROAD, TWICKENHAM",TWICKENHAM,TW1 4AW,51.445222,-0.3334265,Dealer,https://www.makitauk.com/dealer-locator.html,"Official locator searches around Hilti store cities/postcodes, 75 mile radius",Hilti Store Southwark,17.34,10-25 km regional catchment,2026-04-23
Makita,Makita Corporation,Official dealer / service partner,ROMFORD TOOLS R125P,46-48 BRENTWOOD ROAD,,RM1 2EP,51.5741286,0.1973868,Dealer,https://www.makitauk.com/dealer-locator.html,"Official locator searches around Hilti store cities/postcodes, 75 mile radius",Hilti Store Edmonton,17.42,10-25 km regional catchment,2026-04-23
Makita,Makita Corporation,Official dealer / service partner,My Tool Shed,"TRAVELLERS LANE, WELHAM GREEN, HATFIELD, HERTFORDSHIRE",HERTFORDSHIRE,AL9 7HF,51.736949,-0.214494,Dealer,https://www.makitauk.com/dealer-locator.html,"Official locator searches around Hilti store cities/postcodes, 75 mile radius",Hilti Store Edmonton,18.01,10-25 km regional catchment,2026-04-23
Makita,Makita Corporation,Official dealer / service partner,EUROCOM,"EUROCOM HOUSE, SOUTHALL",SOUTHALL,UB2 4PL,51.503185,-0.3644364,Dealer,https://www.makitauk.com/dealer-locator.html,"Official locator searches around Hilti store cities/postcodes, 75 mile radius",Hilti Store Southwark,18.18,10-25 km regional catchment,2026-04-23
Makita,Makita Corporation,Official dealer / service partner,MULTIFIX SUPPLY COMPANY LIMITED,"TRINITY HOUSE, SIDCUP",SIDCUP,IG11 0EG,51.4160933,0.1230268,Dealer,https://www.makitauk.com/dealer-locator.html,"Official locator searches around Hilti store cities/postcodes, 75 mile radius",Hilti Store Southwark,18.4,10-25 km regional catchment,2026-04-23
Makita,Makita Corporation,Official dealer / service partner,PGR TIMBER,"81 TONBRIDGE ROAD, HARROLD HILL, ESSEX",ESSEX,RM3 8TS,51.600656,0.218879,Dealer,https://www.makitauk.com/dealer-locator.html,"Official locator searches around Hilti store cities/postcodes, 75 mile radius",Hilti Store Edmonton,18.42,10-25 km regional catchment,2026-04-23
Makita,Makita Corporation,Official dealer / service partner,WILLIAMS TECH. SERV. LTD.W104T,"36 STATION RD, N. HARROW",N. HARROW,HA2 7SE,51.5889775,-0.3326048,Dealer/service partner,https://www.makitauk.com/dealer-locator.html,"Official locator searches around Hilti store cities/postcodes, 75 mile radius",Hilti Store Southwark,18.53,10-25 km regional catchment,2026-04-23
Makita,Makita Corporation,Official dealer / service partner,BURNT OAK BUILDERS MERCHANTS,"B2 NEPTUNE ROAD, HARROW",HARROW,HA1 4HX,51.580538,-0.345672,Dealer/service partner,https://www.makitauk.com/dealer-locator.html,"Official locator searches around Hilti store cities/postcodes, 75 mile radius",Hilti Store Southwark,18.88,10-25 km regional catchment,2026-04-23
Makita,Makita Corporation,Official dealer / service partner,ISLANDBAWN STORES,"128 BELFAST ROAD, ANTRIM",ANTRIM,BT41 2BA,54.704802,-6.176183,Dealer,https://www.makitauk.com/dealer-locator.html,"Official locator searches around Hilti store cities/postcodes, 75 mile radius",Hilti Store Belfast,19.01,10-25 km regional catchment,2026-04-23
Makita,Makita Corporation,Official dealer / service partner,SPECIALIST IRONMONGERY & INDUSTRIAL SUPPLIES LTD,"UNITS 3 & 4 MUIRHEAD, KIRKCALDY, SCOTLAND","KIRKCALDY, SCOTLAND",KY1 3PE,56.1369689876141,-3.14603543078072,Dealer,https://www.makitauk.com/dealer-locator.html,"Official locator searches around Hilti store cities/postcodes, 75 mile radius",Hilti Store Edinburgh,19.13,10-25 km regional catchment,2026-04-23
Makita,Makita Corporation,Official dealer / service partner,ABBEY ARCH IRONMONGERY (A059m),"LOMAX STREET, ROCHDALE",ROCHDALE,OL12 ODN,53.622384,-2.152227,Dealer/service partner,https://www.makitauk.com/dealer-locator.html,"Official locator searches around Hilti store cities/postcodes, 75 mile radius",Hilti Store Manchester,19.2,10-25 km regional catchment,2026-04-23
Makita,Makita Corporation,Official dealer / service partner,CARVERS BUILDING SUPPLIES LTD   C008Y,WAREHOUSE REAR OF BUILDING,,WV1 1JY,52.589727,-2.1233722,Dealer,https://www.makitauk.com/dealer-locator.html,"Official locator searches around Hilti store cities/postcodes, 75 mile radius",Hilti Store Birmingham,19.27,10-25 km regional catchment,2026-04-23
Makita,Makita Corporation,Official dealer / service partner,DENIS WILSON OF GLENAVY LTD,"16 Moira Road, GLENAVY, CRUMLIN",CRUMLIN,BT29 4LR,54.58574,-6.209851,Dealer,https://www.makitauk.com/dealer-locator.html,"Official locator searches around Hilti store cities/postcodes, 75 mile radius",Hilti Store Belfast,19.48,10-25 km regional catchment,2026-04-23
Makita,Makita Corporation,Official dealer / service partner,JOHN MCCORMICK (IMPORTERS & DISTRIBUTORS) LTD,"129 LISTOODER ROAD, SAINTFIELD",SAINTFIELD,BT24 7JZ,54.456085,-5.8308368,Dealer,https://www.makitauk.com/dealer-locator.html,"Official locator searches around Hilti store cities/postcodes, 75 mile radius",Hilti Store Belfast,19.52,10-25 km regional catchment,2026-04-23
Makita,Makita Corporation,Official dealer / service partner,NUTS & BOLTS,"UNIT 10, LONGTON IND ESTATE",,BS23 3YB,51.3413113,-2.9628064,Dealer,https://www.makitauk.com/dealer-locator.html,"Official locator searches around Hilti store cities/postcodes, 75 mile radius",Hilti Store Cardiff,19.96,10-25 km regional catchment,2026-04-23
Makita,Makita Corporation,Official dealer / service partner,NUTS & BOLTS LTD,"PLOT 2 SUNNYSIDE ROAD NORTH, WESTON-SUPER-MARE",WESTON-SUPER-MARE,BS23 3PZ,51.3413113,-2.9628064,Dealer,https://www.makitauk.com/dealer-locator.html,"Official locator searches around Hilti store cities/postcodes, 75 mile radius",Hilti Store Cardiff,19.96,10-25 km regional catchment,2026-04-23
Makita,Makita Corporation,Official dealer / service partner,EDMUNDSON ELECTRICAL LTD 106,WARNE ROAD,,BS23 3UU,51.344109,-2.9577454,Dealer,https://www.makitauk.com/dealer-locator.html,"Official locator searches around Hilti store cities/postcodes, 75 mile radius",Hilti Store Cardiff,19.97,10-25 km regional catchment,2026-04-23
Makita,Makita Corporation,Official dealer / service partner,LAWSONS (WHETSTONE),C/O TYTTENHANGER FARM,,AL4 0PG,51.7301713,-0.2663682,Dealer/service partner,https://www.makitauk.com/dealer-locator.html,"Official locator searches around Hilti store cities/postcodes, 75 mile radius",Hilti Store Edmonton,19.99,10-25 km regional catchment,2026-04-23
Makita,Makita Corporation,Official dealer / service partner,COLDBROOK SUPPLIES DIRECT LTD,"UNIT 7, BLOCK 7 ROSEBERRY LANE, CHAPELHALL IND. ESTATE, NORTH LANARKSHIRE",NORTH LANARKSHIRE,ML6 8QH,55.848115,-3.949562,Dealer,https://www.makitauk.com/dealer-locator.html,"Official locator searches around Hilti store cities/postcodes, 75 mile radius",Hilti Store Glasgow,20.28,10-25 km regional catchment,2026-04-23
Makita,Makita Corporation,Official dealer / service partner,LAWSONS (WHETSTONE),"WOODCOTE GROVE ROAD, SURREY, COULSDEN",COULSDEN,CR5 2AG,51.320503,-0.141021,Dealer,https://www.makitauk.com/dealer-locator.html,"Official locator searches around Hilti store cities/postcodes, 75 mile radius",Hilti Store Southwark,20.62,10-25 km regional catchment,2026-04-23
Makita,Makita Corporation,Official dealer / service partner,CLARIK ENGINEERING SUPPLIES,"Unit 2 Primrose Lane, Rosyth",Rosyth,KY11 2SF,56.044209,-3.433179,Dealer,https://www.makitauk.com/dealer-locator.html,"Official locator searches around Hilti store cities/postcodes, 75 mile radius",Hilti Store Edinburgh,20.66,10-25 km regional catchment,2026-04-23
Makita,Makita Corporation,Official dealer / service partner,G E TOOLS LTD,"UNIT 2, DEVA BUSINESS PARK, Chester",Chester,CH5 2HR,53.22751,-3.0107,Dealer,https://www.makitauk.com/dealer-locator.html,"Official locator searches around Hilti store cities/postcodes, 75 mile radius",Hilti Store Liverpool,20.75,10-25 km regional catchment,2026-04-23
Makita,Makita Corporation,Official dealer / service partner,BRYSON PRODUCTS,"REDLANDS, COULSDON",COULSDON,CR5 2HT,51.318742,-0.135122,Dealer,https://www.makitauk.com/dealer-locator.html,"Official locator searches around Hilti store cities/postcodes, 75 mile radius",Hilti Store Southwark,20.76,10-25 km regional catchment,2026-04-23
Makita,Makita Corporation,Official dealer / service partner,OCL KINGSWINFORD LTD,HINKSFORD LANE,,DY6 0BH,52.5098687,-2.1987038,Dealer,https://www.makitauk.com/dealer-locator.html,"Official locator searches around Hilti store cities/postcodes, 75 mile radius",Hilti Store Birmingham,21.02,10-25 km regional catchment,2026-04-23
Makita,Makita Corporation,Official dealer / service partner,MOSSWOOD INDUSTRIAL SUPPLIES LTD,33M COURT ROAD INDUSTRIAL ESTATE,,NP44 3AS,51.6430467,-3.0132719,Dealer,https://www.makitauk.com/dealer-locator.html,"Official locator searches around Hilti store cities/postcodes, 75 mile radius",Hilti Store Cardiff,21.13,10-25 km regional catchment,2026-04-23
Makita,Makita Corporation,Official dealer / service partner,FYNEPAX INDUSTRIAL SUPPLIES LTD,"UNIT 6, ASH ROAD",,G82 2RP,55.948095,-4.5693385,Dealer,https://www.makitauk.com/dealer-locator.html,"Official locator searches around Hilti store cities/postcodes, 75 mile radius",Hilti Store Glasgow,21.2,10-25 km regional catchment,2026-04-23
Makita,Makita Corporation,Official dealer / service partner,HUWS GRAY FITLOCK LIMITED,"HOLYWELL ROAD, FLINT",FLINT,CH6 5RR,53.2515499,-3.1369389,Dealer/service partner,https://www.makitauk.com/dealer-locator.html,"Official locator searches around Hilti store cities/postcodes, 75 mile radius",Hilti Store Liverpool,21.21,10-25 km regional catchment,2026-04-23
Makita,Makita Corporation,Official dealer / service partner,J R WEBSTER & CO LTD,"UNIT 5 FLINT TRADE PARK, FLINT",FLINT,CH6 5RR,53.2515499,-3.1369389,Dealer/service partner,https://www.makitauk.com/dealer-locator.html,"Official locator searches around Hilti store cities/postcodes, 75 mile radius",Hilti Store Liverpool,21.21,10-25 km regional catchment,2026-04-23
Makita,Makita Corporation,Official dealer / service partner,CRS BUILDING SUPPLIES LTD,"HANGAR 2 MOOR PARK, WESTON BUSINESS PARK",,BS24 8RA,51.3443839,-2.9313128,Dealer/service partner,https://www.makitauk.com/dealer-locator.html,"Official locator searches around Hilti store cities/postcodes, 75 mile radius",Hilti Store Cardiff,21.24,10-25 km regional catchment,2026-04-23
Makita,Makita Corporation,Official dealer / service partner,CAR AUDIO & SECURITY LTD,"Unit 6A, Bilton Way, Hayes",Hayes,UB3 3NF,51.5076715838726,-0.412006118296409,Dealer,https://www.makitauk.com/dealer-locator.html,"Official locator searches around Hilti store cities/postcodes, 75 mile radius",Hilti Store Southwark,21.48,10-25 km regional catchment,2026-04-23
Makita,Makita Corporation,Official dealer / service partner,DILWORTH & MORRIS ENG MERCH LTD,ST GEORGES ROAD,,SK22 4JU,53.369036,-1.9974969,Dealer,https://www.makitauk.com/dealer-locator.html,"Official locator searches around Hilti store cities/postcodes, 75 mile radius",Hilti Store Manchester,21.73,10-25 km regional catchment,2026-04-23
Makita,Makita Corporation,Official dealer / service partner,D.MATHER T/A POWER TOOL SVS CENTRE,"2-4 CROSS STREET, WARRINGTON",WARRINGTON,WA2 7PL,53.3996974,-2.5906871,Dealer,https://www.makitauk.com/dealer-locator.html,"Official locator searches around Hilti store cities/postcodes, 75 mile radius",Hilti Store Manchester,21.87,10-25 km regional catchment,2026-04-23
Makita,Makita Corporation,Official dealer / service partner,REXEL,"1120 EUROPA BOULEVARD, GEMINI BUSINESS PARK, WESTBROOK, WARRINGTON",WARRINGTON,WA5 7UW,53.415111,-2.634059,Dealer,https://www.makitauk.com/dealer-locator.html,"Official locator searches around Hilti store cities/postcodes, 75 mile radius",Hilti Store Liverpool,21.91,10-25 km regional catchment,2026-04-23
Makita,Makita Corporation,Official dealer / service partner,MAKITA FELTHAM,"Unit 5 Vector Park, Feltham",Feltham,TW13 7EJ,51.4404971692999,-0.402441967882982,Service Partner,https://www.makitauk.com/dealer-locator.html,"Official locator searches around Hilti store cities/postcodes, 75 mile radius",Hilti Store Southwark,22.0,10-25 km regional catchment,2026-04-23
Makita,Makita Corporation,Official dealer / service partner,ALPHA PNEUMATIC SUPPLIES LTD,"UNIT 7, THE iO CENTRE, HATFIELD",HATFIELD,AL10 9EW,51.7688946,-0.2435945,Dealer,https://www.makitauk.com/dealer-locator.html,"Official locator searches around Hilti store cities/postcodes, 75 mile radius",Hilti Store Edmonton,22.03,10-25 km regional catchment,2026-04-23
Makita,Makita Corporation,Official dealer / service partner,COUNTY INDUSTRIAL SUPPLIES LTD,"COUNTY HOUSE, CWMBRAN",CWMBRAN,NP44 1DL,51.6586916,-3.0261534,Dealer,https://www.makitauk.com/dealer-locator.html,"Official locator searches around Hilti store cities/postcodes, 75 mile radius",Hilti Store Cardiff,22.31,10-25 km regional catchment,2026-04-23
Makita,Makita Corporation,Official dealer / service partner,MORRIS (REDDITCH) LIMITED T/A,"151B EVESHAM ROAD, REDDITCH",REDDITCH,B97 5EJ,52.2919679,-1.946036,Dealer,https://www.makitauk.com/dealer-locator.html,"Official locator searches around Hilti store cities/postcodes, 75 mile radius",Hilti Store Birmingham,22.39,10-25 km regional catchment,2026-04-23
Makita,Makita Corporation,Official dealer / service partner,HERTS TOOL CO T/A HTC FASTENINGS LIMITED,LYON WAY,,AL4 0LR,51.7514783,-0.2833313,Dealer,https://www.makitauk.com/dealer-locator.html,"Official locator searches around Hilti store cities/postcodes, 75 mile radius",Hilti Store Edmonton,22.44,10-25 km regional catchment,2026-04-23
Makita,Makita Corporation,Official dealer / service partner,WALTER TIPPER LTD.   T009T,"EUROPA WAY,",,WS14 9TZ,52.6849551,-1.7975454,Dealer,https://www.makitauk.com/dealer-locator.html,"Official locator searches around Hilti store cities/postcodes, 75 mile radius",Hilti Store Birmingham,22.51,10-25 km regional catchment,2026-04-23
Makita,Makita Corporation,Official dealer / service partner,GIBB & BEVERIDGE (ENG. AG) LTD,"78 HALBEATH ROAD, DUNFERMLINE",DUNFERMLINE,KY12 7RS,56.0766718,-3.4354676,Dealer,https://www.makitauk.com/dealer-locator.html,"Official locator searches around Hilti store cities/postcodes, 75 mile radius",Hilti Store Edinburgh,22.55,10-25 km regional catchment,2026-04-23
Makita,Makita Corporation,Official dealer / service partner,ITS,"UNIT 1 ASCENT PARK EDINBURGH WAY, ESSEX",ESSEX,CM20 2HW,51.787082,0.120711,Dealer,https://www.makitauk.com/dealer-locator.html,"Official locator searches around Hilti store cities/postcodes, 75 mile radius",Hilti Store Edmonton,22.58,10-25 km regional catchment,2026-04-23
Makita,Makita Corporation,Official dealer / service partner,ENGINEERING AGENCIES T/A GIBB & BEVERIDGE LTD,"HALBEATH ROAD, Dunfermline",Dunfermline,KY12 7RS,56.0772812064555,-3.43599655361874,Dealer,https://www.makitauk.com/dealer-locator.html,"Official locator searches around Hilti store cities/postcodes, 75 mile radius",Hilti Store Edinburgh,22.62,10-25 km regional catchment,2026-04-23
Makita,Makita Corporation,Official dealer / service partner,MP MORAN & SONS (006),"OTTERSPOOL WAY, WATFORD",WATFORD,WD25 8HL,51.6669923,-0.3673582,Dealer,https://www.makitauk.com/dealer-locator.html,"Official locator searches around Hilti store cities/postcodes, 75 mile radius",Hilti Store Edmonton,22.91,10-25 km regional catchment,2026-04-23
Makita,Makita Corporation,Official dealer / service partner,SPECIALIST IRONMONGERY & INDUSTRIAL SUPPLIES LTD,"UNIT 1A DICKSON COURT, DUNFERMLINE",DUNFERMLINE,KY12 7SG,56.062846,-3.4581353,Dealer,https://www.makitauk.com/dealer-locator.html,"Official locator searches around Hilti store cities/postcodes, 75 mile radius",Hilti Store Edinburgh,22.98,10-25 km regional catchment,2026-04-23
Makita,Makita Corporation,Official dealer / service partner,E.D. ELSON LTD         E026C,1 BRICK KNOLLPARK,,AL1 5UG,51.747592,-0.3034119,Dealer,https://www.makitauk.com/dealer-locator.html,"Official locator searches around Hilti store cities/postcodes, 75 mile radius",Hilti Store Edmonton,23.18,10-25 km regional catchment,2026-04-23
Makita,Makita Corporation,Official dealer / service partner,PGR TIMBER,"UNIT F1 BLUE GATE PARK, HERBERT ROAD, BRENTWOOD, ESSEX",ESSEX,CM14 4JE,51.614456,0.290734,Dealer,https://www.makitauk.com/dealer-locator.html,"Official locator searches around Hilti store cities/postcodes, 75 mile radius",Hilti Store Edmonton,23.33,10-25 km regional catchment,2026-04-23
Makita,Makita Corporation,Official dealer / service partner,J R WEBSTER & CO LTD,"PRINCE WILLIAM AVENUE, DEESIDE",DEESIDE,CH5 2QZ,53.197374,-2.99005,Dealer/service partner,https://www.makitauk.com/dealer-locator.html,"Official locator searches around Hilti store cities/postcodes, 75 mile radius",Hilti Store Liverpool,23.94,10-25 km regional catchment,2026-04-23
Makita,Makita Corporation,Official dealer / service partner,ENTWISTLE & JOYNT LTD T/A TOOLSTORE UK WHOLESALE,"THE TOOL CENTRE, WIGAN",WIGAN,WN1 3AT,53.54273,-2.622835,Dealer,https://www.makitauk.com/dealer-locator.html,"Official locator searches around Hilti store cities/postcodes, 75 mile radius",Hilti Store Manchester,24.12,10-25 km regional catchment,2026-04-23
Makita,Makita Corporation,Official dealer / service partner,LLOYD AND JONES,STATION ROAD,,CH5 2PT,53.1953318,-2.9977489,Dealer,https://www.makitauk.com/dealer-locator.html,"Official locator searches around Hilti store cities/postcodes, 75 mile radius",Hilti Store Liverpool,24.21,10-25 km regional catchment,2026-04-23
Makita,Makita Corporation,Official dealer / service partner,FIXMART SERVICES.,"UNIT S, SPRINGHEAD ENTERPRISE PARK, DARTFORD",DARTFORD,DA11 8HJ,51.4420811,0.2358838,Dealer,https://www.makitauk.com/dealer-locator.html,"Official locator searches around Hilti store cities/postcodes, 75 mile radius",Hilti Store Southwark,24.39,10-25 km regional catchment,2026-04-23
Makita,Makita Corporation,Official dealer / service partner,CRESCENT BUILDING SUPP,CRESCENT PARADE,,UB10 0LG,51.533042,-0.4527619,Dealer/service partner,https://www.makitauk.com/dealer-locator.html,"Official locator searches around Hilti store cities/postcodes, 75 mile radius",Hilti Store Southwark,24.5,10-25 km regional catchment,2026-04-23
Makita,Makita Corporation,Official dealer / service partner,MKM BUILING SUPP(MACCLESFIELD),QUEENS AVENUE,,SK10 2BN,53.2691598,-2.1182913,Dealer,https://www.makitauk.com/dealer-locator.html,"Official locator searches around Hilti store cities/postcodes, 75 mile radius",Hilti Store Manchester,24.55,10-25 km regional catchment,2026-04-23
Makita,Makita Corporation,Official dealer / service partner,MAKITA WIGAN,"Whelan Building , Wigan",Wigan,WN5 0LD,53.5524608546223,-2.67417207102107,Service Partner,https://www.makitauk.com/dealer-locator.html,"Official locator searches around Hilti store cities/postcodes, 75 mile radius",Hilti Store Liverpool,24.76,10-25 km regional catchment,2026-04-23
Makita,Makita Corporation,Official dealer / service partner,PARFIX EQUIPMENT COMPANY LTD,"8 COMBER ROAD, COUNTY DOWN",COUNTY DOWN,BT23 6PA,54.4517009,-5.6697796,Dealer,https://www.makitauk.com/dealer-locator.html,"Official locator searches around Hilti store cities/postcodes, 75 mile radius",Hilti Store Belfast,24.91,10-25 km regional catchment,2026-04-23
Makita,Makita Corporation,Official dealer / service partner,EH SMITH LTD.         E027T *3,CANNOCK WOOD IND ESTATE,,WS12 OPL,52.7113676,-1.9518365,Dealer/service partner,https://www.makitauk.com/dealer-locator.html,"Official locator searches around Hilti store cities/postcodes, 75 mile radius",Hilti Store Birmingham,24.92,10-25 km regional catchment,2026-04-23
Makita,Makita Corporation,Official dealer / service partner,CRESCENT BUILDING SUPP. C099C,BRAKESPEAR ROAD,,HA4 7SN,51.5865897,-0.4390958,Dealer/service partner,https://www.makitauk.com/dealer-locator.html,"Official locator searches around Hilti store cities/postcodes, 75 mile radius",Hilti Store Southwark,25.06,25+ km lower direct store threat,2026-04-23
Makita,Makita Corporation,Official dealer / service partner,KEM EDWARDS LTD,"LONGWOOD BUSINESS PARK, SUNBURY ON THAMES ",SUNBURY ON THAMES ,TW16 6AZ,51.3985873,-0.4234947,Dealer/service partner,https://www.makitauk.com/dealer-locator.html,"Official locator searches around Hilti store cities/postcodes, 75 mile radius",Hilti Store Southwark,25.2,25+ km lower direct store threat,2026-04-23
Makita,Makita Corporation,Official dealer / service partner,K SUPPLIES,"HILL END LANE, RAWTENSTALL",RAWTENSTALL,BB4 7PP,53.6960065,-2.2713231,Dealer,https://www.makitauk.com/dealer-locator.html,"Official locator searches around Hilti store cities/postcodes, 75 mile radius",Hilti Store Manchester,25.42,25+ km lower direct store threat,2026-04-23
Makita,Makita Corporation,Official dealer / service partner,RIDGEONS LTD,"WEST ROAD, SAWBRIDGEWORTH, , HERTFORDSHIRE",HERTFORDSHIRE,CM21 OBP,51.817833,0.137468,Dealer,https://www.makitauk.com/dealer-locator.html,"Official locator searches around Hilti store cities/postcodes, 75 mile radius",Hilti Store Edmonton,26.12,25+ km lower direct store threat,2026-04-23
Makita,Makita Corporation,Official dealer / service partner,BOYS & BODEN LIMITED,"BROUGHTON MILLS ROAD, CHESTER, CHESHIRE",CHESHIRE,CH4 0BY,53.176068,-2.963104,Dealer,https://www.makitauk.com/dealer-locator.html,"Official locator searches around Hilti store cities/postcodes, 75 mile radius",Hilti Store Liverpool,26.25,25+ km lower direct store threat,2026-04-23
Makita,Makita Corporation,Official dealer / service partner,KELLAWAY BUILDING SUPPLIES LTD,"WEST END TRADING ESTATE, BLACKFRIARS ROAD, NAILSEA",NAILSEA,BS48 4DJ,51.4264471,-2.7792675,Dealer,https://www.makitauk.com/dealer-locator.html,"Official locator searches around Hilti store cities/postcodes, 75 mile radius",Hilti Store Cardiff,26.6,25+ km lower direct store threat,2026-04-23
Makita,Makita Corporation,Official dealer / service partner,The Tool & Fixing Co ,"UNIT 18 ARDEN BUSINESS CENTRE, ALCESTER",ALCESTER,B49 6HW,52.2436665173643,-1.87034626728906,Dealer,https://www.makitauk.com/dealer-locator.html,"Official locator searches around Hilti store cities/postcodes, 75 mile radius",Hilti Store Birmingham,27.47,25+ km lower direct store threat,2026-04-23
Makita,Makita Corporation,Official dealer / service partner,FAIRALLS (B.M) LTD   F027S,44 - 46 HIGHSTREET,,RH9 8LW,51.2494681,-0.0668567,Dealer/service partner,https://www.makitauk.com/dealer-locator.html,"Official locator searches around Hilti store cities/postcodes, 75 mile radius",Hilti Store Southwark,28.44,25+ km lower direct store threat,2026-04-23
Makita,Makita Corporation,Official dealer / service partner,JAMES GIBSON (DARWEN) LTDL,WARFLEX HOUSE,,BB3 1LS,53.6972866,-2.4720764,Dealer,https://www.makitauk.com/dealer-locator.html,"Official locator searches around Hilti store cities/postcodes, 75 mile radius",Hilti Store Manchester,28.5,25+ km lower direct store threat,2026-04-23
Makita,Makita Corporation,Official dealer / service partner,LAWSONS (WHETSTONE)     ,"58 HOLMETHORPE AVENUE, SURREY, REDHILL",REDHILL,RH1 2NL,51.249975,-0.157645,Dealer,https://www.makitauk.com/dealer-locator.html,"Official locator searches around Hilti store cities/postcodes, 75 mile radius",Hilti Store Southwark,28.54,25+ km lower direct store threat,2026-04-23
Makita,Makita Corporation,Official dealer / service partner,THOMPSON & PARKES   T006C,OLDINGTON TRADING ESTATE,,DY11 7QP,52.3655684,-2.2679113,Dealer,https://www.makitauk.com/dealer-locator.html,"Official locator searches around Hilti store cities/postcodes, 75 mile radius",Hilti Store Birmingham,29.15,25+ km lower direct store threat,2026-04-23
Makita,Makita Corporation,Official dealer / service partner,E.C.A. SUPPLIES (COVENTRY) LTD,"UNIT 14, HENLEY IND. PARK, COVENTRY",COVENTRY,CV2 1ST,52.431565,-1.464173,Dealer/service partner,https://www.makitauk.com/dealer-locator.html,"Official locator searches around Hilti store cities/postcodes, 75 mile radius",Hilti Store Birmingham,29.57,25+ km lower direct store threat,2026-04-23
Makita,Makita Corporation,Official dealer / service partner,ECA SUPPLIES (COVENTRY) LTD,"UNIT 14 HENLEY IND PARK, COVENTRY",COVENTRY,CV2 1ST,52.431565,-1.464173,Dealer,https://www.makitauk.com/dealer-locator.html,"Official locator searches around Hilti store cities/postcodes, 75 mile radius",Hilti Store Birmingham,29.57,25+ km lower direct store threat,2026-04-23
Makita,Makita Corporation,Official dealer / service partner,DATAPOWER TOOLS LTD (BRIDGEND),"NEWTON YARD,, BRIDGEND",BRIDGEND,CF31 1NA,51.5147205,-3.5784253,Dealer,https://www.makitauk.com/dealer-locator.html,"Official locator searches around Hilti store cities/postcodes, 75 mile radius",Hilti Store Cardiff,29.63,25+ km lower direct store threat,2026-04-23
Makita,Makita Corporation,Official dealer / service partner,CHAS LOWE & SONS   L015S,156 LONDON ROAD,,SG3 6HA,51.8659585,-0.1833834,Dealer/service partner,https://www.makitauk.com/dealer-locator.html,"Official locator searches around Hilti store cities/postcodes, 75 mile radius",Hilti Store Edmonton,29.69,25+ km lower direct store threat,2026-04-23
Makita,Makita Corporation,Official dealer / service partner,FIELDEN FACTORS KITCHENS,SALFORD WORKS,,OL14 7LF,53.7122517,-2.1002615,Dealer,https://www.makitauk.com/dealer-locator.html,"Official locator searches around Hilti store cities/postcodes, 75 mile radius",Hilti Store Manchester,29.71,25+ km lower direct store threat,2026-04-23
Makita,Makita Corporation,Official dealer / service partner,TAYLORS TOOLS                D,"THE TOOL & MOWER CENTRE, KINGS LANGLEY",KINGS LANGLEY,WD4 8BS,51.7175201,-0.450397,Dealer,https://www.makitauk.com/dealer-locator.html,"Official locator searches around Hilti store cities/postcodes, 75 mile radius",Hilti Store Edmonton,30.16,25+ km lower direct store threat,2026-04-23
Makita,Makita Corporation,Official dealer / service partner,Wigley DIY Ltd,"Barracks Road, Stourport-on-Severn",Stourport-on-Severn,DY13 9QB,52.3288792,-2.2680108,Dealer,https://www.makitauk.com/dealer-locator.html,"Official locator searches around Hilti store cities/postcodes, 75 mile radius",Hilti Store Birmingham,31.32,25+ km lower direct store threat,2026-04-23
Makita,Makita Corporation,Official dealer / service partner,PGR TIMBER,"THORPE INDUSTRIAL ESTATE, TEN ACRE LANE, THORPE, ESSEX",ESSEX,TW20 8RJ,51.416019,-0.534712,Dealer,https://www.makitauk.com/dealer-locator.html,"Official locator searches around Hilti store cities/postcodes, 75 mile radius",Hilti Store Southwark,31.56,25+ km lower direct store threat,2026-04-23
Makita,Makita Corporation,Official dealer / service partner,CRS BUILDING SUPPLIES LTD,1 EVERCREECH WAY,,TA9 4AN,51.2172427,-2.9639728,Dealer/service partner,https://www.makitauk.com/dealer-locator.html,"Official locator searches around Hilti store cities/postcodes, 75 mile radius",Hilti Store Cardiff,31.57,25+ km lower direct store threat,2026-04-23
Makita,Makita Corporation,Official dealer / service partner,PGR TIMBER,"DENBIGH ROAD, LAINDON, ESSEX",ESSEX,SS15 6PY,51.569976,0.420687,Dealer,https://www.makitauk.com/dealer-locator.html,"Official locator searches around Hilti store cities/postcodes, 75 mile radius",Hilti Store Edmonton,32.66,25+ km lower direct store threat,2026-04-23
Makita,Makita Corporation,Official dealer / service partner,DIAMOND INDUSTRIAL,"4 BROWN STREET, STERLINGSHIRE",STERLINGSHIRE,FK1 4QF,56.0037618390588,-3.81871479712061,Dealer,https://www.makitauk.com/dealer-locator.html,"Official locator searches around Hilti store cities/postcodes, 75 mile radius",Hilti Store Glasgow,32.95,25+ km lower direct store threat,2026-04-23
Makita,Makita Corporation,Official dealer / service partner,LLOYD & JONES ENGINEERS LTD,UNIT 1 HORNBY BUILDINGS,,CW7 3RB,53.197504,-2.49106,Dealer,https://www.makitauk.com/dealer-locator.html,"Official locator searches around Hilti store cities/postcodes, 75 mile radius",Hilti Store Manchester,33.11,25+ km lower direct store threat,2026-04-23
Makita,Makita Corporation,Official dealer / service partner,WARNHILL TOOL& FASTENERS LTD,"UNIT 10, WALLACE COURT ROAD",,CW7 3PD,53.1924905,-2.4849348,Dealer,https://www.makitauk.com/dealer-locator.html,"Official locator searches around Hilti store cities/postcodes, 75 mile radius",Hilti Store Manchester,33.45,25+ km lower direct store threat,2026-04-23
Makita,Makita Corporation,Official dealer / service partner,TFM FARM & COUNTRY SUPERSTORE LTD,"STABLEFORD, SHROPSHIRE",SHROPSHIRE,WV15 5LN,52.58497,-2.35949,Dealer/service partner,https://www.makitauk.com/dealer-locator.html,"Official locator searches around Hilti store cities/postcodes, 75 mile radius",Hilti Store Birmingham,33.46,25+ km lower direct store threat,2026-04-23
Makita,Makita Corporation,Official dealer / service partner,MKM Building Supplies ,"Juno Drive, LEAMINGTON SPA",LEAMINGTON SPA,CV31 3RG,52.2765480868723,-1.53853875817542,Dealer,https://www.makitauk.com/dealer-locator.html,"Official locator searches around Hilti store cities/postcodes, 75 mile radius",Hilti Store Birmingham,33.68,25+ km lower direct store threat,2026-04-23
Makita,Makita Corporation,Official dealer / service partner,HIRE OR BUY GROUP LTD,"UNIT 6&7 HYATT TRADING ESTATE, STEVENAGE",STEVENAGE,SG1 2EQ,51.902049,-0.219809,Dealer/service partner,https://www.makitauk.com/dealer-locator.html,"Official locator searches around Hilti store cities/postcodes, 75 mile radius",Hilti Store Edmonton,34.31,25+ km lower direct store threat,2026-04-23
Makita,Makita Corporation,Official dealer / service partner,ACE FIXINGS LTD,"WOODSIDE IND ESTATE, BALLYMENA",BALLYMENA,BT42 4HX,54.8731146,-6.2334626,Dealer,https://www.makitauk.com/dealer-locator.html,"Official locator searches around Hilti store cities/postcodes, 75 mile radius",Hilti Store Belfast,34.36,25+ km lower direct store threat,2026-04-23
Makita,Makita Corporation,Official dealer / service partner,WORLD OF POWER.CO.UK LTD,"TONGUE LANE INDUSTRIAL ESTATE, BUXTON",BUXTON,SK17 7LF,53.2592741,-1.89231,Dealer,https://www.makitauk.com/dealer-locator.html,"Official locator searches around Hilti store cities/postcodes, 75 mile radius",Hilti Store Manchester,34.65,25+ km lower direct store threat,2026-04-23
Makita,Makita Corporation,Official dealer / service partner,FIXINGS AND POWERTOOL CENTER LTD,"14 BONEHURST ROAD BRIGHTON ROAD, SURREY",SURREY,RH1 5EQ,51.1944524051892,-0.162973895028661,Service Partner,https://www.makitauk.com/dealer-locator.html,"Official locator searches around Hilti store cities/postcodes, 75 mile radius",Hilti Store Southwark,34.71,25+ km lower direct store threat,2026-04-23
Makita,Makita Corporation,Official dealer / service partner,BRYMEC GATWICK,"UNIT 4 POLAR DRIVE, OFF CROSS OAK LANE, , SALFORDS",SALFORDS,RH1 5HW,51.190805,-0.162599,Dealer,https://www.makitauk.com/dealer-locator.html,"Official locator searches around Hilti store cities/postcodes, 75 mile radius",Hilti Store Southwark,35.11,25+ km lower direct store threat,2026-04-23
Makita,Makita Corporation,Official dealer / service partner,LAWSONS (WHETSTONE)     ,"BONEHURST ROAD, SURREY, SALFORDS",SALFORDS,RH6 8PP,51.190848,-0.164313,Dealer,https://www.makitauk.com/dealer-locator.html,"Official locator searches around Hilti store cities/postcodes, 75 mile radius",Hilti Store Southwark,35.12,25+ km lower direct store threat,2026-04-23
Makita,Makita Corporation,Official dealer / service partner,Myers Building Supplies,"George Street, Milnsbridge Huddersfield, Milnsbridge",Milnsbridge,HD3 4JD,53.6404208793029,-1.82310691126001,Dealer,https://www.makitauk.com/dealer-locator.html,"Official locator searches around Hilti store cities/postcodes, 75 mile radius",Hilti Store Manchester,35.83,25+ km lower direct store threat,2026-04-23
Makita,Makita Corporation,Official dealer / service partner,TOWER TOOLS & EQUIPMENT LTD,"MONSANTO HOUSE, DUNDONALD",DUNDONALD,KA2 9AF,55.587766,-4.601414,Dealer,https://www.makitauk.com/dealer-locator.html,"Official locator searches around Hilti store cities/postcodes, 75 mile radius",Hilti Store Glasgow,35.93,25+ km lower direct store threat,2026-04-23
Makita,Makita Corporation,Official dealer / service partner,Myers Building Supplies,"Allen House, Station Road, Sowerby Bridge, Halifax, Sowerby Bridge",Sowerby Bridge,HX6 3AD,53.7069779061867,-1.90952990702104,Dealer,https://www.makitauk.com/dealer-locator.html,"Official locator searches around Hilti store cities/postcodes, 75 mile radius",Hilti Store Manchester,36.19,25+ km lower direct store threat,2026-04-23
Makita,Makita Corporation,Official dealer / service partner,CW Berry Ltd,"262 GOLDEN HILL LANE, Leyland",Leyland,PR25 2YH,53.698298,-2.701344,Dealer,https://www.makitauk.com/dealer-locator.html,"Official locator searches around Hilti store cities/postcodes, 75 mile radius",Hilti Store Liverpool,36.26,25+ km lower direct store threat,2026-04-23
Makita,Makita Corporation,Official dealer / service partner,HUWS GRAY FITLOCK LIMITED,"CASTLE WORKS, MARSH ROAD, RHUDDLAN",RHUDDLAN,LL18 5UB,53.2903414,-3.4746222,Dealer/service partner,https://www.makitauk.com/dealer-locator.html,"Official locator searches around Hilti store cities/postcodes, 75 mile radius",Hilti Store Liverpool,36.46,25+ km lower direct store threat,2026-04-23
Makita,Makita Corporation,Official dealer / service partner,SCOTT DIRECT LIMITED,UNIT 2,,FK7 7UU,56.1139668,-3.9132417,Dealer,https://www.makitauk.com/dealer-locator.html,"Official locator searches around Hilti store cities/postcodes, 75 mile radius",Hilti Store Glasgow,36.68,25+ km lower direct store threat,2026-04-23
Makita,Makita Corporation,Official dealer / service partner,T W WHOLESALE LTD,"UNIT 11 CADLEY HILL IND ESTATE, SWADLINCOTE  DERBY",SWADLINCOTE  DERBY,DE11 9EU,52.7661834,-1.5883336,Dealer,https://www.makitauk.com/dealer-locator.html,"Official locator searches around Hilti store cities/postcodes, 75 mile radius",Hilti Store Birmingham,36.8,25+ km lower direct store threat,2026-04-23
Makita,Makita Corporation,Official dealer / service partner,G E TOOLS LTD,"THE POWER TOOL CENTRE, RHYL",RHYL,LL18 1DS,53.314108,-3.498914,Dealer,https://www.makitauk.com/dealer-locator.html,"Official locator searches around Hilti store cities/postcodes, 75 mile radius",Hilti Store Liverpool,37.09,25+ km lower direct store threat,2026-04-23
Makita,Makita Corporation,Official dealer / service partner,FRANK BLAKELEY & SON LTD,SLATER HOUSE  UNIT 8A CENTURIO,,PR25 3UQ,53.7048491,-2.6916661,Dealer,https://www.makitauk.com/dealer-locator.html,"Official locator searches around Hilti store cities/postcodes, 75 mile radius",Hilti Store Liverpool,37.21,25+ km lower direct store threat,2026-04-23
Makita,Makita Corporation,Official dealer / service partner,CTS Ironmongery LTD,"Unit C, The Dyeworks, Albert Street, Huddersfield",Huddersfield,HD1 3RE,53.634449599637,-1.7913445119083,Dealer,https://www.makitauk.com/dealer-locator.html,"Official locator searches around Hilti store cities/postcodes, 75 mile radius",Hilti Store Manchester,37.28,25+ km lower direct store threat,2026-04-23
Makita,Makita Corporation,Official dealer / service partner,PHILIP INDUSTRIAL LTD,"14 Primrose Avenue, FALKIRK",FALKIRK,FK3 8YD,56.007046,-3.738847,Dealer,https://www.makitauk.com/dealer-locator.html,"Official locator searches around Hilti store cities/postcodes, 75 mile radius",Hilti Store Glasgow,37.49,25+ km lower direct store threat,2026-04-23
Makita,Makita Corporation,Official dealer / service partner,HUWS GRAY FITLOCK LTD,SMOKE HALL LANE,,CW7 3BE,53.1686298,-2.5428122,Dealer/service partner,https://www.makitauk.com/dealer-locator.html,"Official locator searches around Hilti store cities/postcodes, 75 mile radius",Hilti Store Manchester,37.52,25+ km lower direct store threat,2026-04-23
Makita,Makita Corporation,Official dealer / service partner,SCOTT DIRECT LIMITED,2 CALEDON GREEN,,FK3 8TR,56.0101308,-3.7406078,Dealer,https://www.makitauk.com/dealer-locator.html,"Official locator searches around Hilti store cities/postcodes, 75 mile radius",Hilti Store Glasgow,37.55,25+ km lower direct store threat,2026-04-23
Makita,Makita Corporation,Official dealer / service partner,HIRE SERVICES (SOUTHERN) LTD.,"2 MANOR WAY  HIGH STREET, OLD WOKING",OLD WOKING,GU22 9JX,51.3037216,-0.5411111,Dealer,https://www.makitauk.com/dealer-locator.html,"Official locator searches around Hilti store cities/postcodes, 75 mile radius",Hilti Store Southwark,37.77,25+ km lower direct store threat,2026-04-23
Makita,Makita Corporation,Official dealer / service partner,HMF TOOLS & FIXINGS LTD,"UNIT 6 BUSINESS CENTRE, AMERSHAM",AMERSHAM,HP6 6FB,51.6730808,-0.5865738,Dealer,https://www.makitauk.com/dealer-locator.html,"Official locator searches around Hilti store cities/postcodes, 75 mile radius",Hilti Store Edmonton,37.83,25+ km lower direct store threat,2026-04-23
Makita,Makita Corporation,Official dealer / service partner,KELLWAY BUILDING SUPPLIES LTD,"12 VALE LANE, HARTCLIFFE WAY, BEDMINSTER, BRISTOL",BRISTOL,BS3 5RU,51.4347647,-2.61113,Dealer,https://www.makitauk.com/dealer-locator.html,"Official locator searches around Hilti store cities/postcodes, 75 mile radius",Hilti Store Cardiff,37.96,25+ km lower direct store threat,2026-04-23
Makita,Makita Corporation,Official dealer / service partner,PROTRADE,"UNIT 1 GREENLINE IND PARK, BURTON ON TRENT",BURTON ON TRENT,DE14 2AS,52.806141,-1.646596,Dealer,https://www.makitauk.com/dealer-locator.html,"Official locator searches around Hilti store cities/postcodes, 75 mile radius",Hilti Store Birmingham,38.75,25+ km lower direct store threat,2026-04-23
Makita,Makita Corporation,Official dealer / service partner,KELLAWAY BUILDING SUPPLIES LTD,"176-180 KELLAWAY AVENUE, HORFIELD, BRISTOL",BRISTOL,BS6 7YL,51.485786,-2.595313,Dealer,https://www.makitauk.com/dealer-locator.html,"Official locator searches around Hilti store cities/postcodes, 75 mile radius",Hilti Store Cardiff,38.79,25+ km lower direct store threat,2026-04-23
Makita,Makita Corporation,Official dealer / service partner,EDMUNDSON ELECTRICAL LTD 021,UNIT 1 MALAGO ROAD,,BS3 4JR,51.439276,-2.5979578,Dealer,https://www.makitauk.com/dealer-locator.html,"Official locator searches around Hilti store cities/postcodes, 75 mile radius",Hilti Store Cardiff,38.81,25+ km lower direct store threat,2026-04-23
Makita,Makita Corporation,Official dealer / service partner,R MASSEY & SON (WOODVILLE) LTD,129 SWADLINCOTE ROAD,,DE11 8DA,52.7692363,-1.5430956,Dealer,https://www.makitauk.com/dealer-locator.html,"Official locator searches around Hilti store cities/postcodes, 75 mile radius",Hilti Store Birmingham,38.84,25+ km lower direct store threat,2026-04-23
Makita,Makita Corporation,Official dealer / service partner,AG&R EQUIPMENT LTD,"UNIT H WYLDS ROAD, BRIDGEWATER",BRIDGEWATER,TA6 4BH,51.1394922,-2.9962084,Dealer,https://www.makitauk.com/dealer-locator.html,"Official locator searches around Hilti store cities/postcodes, 75 mile radius",Hilti Store Cardiff,38.89,25+ km lower direct store threat,2026-04-23
Makita,Makita Corporation,Official dealer / service partner,KELLAWAY BUILDING SUPPLIES LTD,"UNITS 1 & 2 TROW WAY, DIGLIS TRADING ESTATE, , WORCESTER",WORCESTER,WR5 3BX,51.137863,-2.997842,Dealer,https://www.makitauk.com/dealer-locator.html,"Official locator searches around Hilti store cities/postcodes, 75 mile radius",Hilti Store Cardiff,39.03,25+ km lower direct store threat,2026-04-23
Makita,Makita Corporation,Official dealer / service partner,KELLAWAY BUILDING SUPPLIES LTD,"UNIT 1 BARHAMS CLOSE, WYLDS ROAD, BRIDGWATER",BRIDGWATER,TA6 4DH,51.137809,-2.997826,Dealer,https://www.makitauk.com/dealer-locator.html,"Official locator searches around Hilti store cities/postcodes, 75 mile radius",Hilti Store Cardiff,39.03,25+ km lower direct store threat,2026-04-23
Makita,Makita Corporation,Official dealer / service partner,MURDOCKS BANBRIDGE,"SCARVA INDUSTRIAL ESTATE, CO.DOWN. NORTHERN IRELAND, BANBRIDGE",BANBRIDGE,BT32 2QG,54.350533275819,-6.29208151958762,Dealer,https://www.makitauk.com/dealer-locator.html,"Official locator searches around Hilti store cities/postcodes, 75 mile radius",Hilti Store Belfast,39.03,25+ km lower direct store threat,2026-04-23
Makita,Makita Corporation,Official dealer / service partner,WESTERN TIMBER & BUILD SUPP,UNIT 1 BARHAMS CLOSE,,TA6 4DH,51.1371464,-2.9990137,Dealer,https://www.makitauk.com/dealer-locator.html,"Official locator searches around Hilti store cities/postcodes, 75 mile radius",Hilti Store Cardiff,39.08,25+ km lower direct store threat,2026-04-23
Makita,Makita Corporation,Official dealer / service partner,Bell Tools - Bell Bristol,"311 St John's Ln, Bedminster, Bristol",Bristol,BS3 5AZ,51.435702009314,-2.59393154227589,Dealer,https://www.makitauk.com/dealer-locator.html,"Official locator searches around Hilti store cities/postcodes, 75 mile radius",Hilti Store Cardiff,39.13,25+ km lower direct store threat,2026-04-23
Makita,Makita Corporation,Official dealer / service partner,CTS Ironmongery LTD,"Halifax Industrial Centre, Halifax",Halifax,HX1 5RW,53.7263592310116,-1.8765975222261,Dealer,https://www.makitauk.com/dealer-locator.html,"Official locator searches around Hilti store cities/postcodes, 75 mile radius",Hilti Store Manchester,39.24,25+ km lower direct store threat,2026-04-23
Makita,Makita Corporation,Official dealer / service partner,SOUTHERN TOOL SUPPLIES LTD T/A BELL TOOLS,"311 ST JOHNS LANE, BRISTOL",BRISTOL,BS3 5AZ,51.436408996582,-2.59076738357544,Service Partner,https://www.makitauk.com/dealer-locator.html,"Official locator searches around Hilti store cities/postcodes, 75 mile radius",Hilti Store Cardiff,39.34,25+ km lower direct store threat,2026-04-23
Makita,Makita Corporation,Official dealer / service partner,FRANK KEY TOOL HIRE LTD,"125 PELLON LANE, HALIFAX",HALIFAX,HX1 5QN,53.7264082327483,-1.87159068563368,Service Partner,https://www.makitauk.com/dealer-locator.html,"Official locator searches around Hilti store cities/postcodes, 75 mile radius",Hilti Store Manchester,39.47,25+ km lower direct store threat,2026-04-23
Makita,Makita Corporation,Official dealer / service partner,HIGGOTT,MELBOURNE ROAD,,LE67 6NN,52.687321,-1.4013407,Dealer,https://www.makitauk.com/dealer-locator.html,"Official locator searches around Hilti store cities/postcodes, 75 mile radius",Hilti Store Birmingham,39.6,25+ km lower direct store threat,2026-04-23
Makita,Makita Corporation,Official dealer / service partner,HUWS GRAY H127L,LON PARCWR INDUSRTIAL ESTATE,,LL15 1NJ,53.1202976,-3.3101761,Dealer/service partner,https://www.makitauk.com/dealer-locator.html,"Official locator searches around Hilti store cities/postcodes, 75 mile radius",Hilti Store Liverpool,39.76,25+ km lower direct store threat,2026-04-23
Makita,Makita Corporation,Official dealer / service partner,UNITED TOOLING SOLUTIONS LTD T/A SOUTH WESTERN TOO,"82-86 FILTON ROAD, BRISTOL",BRISTOL,BS7 0PD,51.4974457326203,-2.58022270602387,Dealer,https://www.makitauk.com/dealer-locator.html,"Official locator searches around Hilti store cities/postcodes, 75 mile radius",Hilti Store Cardiff,39.89,25+ km lower direct store threat,2026-04-23
Makita,Makita Corporation,Official dealer / service partner,Myers Building Supplies,"Red Doles Lane, Leeds Road, Huddersfield",Huddersfield,HD2 1YD,53.660604994311,-1.76975258730846,Dealer,https://www.makitauk.com/dealer-locator.html,"Official locator searches around Hilti store cities/postcodes, 75 mile radius",Hilti Store Manchester,40.0,25+ km lower direct store threat,2026-04-23
Makita,Makita Corporation,Official dealer / service partner,KELLAWAY BUILDING SUPPLIES LTD,"SWEB ESTATE, ROMNEY AVENUE",,BS7 9ST,51.4838414,-2.5702211,Dealer,https://www.makitauk.com/dealer-locator.html,"Official locator searches around Hilti store cities/postcodes, 75 mile radius",Hilti Store Cardiff,40.52,25+ km lower direct store threat,2026-04-23
Makita,Makita Corporation,Official dealer / service partner,LAMONT AGENCIES,"2 OLD MILL PARK  CULLYBACKEY, BALLYMENA",BALLYMENA,BT42 1FA,54.8878477,-6.3558676,Dealer,https://www.makitauk.com/dealer-locator.html,"Official locator searches around Hilti store cities/postcodes, 75 mile radius",Hilti Store Belfast,40.7,25+ km lower direct store threat,2026-04-23
Makita,Makita Corporation,Official dealer / service partner,REXEL,"UNITS 16 & 17, WHITTLE WAY, CRAWLEY",CRAWLEY,RH10 9RW,51.140416,-0.165711,Dealer,https://www.makitauk.com/dealer-locator.html,"Official locator searches around Hilti store cities/postcodes, 75 mile radius",Hilti Store Southwark,40.7,25+ km lower direct store threat,2026-04-23
Makita,Makita Corporation,Official dealer / service partner,DENMANS ELECTRICAL WHOLESALERS,"UNIT 17 BATTISTA ROAD, ALBION GATEWAY, OFF DERBY ROAD, BURTON ON TRENT",BURTON ON TRENT,DE13 0FW,52.825171,-1.622095,Dealer,https://www.makitauk.com/dealer-locator.html,"Official locator searches around Hilti store cities/postcodes, 75 mile radius",Hilti Store Birmingham,41.37,25+ km lower direct store threat,2026-04-23
Makita,Makita Corporation,Official dealer / service partner,W & H.S.EMERY & CO.LTD  E012N,STAFFORD PARK 4,,TF3 3DL,52.6761396,-2.421558,Dealer,https://www.makitauk.com/dealer-locator.html,"Official locator searches around Hilti store cities/postcodes, 75 mile radius",Hilti Store Birmingham,41.44,25+ km lower direct store threat,2026-04-23
Makita,Makita Corporation,Official dealer / service partner,J R WEBSTER & CO LTD,"REDWITHER ROAD, WREXHAM",WREXHAM,LL13 9RD,53.038615,-2.922654,Dealer,https://www.makitauk.com/dealer-locator.html,"Official locator searches around Hilti store cities/postcodes, 75 mile radius",Hilti Store Liverpool,41.62,25+ km lower direct store threat,2026-04-23
Makita,Makita Corporation,Official dealer / service partner,LLOYD AND JONES ENGINEERS LTD,"UNIT 4, APEX CENTRE",,LL13 9XS,53.0367364,-2.9409094,Dealer,https://www.makitauk.com/dealer-locator.html,"Official locator searches around Hilti store cities/postcodes, 75 mile radius",Hilti Store Liverpool,41.77,25+ km lower direct store threat,2026-04-23
Makita,Makita Corporation,Official dealer / service partner,ALLOA HIRE CENTRE LTD,51 ALLOA ROAD,,FK10 2TR,56.1346486,-3.8279382,Dealer,https://www.makitauk.com/dealer-locator.html,"Official locator searches around Hilti store cities/postcodes, 75 mile radius",Hilti Store Glasgow,41.83,25+ km lower direct store threat,2026-04-23
Makita,Makita Corporation,Official dealer / service partner,"POWER TOOL RENTALS LTD.,","THE HIRE CENTRE,, HALIFAX.",HALIFAX.,HX3 8ER,53.726058,-1.815591,Dealer,https://www.makitauk.com/dealer-locator.html,"Official locator searches around Hilti store cities/postcodes, 75 mile radius",Hilti Store Manchester,42.06,25+ km lower direct store threat,2026-04-23
Makita,Makita Corporation,Official dealer / service partner,BARNES JB - NELSON,"THE TOOL WAREHOUSE, NELSON",NELSON,BB9 8TF,53.843947,-2.213979,Dealer,https://www.makitauk.com/dealer-locator.html,"Official locator searches around Hilti store cities/postcodes, 75 mile radius",Hilti Store Manchester,42.09,25+ km lower direct store threat,2026-04-23
Makita,Makita Corporation,Official dealer / service partner,READYFIX LIMITED,CROFT STREET,,PR1 8XD,53.7607151,-2.7148845,Dealer,https://www.makitauk.com/dealer-locator.html,"Official locator searches around Hilti store cities/postcodes, 75 mile radius",Hilti Store Liverpool,42.12,25+ km lower direct store threat,2026-04-23
Makita,Makita Corporation,Official dealer / service partner,TERRIER TOOLS LIMITED,"UNIT 5 APEX CENTRE, WREXHAM",WREXHAM,LL13 9XS,53.0333187578034,-2.9407092928909,Dealer,https://www.makitauk.com/dealer-locator.html,"Official locator searches around Hilti store cities/postcodes, 75 mile radius",Hilti Store Liverpool,42.15,25+ km lower direct store threat,2026-04-23
Makita,Makita Corporation,Official dealer / service partner,THE TIMBER GROUP,"Unit 5 Penn St Works, AMERSHAM",AMERSHAM,HP7 0FA,51.652666,-0.665348,Dealer,https://www.makitauk.com/dealer-locator.html,"Official locator searches around Hilti store cities/postcodes, 75 mile radius",Hilti Store Southwark,42.3,25+ km lower direct store threat,2026-04-23
Makita,Makita Corporation,Official dealer / service partner,HOWARTH TIMBER & BUILDING SUPPLIES BRIGHOUSE,WAKEFIELD ROAD,,HD6 1PE,53.7023395,-1.7747366,Dealer/service partner,https://www.makitauk.com/dealer-locator.html,"Official locator searches around Hilti store cities/postcodes, 75 mile radius",Hilti Store Manchester,42.4,25+ km lower direct store threat,2026-04-23
Makita,Makita Corporation,Official dealer / service partner,DPR RETAIL LTD,"318-324 RIBBLETON LANE, LANCASHIRE",LANCASHIRE,PR1 5EE,53.7679576,-2.6771377,Dealer,https://www.makitauk.com/dealer-locator.html,"Official locator searches around Hilti store cities/postcodes, 75 mile radius",Hilti Store Manchester,42.42,25+ km lower direct store threat,2026-04-23
Makita,Makita Corporation,Official dealer / service partner,Myers Building Supplies,"Station Yard, Wood Road, Denby Dale, Denby Dale",Denby Dale,HD8 8QE,53.5732064037027,-1.66300322915487,Dealer,https://www.makitauk.com/dealer-locator.html,"Official locator searches around Hilti store cities/postcodes, 75 mile radius",Hilti Store Manchester,42.5,25+ km lower direct store threat,2026-04-23
Makita,Makita Corporation,Official dealer / service partner,Myers Building Supplies,"Wakefield Road, Brighouse, Huddersfield, Brighouse",Brighouse,HD6 1QX,53.7026564324692,-1.77179382497101,Dealer,https://www.makitauk.com/dealer-locator.html,"Official locator searches around Hilti store cities/postcodes, 75 mile radius",Hilti Store Manchester,42.57,25+ km lower direct store threat,2026-04-23
Makita,Makita Corporation,Official dealer / service partner,GRIFFITHS HIRE SHOPS LTD,"177 WREXHAM ROAD, WREXHAM",WREXHAM,LL14 4DP,53.0305928,-3.0221406,Dealer,https://www.makitauk.com/dealer-locator.html,"Official locator searches around Hilti store cities/postcodes, 75 mile radius",Hilti Store Liverpool,42.6,25+ km lower direct store threat,2026-04-23
Makita,Makita Corporation,Official dealer / service partner,LAWSONS (WHETSTONE),"ENGLESMERE SAWMILL, ASCOT, BERKSHIRE",BERKSHIRE,SL5 8DG,51.411258,-0.699893,Dealer,https://www.makitauk.com/dealer-locator.html,"Official locator searches around Hilti store cities/postcodes, 75 mile radius",Hilti Store Southwark,42.71,25+ km lower direct store threat,2026-04-23
Makita,Makita Corporation,Official dealer / service partner,HUWS GRAY FITLOCK LIMITED,"CROESFOEL IND ESTATE, WREXHAM",WREXHAM,LL14 4BJ,53.0295616,-3.0310404,Dealer/service partner,https://www.makitauk.com/dealer-locator.html,"Official locator searches around Hilti store cities/postcodes, 75 mile radius",Hilti Store Liverpool,42.77,25+ km lower direct store threat,2026-04-23
Makita,Makita Corporation,Official dealer / service partner,POWER FIXINGS LTD,"CROMPTON HOUSE, BRISTOL",BRISTOL,BS4 5RG,51.4314994,-2.5363114,Dealer,https://www.makitauk.com/dealer-locator.html,"Official locator searches around Hilti store cities/postcodes, 75 mile radius",Hilti Store Cardiff,43.15,25+ km lower direct store threat,2026-04-23
Makita,Makita Corporation,Official dealer / service partner,A-ONE TOOLS & FIX (BRIGHOUSE)LTD,"CALDER TRADING ESTATE, BRIGHOUSE",BRIGHOUSE,HD6 4DJ,53.7194304,-1.7771458,Dealer,https://www.makitauk.com/dealer-locator.html,"Official locator searches around Hilti store cities/postcodes, 75 mile radius",Hilti Store Manchester,43.47,25+ km lower direct store threat,2026-04-23
Makita,Makita Corporation,Official dealer / service partner,GARDENS MOWERS AND TOOLS LTD,"LANGRAW, ST ANDREWS",ST ANDREWS,KY16 8NR,56.3157437944541,-2.8197208769802,Dealer,https://www.makitauk.com/dealer-locator.html,"Official locator searches around Hilti store cities/postcodes, 75 mile radius",Hilti Store Edinburgh,43.54,25+ km lower direct store threat,2026-04-23
Makita,Makita Corporation,Official dealer / service partner,THE TIMBER GROUP,"The Crown Estate Yard, ASCOT",ASCOT,SL5 8AZ,51.395002,-0.708684,Dealer,https://www.makitauk.com/dealer-locator.html,"Official locator searches around Hilti store cities/postcodes, 75 mile radius",Hilti Store Southwark,43.78,25+ km lower direct store threat,2026-04-23
Makita,Makita Corporation,Official dealer / service partner,LAWSONS (WHETSTONE)     ,"TELFORD PLACE, WEST SUSSEX, CRAWLEY",CRAWLEY,RH10 1TA,51.112824,-0.180519,Dealer,https://www.makitauk.com/dealer-locator.html,"Official locator searches around Hilti store cities/postcodes, 75 mile radius",Hilti Store Southwark,43.87,25+ km lower direct store threat,2026-04-23
Makita,Makita Corporation,Official dealer / service partner,KELLAWAY BUILDING SUPPLIES LTD,"99 STAPLE HILL ROAD, FISHPONDS",,BS16 5AD,51.4815977,-2.5187377,Dealer,https://www.makitauk.com/dealer-locator.html,"Official locator searches around Hilti store cities/postcodes, 75 mile radius",Hilti Store Cardiff,44.08,25+ km lower direct store threat,2026-04-23
Makita,Makita Corporation,Official dealer / service partner,WEST TOOL LTD,"113 STAPLEHILL ROAD, FISHPOND, BRISTOL",BRISTOL,BS16 5AD,51.4817378,-2.5178345,Dealer,https://www.makitauk.com/dealer-locator.html,"Official locator searches around Hilti store cities/postcodes, 75 mile radius",Hilti Store Cardiff,44.15,25+ km lower direct store threat,2026-04-23
Makita,Makita Corporation,Official dealer / service partner,JACKDAW DINSTOCK (TELFORD) LTD,"UNIT C1, TELFORD",TELFORD,TF1 7ES,52.7104764,-2.4406969,Dealer/service partner,https://www.makitauk.com/dealer-locator.html,"Official locator searches around Hilti store cities/postcodes, 75 mile radius",Hilti Store Birmingham,44.53,25+ km lower direct store threat,2026-04-23
Makita,Makita Corporation,Official dealer / service partner,Myers Building Supplies,"Sheffield Road, Spring Vale, Penistone, Sheffield, Penistone",Penistone,S36 6HJ,53.5227836029238,-1.61362442872646,Dealer,https://www.makitauk.com/dealer-locator.html,"Official locator searches around Hilti store cities/postcodes, 75 mile radius",Hilti Store Manchester,44.56,25+ km lower direct store threat,2026-04-23
Makita,Makita Corporation,Official dealer / service partner,Myers Building Supplies,"Thornton Road, Thornton, Bradford, Thornton",Thornton,BD13 3NW,53.7916494332638,-1.86812615966955,Dealer,https://www.makitauk.com/dealer-locator.html,"Official locator searches around Hilti store cities/postcodes, 75 mile radius",Hilti Store Manchester,45.16,25+ km lower direct store threat,2026-04-23
Makita,Makita Corporation,Official dealer / service partner,TRADE FAST DIST (MIDLANDS) LTD,"DOVEFIELDS INDUSTRIAL ESTATE, UTTOXETER",UTTOXETER,ST14 8EE,52.9041106,-1.8561796,Dealer,https://www.makitauk.com/dealer-locator.html,"Official locator searches around Hilti store cities/postcodes, 75 mile radius",Hilti Store Birmingham,46.06,25+ km lower direct store threat,2026-04-23
Makita,Makita Corporation,Official dealer / service partner,CRS BUILDING SUPPLIES LTD,"SOUTHOVER, SOMERSET",SOMERSET,BA5 1UH,51.2050398,-2.6492857,Dealer/service partner,https://www.makitauk.com/dealer-locator.html,"Official locator searches around Hilti store cities/postcodes, 75 mile radius",Hilti Store Cardiff,46.2,25+ km lower direct store threat,2026-04-23
Makita,Makita Corporation,Official dealer / service partner,EH SMITH LTD.           E027T,MILL HILL,,LE19 4AJ,52.5947847,-1.2158081,Dealer/service partner,https://www.makitauk.com/dealer-locator.html,"Official locator searches around Hilti store cities/postcodes, 75 mile radius",Hilti Store Birmingham,47.04,25+ km lower direct store threat,2026-04-23
Makita,Makita Corporation,Official dealer / service partner,ONLINE POWER TOOLS LTD,"UNITS 4 - 5, ADLAM CENTRAL PARK",,BA6 9XE,51.1423244,-2.7289908,Dealer/service partner,https://www.makitauk.com/dealer-locator.html,"Official locator searches around Hilti store cities/postcodes, 75 mile radius",Hilti Store Cardiff,47.37,25+ km lower direct store threat,2026-04-23
Makita,Makita Corporation,Official dealer / service partner,Myers Building Supplies,"400 Huddersfield Road, Ravensthorpe, Dewsbury, Dewsbury",Dewsbury,WF13 3EL,53.6802849430723,-1.65478235146848,Dealer,https://www.makitauk.com/dealer-locator.html,"Official locator searches around Hilti store cities/postcodes, 75 mile radius",Hilti Store Manchester,47.63,25+ km lower direct store threat,2026-04-23
Makita,Makita Corporation,Official dealer / service partner,E.C.A. SUPPLIES (COVENTRY) LTD,"LEEK NEW ROAD, STOKE ON TRENT",STOKE ON TRENT,ST6 2AS,53.0390159,-2.1837047,Dealer/service partner,https://www.makitauk.com/dealer-locator.html,"Official locator searches around Hilti store cities/postcodes, 75 mile radius",Hilti Store Manchester,48.08,25+ km lower direct store threat,2026-04-23
Makita,Makita Corporation,Official dealer / service partner,POWERCRAFT SCOTLAND LTD,"15 PEEBLES ST, AYR",AYR,KA8 8DP,55.4691587,-4.6295809,Dealer,https://www.makitauk.com/dealer-locator.html,"Official locator searches around Hilti store cities/postcodes, 75 mile radius",Hilti Store Glasgow,48.17,25+ km lower direct store threat,2026-04-23
Makita,Makita Corporation,Official dealer / service partner,ROBERT POCHIN LIMITED,2 MURRAYFIELD ROAD,,LE3 1UW,52.6315492,-1.1990018,Dealer,https://www.makitauk.com/dealer-locator.html,"Official locator searches around Hilti store cities/postcodes, 75 mile radius",Hilti Store Birmingham,49.26,25+ km lower direct store threat,2026-04-23
Makita,Makita Corporation,Official dealer / service partner,WESSEX EAGLE LTD,OLD MILLS INDUSTRIAL ESTATE,,BS39 7SW,51.2918924,-2.5025339,Dealer,https://www.makitauk.com/dealer-locator.html,"Official locator searches around Hilti store cities/postcodes, 75 mile radius",Hilti Store Cardiff,49.65,25+ km lower direct store threat,2026-04-23
Makita,Makita Corporation,Official dealer / service partner,ERF ELECTRICAL WHOLESALERS LTD,UNIT Y2A WINCHESTER AVENUE,,LE8 4GZ,52.5781112,-1.1687789,Dealer,https://www.makitauk.com/dealer-locator.html,"Official locator searches around Hilti store cities/postcodes, 75 mile radius",Hilti Store Birmingham,49.74,25+ km lower direct store threat,2026-04-23
Makita,Makita Corporation,Official dealer / service partner,BROWN & PARTNERS LTD,"OLD MILLS, BRISTOL",BRISTOL,BS39 7SW,51.2924124,-2.5003127,Dealer,https://www.makitauk.com/dealer-locator.html,"Official locator searches around Hilti store cities/postcodes, 75 mile radius",Hilti Store Cardiff,49.77,25+ km lower direct store threat,2026-04-23
Makita,Makita Corporation,Official dealer / service partner,BRADFORD BUILD. SUPPS    B165L,"CROWN WORKS, MALVERN",MALVERN,WR14 2QP,52.1187729,-2.3042892,Dealer/service partner,https://www.makitauk.com/dealer-locator.html,"Official locator searches around Hilti store cities/postcodes, 75 mile radius",Hilti Store Birmingham,50.02,25+ km lower direct store threat,2026-04-23
Makita,Makita Corporation,Official dealer / service partner,Diamond Industrial,"Shore Road, Perth",Perth,PH2 8BD,56.3843596310361,-3.42677545935587,Dealer,https://www.makitauk.com/dealer-locator.html,"Official locator searches around Hilti store cities/postcodes, 75 mile radius",Hilti Store Edinburgh,50.06,25+ km lower direct store threat,2026-04-23
Makita,Makita Corporation,Official dealer / service partner,CTS Ironmongery LTD,"Unit 1C, Towngate Business Park, Windsor Street, Bradford",Bradford,BD4 7AQ,53.7871137612604,-1.7417778312149,Dealer,https://www.makitauk.com/dealer-locator.html,"Official locator searches around Hilti store cities/postcodes, 75 mile radius",Hilti Store Manchester,50.26,25+ km lower direct store threat,2026-04-23
Makita,Makita Corporation,Official dealer / service partner,E.C.A. SUPPLIES (COVENTRY)LTD,"UNIT 26 OSWIN ROAD, BRAILSFORD INDUSTRIAL ESTATE, LEICESTER, LEICESTERSHIRE",LEICESTERSHIRE,LE3 1HR,52.6322056,-1.1819241,Dealer,https://www.makitauk.com/dealer-locator.html,"Official locator searches around Hilti store cities/postcodes, 75 mile radius",Hilti Store Birmingham,50.38,25+ km lower direct store threat,2026-04-23
Makita,Makita Corporation,Official dealer / service partner,Myers Building Supplies,"Atlas Works, Warwick Road,  Batley, Batley",Batley,WF17 6BB,53.7048035925715,-1.63036241919611,Dealer,https://www.makitauk.com/dealer-locator.html,"Official locator searches around Hilti store cities/postcodes, 75 mile radius",Hilti Store Manchester,50.39,25+ km lower direct store threat,2026-04-23
Makita,Makita Corporation,Official dealer / service partner,REXEL,"UNITS 1 & 2, ROWAN TRADE PARK, NEVILLE ROAD, BRADFORD",BRADFORD,BD4 8TQ,53.783328,-1.730148,Dealer,https://www.makitauk.com/dealer-locator.html,"Official locator searches around Hilti store cities/postcodes, 75 mile radius",Hilti Store Manchester,50.52,25+ km lower direct store threat,2026-04-23
Makita,Makita Corporation,Official dealer / service partner,KELLAWAY BUILDING SUPPLIES LTD,12 NORTH ROAD,,BS37 7PA,51.5419339,-2.4327537,Dealer,https://www.makitauk.com/dealer-locator.html,"Official locator searches around Hilti store cities/postcodes, 75 mile radius",Hilti Store Cardiff,50.55,25+ km lower direct store threat,2026-04-23
Makita,Makita Corporation,Official dealer / service partner,W & H.S.EMERY & CO.LTD  E012N,GARNER STREET,,ST4 7PU,53.0149903,-2.1995155,Dealer,https://www.makitauk.com/dealer-locator.html,"Official locator searches around Hilti store cities/postcodes, 75 mile radius",Hilti Store Manchester,50.61,25+ km lower direct store threat,2026-04-23
Makita,Makita Corporation,Official dealer / service partner,BRADFORDS BUILDING SUPP LTD,"WELLINGTON NEW ROAD, TAUNTON",TAUNTON,TA1 5LU,51.0123517,-3.1277703,Dealer/service partner,https://www.makitauk.com/dealer-locator.html,"Official locator searches around Hilti store cities/postcodes, 75 mile radius",Hilti Store Cardiff,51.46,25+ km lower direct store threat,2026-04-23
Makita,Makita Corporation,Official dealer / service partner,FLOORMART,"CARLISLE STREET, UNIT 39, LEICESTER",LEICESTER,LE3 6AH,52.6344996171974,-1.15847977228434,Dealer,https://www.makitauk.com/dealer-locator.html,"Official locator searches around Hilti store cities/postcodes, 75 mile radius",Hilti Store Birmingham,51.97,25+ km lower direct store threat,2026-04-23
Makita,Makita Corporation,Official dealer / service partner,A J PHILPOTT & SONS LTD,FOUNTAIN STREET,,ST4 2HA,52.9998072,-2.1623349,Dealer,https://www.makitauk.com/dealer-locator.html,"Official locator searches around Hilti store cities/postcodes, 75 mile radius",Hilti Store Manchester,52.6,25+ km lower direct store threat,2026-04-23
Makita,Makita Corporation,Official dealer / service partner,KELLAWAY BUILDING SUPPLIES LTD,"TURNPIKE YARD, LOWER BRISTOL ROAD, BATH",BATH,BA2 9EU,51.3882418,-2.4089656,Dealer,https://www.makitauk.com/dealer-locator.html,"Official locator searches around Hilti store cities/postcodes, 75 mile radius",Hilti Store Cardiff,52.62,25+ km lower direct store threat,2026-04-23
Makita,Makita Corporation,Official dealer / service partner,BUILDERS SUPPS.(W.COAST) B103C,DORSET AVENUE,,FY5 2DB,53.8842365,-3.0381164,Dealer/service partner,https://www.makitauk.com/dealer-locator.html,"Official locator searches around Hilti store cities/postcodes, 75 mile radius",Hilti Store Liverpool,52.72,25+ km lower direct store threat,2026-04-23
Makita,Makita Corporation,Official dealer / service partner,E MCINTYRE & SONS LTD,"24 Lisgorgan Lane, Upperlands, Maghera, N. Ireland","Maghera, N. Ireland",BT46 5TE,54.8899264207784,-6.6005509923438,Dealer,https://www.makitauk.com/dealer-locator.html,"Official locator searches around Hilti store cities/postcodes, 75 mile radius",Hilti Store Belfast,52.96,25+ km lower direct store threat,2026-04-23
Makita,Makita Corporation,Official dealer / service partner,MOL TOOLS & ABRASIVES LTD (Maghera),"6 LISGORGAN LANE, MAGHERA",MAGHERA,BT46 5TE,54.8912296,-6.6028657,Dealer,https://www.makitauk.com/dealer-locator.html,"Official locator searches around Hilti store cities/postcodes, 75 mile radius",Hilti Store Belfast,53.16,25+ km lower direct store threat,2026-04-23
Makita,Makita Corporation,Official dealer / service partner,JOINERY & CONSTRUCTION SERVICES ,"Unit B, Arran House, PERTH",PERTH,PH1 3DZ,56.417198,-3.457603,Dealer,https://www.makitauk.com/dealer-locator.html,"Official locator searches around Hilti store cities/postcodes, 75 mile radius",Hilti Store Edinburgh,54.15,25+ km lower direct store threat,2026-04-23
Makita,Makita Corporation,Official dealer / service partner,Myers Building Supplies,"Old Corn Mill, Keighley Road, Silsden, Silsden",Silsden,BD20 0DY,53.9103733833121,-1.93857833424199,Dealer,https://www.makitauk.com/dealer-locator.html,"Official locator searches around Hilti store cities/postcodes, 75 mile radius",Hilti Store Manchester,54.16,25+ km lower direct store threat,2026-04-23
Makita,Makita Corporation,Official dealer / service partner,ROBERT POCHIN LIMITED,"18 SAMUEL STREET, LEICESTER",LEICESTER,LE1 1RU,52.6363601,-1.1223785,Dealer,https://www.makitauk.com/dealer-locator.html,"Official locator searches around Hilti store cities/postcodes, 75 mile radius",Hilti Store Birmingham,54.35,25+ km lower direct store threat,2026-04-23
Makita,Makita Corporation,Official dealer / service partner,B.JENKINS & SONS,WATTON SAW MILLS,,LD3 7EN,51.943517,-3.382715,Dealer/service partner,https://www.makitauk.com/dealer-locator.html,"Official locator searches around Hilti store cities/postcodes, 75 mile radius",Hilti Store Cardiff,54.43,25+ km lower direct store threat,2026-04-23
Makita,Makita Corporation,Official dealer / service partner,Myers Building Supplies,"Briar Rhydding, Baildon, Shipley, Baildon",Baildon,BD17 7JW,53.8448382223561,-1.75373287394331,Dealer,https://www.makitauk.com/dealer-locator.html,"Official locator searches around Hilti store cities/postcodes, 75 mile radius",Hilti Store Manchester,54.47,25+ km lower direct store threat,2026-04-23
Makita,Makita Corporation,Official dealer / service partner,DIPT LTD,"UNITS 1 & 2 SIDNEY ROBINSON BUSINESS PARK, DERBY",DERBY,DE24 8EH,52.9041701627457,-1.45159788542592,Service Partner,https://www.makitauk.com/dealer-locator.html,"Official locator searches around Hilti store cities/postcodes, 75 mile radius",Hilti Store Birmingham,54.67,25+ km lower direct store threat,2026-04-23
Makita,Makita Corporation,Official dealer / service partner,E MCINTYRE & SONS LTD,"14 DRUMAGARNER ROAD, KILREA",KILREA,BT51 5TB,54.9465674,-6.5618636,Dealer,https://www.makitauk.com/dealer-locator.html,"Official locator searches around Hilti store cities/postcodes, 75 mile radius",Hilti Store Belfast,54.78,25+ km lower direct store threat,2026-04-23
Makita,Makita Corporation,Official dealer / service partner,TURNER HIRE & SALES LTD,426-432 LONDON ROAD,,S2 4ND,53.3643342,-1.4725159,Dealer,https://www.makitauk.com/dealer-locator.html,"Official locator searches around Hilti store cities/postcodes, 75 mile radius",Hilti Store Manchester,54.78,25+ km lower direct store threat,2026-04-23
Makita,Makita Corporation,Official dealer / service partner,HIGHLAND IND SUPPLIES (Perth),"19 RUTHVENFIELD PLACE, PERTH",PERTH,PH1 3XU,56.4188109,-3.4801964,Dealer,https://www.makitauk.com/dealer-locator.html,"Official locator searches around Hilti store cities/postcodes, 75 mile radius",Hilti Store Edinburgh,54.85,25+ km lower direct store threat,2026-04-23
Makita,Makita Corporation,Official dealer / service partner,JONES & SHUFFLEBOTTOM LTD,161 LIGHTWOOD ROAD,,ST3 4JQ,52.9820741,-2.1304338,Dealer/service partner,https://www.makitauk.com/dealer-locator.html,"Official locator searches around Hilti store cities/postcodes, 75 mile radius",Hilti Store Manchester,54.9,25+ km lower direct store threat,2026-04-23
Makita,Makita Corporation,Official dealer / service partner,ERF ELECTRICAL WHOLESALERS LTD,173 LOUGHBOROUGH ROAD,,LE4 5LR,52.6582551,-1.1243976,Dealer,https://www.makitauk.com/dealer-locator.html,"Official locator searches around Hilti store cities/postcodes, 75 mile radius",Hilti Store Birmingham,54.99,25+ km lower direct store threat,2026-04-23
Makita,Makita Corporation,Official dealer / service partner,HUWS GRAY LIMITED H127L,UNIT 10 MOCHDRE COMMERCE PARK,,LL28 5HX,53.2870752,-3.7704836,Dealer/service partner,https://www.makitauk.com/dealer-locator.html,"Official locator searches around Hilti store cities/postcodes, 75 mile radius",Hilti Store Liverpool,55.27,25+ km lower direct store threat,2026-04-23
Makita,Makita Corporation,Official dealer / service partner,PROTRADE,"SIDNEY ROBINSON BUSINESS PARK, DERBY",DERBY,DE24 8EH,52.9136737,-1.4543783,Dealer,https://www.makitauk.com/dealer-locator.html,"Official locator searches around Hilti store cities/postcodes, 75 mile radius",Hilti Store Birmingham,55.46,25+ km lower direct store threat,2026-04-23
Makita,Makita Corporation,Official dealer / service partner,TERRATRUCK DIST. SVS. LTD,"34/36 GIPSY LANE, LEICESTER",LEICESTER,LE4 6TD,52.6572045,-1.1155641,Dealer/service partner,https://www.makitauk.com/dealer-locator.html,"Official locator searches around Hilti store cities/postcodes, 75 mile radius",Hilti Store Birmingham,55.51,25+ km lower direct store threat,2026-04-23
Makita,Makita Corporation,Official dealer / service partner,TERRATRUCK DISTRIBUTION SERVICES LTD,"26 DERBY ROAD, LOUGHBOROUGH, LEICESTERSHIRE",,LE11 5BX,52.775161,-1.212503,Dealer,https://www.makitauk.com/dealer-locator.html,"Official locator searches around Hilti store cities/postcodes, 75 mile radius",Hilti Store Birmingham,55.6,25+ km lower direct store threat,2026-04-23
Makita,Makita Corporation,Official dealer / service partner,TERRATRUCK DIST. SVS LTD,"26,DERBY ROAD,, LOUGHBOROUGH",LOUGHBOROUGH,LE11 5BX,52.7749128,-1.2120913,Dealer/service partner,https://www.makitauk.com/dealer-locator.html,"Official locator searches around Hilti store cities/postcodes, 75 mile radius",Hilti Store Birmingham,55.61,25+ km lower direct store threat,2026-04-23
Makita,Makita Corporation,Official dealer / service partner,HAIGH TRADING (UK) LTD T/ WHITE ROSE TOOLS,"UNIT 13 WOODMOOR COURT, BARNSLEY",BARNSLEY,S71 3HT,53.5806366384452,-1.45999310272684,Dealer,https://www.makitauk.com/dealer-locator.html,"Official locator searches around Hilti store cities/postcodes, 75 mile radius",Hilti Store Manchester,55.7,25+ km lower direct store threat,2026-04-23
Makita,Makita Corporation,Official dealer / service partner,BUILDERS SUPPS.(W.COAST) B103C,KILBANE STREET,,FY7 7PF,53.9127398,-3.024226,Dealer/service partner,https://www.makitauk.com/dealer-locator.html,"Official locator searches around Hilti store cities/postcodes, 75 mile radius",Hilti Store Liverpool,55.81,25+ km lower direct store threat,2026-04-23
Makita,Makita Corporation,Official dealer / service partner,TERRATRUCK LIMITED,"34/36 GIPSY LANE, LEICESTER",LEICESTER,LE4 6TD,52.655807,-1.11014,Dealer,https://www.makitauk.com/dealer-locator.html,"Official locator searches around Hilti store cities/postcodes, 75 mile radius",Hilti Store Birmingham,55.81,25+ km lower direct store threat,2026-04-23
Makita,Makita Corporation,Official dealer / service partner,CNS POWER TOOLS C191T,"UNIT 6 PHOENIX BUSINESS PARK, SWANSEA",SWANSEA,SA7 9FZ,51.6583107,-3.9087485,Dealer/service partner,https://www.makitauk.com/dealer-locator.html,"Official locator searches around Hilti store cities/postcodes, 75 mile radius",Hilti Store Cardiff,55.94,25+ km lower direct store threat,2026-04-23
Makita,Makita Corporation,Official dealer / service partner,Myers Building Supplies,"Snaygill Industrial Estate, Keightly Road, Skipton, Skipton",Skipton,BD23 2QR,53.9460189825088,-2.01688787377168,Dealer,https://www.makitauk.com/dealer-locator.html,"Official locator searches around Hilti store cities/postcodes, 75 mile radius",Hilti Store Manchester,55.97,25+ km lower direct store threat,2026-04-23
Makita,Makita Corporation,Official dealer / service partner,JACS (KEIGHLEY ) LTD,"UNIT 1 JAYCEE BUSINESS PARK, SKIPTON",SKIPTON,BD23 2UR,53.9469307,-2.0186124,Dealer/service partner,https://www.makitauk.com/dealer-locator.html,"Official locator searches around Hilti store cities/postcodes, 75 mile radius",Hilti Store Manchester,56.03,25+ km lower direct store threat,2026-04-23
Makita,Makita Corporation,Official dealer / service partner,HIRE EQUIPMENT (LUDLOW) LTD,"THE HIRE CENTRE, LUDLOW",LUDLOW,SY8 1XF,52.3662392,-2.6956328,Dealer,https://www.makitauk.com/dealer-locator.html,"Official locator searches around Hilti store cities/postcodes, 75 mile radius",Hilti Store Birmingham,56.35,25+ km lower direct store threat,2026-04-23
Makita,Makita Corporation,Official dealer / service partner,SYDENHAMS,"HAWTHORNE GROVE YARD, BATH",BATH,BA2 5QB,51.3607141732835,-2.36316135264868,Dealer,https://www.makitauk.com/dealer-locator.html,"Official locator searches around Hilti store cities/postcodes, 75 mile radius",Hilti Store Cardiff,56.37,25+ km lower direct store threat,2026-04-23
Makita,Makita Corporation,Official dealer / service partner,C.D.POWER TOOLS LTD,"76 OLD ROAD, MORLEY",MORLEY,LS27 7TH,53.7648117,-1.5847939,Dealer,https://www.makitauk.com/dealer-locator.html,"Official locator searches around Hilti store cities/postcodes, 75 mile radius",Hilti Store Manchester,56.57,25+ km lower direct store threat,2026-04-23
Makita,Makita Corporation,Official dealer / service partner,"ALFRED DUNHAM & SONS.LTD,D036E","56 SNAPE HILL LANE,",,S18 2LG,53.3049534,-1.4689668,Dealer/service partner,https://www.makitauk.com/dealer-locator.html,"Official locator searches around Hilti store cities/postcodes, 75 mile radius",Hilti Store Manchester,56.79,25+ km lower direct store threat,2026-04-23
Makita,Makita Corporation,Official dealer / service partner,SKIPTON HIRE CENTRE LTD,"CARLETON NEW ROAD, SKIPTON",SKIPTON,BD23 2DE,53.9563487,-2.0273437,Dealer,https://www.makitauk.com/dealer-locator.html,"Official locator searches around Hilti store cities/postcodes, 75 mile radius",Hilti Store Manchester,56.86,25+ km lower direct store threat,2026-04-23
Makita,Makita Corporation,Official dealer / service partner,TOWCESTER BLDG SUPPS.  T037Y,"HACKWOOD ROAD, DAVENTRY",DAVENTRY,NN11 4ES,52.2488879,-1.1470187,Dealer,https://www.makitauk.com/dealer-locator.html,"Official locator searches around Hilti store cities/postcodes, 75 mile radius",Hilti Store Birmingham,57.14,25+ km lower direct store threat,2026-04-23
Makita,Makita Corporation,Official dealer / service partner,ALL TOOLS LIMITED,"WOODBURN SHOWROOM, SHEFFIELD",SHEFFIELD,S9 3HD,53.3896952,-1.4281641,Dealer,https://www.makitauk.com/dealer-locator.html,"Official locator searches around Hilti store cities/postcodes, 75 mile radius",Hilti Store Manchester,57.15,25+ km lower direct store threat,2026-04-23
Makita,Makita Corporation,Official dealer / service partner,GLOW INSULATION AND SITE SUPPLIES,"UNIT 7, KINGSWAY PARK WHITTLE ROAD, DUNDEE",DUNDEE,DD2 4US,56.477368,-3.038637,Dealer,https://www.makitauk.com/dealer-locator.html,"Official locator searches around Hilti store cities/postcodes, 75 mile radius",Hilti Store Edinburgh,57.26,25+ km lower direct store threat,2026-04-23
Makita,Makita Corporation,Official dealer / service partner,PETER LUCAS POWER TOOLS,"CONWY ROAD, CONWY",CONWY,LL31 9BA,53.2828922,-3.800672,Dealer,https://www.makitauk.com/dealer-locator.html,"Official locator searches around Hilti store cities/postcodes, 75 mile radius",Hilti Store Liverpool,57.33,25+ km lower direct store threat,2026-04-23
Makita,Makita Corporation,Official dealer / service partner,MURDOCKS DUNGANNON,"3 GRANVILLE ROAD, CO.TYRONE, NORTHERN IRELAND, DUNGANNON",DUNGANNON,BT70 1NQ,54.5028816031539,-6.78288837526909,Dealer,https://www.makitauk.com/dealer-locator.html,"Official locator searches around Hilti store cities/postcodes, 75 mile radius",Hilti Store Belfast,57.57,25+ km lower direct store threat,2026-04-23
Makita,Makita Corporation,Official dealer / service partner,SHROPSHIRE BLDG SUPP.   S063S,NEW ROAD,,SY8 2LS,52.3742787,-2.7178224,Dealer,https://www.makitauk.com/dealer-locator.html,"Official locator searches around Hilti store cities/postcodes, 75 mile radius",Hilti Store Birmingham,57.6,25+ km lower direct store threat,2026-04-23
Makita,Makita Corporation,Official dealer / service partner,HIGHLAND INDUSTRIAL SUPPLIES (Dundee),"UNIT 6 119 CLEPINGTON ROAD, DUNDEE",DUNDEE,DD3 7NU,56.4740999,-2.9571737,Dealer,https://www.makitauk.com/dealer-locator.html,"Official locator searches around Hilti store cities/postcodes, 75 mile radius",Hilti Store Edinburgh,57.63,25+ km lower direct store threat,2026-04-23
Makita,Makita Corporation,Official dealer / service partner,CITY ELECTRICAL FACTORS LTD,"JACOBS, WELL LANE, WAKEFIELD, WEST YORKSHIRE",WEST YORKSHIRE,WF1 3JG,53.686891,-1.48974,Dealer,https://www.makitauk.com/dealer-locator.html,"Official locator searches around Hilti store cities/postcodes, 75 mile radius",Hilti Store Manchester,57.64,25+ km lower direct store threat,2026-04-23
Makita,Makita Corporation,Official dealer / service partner,WHITE MILNE LTD,"BAIRD AVENUE, DUNDEE",DUNDEE,DD2 3XG,56.4829634,-3.0103992,Dealer,https://www.makitauk.com/dealer-locator.html,"Official locator searches around Hilti store cities/postcodes, 75 mile radius",Hilti Store Edinburgh,58.08,25+ km lower direct store threat,2026-04-23
Makita,Makita Corporation,Official dealer / service partner,MURDOCK BUILD.MERCHANTS(NEWRY),"UNIT 7 RAMPART BUSINESS CENTRE, GREENBANK IND EST, N IRELAND","GREENBANK IND EST, N IRELAND",BT34 2QU,54.1579438,-6.3312892,Dealer,https://www.makitauk.com/dealer-locator.html,"Official locator searches around Hilti store cities/postcodes, 75 mile radius",Hilti Store Belfast,58.49,25+ km lower direct store threat,2026-04-23
Makita,Makita Corporation,Official dealer / service partner,BRANDON HIRE LTD,"18 VALLEY ROAD, EARLSMERE INDUSTRIAL UNIT, STATION ROAD IND ESTATE, BARNSLEY",BARNSLEY,S73 0BS,53.526651,-1.397546,Dealer,https://www.makitauk.com/dealer-locator.html,"Official locator searches around Hilti store cities/postcodes, 75 mile radius",Hilti Store Manchester,58.79,25+ km lower direct store threat,2026-04-23
Makita,Makita Corporation,Official dealer / service partner,GEO SPENCE & SON LTD ,"WELLINGTON ROAD, LEEDS",LEEDS,LS12 1DX,53.7915064,-1.5712979,Dealer,https://www.makitauk.com/dealer-locator.html,"Official locator searches around Hilti store cities/postcodes, 75 mile radius",Hilti Store Manchester,59.05,25+ km lower direct store threat,2026-04-23
Makita,Makita Corporation,Official dealer / service partner,HOWARTH TIMBER & BUILDING SUPPLIES (WAKEFIELD) LTD,"29 DONCASTER ROAD, WAKEFIELD",WAKEFIELD,WF1 5DW,53.664958,-1.438702,Dealer/service partner,https://www.makitauk.com/dealer-locator.html,"Official locator searches around Hilti store cities/postcodes, 75 mile radius",Hilti Store Manchester,59.79,25+ km lower direct store threat,2026-04-23
Makita,Makita Corporation,Official dealer / service partner,BESTPORT (EUROPE) LTD,"UNIT 3 PITKERRO PARK, DUNDEE",DUNDEE,DD5 3RU,56.487309,-2.887119,Dealer,https://www.makitauk.com/dealer-locator.html,"Official locator searches around Hilti store cities/postcodes, 75 mile radius",Hilti Store Edinburgh,60.02,25+ km lower direct store threat,2026-04-23
Makita,Makita Corporation,Official dealer / service partner,WILLIAM TWIGG (MATLOCK) LTD,26 BAKEWELL ROAD,,DE4 3AX,53.1402375,-1.558294,Dealer,https://www.makitauk.com/dealer-locator.html,"Official locator searches around Hilti store cities/postcodes, 75 mile radius",Hilti Store Manchester,60.24,25+ km lower direct store threat,2026-04-23
Makita,Makita Corporation,Official dealer / service partner,PROTRADE,"PROTRADE UNIT 1 GREENLINE BUSINESS PARK, CHESTERFIELD",CHESTERFIELD,S41 8NA,53.264076,-1.433302,Dealer,https://www.makitauk.com/dealer-locator.html,"Official locator searches around Hilti store cities/postcodes, 75 mile radius",Hilti Store Manchester,60.61,25+ km lower direct store threat,2026-04-23
Makita,Makita Corporation,Official dealer / service partner,BUILDIT CAM,"UNITS 2-6 WISLOE ROAD BUSINESS PARK, GLOUCESTERSHIRE",GLOUCESTERSHIRE,GL2 7AJ,51.7236572,-2.3706837,Dealer/service partner,https://www.makitauk.com/dealer-locator.html,"Official locator searches around Hilti store cities/postcodes, 75 mile radius",Hilti Store Cardiff,60.84,25+ km lower direct store threat,2026-04-23
Makita,Makita Corporation,Official dealer / service partner,LESTER LOWE,"BRECK FARM, KNIVETON, ASHBOURNE",ASHBOURNE,DE6 1JF,53.0404244,-1.7075933,Dealer,https://www.makitauk.com/dealer-locator.html,"Official locator searches around Hilti store cities/postcodes, 75 mile radius",Hilti Store Manchester,60.9,25+ km lower direct store threat,2026-04-23
Makita,Makita Corporation,Official dealer / service partner,TURNER HIRE & SALES LTD,"FITZWILLIAM HOUSE, ROTHERHAM ",ROTHERHAM ,S60 1LU,53.433526,-1.361769,Dealer,https://www.makitauk.com/dealer-locator.html,"Official locator searches around Hilti store cities/postcodes, 75 mile radius",Hilti Store Manchester,60.97,25+ km lower direct store threat,2026-04-23
Makita,Makita Corporation,Official dealer / service partner,SHROPSHIRE BLDG SUPP.   S063S,"STATION WHARF,",,SY6 6NF,52.5848163,-2.7779793,Dealer,https://www.makitauk.com/dealer-locator.html,"Official locator searches around Hilti store cities/postcodes, 75 mile radius",Hilti Store Birmingham,60.98,25+ km lower direct store threat,2026-04-23
Makita,Makita Corporation,Official dealer / service partner,LES K POWER TOOLS LTD,"15 THE IDAS, LEEDS, WEST YORKSHIRE","LEEDS, WEST YORKSHIRE",LS10 1SP,53.7727354,-1.5100559,Dealer,https://www.makitauk.com/dealer-locator.html,"Official locator searches around Hilti store cities/postcodes, 75 mile radius",Hilti Store Manchester,61.12,25+ km lower direct store threat,2026-04-23
Makita,Makita Corporation,Official dealer / service partner,ROBERT POCHIN LIMITED,"MANOR HOUSE ROAD, NOTTINGHAM",NOTTINGHAM,NG10 1LR,52.8916077,-1.2639322,Dealer,https://www.makitauk.com/dealer-locator.html,"Official locator searches around Hilti store cities/postcodes, 75 mile radius",Hilti Store Birmingham,61.4,25+ km lower direct store threat,2026-04-23
Makita,Makita Corporation,Official dealer / service partner,SPA LANDSCAPING LTD,"22 ORGREAVE CLOSE, SHEFFIELD",SHEFFIELD,S13 9NP,53.3709014,-1.3684626,Dealer,https://www.makitauk.com/dealer-locator.html,"Official locator searches around Hilti store cities/postcodes, 75 mile radius",Hilti Store Manchester,61.4,25+ km lower direct store threat,2026-04-23
Makita,Makita Corporation,Official dealer / service partner,HUWS GRAY LIMITED H127L,292 MONKMOOR ROAD,,SY2 5TF,52.7196724,-2.7195881,Dealer/service partner,https://www.makitauk.com/dealer-locator.html,"Official locator searches around Hilti store cities/postcodes, 75 mile radius",Hilti Store Birmingham,61.56,25+ km lower direct store threat,2026-04-23
Makita,Makita Corporation,Official dealer / service partner,JOHN NICHOLLS LTD N013M,"OVERTHORPE ROAD, BANBURY",BANBURY,OX16 4TB,52.064477,-1.307852,Dealer/service partner,https://www.makitauk.com/dealer-locator.html,"Official locator searches around Hilti store cities/postcodes, 75 mile radius",Hilti Store Birmingham,61.73,25+ km lower direct store threat,2026-04-23
Makita,Makita Corporation,Official dealer / service partner,HOWARTH TIMBER & BUILDING SUPPLIES H099M,"PRINCE EDWARD WORKS, LEEDS",LEEDS,LS9 0PS,53.7859582,-1.5058294,Dealer/service partner,https://www.makitauk.com/dealer-locator.html,"Official locator searches around Hilti store cities/postcodes, 75 mile radius",Hilti Store Manchester,62.17,25+ km lower direct store threat,2026-04-23
Makita,Makita Corporation,Official dealer / service partner,DENMANS ELECTRICAL WHOLESALERS,"UNIT 1, RIBSTON TRADE PARK, GRANT AVENUE, OFF ROUNDHAY ROAD, LEEDS",LEEDS,LS7 1QB,53.809918,-1.528019,Dealer,https://www.makitauk.com/dealer-locator.html,"Official locator searches around Hilti store cities/postcodes, 75 mile radius",Hilti Store Manchester,62.55,25+ km lower direct store threat,2026-04-23
Makita,Makita Corporation,Official dealer / service partner,TURNER HIRE & SALES LTD,STATION ROAD,,S63 7DG,53.5068264,-1.3366359,Dealer,https://www.makitauk.com/dealer-locator.html,"Official locator searches around Hilti store cities/postcodes, 75 mile radius",Hilti Store Manchester,62.62,25+ km lower direct store threat,2026-04-23
Makita,Makita Corporation,Official dealer / service partner,GRIFFITHS HIRE SHOPS LTD,"MAES Y CLAWDD, OSWESTRY",OSWESTRY,SY10 8NN,52.846289,-3.034033,Dealer,https://www.makitauk.com/dealer-locator.html,"Official locator searches around Hilti store cities/postcodes, 75 mile radius",Hilti Store Liverpool,63.09,25+ km lower direct store threat,2026-04-23
Makita,Makita Corporation,Official dealer / service partner,REXEL,"UNIT 30E VANGUARD WAY, BATTLEFEILD ENTERPRISE PARK, SHREWSBURY",SHREWSBURY,SY1 4TG,52.741992,-2.72782,Dealer,https://www.makitauk.com/dealer-locator.html,"Official locator searches around Hilti store cities/postcodes, 75 mile radius",Hilti Store Birmingham,63.11,25+ km lower direct store threat,2026-04-23
Makita,Makita Corporation,Official dealer / service partner,BOYS & BODEN LTD,"ENNERDALE ROAD, SHREWSBURY",SHREWSBURY,SY1 3TD,52.7321773,-2.7370319,Dealer/service partner,https://www.makitauk.com/dealer-locator.html,"Official locator searches around Hilti store cities/postcodes, 75 mile radius",Hilti Store Birmingham,63.2,25+ km lower direct store threat,2026-04-23
Makita,Makita Corporation,Official dealer / service partner,TOOLITE,"UNIT 3/2 THE MEWS, MITCHELDEAN",MITCHELDEAN,GL17 0SL,51.865938,-2.488246,Dealer,https://www.makitauk.com/dealer-locator.html,"Official locator searches around Hilti store cities/postcodes, 75 mile radius",Hilti Store Cardiff,63.3,25+ km lower direct store threat,2026-04-23
Makita,Makita Corporation,Official dealer / service partner,CITY ELECTRCIAL FACTORS LTD.,"CENTRE POINT, OFF KNIGHTS WAY",,SY1 3BF,52.7459466,-2.7364645,Dealer/service partner,https://www.makitauk.com/dealer-locator.html,"Official locator searches around Hilti store cities/postcodes, 75 mile radius",Hilti Store Birmingham,63.83,25+ km lower direct store threat,2026-04-23
Makita,Makita Corporation,Official dealer / service partner,Myers Building Supplies,"214 Selby Road, Halton, Leeds, Leeds",Leeds,LS15 OQW,53.7969800826328,-1.46685560358189,Dealer,https://www.makitauk.com/dealer-locator.html,"Official locator searches around Hilti store cities/postcodes, 75 mile radius",Hilti Store Manchester,64.98,25+ km lower direct store threat,2026-04-23
Makita,Makita Corporation,Official dealer / service partner,DENMANS ELECTRICAL WHOLESALERS,"UNIT 9, LOWMAN UNITS, LOWMAN WAY, TIVERTON BUSINESS PARK, TIVERTON",TIVERTON,EX16 6SR,50.911099,-3.468272,Dealer,https://www.makitauk.com/dealer-locator.html,"Official locator searches around Hilti store cities/postcodes, 75 mile radius",Hilti Store Cardiff,66.37,25+ km lower direct store threat,2026-04-23
Makita,Makita Corporation,Official dealer / service partner,REXEL,"UNIT 1, ENTERPRISE WAY, CHELTENHAM TRADE PARK, CHELTENHAM",CHELTENHAM,GL51 8LZ,51.905598,-2.094636,Dealer,https://www.makitauk.com/dealer-locator.html,"Official locator searches around Hilti store cities/postcodes, 75 mile radius",Hilti Store Birmingham,66.51,25+ km lower direct store threat,2026-04-23
Makita,Makita Corporation,Official dealer / service partner,POWERTECH INDUSTRIAL LTD,"2C ELLISONS ROAD, SHEFFIELD",SHEFFIELD,S21 2JG,53.3319318,-1.3033402,Dealer,https://www.makitauk.com/dealer-locator.html,"Official locator searches around Hilti store cities/postcodes, 75 mile radius",Hilti Store Manchester,66.53,25+ km lower direct store threat,2026-04-23
Makita,Makita Corporation,Official dealer / service partner,GEORGE BENCE & SONS LTD. B069W,"41/47 FAIRVIEW ROAD,, CHELTENHAM",CHELTENHAM,GL52 2EJ,51.9009801,-2.0681929,Dealer/service partner,https://www.makitauk.com/dealer-locator.html,"Official locator searches around Hilti store cities/postcodes, 75 mile radius",Hilti Store Birmingham,66.66,25+ km lower direct store threat,2026-04-23
Makita,Makita Corporation,Official dealer / service partner,ROBERT POCHIN LIMITED,UNIT 2 RIVERSIDE COURT,,LE16 7PT,52.481516,-0.9051941,Dealer,https://www.makitauk.com/dealer-locator.html,"Official locator searches around Hilti store cities/postcodes, 75 mile radius",Hilti Store Birmingham,66.68,25+ km lower direct store threat,2026-04-23
Makita,Makita Corporation,Official dealer / service partner,HUWS GRAY H127L,THE OLD SAWMILLS,,HR3 5EW,52.0777192,-3.1209106,Dealer/service partner,https://www.makitauk.com/dealer-locator.html,"Official locator searches around Hilti store cities/postcodes, 75 mile radius",Hilti Store Cardiff,67.09,25+ km lower direct store threat,2026-04-23
Makita,Makita Corporation,Official dealer / service partner,P.I.S WAREHOUSE & SALES,THE FOUNDRY ESTATE,,EX16 4JX,50.905457,-3.4802246,Dealer,https://www.makitauk.com/dealer-locator.html,"Official locator searches around Hilti store cities/postcodes, 75 mile radius",Hilti Store Cardiff,67.24,25+ km lower direct store threat,2026-04-23
Makita,Makita Corporation,Official dealer / service partner,TROWBRIDGE POWER TOOLS LTD,"CANAL ROAD, TROWBRIDGE",TROWBRIDGE,BA14 8RL,51.332617,-2.20579,Dealer,https://www.makitauk.com/dealer-locator.html,"Official locator searches around Hilti store cities/postcodes, 75 mile radius",Hilti Store Cardiff,67.73,25+ km lower direct store threat,2026-04-23
Makita,Makita Corporation,Official dealer / service partner,KELLWAY BUILDING SUPPLIES LTD,THE OLD RYEFORD SAWMILLS,,GL10 3HE,51.7395819,-2.2699583,Dealer/service partner,https://www.makitauk.com/dealer-locator.html,"Official locator searches around Hilti store cities/postcodes, 75 mile radius",Hilti Store Cardiff,67.85,25+ km lower direct store threat,2026-04-23
Makita,Makita Corporation,Official dealer / service partner,RAWLE GAMMON & BAKER LTD.R012T,WOODWARD ROAD,,EX16 5HW,50.8967226,-3.4949881,Dealer/service partner,https://www.makitauk.com/dealer-locator.html,"Official locator searches around Hilti store cities/postcodes, 75 mile radius",Hilti Store Cardiff,68.5,25+ km lower direct store threat,2026-04-23
Makita,Makita Corporation,Official dealer / service partner,RAWLE GAMMON & BAKER   R012T,"PATHFIELDS INDUSTRAIL ESTATE, SOUTH MOLTON",SOUTH MOLTON,EX36 3LH,51.0272198,-3.8317398,Dealer/service partner,https://www.makitauk.com/dealer-locator.html,"Official locator searches around Hilti store cities/postcodes, 75 mile radius",Hilti Store Cardiff,68.51,25+ km lower direct store threat,2026-04-23
Makita,Makita Corporation,Official dealer / service partner,KELLAWAY BUILDING SUPPLIES LTD,3A LAWRENCE HILL BUSINESS CENTRE,,BA9 9RT,51.0508096,-2.4217064,Dealer,https://www.makitauk.com/dealer-locator.html,"Official locator searches around Hilti store cities/postcodes, 75 mile radius",Hilti Store Cardiff,69.48,25+ km lower direct store threat,2026-04-23
Makita,Makita Corporation,Official dealer / service partner,PROTRADE,"UNIT 4A, GATESIDE ROAD, NOTTINGHAM",NOTTINGHAM,NG2 1LT,52.9515877,-1.1843418,Dealer,https://www.makitauk.com/dealer-locator.html,"Official locator searches around Hilti store cities/postcodes, 75 mile radius",Hilti Store Birmingham,69.91,25+ km lower direct store threat,2026-04-23
Makita,Makita Corporation,Official dealer / service partner,BRADFORD BUILD. SUPPS    B165L,"100 HENFORD HILL, YEOVIL",YEOVIL,BA20 2RF,50.934548,-2.640648,Dealer/service partner,https://www.makitauk.com/dealer-locator.html,"Official locator searches around Hilti store cities/postcodes, 75 mile radius",Hilti Store Cardiff,69.95,25+ km lower direct store threat,2026-04-23
Makita,Makita Corporation,Official dealer / service partner,JOHN A STEPHENS    S015G,"CASTLE MEADOW ROAD,, NOTTINGHAM",NOTTINGHAM,NG2 1AG,52.9462709,-1.1554742,Service Partner,https://www.makitauk.com/dealer-locator.html,"Official locator searches around Hilti store cities/postcodes, 75 mile radius",Hilti Store Birmingham,70.82,25+ km lower direct store threat,2026-04-23
Makita,Makita Corporation,Official dealer / service partner,ALL TOOLS LIMITED,"ASHLING COURT, NOTTINGHAM",NOTTINGHAM,NG2 3JB,52.941904,-1.138446,Dealer,https://www.makitauk.com/dealer-locator.html,"Official locator searches around Hilti store cities/postcodes, 75 mile radius",Hilti Store Birmingham,71.29,25+ km lower direct store threat,2026-04-23
Makita,Makita Corporation,Official dealer / service partner,HENTON & CHATTELL LTD,"LONDON ROAD, NOTTINGHAM",NOTTINGHAM,NG2 3HW,52.9435676,-1.1397975,Dealer,https://www.makitauk.com/dealer-locator.html,"Official locator searches around Hilti store cities/postcodes, 75 mile radius",Hilti Store Birmingham,71.35,25+ km lower direct store threat,2026-04-23
Makita,Makita Corporation,Official dealer / service partner,MARTIN & PARTNERS LTD,"GLADSTONE CLOSE, NORTHAMPTON",NORTHAMPTON,NN5 7AY,52.248443,-0.9117892,Dealer/service partner,https://www.makitauk.com/dealer-locator.html,"Official locator searches around Hilti store cities/postcodes, 75 mile radius",Hilti Store Birmingham,71.65,25+ km lower direct store threat,2026-04-23
Makita,Makita Corporation,Official dealer / service partner,Hereford Fastenings & Tool Suppliers,"Sandark House, Netherwood Road, Hereford",Hereford,HR2 6JZ,52.0686794,-2.7385423,Dealer,https://www.makitauk.com/dealer-locator.html,"Official locator searches around Hilti store cities/postcodes, 75 mile radius",Hilti Store Cardiff,71.99,25+ km lower direct store threat,2026-04-23
Makita,Makita Corporation,Official dealer / service partner,TOWCESTER BUILDING SUPPS LTD,"OLD GREENS NORTON ROAD, TOWCESTER",TOWCESTER,NN12 8AX,52.1378432,-0.9969911,Dealer,https://www.makitauk.com/dealer-locator.html,"Official locator searches around Hilti store cities/postcodes, 75 mile radius",Hilti Store Birmingham,72.25,25+ km lower direct store threat,2026-04-23
Makita,Makita Corporation,Official dealer / service partner,GARDEN MACHINES (N'HAMPTON)LTD,66-70 KINGSTHORPE ROAD,,NN2 6HD,52.2521225,-0.8994231,Dealer,https://www.makitauk.com/dealer-locator.html,"Official locator searches around Hilti store cities/postcodes, 75 mile radius",Hilti Store Birmingham,72.27,25+ km lower direct store threat,2026-04-23
Makita,Makita Corporation,Official dealer / service partner,ABSOLUTE POWER TOOLS LIMITED,"2 AVRO WAY, BOWERHILL INDUSTRIAL ESTATE",,SN12 6TP,51.3582857,-2.1295791,Dealer,https://www.makitauk.com/dealer-locator.html,"Official locator searches around Hilti store cities/postcodes, 75 mile radius",Hilti Store Cardiff,72.29,25+ km lower direct store threat,2026-04-23
Makita,Makita Corporation,Official dealer / service partner,THOMAS GRAHAM & SONS LTD,"UNIT 1A NORTHGATE, MORECAMBE",MORECAMBE,LA3 3PA,54.05819,-2.83299,Dealer/service partner,https://www.makitauk.com/dealer-locator.html,"Official locator searches around Hilti store cities/postcodes, 75 mile radius",Hilti Store Liverpool,72.36,25+ km lower direct store threat,2026-04-23
Makita,Makita Corporation,Official dealer / service partner,BUILDERS SUPPLY (NW)LTD.B101G,MIDDLEGATE,,LA3 3BN,54.0590229,-2.8397701,Dealer/service partner,https://www.makitauk.com/dealer-locator.html,"Official locator searches around Hilti store cities/postcodes, 75 mile radius",Hilti Store Liverpool,72.4,25+ km lower direct store threat,2026-04-23
Makita,Makita Corporation,Official dealer / service partner,MTS POWER TOOLS,"NORTHAMPTON, NORTHAMPTONSHIRE",NORTHAMPTONSHIRE,NN5 5JP,52.2343973416851,-0.909197088070515,Dealer,https://www.makitauk.com/dealer-locator.html,"Official locator searches around Hilti store cities/postcodes, 75 mile radius",Hilti Store Birmingham,72.42,25+ km lower direct store threat,2026-04-23
Makita,Makita Corporation,Official dealer / service partner,SOUTHERN PLANT,"19-21 BOUNDARY ROAD, BUCKINGHAM ROAD IND. ESTATE, BRACKLEY",BRACKLEY,NN13 7ES,52.024238,-1.140337,Dealer,https://www.makitauk.com/dealer-locator.html,"Official locator searches around Hilti store cities/postcodes, 75 mile radius",Hilti Store Birmingham,72.73,25+ km lower direct store threat,2026-04-23
Makita,Makita Corporation,Official dealer / service partner,BUILDIT GORSTON LTD,"UNIT 1-4 WHITEHEATH BUSINESS PARK, CORSTON",CORSTON,SN16 0HJ,51.5610159,-2.1071674,Dealer/service partner,https://www.makitauk.com/dealer-locator.html,"Official locator searches around Hilti store cities/postcodes, 75 mile radius",Hilti Store Cardiff,73.15,25+ km lower direct store threat,2026-04-23
Makita,Makita Corporation,Official dealer / service partner,CHALFORD BUILDING SUPPLIES LTD,CHALFORD INDUSTRIAL ESTATE,,GL6 8NT,51.7214884,-2.1560374,Dealer/service partner,https://www.makitauk.com/dealer-locator.html,"Official locator searches around Hilti store cities/postcodes, 75 mile radius",Hilti Store Cardiff,74.26,25+ km lower direct store threat,2026-04-23
Makita,Makita Corporation,Official dealer / service partner,Myers Building Supplies,"Low Bentham Road, Bentham, Lancaster, Bentham",Bentham,LA2 7BP,54.1207839186755,-2.52072791329154,Dealer,https://www.makitauk.com/dealer-locator.html,"Official locator searches around Hilti store cities/postcodes, 75 mile radius",Hilti Store Manchester,74.33,25+ km lower direct store threat,2026-04-23
Makita,Makita Corporation,Official dealer / service partner,BISHOPS CASTLE BUILDING SUPPS,BISHOPS CASTLE BUSINESS PARK,,SY9 5BX,52.4877991,-2.9924899,Dealer,https://www.makitauk.com/dealer-locator.html,"Official locator searches around Hilti store cities/postcodes, 75 mile radius",Hilti Store Birmingham,74.66,25+ km lower direct store threat,2026-04-23
Makita,Makita Corporation,Official dealer / service partner,BUILDIT GLOUCESTER LTD,"26 HEMPSTEAD LANE, GLOUCESTERSHIRE",GLOUCESTERSHIRE,GL2 5JA,51.857584,-2.263431,Dealer/service partner,https://www.makitauk.com/dealer-locator.html,"Official locator searches around Hilti store cities/postcodes, 75 mile radius",Hilti Store Cardiff,74.8,25+ km lower direct store threat,2026-04-23
Makita,Makita Corporation,Official dealer / service partner,FAST FIX (GLOUCESTER) LTD.          F063F,KINGDOM HALL,,GL1 5PN,51.8546287,-2.2491739,Dealer/service partner,https://www.makitauk.com/dealer-locator.html,"Official locator searches around Hilti store cities/postcodes, 75 mile radius",Hilti Store Birmingham,74.82,25+ km lower direct store threat,2026-04-23
Makita,Makita Corporation,Official dealer / service partner,POWER TOOLS PLUS LTD,"THE OLD CHAPEL, NOTTINGHAM",NOTTINGHAM,NG4 2FZ,52.9601907365343,-1.08109408880844,Service Partner,https://www.makitauk.com/dealer-locator.html,"Official locator searches around Hilti store cities/postcodes, 75 mile radius",Hilti Store Birmingham,75.46,25+ km lower direct store threat,2026-04-23
Makita,Makita Corporation,Official dealer / service partner,BANSON TOOL HIRE T/A FRANK KEY TOOL           ,"MANSFIELD ROAD, PORTLAND ST",,NG5 6BL,52.9980899,-1.1366745,Dealer/service partner,https://www.makitauk.com/dealer-locator.html,"Official locator searches around Hilti store cities/postcodes, 75 mile radius",Hilti Store Birmingham,75.87,25+ km lower direct store threat,2026-04-23
Makita,Makita Corporation,Official dealer / service partner,TOOLFIX,"ECCO ROAD, COUNTY LOUTH",COUNTY LOUTH,A91 EWP7,54.0070885053813,-6.41368460693282,Dealer,https://www.makitauk.com/dealer-locator.html,"Official locator searches around Hilti store cities/postcodes, 75 mile radius",Hilti Store Belfast,75.92,25+ km lower direct store threat,2026-04-23
Makita,Makita Corporation,Official dealer / service partner,ERF ELECTRICAL WHOLESALERS LTD,SALOP STREET,,NG5 6HD,53.0014559,-1.139409,Dealer,https://www.makitauk.com/dealer-locator.html,"Official locator searches around Hilti store cities/postcodes, 75 mile radius",Hilti Store Birmingham,76.03,25+ km lower direct store threat,2026-04-23
Makita,Makita Corporation,Official dealer / service partner,TERRATRUCK DIST.SVS LTD,"(NOTTINGHAM)LTD, HUCKNALL",HUCKNALL,NG15 7SF,53.033826,-1.1971134,Dealer/service partner,https://www.makitauk.com/dealer-locator.html,"Official locator searches around Hilti store cities/postcodes, 75 mile radius",Hilti Store Birmingham,76.31,25+ km lower direct store threat,2026-04-23
Makita,Makita Corporation,Official dealer / service partner,TERRATRUCK DISTRIBUTION SERVICES LTD,"87/89 PORTLAND ROAD, HUCKNALL, NOTTINGHAM, NOTTINGHAMSHIRE",NOTTINGHAMSHIRE,NG15 7SF,53.034992,-1.197314,Dealer,https://www.makitauk.com/dealer-locator.html,"Official locator searches around Hilti store cities/postcodes, 75 mile radius",Hilti Store Birmingham,76.41,25+ km lower direct store threat,2026-04-23
Makita,Makita Corporation,Official dealer / service partner,QUICKSHARP SERVICES,"SIGNAL HILL, LENBOROUGH ROAD, BUCKINGHAM",BUCKINGHAM,MK18 4BU,51.9819145,-0.992446,Dealer,https://www.makitauk.com/dealer-locator.html,"Official locator searches around Hilti store cities/postcodes, 75 mile radius",Hilti Store Edmonton,76.89,25+ km lower direct store threat,2026-04-23
Makita,Makita Corporation,Official dealer / service partner,RAWLE GAMMON & BAKER LTD.R012T,"GAMMON HOUSE, RIVERSIDE ROAD, BARNSTAPLE",BARNSTAPLE,EX31 1QN,51.084556,-4.0817076,Dealer,https://www.makitauk.com/dealer-locator.html,"Official locator searches around Hilti store cities/postcodes, 75 mile radius",Hilti Store Cardiff,77.69,25+ km lower direct store threat,2026-04-23
Makita,Makita Corporation,Official dealer / service partner,AXMINSTER TOOL CENTRE LTD,"UNIT 9-10 MILLWEY RISE IND EST, AXMINSTER",AXMINSTER,EX13 5PH,50.7808671,-3.0029984,Dealer,https://www.makitauk.com/dealer-locator.html,"Official locator searches around Hilti store cities/postcodes, 75 mile radius",Hilti Store Cardiff,77.89,25+ km lower direct store threat,2026-04-23
Makita,Makita Corporation,Official dealer / service partner,HEVEY BUILDING SUPPLIES LTD,"GARRARD WAY, TELFORD IND ESTATE, KETTERING",KETTERING,NN16 8TD,52.4050222001168,-0.743750792059067,Dealer,https://www.makitauk.com/dealer-locator.html,"Official locator searches around Hilti store cities/postcodes, 75 mile radius",Hilti Store Birmingham,78.25,25+ km lower direct store threat,2026-04-23
Makita,Makita Corporation,Official dealer / service partner,HAYWAY TOOLS & HARDWARE H163Q,"CUNLIFFE DRIVE, NORTHANTS",NORTHANTS,NN16 8LD,52.40864,-0.7344112,Dealer,https://www.makitauk.com/dealer-locator.html,"Official locator searches around Hilti store cities/postcodes, 75 mile radius",Hilti Store Birmingham,78.83,25+ km lower direct store threat,2026-04-23
Makita,Makita Corporation,Official dealer / service partner,HUWS GRAY FITLOCK LIMITED,"LLANDEGAI IND EST, BANGOR",BANGOR,LL57 4YH,53.2185457,-4.1124165,Dealer/service partner,https://www.makitauk.com/dealer-locator.html,"Official locator searches around Hilti store cities/postcodes, 75 mile radius",Hilti Store Liverpool,79.23,25+ km lower direct store threat,2026-04-23
Makita,Makita Corporation,Official dealer / service partner,HUWS GRAY FITLOCK LIMITED,"LLWYN GELL IND EST, BLAENAU FFESTINIOG",BLAENAU FFESTINIOG,LL41 3NE,52.997879,-3.9420971,Dealer/service partner,https://www.makitauk.com/dealer-locator.html,"Official locator searches around Hilti store cities/postcodes, 75 mile radius",Hilti Store Liverpool,79.75,25+ km lower direct store threat,2026-04-23
Makita,Makita Corporation,Official dealer / service partner,JKS UK LTD,"21 CAUSEWAY ROAD, EARLSTREES IND ESTATE, NORTHAMPTON",NORTHAMPTON,NN17 4DU,52.487581,-0.681851,Dealer,https://www.makitauk.com/dealer-locator.html,"Official locator searches around Hilti store cities/postcodes, 75 mile radius",Hilti Store Birmingham,81.79,25+ km lower direct store threat,2026-04-23
Makita,Makita Corporation,Official dealer / service partner,Wiz Tools T/A KINGTON BUILDING SUPPLIES,"SUNSET YARD, KINGTON",KINGTON,HR5 3SF,52.206207,-3.021052,Dealer,https://www.makitauk.com/dealer-locator.html,"Official locator searches around Hilti store cities/postcodes, 75 mile radius",Hilti Store Cardiff,81.85,25+ km lower direct store threat,2026-04-23
Makita,Makita Corporation,Official dealer / service partner,CYCLOMARKET LTD T/A RB TOOLS & FIXINGS,"UNIT G10  ALPHA COURT, CORBY",CORBY,NN17 5DP,52.5060632,-0.6777808,Dealer,https://www.makitauk.com/dealer-locator.html,"Official locator searches around Hilti store cities/postcodes, 75 mile radius",Hilti Store Birmingham,82.07,25+ km lower direct store threat,2026-04-23
Makita,Makita Corporation,Official dealer / service partner,CHARLIES STORES LTD,"UNIT 7, WELSHPOOL",WELSHPOOL,SY21 8SS,52.6701614051236,-3.10770004716914,Dealer,https://www.makitauk.com/dealer-locator.html,"Official locator searches around Hilti store cities/postcodes, 75 mile radius",Hilti Store Liverpool,83.05,25+ km lower direct store threat,2026-04-23
Makita,Makita Corporation,Official dealer / service partner,HOWARTH TIMBER & BUILDING SUPPLIES (CORBY) LTD,GEDDINGTON ROAD,,NN18 8ET,52.483249,-0.6627619,Dealer/service partner,https://www.makitauk.com/dealer-locator.html,"Official locator searches around Hilti store cities/postcodes, 75 mile radius",Hilti Store Birmingham,83.09,25+ km lower direct store threat,2026-04-23
Makita,Makita Corporation,Official dealer / service partner,J R WEBSTER & CO LTD,"UNIT 4, BANGOR  ",BANGOR  ,LL57 2NX,53.2118959,-4.1761598,Dealer/service partner,https://www.makitauk.com/dealer-locator.html,"Official locator searches around Hilti store cities/postcodes, 75 mile radius",Hilti Store Liverpool,83.51,25+ km lower direct store threat,2026-04-23
Makita,Makita Corporation,Official dealer / service partner,THE BUILDERS SUPPLY CO LTD,BANK LANE,,LA14 4QY,54.1497707,-3.2030137,Dealer/service partner,https://www.makitauk.com/dealer-locator.html,"Official locator searches around Hilti store cities/postcodes, 75 mile radius",Hilti Store Liverpool,83.51,25+ km lower direct store threat,2026-04-23
Makita,Makita Corporation,Official dealer / service partner,JOHN NICHOLLS PLUMB & HEATING,"STATION FIELD IND ESTATE, KIDLINGTON",KIDLINGTON,OX5 1JD,51.8294463,-1.3018384,Dealer/service partner,https://www.makitauk.com/dealer-locator.html,"Official locator searches around Hilti store cities/postcodes, 75 mile radius",Hilti Store Birmingham,83.73,25+ km lower direct store threat,2026-04-23
Makita,Makita Corporation,Official dealer / service partner,RAWLE GAMMON & BAKER LTD.R012T,FORDTON TRADING ESTATE,,EX17 3BZ,50.7826213,-3.6465124,Dealer/service partner,https://www.makitauk.com/dealer-locator.html,"Official locator searches around Hilti store cities/postcodes, 75 mile radius",Hilti Store Cardiff,84.26,25+ km lower direct store threat,2026-04-23
Makita,Makita Corporation,Official dealer / service partner,BOYS & BODEN LIMITED,"MILL LANE, POWYS",POWYS,SY21 7BL,52.6600763,-3.1429221,Parent Company,https://www.makitauk.com/dealer-locator.html,"Official locator searches around Hilti store cities/postcodes, 75 mile radius",Hilti Store Liverpool,84.47,25+ km lower direct store threat,2026-04-23
Makita,Makita Corporation,Official dealer / service partner,R J ADAMS LTD,"T/A 5A'S TOOL & PLANT HIRE, BRIZE NORTON ",BRIZE NORTON ,OX18 3QQ,51.7517423,-1.5595306,Dealer/service partner,https://www.makitauk.com/dealer-locator.html,"Official locator searches around Hilti store cities/postcodes, 75 mile radius",Hilti Store Birmingham,85.18,25+ km lower direct store threat,2026-04-23
Makita,Makita Corporation,Official dealer / service partner,OXON FASTENING SYSTEMS LTD,"ACADEMIC HSE, OAKFIELD IND EST, EYNSHAM",EYNSHAM,OX29 4AJ,51.7700159,-1.4242117,Dealer,https://www.makitauk.com/dealer-locator.html,"Official locator searches around Hilti store cities/postcodes, 75 mile radius",Hilti Store Birmingham,86.18,25+ km lower direct store threat,2026-04-23
Makita,Makita Corporation,Official dealer / service partner,TOOLSTATION LTD,"SANDERLING COURT, OSPREY ROAD, SOWTON IND ESTATE, EXETER",EXETER,EX2 9PJ,50.723789,-3.465048,Dealer,https://www.makitauk.com/dealer-locator.html,"Official locator searches around Hilti store cities/postcodes, 75 mile radius",Hilti Store Cardiff,86.26,25+ km lower direct store threat,2026-04-23
Makita,Makita Corporation,Official dealer / service partner,R & R TOOLS & FIXINGS LTD,"UNIT 2, CIRENCESTER",CIRENCESTER,GL7 1YP,51.7038910903022,-1.96072536828187,Dealer,https://www.makitauk.com/dealer-locator.html,"Official locator searches around Hilti store cities/postcodes, 75 mile radius",Hilti Store Cardiff,86.36,25+ km lower direct store threat,2026-04-23
Makita,Makita Corporation,Official dealer / service partner,EXETER TOOL SHOP LTD,"THURLOW ROAD, MOUNT PLEASANT, EXETER",EXETER,EX4 7AA,50.7313439,-3.5136253,Dealer,https://www.makitauk.com/dealer-locator.html,"Official locator searches around Hilti store cities/postcodes, 75 mile radius",Hilti Store Cardiff,86.37,25+ km lower direct store threat,2026-04-23
Makita,Makita Corporation,Official dealer / service partner,FOWLER HIRE & SALES LTD,"UNIT 2-4 ST. ANDREW INDUSTRIAL ESTATE, BRIDPORT",BRIDPORT,DT6 3EX,50.7418711621846,-2.74191094993826,Dealer/service partner,https://www.makitauk.com/dealer-locator.html,"Official locator searches around Hilti store cities/postcodes, 75 mile radius",Hilti Store Cardiff,86.45,25+ km lower direct store threat,2026-04-23
Makita,Makita Corporation,Official dealer / service partner,BOYS & BODEN LIMITED,"WATERLOO ROAD, LLANDRINDOD WELLS, POWYS",POWYS,LD1 6BH,52.245914,-3.378861,Dealer,https://www.makitauk.com/dealer-locator.html,"Official locator searches around Hilti store cities/postcodes, 75 mile radius",Hilti Store Cardiff,87.11,25+ km lower direct store threat,2026-04-23
Makita,Makita Corporation,Official dealer / service partner,GLOBAL SERVICES (EUROPE) LTD,"GLOBAL HOUSE, 28 TRADE CITY, APPLE LANE, DEVON",DEVON,EX2 5GL,50.713776,-3.472584,Dealer,https://www.makitauk.com/dealer-locator.html,"Official locator searches around Hilti store cities/postcodes, 75 mile radius",Hilti Store Cardiff,87.47,25+ km lower direct store threat,2026-04-23
Makita,Makita Corporation,Official dealer / service partner,INTER-LINE BUILDING SUPPLIES - EXETER,"UNIT 1B FILMER WAY, EXETER",EXETER,EX2 8YX,50.7101656,-3.5313657,Dealer,https://www.makitauk.com/dealer-locator.html,"Official locator searches around Hilti store cities/postcodes, 75 mile radius",Hilti Store Cardiff,88.99,25+ km lower direct store threat,2026-04-23
Makita,Makita Corporation,Official dealer / service partner,RAWLE GAMMON & BAKER LTD.R012T,"ALPHINBROOK ROAD, EXETER",EXETER,EX2 8RG,50.7035,-3.52742,Dealer/service partner,https://www.makitauk.com/dealer-locator.html,"Official locator searches around Hilti store cities/postcodes, 75 mile radius",Hilti Store Cardiff,89.62,25+ km lower direct store threat,2026-04-23
Makita,Makita Corporation,Official dealer / service partner,REXEL,"10 COFTON ROAD, MARSH BARTON, EXETER",EXETER,EX2 8QW,50.701842,-3.522058,Dealer,https://www.makitauk.com/dealer-locator.html,"Official locator searches around Hilti store cities/postcodes, 75 mile radius",Hilti Store Cardiff,89.68,25+ km lower direct store threat,2026-04-23
Makita,Makita Corporation,Official dealer / service partner,HUWS GRAY FITLOCK LIMITED,"GAERWEN INDUSTRIAL ESTATE, YNYS MON",YNYS MON,LL60 6HR,53.22332,-4.28376,Dealer/service partner,https://www.makitauk.com/dealer-locator.html,"Official locator searches around Hilti store cities/postcodes, 75 mile radius",Hilti Store Liverpool,90.1,25+ km lower direct store threat,2026-04-23
Makita,Makita Corporation,Official dealer / service partner,TOOLBOX NET LTD,"82 DERRY ROAD, , OMAGH, CO TYRONE","OMAGH, CO TYRONE",BT78 5ED,54.611271,-7.324252,Dealer,https://www.makitauk.com/dealer-locator.html,"Official locator searches around Hilti store cities/postcodes, 75 mile radius",Hilti Store Belfast,90.75,25+ km lower direct store threat,2026-04-23
Makita,Makita Corporation,Official dealer / service partner,HUWS GRAYLIMITED (H127L),LLANGEFNI INDUSTRIAL ESTATE,,LL77 7JA,53.2515063,-4.3068707,Dealer/service partner,https://www.makitauk.com/dealer-locator.html,"Official locator searches around Hilti store cities/postcodes, 75 mile radius",Hilti Store Liverpool,90.9,25+ km lower direct store threat,2026-04-23
Makita,Makita Corporation,Official dealer / service partner,HUWS GRAY FITLOCK LIMITED,"UNIT 11 BUSINESS PARK, AMLWCH",AMLWCH,LL68 9XB,53.4095132,-4.3485606,Dealer/service partner,https://www.makitauk.com/dealer-locator.html,"Official locator searches around Hilti store cities/postcodes, 75 mile radius",Hilti Store Liverpool,91.73,25+ km lower direct store threat,2026-04-23
Makita,Makita Corporation,Official dealer / service partner,HUWS GRAY FITLOCK LIMITED,BANK QUAY VICTORIA DOCK,,LL55 1SS,53.1420351,-4.2767704,Dealer/service partner,https://www.makitauk.com/dealer-locator.html,"Official locator searches around Hilti store cities/postcodes, 75 mile radius",Hilti Store Liverpool,92.27,25+ km lower direct store threat,2026-04-23
Makita,Makita Corporation,Official dealer / service partner,CHARLIES,UNIT 2 DYFFRYN ENTERPRISE PARK,,SY16 3BD,52.519537,-3.2910182,Dealer,https://www.makitauk.com/dealer-locator.html,"Official locator searches around Hilti store cities/postcodes, 75 mile radius",Hilti Store Birmingham,94.89,25+ km lower direct store threat,2026-04-23
Makita,Makita Corporation,Official dealer / service partner,Rhayader Building Supplies,"Unit B Brynberth Enterprise Park, Rhayader, Powys","Rhayader, Powys",LD6 5EN,52.3016659695532,-3.50385525213256,Dealer,https://www.makitauk.com/dealer-locator.html,"Official locator searches around Hilti store cities/postcodes, 75 mile radius",Hilti Store Cardiff,95.01,25+ km lower direct store threat,2026-04-23
Makita,Makita Corporation,Official dealer / service partner,BEESLEYS TOOLS,"1 BEATRICE STREET, SWINDON",SWINDON,SN2 1BB,51.5694118,-1.7803323,Dealer,https://www.makitauk.com/dealer-locator.html,"Official locator searches around Hilti store cities/postcodes, 75 mile radius",Hilti Store Cardiff,95.7,25+ km lower direct store threat,2026-04-23
Makita,Makita Corporation,Official dealer / service partner,HIRE AND SUPPLIES LTD,"UNIT 131, DUMFRIES",DUMFRIES,DG1 3PH,55.090147,-3.563744,Dealer,https://www.makitauk.com/dealer-locator.html,"Official locator searches around Hilti store cities/postcodes, 75 mile radius",Hilti Store Glasgow,95.94,25+ km lower direct store threat,2026-04-23
Makita,Makita Corporation,Official dealer / service partner,KELLAWAY BUILDING SUPPS. K001L,4 LARK CLOSE OFF KEMBRY ST,,SN2 8YS,51.5786294,-1.7734571,Dealer,https://www.makitauk.com/dealer-locator.html,"Official locator searches around Hilti store cities/postcodes, 75 mile radius",Hilti Store Cardiff,96.28,25+ km lower direct store threat,2026-04-23
Makita,Makita Corporation,Official dealer / service partner,BLANDFORD TOOLS LIMITED,"UNIT 4C SUNRISE BUS PARK, BLANFORD FORUM",BLANFORD FORUM,DT11 8ST,50.8755497,-2.1565734,Dealer,https://www.makitauk.com/dealer-locator.html,"Official locator searches around Hilti store cities/postcodes, 75 mile radius",Hilti Store Cardiff,96.36,25+ km lower direct store threat,2026-04-23
Makita,Makita Corporation,Official dealer / service partner,Hire and Supplies Ltd,"1 Mill Lane, Oban, Argyll",Argyll,PA34 4HA,56.4081387058781,-5.47178503026787,Dealer,https://www.makitauk.com/dealer-locator.html,"Official locator searches around Hilti store cities/postcodes, 75 mile radius",Hilti Store Glasgow,96.5,25+ km lower direct store threat,2026-04-23
Makita,Makita Corporation,Official dealer / service partner,HIGHLAND FASTENERS LIMITED (Argyll),"23-25 STEVENSON STREET, ARGYLL",ARGYLL,PA34 5NA,56.4129928,-5.4714597,Dealer,https://www.makitauk.com/dealer-locator.html,"Official locator searches around Hilti store cities/postcodes, 75 mile radius",Hilti Store Glasgow,96.83,25+ km lower direct store threat,2026-04-23
Makita,Makita Corporation,Official dealer / service partner,B & N ROBERTSON LTD,"BRASSWELL FARM, DUMFRIES",DUMFRIES,DG1 3JZ,55.0696803,-3.5874626,Dealer/service partner,https://www.makitauk.com/dealer-locator.html,"Official locator searches around Hilti store cities/postcodes, 75 mile radius",Hilti Store Glasgow,97.29,25+ km lower direct store threat,2026-04-23
Makita,Makita Corporation,Official dealer / service partner,RAWLE GAMMON & BAKER LTD.R012T,"BRIDGE WORKS,HOLSWORTHY ROAD",,EX20 3LR,50.8153755,-4.0799191,Dealer/service partner,https://www.makitauk.com/dealer-locator.html,"Official locator searches around Hilti store cities/postcodes, 75 mile radius",Hilti Store Cardiff,97.66,25+ km lower direct store threat,2026-04-23
Makita,Makita Corporation,Official dealer / service partner,DENMANS ELECTRICAL WHOLESALERS,"UNIT T13, EQUITY TRADE CENTRE, HOBLEY DRIVE, SWINDON",SWINDON,SN3 4NS,51.581912,-1.751258,Dealer,https://www.makitauk.com/dealer-locator.html,"Official locator searches around Hilti store cities/postcodes, 75 mile radius",Hilti Store Cardiff,97.85,25+ km lower direct store threat,2026-04-23
Makita,Makita Corporation,Official dealer / service partner,BOYS & BODEN LTD,"UNIT G MOCHDRE IND ESTATE, NEWTOWN",NEWTOWN,SY16 4LE,52.5028809,-3.3371142,Dealer/service partner,https://www.makitauk.com/dealer-locator.html,"Official locator searches around Hilti store cities/postcodes, 75 mile radius",Hilti Store Birmingham,97.98,25+ km lower direct store threat,2026-04-23
Makita,Makita Corporation,Official dealer / service partner,KELLAWAY BUILDING SUPPLIES LTD,"THE NEW YARD, BLENHEIM ROAD, MARLBOROUGH",MARLBOROUGH,SN8 4AP,51.415716,-1.719065,Dealer,https://www.makitauk.com/dealer-locator.html,"Official locator searches around Hilti store cities/postcodes, 75 mile radius",Hilti Store Cardiff,99.74,25+ km lower direct store threat,2026-04-23
Makita,Makita Corporation,Official dealer / service partner,BEGGS & PARTNERS LTD,"SITE 4, SPRINGTOWN INDUSTRIAL ESTATE, SPRINGTOWN ROAD, DERRY",DERRY,BT48 0LY,55.016941,-7.331764,Dealer,https://www.makitauk.com/dealer-locator.html,"Official locator searches around Hilti store cities/postcodes, 75 mile radius",Hilti Store Belfast,100.7,25+ km lower direct store threat,2026-04-23
Makita,Makita Corporation,Official dealer / service partner,MURDOCKS DERRY,"BERRAGHMORE ROAD, SKEOGE INDUSTRIAL ESTATE, GALLIAGH",GALLIAGH,BT48 8SE,55.0381944261614,-7.325163387424,Dealer,https://www.makitauk.com/dealer-locator.html,"Official locator searches around Hilti store cities/postcodes, 75 mile radius",Hilti Store Belfast,101.34,25+ km lower direct store threat,2026-04-23
Makita,Makita Corporation,Official dealer / service partner,B MCNAMEE & CO LTD,"CO TYRONE, NORTH IRELAND, STRABANE",STRABANE,BT82 8EL,54.832237,-7.467116,Dealer,https://www.makitauk.com/dealer-locator.html,"Official locator searches around Hilti store cities/postcodes, 75 mile radius",Hilti Store Belfast,102.3,25+ km lower direct store threat,2026-04-23
Makita,Makita Corporation,Official dealer / service partner,PETER HOLMES T/A PETE HOLMES SERVICES,"UNIT 7 SWIFT INDUSTRIAL ESTATE, KINGSTEIGNTON",KINGSTEIGNTON,TQ12 3SH,50.5742238773839,-3.65930575550273,Service Partner,https://www.makitauk.com/dealer-locator.html,"Official locator searches around Hilti store cities/postcodes, 75 mile radius",Hilti Store Cardiff,106.16,25+ km lower direct store threat,2026-04-23
Makita,Makita Corporation,Official dealer / service partner,WHITTAKER TRADING LTD,"Unit C Hills Meadow, DOUGLAS",DOUGLAS,IM1 5EA,54.1523372,-4.4861228,Dealer,https://www.makitauk.com/dealer-locator.html,"Official locator searches around Hilti store cities/postcodes, 75 mile radius",Hilti Store Belfast,106.38,25+ km lower direct store threat,2026-04-23
Makita,Makita Corporation,Official dealer / service partner,TEIFI VALLEY B.S LTD    T028P,"STATION ROAD, NEWCASTLE EMLYN",NEWCASTLE EMLYN,SA38 9BX,52.0364515,-4.4594256,Dealer,https://www.makitauk.com/dealer-locator.html,"Official locator searches around Hilti store cities/postcodes, 75 mile radius",Hilti Store Cardiff,109.36,25+ km lower direct store threat,2026-04-23
Makita,Makita Corporation,Official dealer / service partner,DENMANS ELECTRICAL WHOLESALERS,"BRUNEL ROAD, BRUNEL INDUSTRIAL ESTATE, NEWTON ABBOT",NEWTON ABBOT,TQ12 4PB,50.527088,-3.596845,Dealer,https://www.makitauk.com/dealer-locator.html,"Official locator searches around Hilti store cities/postcodes, 75 mile radius",Hilti Store Cardiff,109.82,25+ km lower direct store threat,2026-04-23
Makita,Makita Corporation,Official dealer / service partner,Elliotts - Fordingbridge ,"The Bartons, Hampshire",Hampshire,SP6 1HZ,50.9289912222939,-1.79041046858528,Dealer,https://www.makitauk.com/dealer-locator.html,"Official locator searches around Hilti store cities/postcodes, 75 mile radius",Hilti Store Cardiff,112.8,25+ km lower direct store threat,2026-04-23
Makita,Makita Corporation,Official dealer / service partner,RICHARD RANDALL T/A R RANDALL SERVICES,"BLAENLLUEST, CERIDIGION",CERIDIGION,SY23 5LZ,52.272955,-4.1800044,Dealer,https://www.makitauk.com/dealer-locator.html,"Official locator searches around Hilti store cities/postcodes, 75 mile radius",Hilti Store Cardiff,113.25,25+ km lower direct store threat,2026-04-23
Makita,Makita Corporation,Official dealer / service partner,MURDOCKS ENNISKILLEN,"WESTVILLE TERRACE, ENNISKILLEN, CO FERMANAGH",CO FERMANAGH,BT74 6HT,54.3440072997752,-7.62605149315251,Dealer,https://www.makitauk.com/dealer-locator.html,"Official locator searches around Hilti store cities/postcodes, 75 mile radius",Hilti Store Belfast,114.85,25+ km lower direct store threat,2026-04-23
Makita,Makita Corporation,Official dealer / service partner,MACHINE SALES & SERVICES (POOLE) LTD,"23 COWLEY ROAD, POOLE",POOLE,BH17 0UJ,50.7449354,-1.9757837,Dealer,https://www.makitauk.com/dealer-locator.html,"Official locator searches around Hilti store cities/postcodes, 75 mile radius",Hilti Store Cardiff,115.61,25+ km lower direct store threat,2026-04-23
Makita,Makita Corporation,Official dealer / service partner,THOMAS GRAHAM & SONS LTD,"SPELLAR WAY, CARLISLE",CARLISLE,CA6 4SQ,54.92419,-2.96198,Dealer/service partner,https://www.makitauk.com/dealer-locator.html,"Official locator searches around Hilti store cities/postcodes, 75 mile radius",Hilti Store Edinburgh,116.24,25+ km lower direct store threat,2026-04-23
Makita,Makita Corporation,Official dealer / service partner,HIGHLAND IND SUPPLIES (Claggan),"BEN NEVIS IND EST, CLAGGAN",CLAGGAN,PH33 6PR,56.821947,-5.089329,Dealer,https://www.makitauk.com/dealer-locator.html,"Official locator searches around Hilti store cities/postcodes, 75 mile radius",Hilti Store Glasgow,118.85,25+ km lower direct store threat,2026-04-23
Makita,Makita Corporation,Official dealer / service partner,Elliotts - Ringwood ,"Pullman Way, Ringwood",Ringwood,BH24 1EX,50.841592895646,-1.78187771610706,Dealer,https://www.makitauk.com/dealer-locator.html,"Official locator searches around Hilti store cities/postcodes, 75 mile radius",Hilti Store Cardiff,118.86,25+ km lower direct store threat,2026-04-23
Makita,Makita Corporation,Official dealer / service partner,KJ BROMELL LTD         B214K,KINGS HILL IND EST,,EX23 8QN,50.8208742,-4.5310084,Dealer,https://www.makitauk.com/dealer-locator.html,"Official locator searches around Hilti store cities/postcodes, 75 mile radius",Hilti Store Cardiff,120.4,25+ km lower direct store threat,2026-04-23
