PostDist,legacy_sprawl,local_authority_code,local_authority_name,assignment_method,source_boundary_dataset
AB10,Aberdeen,S12000033,Aberdeen City,representative_point_within,ONS Local Authority Districts (December 2024) Boundaries UK BGC
AB11,Aberdeen,S12000033,Aberdeen City,representative_point_within,ONS Local Authority Districts (December 2024) Boundaries UK BGC
AB12,Cove Bay,S12000034,Aberdeenshire,representative_point_within,ONS Local Authority Districts (December 2024) Boundaries UK BGC
AB13,Milltimber,S12000033,Aberdeen City,representative_point_within,ONS Local Authority Districts (December 2024) Boundaries UK BGC
AB14,Peterculter,S12000033,Aberdeen City,representative_point_within,ONS Local Authority Districts (December 2024) Boundaries UK BGC
AB15,Aberdeen,S12000033,Aberdeen City,representative_point_within,ONS Local Authority Districts (December 2024) Boundaries UK BGC
AB16,Aberdeen,S12000033,Aberdeen City,representative_point_within,ONS Local Authority Districts (December 2024) Boundaries UK BGC
AB21,Blackburn,S12000034,Aberdeenshire,representative_point_within,ONS Local Authority Districts (December 2024) Boundaries UK BGC
AB22,Bridge of Don,S12000033,Aberdeen City,representative_point_within,ONS Local Authority Districts (December 2024) Boundaries UK BGC
AB23,Bridge of Don,S12000034,Aberdeenshire,representative_point_within,ONS Local Authority Districts (December 2024) Boundaries UK BGC
AB24,Aberdeen,S12000033,Aberdeen City,representative_point_within,ONS Local Authority Districts (December 2024) Boundaries UK BGC
AB25,Aberdeen,S12000033,Aberdeen City,representative_point_within,ONS Local Authority Districts (December 2024) Boundaries UK BGC
AB30,Laurencekirk,S12000034,Aberdeenshire,representative_point_within,ONS Local Authority Districts (December 2024) Boundaries UK BGC
AB31,Torphins,S12000034,Aberdeenshire,representative_point_within,ONS Local Authority Districts (December 2024) Boundaries UK BGC
AB32,Westhill,S12000034,Aberdeenshire,representative_point_within,ONS Local Authority Districts (December 2024) Boundaries UK BGC
AB33,Alford,S12000034,Aberdeenshire,representative_point_within,ONS Local Authority Districts (December 2024) Boundaries UK BGC
AB34,Tarland,S12000034,Aberdeenshire,representative_point_within,ONS Local Authority Districts (December 2024) Boundaries UK BGC
AB35,Ballater,S12000034,Aberdeenshire,representative_point_within,ONS Local Authority Districts (December 2024) Boundaries UK BGC
AB36,Bellabeg,S12000034,Aberdeenshire,representative_point_within,ONS Local Authority Districts (December 2024) Boundaries UK BGC
AB37,Tomintoul,S12000020,Moray,representative_point_within,ONS Local Authority Districts (December 2024) Boundaries UK BGC
AB38,Rothes,S12000020,Moray,representative_point_within,ONS Local Authority Districts (December 2024) Boundaries UK BGC
AB39,Stonehaven,S12000034,Aberdeenshire,representative_point_within,ONS Local Authority Districts (December 2024) Boundaries UK BGC
AB41,Newburgh,S12000034,Aberdeenshire,representative_point_within,ONS Local Authority Districts (December 2024) Boundaries UK BGC
AB42,Cruden Bay,S12000034,Aberdeenshire,representative_point_within,ONS Local Authority Districts (December 2024) Boundaries UK BGC
AB43,Strichen,S12000034,Aberdeenshire,representative_point_within,ONS Local Authority Districts (December 2024) Boundaries UK BGC
AB44,Macduff,S12000034,Aberdeenshire,representative_point_within,ONS Local Authority Districts (December 2024) Boundaries UK BGC
AB45,Banff,S12000034,Aberdeenshire,representative_point_within,ONS Local Authority Districts (December 2024) Boundaries UK BGC
AB51,Kintore,S12000034,Aberdeenshire,representative_point_within,ONS Local Authority Districts (December 2024) Boundaries UK BGC
AB52,Insch,S12000034,Aberdeenshire,representative_point_within,ONS Local Authority Districts (December 2024) Boundaries UK BGC
AB53,Turriff,S12000034,Aberdeenshire,representative_point_within,ONS Local Authority Districts (December 2024) Boundaries UK BGC
AB54,Rhynie,S12000034,Aberdeenshire,representative_point_within,ONS Local Authority Districts (December 2024) Boundaries UK BGC
AB55,Dufftown,S12000020,Moray,representative_point_within,ONS Local Authority Districts (December 2024) Boundaries UK BGC
AB56,Buckie,S12000020,Moray,representative_point_within,ONS Local Authority Districts (December 2024) Boundaries UK BGC
AL1,St Albans,E07000240,St Albans,representative_point_within,ONS Local Authority Districts (December 2024) Boundaries UK BGC
AL10,Hatfield,E07000241,Welwyn Hatfield,representative_point_within,ONS Local Authority Districts (December 2024) Boundaries UK BGC
AL2,London Colney,E07000240,St Albans,representative_point_within,ONS Local Authority Districts (December 2024) Boundaries UK BGC
AL3,St Albans,E07000096,Dacorum,representative_point_within,ONS Local Authority Districts (December 2024) Boundaries UK BGC
AL4,St Albans,E07000240,St Albans,representative_point_within,ONS Local Authority Districts (December 2024) Boundaries UK BGC
AL5,Harpenden,E07000240,St Albans,representative_point_within,ONS Local Authority Districts (December 2024) Boundaries UK BGC
AL6,Mardley Hill,E07000241,Welwyn Hatfield,representative_point_within,ONS Local Authority Districts (December 2024) Boundaries UK BGC
AL7,Welwyn Garden City,E07000241,Welwyn Hatfield,representative_point_within,ONS Local Authority Districts (December 2024) Boundaries UK BGC
AL8,Welwyn Garden City,E07000241,Welwyn Hatfield,representative_point_within,ONS Local Authority Districts (December 2024) Boundaries UK BGC
AL9,Hatfield,E07000241,Welwyn Hatfield,representative_point_within,ONS Local Authority Districts (December 2024) Boundaries UK BGC
B1,Birmingham,E08000025,Birmingham,representative_point_within,ONS Local Authority Districts (December 2024) Boundaries UK BGC
B10,Birmingham,E08000025,Birmingham,representative_point_within,ONS Local Authority Districts (December 2024) Boundaries UK BGC
B11,Birmingham,E08000025,Birmingham,representative_point_within,ONS Local Authority Districts (December 2024) Boundaries UK BGC
B12,Birmingham,E08000025,Birmingham,representative_point_within,ONS Local Authority Districts (December 2024) Boundaries UK BGC
B13,Birmingham,E08000025,Birmingham,representative_point_within,ONS Local Authority Districts (December 2024) Boundaries UK BGC
B14,Birmingham,E08000025,Birmingham,representative_point_within,ONS Local Authority Districts (December 2024) Boundaries UK BGC
B15,Birmingham,E08000025,Birmingham,representative_point_within,ONS Local Authority Districts (December 2024) Boundaries UK BGC
B16,Birmingham,E08000025,Birmingham,representative_point_within,ONS Local Authority Districts (December 2024) Boundaries UK BGC
B17,Birmingham,E08000025,Birmingham,representative_point_within,ONS Local Authority Districts (December 2024) Boundaries UK BGC
B18,Birmingham,E08000025,Birmingham,representative_point_within,ONS Local Authority Districts (December 2024) Boundaries UK BGC
B19,Birmingham,E08000025,Birmingham,representative_point_within,ONS Local Authority Districts (December 2024) Boundaries UK BGC
B2,Birmingham,E08000025,Birmingham,representative_point_within,ONS Local Authority Districts (December 2024) Boundaries UK BGC
B20,Birmingham,E08000025,Birmingham,representative_point_within,ONS Local Authority Districts (December 2024) Boundaries UK BGC
B21,Birmingham,E08000025,Birmingham,representative_point_within,ONS Local Authority Districts (December 2024) Boundaries UK BGC
B23,Birmingham,E08000025,Birmingham,representative_point_within,ONS Local Authority Districts (December 2024) Boundaries UK BGC
B24,Birmingham,E08000025,Birmingham,representative_point_within,ONS Local Authority Districts (December 2024) Boundaries UK BGC
B25,Birmingham,E08000025,Birmingham,representative_point_within,ONS Local Authority Districts (December 2024) Boundaries UK BGC
B26,Birmingham,E08000025,Birmingham,representative_point_within,ONS Local Authority Districts (December 2024) Boundaries UK BGC
B27,Birmingham,E08000025,Birmingham,representative_point_within,ONS Local Authority Districts (December 2024) Boundaries UK BGC
B28,Birmingham,E08000025,Birmingham,representative_point_within,ONS Local Authority Districts (December 2024) Boundaries UK BGC
B29,Birmingham,E08000025,Birmingham,representative_point_within,ONS Local Authority Districts (December 2024) Boundaries UK BGC
B3,Birmingham,E08000025,Birmingham,representative_point_within,ONS Local Authority Districts (December 2024) Boundaries UK BGC
B30,Birmingham,E08000025,Birmingham,representative_point_within,ONS Local Authority Districts (December 2024) Boundaries UK BGC
B31,Birmingham,E08000025,Birmingham,representative_point_within,ONS Local Authority Districts (December 2024) Boundaries UK BGC
B32,Birmingham,E08000025,Birmingham,representative_point_within,ONS Local Authority Districts (December 2024) Boundaries UK BGC
B33,Birmingham,E08000025,Birmingham,representative_point_within,ONS Local Authority Districts (December 2024) Boundaries UK BGC
B34,Birmingham,E08000025,Birmingham,representative_point_within,ONS Local Authority Districts (December 2024) Boundaries UK BGC
B35,Birmingham,E08000025,Birmingham,representative_point_within,ONS Local Authority Districts (December 2024) Boundaries UK BGC
B36,Birmingham,E08000029,Solihull,representative_point_within,ONS Local Authority Districts (December 2024) Boundaries UK BGC
B37,Birmingham,E08000029,Solihull,representative_point_within,ONS Local Authority Districts (December 2024) Boundaries UK BGC
B38,Birmingham,E07000234,Bromsgrove,representative_point_within,ONS Local Authority Districts (December 2024) Boundaries UK BGC
B4,Birmingham,E08000025,Birmingham,representative_point_within,ONS Local Authority Districts (December 2024) Boundaries UK BGC
B40,National Exhibition Centre,E08000029,Solihull,representative_point_within,ONS Local Authority Districts (December 2024) Boundaries UK BGC
B42,Birmingham,E08000025,Birmingham,representative_point_within,ONS Local Authority Districts (December 2024) Boundaries UK BGC
B43,Birmingham,E08000028,Sandwell,representative_point_within,ONS Local Authority Districts (December 2024) Boundaries UK BGC
B44,Birmingham,E08000025,Birmingham,representative_point_within,ONS Local Authority Districts (December 2024) Boundaries UK BGC
B45,Birmingham,E07000234,Bromsgrove,representative_point_within,ONS Local Authority Districts (December 2024) Boundaries UK BGC
B46,Coleshill,E07000218,North Warwickshire,representative_point_within,ONS Local Authority Districts (December 2024) Boundaries UK BGC
B47,Hollywood,E07000234,Bromsgrove,representative_point_within,ONS Local Authority Districts (December 2024) Boundaries UK BGC
B48,Alvechurch,E07000234,Bromsgrove,representative_point_within,ONS Local Authority Districts (December 2024) Boundaries UK BGC
B49,Alcester,E07000221,Stratford-on-Avon,representative_point_within,ONS Local Authority Districts (December 2024) Boundaries UK BGC
B5,Birmingham,E08000025,Birmingham,representative_point_within,ONS Local Authority Districts (December 2024) Boundaries UK BGC
B50,Bidford-on-Avon,E07000221,Stratford-on-Avon,representative_point_within,ONS Local Authority Districts (December 2024) Boundaries UK BGC
B6,Birmingham,E08000025,Birmingham,representative_point_within,ONS Local Authority Districts (December 2024) Boundaries UK BGC
B60,Catshill,E07000234,Bromsgrove,representative_point_within,ONS Local Authority Districts (December 2024) Boundaries UK BGC
B61,Catshill,E07000234,Bromsgrove,representative_point_within,ONS Local Authority Districts (December 2024) Boundaries UK BGC
B62,Halesowen,E07000234,Bromsgrove,representative_point_within,ONS Local Authority Districts (December 2024) Boundaries UK BGC
B63,Halesowen,E08000027,Dudley,representative_point_within,ONS Local Authority Districts (December 2024) Boundaries UK BGC
B64,Halesowen,E08000028,Sandwell,representative_point_within,ONS Local Authority Districts (December 2024) Boundaries UK BGC
B65,Halesowen,E08000028,Sandwell,representative_point_within,ONS Local Authority Districts (December 2024) Boundaries UK BGC
B66,Birmingham,E08000028,Sandwell,representative_point_within,ONS Local Authority Districts (December 2024) Boundaries UK BGC
B67,Birmingham,E08000028,Sandwell,representative_point_within,ONS Local Authority Districts (December 2024) Boundaries UK BGC
B68,Birmingham,E08000028,Sandwell,representative_point_within,ONS Local Authority Districts (December 2024) Boundaries UK BGC
B69,West Bromwich,E08000028,Sandwell,representative_point_within,ONS Local Authority Districts (December 2024) Boundaries UK BGC
B7,Birmingham,E08000025,Birmingham,representative_point_within,ONS Local Authority Districts (December 2024) Boundaries UK BGC
B70,West Bromwich,E08000028,Sandwell,representative_point_within,ONS Local Authority Districts (December 2024) Boundaries UK BGC
B71,West Bromwich,E08000028,Sandwell,representative_point_within,ONS Local Authority Districts (December 2024) Boundaries UK BGC
B72,Birmingham,E08000025,Birmingham,representative_point_within,ONS Local Authority Districts (December 2024) Boundaries UK BGC
B73,Birmingham,E08000025,Birmingham,representative_point_within,ONS Local Authority Districts (December 2024) Boundaries UK BGC
B74,Birmingham,E08000025,Birmingham,representative_point_within,ONS Local Authority Districts (December 2024) Boundaries UK BGC
B75,Birmingham,E08000025,Birmingham,representative_point_within,ONS Local Authority Districts (December 2024) Boundaries UK BGC
B76,Lea Marston,E07000218,North Warwickshire,representative_point_within,ONS Local Authority Districts (December 2024) Boundaries UK BGC
B77,Tamworth,E07000199,Tamworth,representative_point_within,ONS Local Authority Districts (December 2024) Boundaries UK BGC
B78,Dordon,E07000194,Lichfield,representative_point_within,ONS Local Authority Districts (December 2024) Boundaries UK BGC
B79,Warton,E07000194,Lichfield,representative_point_within,ONS Local Authority Districts (December 2024) Boundaries UK BGC
B8,Birmingham,E08000025,Birmingham,representative_point_within,ONS Local Authority Districts (December 2024) Boundaries UK BGC
B80,Studley,E07000221,Stratford-on-Avon,representative_point_within,ONS Local Authority Districts (December 2024) Boundaries UK BGC
B9,Birmingham,E08000025,Birmingham,representative_point_within,ONS Local Authority Districts (December 2024) Boundaries UK BGC
B90,Birmingham,E08000029,Solihull,representative_point_within,ONS Local Authority Districts (December 2024) Boundaries UK BGC
B91,Birmingham,E08000029,Solihull,representative_point_within,ONS Local Authority Districts (December 2024) Boundaries UK BGC
B92,Hampton in Arden,E08000029,Solihull,representative_point_within,ONS Local Authority Districts (December 2024) Boundaries UK BGC
B93,Dorridge,E08000029,Solihull,representative_point_within,ONS Local Authority Districts (December 2024) Boundaries UK BGC
B94,Tanworth-in-Arden,E07000221,Stratford-on-Avon,representative_point_within,ONS Local Authority Districts (December 2024) Boundaries UK BGC
B95,Henley-in-Arden,E07000221,Stratford-on-Avon,representative_point_within,ONS Local Authority Districts (December 2024) Boundaries UK BGC
B96,Astwood Bank,E07000236,Redditch,representative_point_within,ONS Local Authority Districts (December 2024) Boundaries UK BGC
B97,Redditch,E07000236,Redditch,representative_point_within,ONS Local Authority Districts (December 2024) Boundaries UK BGC
B98,Redditch,E07000236,Redditch,representative_point_within,ONS Local Authority Districts (December 2024) Boundaries UK BGC
BA1,Bath,E06000022,Bath and North East Somerset,representative_point_within,ONS Local Authority Districts (December 2024) Boundaries UK BGC
BA10,Bruton,E06000066,Somerset,representative_point_within,ONS Local Authority Districts (December 2024) Boundaries UK BGC
BA11,Frome,E06000066,Somerset,representative_point_within,ONS Local Authority Districts (December 2024) Boundaries UK BGC
BA12,Warminster,E06000054,Wiltshire,representative_point_within,ONS Local Authority Districts (December 2024) Boundaries UK BGC
BA13,Westbury,E06000054,Wiltshire,representative_point_within,ONS Local Authority Districts (December 2024) Boundaries UK BGC
BA14,Trowbridge,E06000054,Wiltshire,representative_point_within,ONS Local Authority Districts (December 2024) Boundaries UK BGC
BA15,Bradford-on-Avon,E06000054,Wiltshire,representative_point_within,ONS Local Authority Districts (December 2024) Boundaries UK BGC
BA16,Street,E06000066,Somerset,representative_point_within,ONS Local Authority Districts (December 2024) Boundaries UK BGC
BA2,Timsbury,E06000022,Bath and North East Somerset,representative_point_within,ONS Local Authority Districts (December 2024) Boundaries UK BGC
BA20,Yeovil,E06000066,Somerset,representative_point_within,ONS Local Authority Districts (December 2024) Boundaries UK BGC
BA21,Yeovil,E06000066,Somerset,representative_point_within,ONS Local Authority Districts (December 2024) Boundaries UK BGC
BA22,Queen Camel,E06000066,Somerset,representative_point_within,ONS Local Authority Districts (December 2024) Boundaries UK BGC
BA3,Midsomer Norton,E06000066,Somerset,representative_point_within,ONS Local Authority Districts (December 2024) Boundaries UK BGC
BA4,Shepton Mallet,E06000066,Somerset,representative_point_within,ONS Local Authority Districts (December 2024) Boundaries UK BGC
BA5,Wells,E06000066,Somerset,representative_point_within,ONS Local Authority Districts (December 2024) Boundaries UK BGC
BA6,Glastonbury,E06000066,Somerset,representative_point_within,ONS Local Authority Districts (December 2024) Boundaries UK BGC
BA7,Castle Cary,E06000066,Somerset,representative_point_within,ONS Local Authority Districts (December 2024) Boundaries UK BGC
BA8,Henstridge,E06000066,Somerset,representative_point_within,ONS Local Authority Districts (December 2024) Boundaries UK BGC
BA9,Holton,E06000066,Somerset,representative_point_within,ONS Local Authority Districts (December 2024) Boundaries UK BGC
BB1,Blackburn,E06000008,Blackburn with Darwen,representative_point_within,ONS Local Authority Districts (December 2024) Boundaries UK BGC
BB10,Burnley,E07000117,Burnley,representative_point_within,ONS Local Authority Districts (December 2024) Boundaries UK BGC
BB11,Burnley,E07000117,Burnley,representative_point_within,ONS Local Authority Districts (December 2024) Boundaries UK BGC
BB12,Burnley,E07000122,Pendle,representative_point_within,ONS Local Authority Districts (December 2024) Boundaries UK BGC
BB18,Barnoldswick,E07000122,Pendle,representative_point_within,ONS Local Authority Districts (December 2024) Boundaries UK BGC
BB2,Blackburn,E07000124,Ribble Valley,representative_point_within,ONS Local Authority Districts (December 2024) Boundaries UK BGC
BB3,Darwen,E06000008,Blackburn with Darwen,representative_point_within,ONS Local Authority Districts (December 2024) Boundaries UK BGC
BB4,Haslingden,E07000125,Rossendale,representative_point_within,ONS Local Authority Districts (December 2024) Boundaries UK BGC
BB5,Accrington,E07000120,Hyndburn,representative_point_within,ONS Local Authority Districts (December 2024) Boundaries UK BGC
BB6,Great Harwood,E07000124,Ribble Valley,representative_point_within,ONS Local Authority Districts (December 2024) Boundaries UK BGC
BB7,Clitheroe,E07000124,Ribble Valley,representative_point_within,ONS Local Authority Districts (December 2024) Boundaries UK BGC
BB8,Colne,E07000122,Pendle,representative_point_within,ONS Local Authority Districts (December 2024) Boundaries UK BGC
BB9,Nelson,E07000122,Pendle,representative_point_within,ONS Local Authority Districts (December 2024) Boundaries UK BGC
BD1,Bradford,E08000032,Bradford,representative_point_within,ONS Local Authority Districts (December 2024) Boundaries UK BGC
BD10,Bradford,E08000032,Bradford,representative_point_within,ONS Local Authority Districts (December 2024) Boundaries UK BGC
BD11,Drighlington,E08000035,Leeds,representative_point_within,ONS Local Authority Districts (December 2024) Boundaries UK BGC
BD12,Bradford,E08000032,Bradford,representative_point_within,ONS Local Authority Districts (December 2024) Boundaries UK BGC
BD13,Queensbury,E08000032,Bradford,representative_point_within,ONS Local Authority Districts (December 2024) Boundaries UK BGC
BD14,Bradford,E08000032,Bradford,representative_point_within,ONS Local Authority Districts (December 2024) Boundaries UK BGC
BD15,Wilsden,E08000032,Bradford,representative_point_within,ONS Local Authority Districts (December 2024) Boundaries UK BGC
BD16,Cottingley,E08000032,Bradford,representative_point_within,ONS Local Authority Districts (December 2024) Boundaries UK BGC
BD17,Bradford,E08000032,Bradford,representative_point_within,ONS Local Authority Districts (December 2024) Boundaries UK BGC
BD18,Bradford,E08000032,Bradford,representative_point_within,ONS Local Authority Districts (December 2024) Boundaries UK BGC
BD19,Cleckheaton,E08000034,Kirklees,representative_point_within,ONS Local Authority Districts (December 2024) Boundaries UK BGC
BD2,Bradford,E08000032,Bradford,representative_point_within,ONS Local Authority Districts (December 2024) Boundaries UK BGC
BD20,Silsden,E06000065,North Yorkshire,representative_point_within,ONS Local Authority Districts (December 2024) Boundaries UK BGC
BD21,Keighley,E08000032,Bradford,representative_point_within,ONS Local Authority Districts (December 2024) Boundaries UK BGC
BD22,Cowling,E08000032,Bradford,representative_point_within,ONS Local Authority Districts (December 2024) Boundaries UK BGC
BD23,Skipton,E06000065,North Yorkshire,representative_point_within,ONS Local Authority Districts (December 2024) Boundaries UK BGC
BD24,Settle,E06000065,North Yorkshire,representative_point_within,ONS Local Authority Districts (December 2024) Boundaries UK BGC
BD3,Bradford,E08000032,Bradford,representative_point_within,ONS Local Authority Districts (December 2024) Boundaries UK BGC
BD4,Bradford,E08000032,Bradford,representative_point_within,ONS Local Authority Districts (December 2024) Boundaries UK BGC
BD5,Bradford,E08000032,Bradford,representative_point_within,ONS Local Authority Districts (December 2024) Boundaries UK BGC
BD6,Bradford,E08000032,Bradford,representative_point_within,ONS Local Authority Districts (December 2024) Boundaries UK BGC
BD7,Bradford,E08000032,Bradford,representative_point_within,ONS Local Authority Districts (December 2024) Boundaries UK BGC
BD8,Bradford,E08000032,Bradford,representative_point_within,ONS Local Authority Districts (December 2024) Boundaries UK BGC
BD9,Bradford,E08000032,Bradford,representative_point_within,ONS Local Authority Districts (December 2024) Boundaries UK BGC
BH1,Bournemouth,E06000058,"Bournemouth, Christchurch and Poole",representative_point_within,ONS Local Authority Districts (December 2024) Boundaries UK BGC
BH10,Bournemouth,E06000058,"Bournemouth, Christchurch and Poole",representative_point_within,ONS Local Authority Districts (December 2024) Boundaries UK BGC
BH11,Bournemouth,E06000058,"Bournemouth, Christchurch and Poole",representative_point_within,ONS Local Authority Districts (December 2024) Boundaries UK BGC
BH12,Poole,E06000058,"Bournemouth, Christchurch and Poole",representative_point_within,ONS Local Authority Districts (December 2024) Boundaries UK BGC
BH13,Poole,E06000059,Dorset,representative_point_within,ONS Local Authority Districts (December 2024) Boundaries UK BGC
BH14,Poole,E06000058,"Bournemouth, Christchurch and Poole",representative_point_within,ONS Local Authority Districts (December 2024) Boundaries UK BGC
BH15,Poole,E06000058,"Bournemouth, Christchurch and Poole",representative_point_within,ONS Local Authority Districts (December 2024) Boundaries UK BGC
BH16,Poole,E06000059,Dorset,representative_point_within,ONS Local Authority Districts (December 2024) Boundaries UK BGC
BH17,Poole,E06000058,"Bournemouth, Christchurch and Poole",representative_point_within,ONS Local Authority Districts (December 2024) Boundaries UK BGC
BH18,Poole,E06000058,"Bournemouth, Christchurch and Poole",representative_point_within,ONS Local Authority Districts (December 2024) Boundaries UK BGC
BH19,Swanage,E06000059,Dorset,representative_point_within,ONS Local Authority Districts (December 2024) Boundaries UK BGC
BH2,Bournemouth,E06000058,"Bournemouth, Christchurch and Poole",representative_point_within,ONS Local Authority Districts (December 2024) Boundaries UK BGC
BH20,Wareham,E06000059,Dorset,representative_point_within,ONS Local Authority Districts (December 2024) Boundaries UK BGC
BH21,Wimborne Minster,E06000059,Dorset,representative_point_within,ONS Local Authority Districts (December 2024) Boundaries UK BGC
BH22,West Moors,E06000059,Dorset,representative_point_within,ONS Local Authority Districts (December 2024) Boundaries UK BGC
BH23,Christchurch,E06000058,"Bournemouth, Christchurch and Poole",representative_point_within,ONS Local Authority Districts (December 2024) Boundaries UK BGC
BH24,Ringwood,E07000091,New Forest,representative_point_within,ONS Local Authority Districts (December 2024) Boundaries UK BGC
BH25,New Milton,E07000091,New Forest,representative_point_within,ONS Local Authority Districts (December 2024) Boundaries UK BGC
BH3,Bournemouth,E06000058,"Bournemouth, Christchurch and Poole",representative_point_within,ONS Local Authority Districts (December 2024) Boundaries UK BGC
BH31,Verwood,E06000059,Dorset,representative_point_within,ONS Local Authority Districts (December 2024) Boundaries UK BGC
BH4,Bournemouth,E06000058,"Bournemouth, Christchurch and Poole",representative_point_within,ONS Local Authority Districts (December 2024) Boundaries UK BGC
BH5,Bournemouth,E06000058,"Bournemouth, Christchurch and Poole",representative_point_within,ONS Local Authority Districts (December 2024) Boundaries UK BGC
BH6,Bournemouth,E06000058,"Bournemouth, Christchurch and Poole",representative_point_within,ONS Local Authority Districts (December 2024) Boundaries UK BGC
BH7,Bournemouth,E06000058,"Bournemouth, Christchurch and Poole",representative_point_within,ONS Local Authority Districts (December 2024) Boundaries UK BGC
BH8,Bournemouth,E06000058,"Bournemouth, Christchurch and Poole",representative_point_within,ONS Local Authority Districts (December 2024) Boundaries UK BGC
BH9,Bournemouth,E06000058,"Bournemouth, Christchurch and Poole",representative_point_within,ONS Local Authority Districts (December 2024) Boundaries UK BGC
BL0,Ramsbottom,E07000125,Rossendale,representative_point_within,ONS Local Authority Districts (December 2024) Boundaries UK BGC
BL1,Bolton,E08000001,Bolton,representative_point_within,ONS Local Authority Districts (December 2024) Boundaries UK BGC
BL2,Bolton,E08000001,Bolton,representative_point_within,ONS Local Authority Districts (December 2024) Boundaries UK BGC
BL3,Little Lever,E08000001,Bolton,representative_point_within,ONS Local Authority Districts (December 2024) Boundaries UK BGC
BL4,Farnworth,E08000001,Bolton,representative_point_within,ONS Local Authority Districts (December 2024) Boundaries UK BGC
BL5,Atherton,E08000001,Bolton,representative_point_within,ONS Local Authority Districts (December 2024) Boundaries UK BGC
BL6,Bolton,E08000001,Bolton,representative_point_within,ONS Local Authority Districts (December 2024) Boundaries UK BGC
BL7,Chapeltown,E06000008,Blackburn with Darwen,representative_point_within,ONS Local Authority Districts (December 2024) Boundaries UK BGC
BL8,Bury,E08000002,Bury,representative_point_within,ONS Local Authority Districts (December 2024) Boundaries UK BGC
BL9,Bury,E08000002,Bury,representative_point_within,ONS Local Authority Districts (December 2024) Boundaries UK BGC
BN1,Brighton,E06000043,Brighton and Hove,representative_point_within,ONS Local Authority Districts (December 2024) Boundaries UK BGC
BN10,Peacehaven,E07000063,Lewes,representative_point_within,ONS Local Authority Districts (December 2024) Boundaries UK BGC
BN11,Worthing,E07000229,Worthing,representative_point_within,ONS Local Authority Districts (December 2024) Boundaries UK BGC
BN12,Worthing,E07000229,Worthing,representative_point_within,ONS Local Authority Districts (December 2024) Boundaries UK BGC
BN13,Worthing,E07000224,Arun,representative_point_within,ONS Local Authority Districts (December 2024) Boundaries UK BGC
BN14,Worthing,E07000229,Worthing,representative_point_within,ONS Local Authority Districts (December 2024) Boundaries UK BGC
BN15,Lancing,E07000223,Adur,representative_point_within,ONS Local Authority Districts (December 2024) Boundaries UK BGC
BN16,Littlehampton,E07000224,Arun,representative_point_within,ONS Local Authority Districts (December 2024) Boundaries UK BGC
BN17,Littlehampton,E07000224,Arun,representative_point_within,ONS Local Authority Districts (December 2024) Boundaries UK BGC
BN18,Yapton,E07000224,Arun,representative_point_within,ONS Local Authority Districts (December 2024) Boundaries UK BGC
BN2,Brighton,E06000043,Brighton and Hove,representative_point_within,ONS Local Authority Districts (December 2024) Boundaries UK BGC
BN20,East Dean,E07000061,Eastbourne,representative_point_within,ONS Local Authority Districts (December 2024) Boundaries UK BGC
BN21,Eastbourne,E07000061,Eastbourne,representative_point_within,ONS Local Authority Districts (December 2024) Boundaries UK BGC
BN22,Eastbourne,E07000061,Eastbourne,representative_point_within,ONS Local Authority Districts (December 2024) Boundaries UK BGC
BN23,Eastbourne,E07000061,Eastbourne,representative_point_within,ONS Local Authority Districts (December 2024) Boundaries UK BGC
BN24,Eastbourne,E07000065,Wealden,representative_point_within,ONS Local Authority Districts (December 2024) Boundaries UK BGC
BN25,Seaford,E07000063,Lewes,representative_point_within,ONS Local Authority Districts (December 2024) Boundaries UK BGC
BN26,Eastbourne,E07000065,Wealden,representative_point_within,ONS Local Authority Districts (December 2024) Boundaries UK BGC
BN27,Hailsham,E07000065,Wealden,representative_point_within,ONS Local Authority Districts (December 2024) Boundaries UK BGC
BN3,Brighton,E06000043,Brighton and Hove,representative_point_within,ONS Local Authority Districts (December 2024) Boundaries UK BGC
BN41,Brighton,E06000043,Brighton and Hove,representative_point_within,ONS Local Authority Districts (December 2024) Boundaries UK BGC
BN42,Brighton,E07000223,Adur,representative_point_within,ONS Local Authority Districts (December 2024) Boundaries UK BGC
BN43,Brighton,E07000223,Adur,representative_point_within,ONS Local Authority Districts (December 2024) Boundaries UK BGC
BN44,Steyning,E07000227,Horsham,representative_point_within,ONS Local Authority Districts (December 2024) Boundaries UK BGC
BN45,Pyecombe,E07000228,Mid Sussex,representative_point_within,ONS Local Authority Districts (December 2024) Boundaries UK BGC
BN5,Henfield,E07000227,Horsham,representative_point_within,ONS Local Authority Districts (December 2024) Boundaries UK BGC
BN6,Hurstpierpoint,E07000228,Mid Sussex,representative_point_within,ONS Local Authority Districts (December 2024) Boundaries UK BGC
BN7,Lewes,E07000063,Lewes,representative_point_within,ONS Local Authority Districts (December 2024) Boundaries UK BGC
BN8,Newick,E07000063,Lewes,representative_point_within,ONS Local Authority Districts (December 2024) Boundaries UK BGC
BN9,Newhaven,E07000063,Lewes,representative_point_within,ONS Local Authority Districts (December 2024) Boundaries UK BGC
BR1,London,E09000006,Bromley,representative_point_within,ONS Local Authority Districts (December 2024) Boundaries UK BGC
BR2,London,E09000006,Bromley,representative_point_within,ONS Local Authority Districts (December 2024) Boundaries UK BGC
BR3,London,E09000006,Bromley,representative_point_within,ONS Local Authority Districts (December 2024) Boundaries UK BGC
BR4,London,E09000006,Bromley,representative_point_within,ONS Local Authority Districts (December 2024) Boundaries UK BGC
BR5,Orpington,E09000006,Bromley,representative_point_within,ONS Local Authority Districts (December 2024) Boundaries UK BGC
BR6,Orpington,E09000006,Bromley,representative_point_within,ONS Local Authority Districts (December 2024) Boundaries UK BGC
BR7,London,E09000006,Bromley,representative_point_within,ONS Local Authority Districts (December 2024) Boundaries UK BGC
BR8,Swanley,E07000111,Sevenoaks,representative_point_within,ONS Local Authority Districts (December 2024) Boundaries UK BGC
BS1,Bristol,E06000023,"Bristol, City of",representative_point_within,ONS Local Authority Districts (December 2024) Boundaries UK BGC
BS10,Bristol,E06000025,South Gloucestershire,representative_point_within,ONS Local Authority Districts (December 2024) Boundaries UK BGC
BS11,Bristol,E06000023,"Bristol, City of",representative_point_within,ONS Local Authority Districts (December 2024) Boundaries UK BGC
BS13,Bristol,E06000023,"Bristol, City of",representative_point_within,ONS Local Authority Districts (December 2024) Boundaries UK BGC
BS14,Bristol,E06000022,Bath and North East Somerset,representative_point_within,ONS Local Authority Districts (December 2024) Boundaries UK BGC
BS15,Bristol,E06000025,South Gloucestershire,representative_point_within,ONS Local Authority Districts (December 2024) Boundaries UK BGC
BS16,Bristol,E06000025,South Gloucestershire,representative_point_within,ONS Local Authority Districts (December 2024) Boundaries UK BGC
BS2,Bristol,E06000023,"Bristol, City of",representative_point_within,ONS Local Authority Districts (December 2024) Boundaries UK BGC
BS20,Pill,E06000024,North Somerset,representative_point_within,ONS Local Authority Districts (December 2024) Boundaries UK BGC
BS21,Clevedon,E06000024,North Somerset,representative_point_within,ONS Local Authority Districts (December 2024) Boundaries UK BGC
BS22,Weston-Super-Mare,E06000024,North Somerset,representative_point_within,ONS Local Authority Districts (December 2024) Boundaries UK BGC
BS23,Weston-Super-Mare,E06000024,North Somerset,representative_point_within,ONS Local Authority Districts (December 2024) Boundaries UK BGC
BS24,Bleadon,E06000024,North Somerset,representative_point_within,ONS Local Authority Districts (December 2024) Boundaries UK BGC
BS25,Winscombe,E06000066,Somerset,representative_point_within,ONS Local Authority Districts (December 2024) Boundaries UK BGC
BS26,Axbridge,E06000066,Somerset,representative_point_within,ONS Local Authority Districts (December 2024) Boundaries UK BGC
BS27,Cheddar,E06000066,Somerset,representative_point_within,ONS Local Authority Districts (December 2024) Boundaries UK BGC
BS28,Wedmore,E06000066,Somerset,representative_point_within,ONS Local Authority Districts (December 2024) Boundaries UK BGC
BS29,Banwell,E06000024,North Somerset,representative_point_within,ONS Local Authority Districts (December 2024) Boundaries UK BGC
BS3,Bristol,E06000023,"Bristol, City of",representative_point_within,ONS Local Authority Districts (December 2024) Boundaries UK BGC
BS30,Bristol,E06000025,South Gloucestershire,representative_point_within,ONS Local Authority Districts (December 2024) Boundaries UK BGC
BS31,Keynsham,E06000022,Bath and North East Somerset,representative_point_within,ONS Local Authority Districts (December 2024) Boundaries UK BGC
BS32,Bristol,E06000025,South Gloucestershire,representative_point_within,ONS Local Authority Districts (December 2024) Boundaries UK BGC
BS34,Bristol,E06000025,South Gloucestershire,representative_point_within,ONS Local Authority Districts (December 2024) Boundaries UK BGC
BS35,Thornbury,E06000025,South Gloucestershire,representative_point_within,ONS Local Authority Districts (December 2024) Boundaries UK BGC
BS36,Winterbourne,E06000025,South Gloucestershire,representative_point_within,ONS Local Authority Districts (December 2024) Boundaries UK BGC
BS37,Yate,E06000025,South Gloucestershire,representative_point_within,ONS Local Authority Districts (December 2024) Boundaries UK BGC
BS39,Belluton,E06000022,Bath and North East Somerset,representative_point_within,ONS Local Authority Districts (December 2024) Boundaries UK BGC
BS4,Bristol,E06000023,"Bristol, City of",representative_point_within,ONS Local Authority Districts (December 2024) Boundaries UK BGC
BS40,Wrington,E06000024,North Somerset,representative_point_within,ONS Local Authority Districts (December 2024) Boundaries UK BGC
BS41,Dundry,E06000024,North Somerset,representative_point_within,ONS Local Authority Districts (December 2024) Boundaries UK BGC
BS48,Nailsea,E06000024,North Somerset,representative_point_within,ONS Local Authority Districts (December 2024) Boundaries UK BGC
BS49,Yatton,E06000024,North Somerset,representative_point_within,ONS Local Authority Districts (December 2024) Boundaries UK BGC
BS5,Bristol,E06000023,"Bristol, City of",representative_point_within,ONS Local Authority Districts (December 2024) Boundaries UK BGC
BS6,Bristol,E06000023,"Bristol, City of",representative_point_within,ONS Local Authority Districts (December 2024) Boundaries UK BGC
BS7,Bristol,E06000023,"Bristol, City of",representative_point_within,ONS Local Authority Districts (December 2024) Boundaries UK BGC
BS8,Bristol,E06000024,North Somerset,representative_point_within,ONS Local Authority Districts (December 2024) Boundaries UK BGC
BS9,Bristol,E06000023,"Bristol, City of",representative_point_within,ONS Local Authority Districts (December 2024) Boundaries UK BGC
CA1,Carlisle,E06000063,Cumberland,representative_point_within,ONS Local Authority Districts (December 2024) Boundaries UK BGC
CA10,Lazonby,E06000064,Westmorland and Furness,representative_point_within,ONS Local Authority Districts (December 2024) Boundaries UK BGC
CA11,Stainton,E06000064,Westmorland and Furness,representative_point_within,ONS Local Authority Districts (December 2024) Boundaries UK BGC
CA12,Keswick,E06000063,Cumberland,representative_point_within,ONS Local Authority Districts (December 2024) Boundaries UK BGC
CA13,Cockermouth,E06000063,Cumberland,representative_point_within,ONS Local Authority Districts (December 2024) Boundaries UK BGC
CA14,Seaton,E06000063,Cumberland,representative_point_within,ONS Local Authority Districts (December 2024) Boundaries UK BGC
CA15,Maryport,E06000063,Cumberland,representative_point_within,ONS Local Authority Districts (December 2024) Boundaries UK BGC
CA16,Appleby,E06000064,Westmorland and Furness,representative_point_within,ONS Local Authority Districts (December 2024) Boundaries UK BGC
CA17,Kirkby Stephen,E06000064,Westmorland and Furness,representative_point_within,ONS Local Authority Districts (December 2024) Boundaries UK BGC
CA18,Ravenglass,E06000063,Cumberland,representative_point_within,ONS Local Authority Districts (December 2024) Boundaries UK BGC
CA19,Holmrook,E06000063,Cumberland,representative_point_within,ONS Local Authority Districts (December 2024) Boundaries UK BGC
CA2,Carlisle,E06000063,Cumberland,representative_point_within,ONS Local Authority Districts (December 2024) Boundaries UK BGC
CA20,Seascale,E06000063,Cumberland,representative_point_within,ONS Local Authority Districts (December 2024) Boundaries UK BGC
CA21,Beckermet,E06000063,Cumberland,representative_point_within,ONS Local Authority Districts (December 2024) Boundaries UK BGC
CA22,Egremont,E06000063,Cumberland,representative_point_within,ONS Local Authority Districts (December 2024) Boundaries UK BGC
CA23,Cleator Moor,E06000063,Cumberland,representative_point_within,ONS Local Authority Districts (December 2024) Boundaries UK BGC
CA24,Moor Row,E06000063,Cumberland,representative_point_within,ONS Local Authority Districts (December 2024) Boundaries UK BGC
CA25,Cleator Moor,E06000063,Cumberland,representative_point_within,ONS Local Authority Districts (December 2024) Boundaries UK BGC
CA26,Frizington,E06000063,Cumberland,representative_point_within,ONS Local Authority Districts (December 2024) Boundaries UK BGC
CA27,St Bees,E06000063,Cumberland,representative_point_within,ONS Local Authority Districts (December 2024) Boundaries UK BGC
CA28,Whitehaven,E06000063,Cumberland,representative_point_within,ONS Local Authority Districts (December 2024) Boundaries UK BGC
CA3,Kingstown,E06000063,Cumberland,representative_point_within,ONS Local Authority Districts (December 2024) Boundaries UK BGC
CA4,Cotehill,E06000063,Cumberland,representative_point_within,ONS Local Authority Districts (December 2024) Boundaries UK BGC
CA5,Burgh by Sands,E06000063,Cumberland,representative_point_within,ONS Local Authority Districts (December 2024) Boundaries UK BGC
CA6,Kingstown,E06000063,Cumberland,representative_point_within,ONS Local Authority Districts (December 2024) Boundaries UK BGC
CA7,Oulton,E06000063,Cumberland,representative_point_within,ONS Local Authority Districts (December 2024) Boundaries UK BGC
CA8,Brampton,E06000063,Cumberland,representative_point_within,ONS Local Authority Districts (December 2024) Boundaries UK BGC
CA9,Alston,E06000064,Westmorland and Furness,representative_point_within,ONS Local Authority Districts (December 2024) Boundaries UK BGC
CB1,Cambridge,E07000008,Cambridge,representative_point_within,ONS Local Authority Districts (December 2024) Boundaries UK BGC
CB10,Saffron Walden,E07000077,Uttlesford,representative_point_within,ONS Local Authority Districts (December 2024) Boundaries UK BGC
CB11,Saffron Walden,E07000077,Uttlesford,representative_point_within,ONS Local Authority Districts (December 2024) Boundaries UK BGC
CB2,Cambridge,E07000008,Cambridge,representative_point_within,ONS Local Authority Districts (December 2024) Boundaries UK BGC
CB21,Linton,E07000012,South Cambridgeshire,representative_point_within,ONS Local Authority Districts (December 2024) Boundaries UK BGC
CB22,Sawston,E07000012,South Cambridgeshire,representative_point_within,ONS Local Authority Districts (December 2024) Boundaries UK BGC
CB23,Haslingfield,E07000012,South Cambridgeshire,representative_point_within,ONS Local Authority Districts (December 2024) Boundaries UK BGC
CB24,Longstanton,E07000012,South Cambridgeshire,representative_point_within,ONS Local Authority Districts (December 2024) Boundaries UK BGC
CB25,Burwell,E07000009,East Cambridgeshire,representative_point_within,ONS Local Authority Districts (December 2024) Boundaries UK BGC
CB3,Cambridge,E07000008,Cambridge,representative_point_within,ONS Local Authority Districts (December 2024) Boundaries UK BGC
CB4,Cambridge,E07000008,Cambridge,representative_point_within,ONS Local Authority Districts (December 2024) Boundaries UK BGC
CB5,Cambridge,E07000008,Cambridge,representative_point_within,ONS Local Authority Districts (December 2024) Boundaries UK BGC
CB6,Littleport,E07000009,East Cambridgeshire,representative_point_within,ONS Local Authority Districts (December 2024) Boundaries UK BGC
CB7,Ely,E07000009,East Cambridgeshire,representative_point_within,ONS Local Authority Districts (December 2024) Boundaries UK BGC
CB8,Newmarket,E07000009,East Cambridgeshire,representative_point_within,ONS Local Authority Districts (December 2024) Boundaries UK BGC
CB9,Haverhill,E07000245,West Suffolk,representative_point_within,ONS Local Authority Districts (December 2024) Boundaries UK BGC
CF10,Cardiff,W06000015,Cardiff,representative_point_within,ONS Local Authority Districts (December 2024) Boundaries UK BGC
CF11,Cardiff,W06000015,Cardiff,representative_point_within,ONS Local Authority Districts (December 2024) Boundaries UK BGC
CF14,Cardiff,W06000015,Cardiff,representative_point_within,ONS Local Authority Districts (December 2024) Boundaries UK BGC
CF15,Gwaelod-y-garth,W06000015,Cardiff,representative_point_within,ONS Local Authority Districts (December 2024) Boundaries UK BGC
CF23,Cardiff,W06000015,Cardiff,representative_point_within,ONS Local Authority Districts (December 2024) Boundaries UK BGC
CF24,Cardiff,W06000015,Cardiff,representative_point_within,ONS Local Authority Districts (December 2024) Boundaries UK BGC
CF3,Cardiff,W06000015,Cardiff,representative_point_within,ONS Local Authority Districts (December 2024) Boundaries UK BGC
CF31,Bridgend,W06000013,Bridgend,representative_point_within,ONS Local Authority Districts (December 2024) Boundaries UK BGC
CF32,Cefn Cribwr,W06000013,Bridgend,representative_point_within,ONS Local Authority Districts (December 2024) Boundaries UK BGC
CF33,Pyle,W06000013,Bridgend,representative_point_within,ONS Local Authority Districts (December 2024) Boundaries UK BGC
CF34,Maesteg,W06000013,Bridgend,representative_point_within,ONS Local Authority Districts (December 2024) Boundaries UK BGC
CF35,Pencoed,W06000013,Bridgend,representative_point_within,ONS Local Authority Districts (December 2024) Boundaries UK BGC
CF36,Porthcawl,W06000013,Bridgend,representative_point_within,ONS Local Authority Districts (December 2024) Boundaries UK BGC
CF37,Pontypridd,W06000016,Rhondda Cynon Taf,representative_point_within,ONS Local Authority Districts (December 2024) Boundaries UK BGC
CF38,Church Village,W06000016,Rhondda Cynon Taf,representative_point_within,ONS Local Authority Districts (December 2024) Boundaries UK BGC
CF39,Porth,W06000013,Bridgend,representative_point_within,ONS Local Authority Districts (December 2024) Boundaries UK BGC
CF40,Tonypandy,W06000016,Rhondda Cynon Taf,representative_point_within,ONS Local Authority Districts (December 2024) Boundaries UK BGC
CF41,Rhondda,W06000016,Rhondda Cynon Taf,representative_point_within,ONS Local Authority Districts (December 2024) Boundaries UK BGC
CF42,Treherbert,W06000016,Rhondda Cynon Taf,representative_point_within,ONS Local Authority Districts (December 2024) Boundaries UK BGC
CF43,Tylorstown,W06000016,Rhondda Cynon Taf,representative_point_within,ONS Local Authority Districts (December 2024) Boundaries UK BGC
CF44,Cwmbach,W06000016,Rhondda Cynon Taf,representative_point_within,ONS Local Authority Districts (December 2024) Boundaries UK BGC
CF45,Mountain Ash,W06000016,Rhondda Cynon Taf,representative_point_within,ONS Local Authority Districts (December 2024) Boundaries UK BGC
CF46,Treharris,W06000024,Merthyr Tydfil,representative_point_within,ONS Local Authority Districts (December 2024) Boundaries UK BGC
CF47,Merthyr Tydfil,W06000024,Merthyr Tydfil,representative_point_within,ONS Local Authority Districts (December 2024) Boundaries UK BGC
CF48,Clwydfagwyr,W06000024,Merthyr Tydfil,representative_point_within,ONS Local Authority Districts (December 2024) Boundaries UK BGC
CF5,Cardiff,W06000014,Vale of Glamorgan,representative_point_within,ONS Local Authority Districts (December 2024) Boundaries UK BGC
CF61,Llantwit Major,W06000014,Vale of Glamorgan,representative_point_within,ONS Local Authority Districts (December 2024) Boundaries UK BGC
CF62,Rhoose,W06000014,Vale of Glamorgan,representative_point_within,ONS Local Authority Districts (December 2024) Boundaries UK BGC
CF63,Barry,W06000014,Vale of Glamorgan,representative_point_within,ONS Local Authority Districts (December 2024) Boundaries UK BGC
CF64,Penarth,W06000014,Vale of Glamorgan,representative_point_within,ONS Local Authority Districts (December 2024) Boundaries UK BGC
CF71,Cowbridge,W06000014,Vale of Glamorgan,representative_point_within,ONS Local Authority Districts (December 2024) Boundaries UK BGC
CF72,Llantrisant,W06000016,Rhondda Cynon Taf,representative_point_within,ONS Local Authority Districts (December 2024) Boundaries UK BGC
CF81,Bargoed,W06000018,Caerphilly,representative_point_within,ONS Local Authority Districts (December 2024) Boundaries UK BGC
CF82,Penalta,W06000018,Caerphilly,representative_point_within,ONS Local Authority Districts (December 2024) Boundaries UK BGC
CF83,Caerphilly,W06000018,Caerphilly,representative_point_within,ONS Local Authority Districts (December 2024) Boundaries UK BGC
CH1,Chester,E06000050,Cheshire West and Chester,representative_point_within,ONS Local Authority Districts (December 2024) Boundaries UK BGC
CH2,Chester,E06000050,Cheshire West and Chester,representative_point_within,ONS Local Authority Districts (December 2024) Boundaries UK BGC
CH3,Chester,E06000050,Cheshire West and Chester,representative_point_within,ONS Local Authority Districts (December 2024) Boundaries UK BGC
CH4,Broughton,E06000050,Cheshire West and Chester,representative_point_within,ONS Local Authority Districts (December 2024) Boundaries UK BGC
CH41,Birkenhead,E08000015,Wirral,representative_point_within,ONS Local Authority Districts (December 2024) Boundaries UK BGC
CH42,Birkenhead,E08000015,Wirral,representative_point_within,ONS Local Authority Districts (December 2024) Boundaries UK BGC
CH43,Birkenhead,E08000015,Wirral,representative_point_within,ONS Local Authority Districts (December 2024) Boundaries UK BGC
CH44,Wallasey,E08000015,Wirral,representative_point_within,ONS Local Authority Districts (December 2024) Boundaries UK BGC
CH45,Wallasey,E08000015,Wirral,representative_point_within,ONS Local Authority Districts (December 2024) Boundaries UK BGC
CH46,Moreton,E08000015,Wirral,representative_point_within,ONS Local Authority Districts (December 2024) Boundaries UK BGC
CH47,Hoylake,E08000015,Wirral,representative_point_within,ONS Local Authority Districts (December 2024) Boundaries UK BGC
CH48,West Kirby,E08000015,Wirral,representative_point_within,ONS Local Authority Districts (December 2024) Boundaries UK BGC
CH49,Moreton,E08000015,Wirral,representative_point_within,ONS Local Authority Districts (December 2024) Boundaries UK BGC
CH5,Connah's Quay,W06000005,Flintshire,representative_point_within,ONS Local Authority Districts (December 2024) Boundaries UK BGC
CH6,Flint,W06000005,Flintshire,representative_point_within,ONS Local Authority Districts (December 2024) Boundaries UK BGC
CH60,Heswall,E08000015,Wirral,representative_point_within,ONS Local Authority Districts (December 2024) Boundaries UK BGC
CH61,Irby,E08000015,Wirral,representative_point_within,ONS Local Authority Districts (December 2024) Boundaries UK BGC
CH62,Bebington,E08000015,Wirral,representative_point_within,ONS Local Authority Districts (December 2024) Boundaries UK BGC
CH63,Bebington,E08000015,Wirral,representative_point_within,ONS Local Authority Districts (December 2024) Boundaries UK BGC
CH64,Neston,E06000050,Cheshire West and Chester,representative_point_within,ONS Local Authority Districts (December 2024) Boundaries UK BGC
CH65,Ellesmere Port,E06000050,Cheshire West and Chester,representative_point_within,ONS Local Authority Districts (December 2024) Boundaries UK BGC
CH66,Ledsham,E06000050,Cheshire West and Chester,representative_point_within,ONS Local Authority Districts (December 2024) Boundaries UK BGC
CH7,Mold,W06000005,Flintshire,representative_point_within,ONS Local Authority Districts (December 2024) Boundaries UK BGC
CH8,Holywell,W06000005,Flintshire,representative_point_within,ONS Local Authority Districts (December 2024) Boundaries UK BGC
CM0,Southminster,E07000074,Maldon,representative_point_within,ONS Local Authority Districts (December 2024) Boundaries UK BGC
CM1,Chelmsford,E07000070,Chelmsford,representative_point_within,ONS Local Authority Districts (December 2024) Boundaries UK BGC
CM11,Billericay,E07000066,Basildon,representative_point_within,ONS Local Authority Districts (December 2024) Boundaries UK BGC
CM12,Billericay,E07000066,Basildon,representative_point_within,ONS Local Authority Districts (December 2024) Boundaries UK BGC
CM13,Brentwood,E07000068,Brentwood,representative_point_within,ONS Local Authority Districts (December 2024) Boundaries UK BGC
CM14,Brentwood,E07000068,Brentwood,representative_point_within,ONS Local Authority Districts (December 2024) Boundaries UK BGC
CM15,Kelvedon Hatch,E07000068,Brentwood,representative_point_within,ONS Local Authority Districts (December 2024) Boundaries UK BGC
CM16,Epping,E07000072,Epping Forest,representative_point_within,ONS Local Authority Districts (December 2024) Boundaries UK BGC
CM17,Harlow,E07000072,Epping Forest,representative_point_within,ONS Local Authority Districts (December 2024) Boundaries UK BGC
CM18,Harlow,E07000073,Harlow,representative_point_within,ONS Local Authority Districts (December 2024) Boundaries UK BGC
CM19,Harlow,E07000072,Epping Forest,representative_point_within,ONS Local Authority Districts (December 2024) Boundaries UK BGC
CM2,Chelmsford,E07000070,Chelmsford,representative_point_within,ONS Local Authority Districts (December 2024) Boundaries UK BGC
CM20,Harlow,E07000242,East Hertfordshire,representative_point_within,ONS Local Authority Districts (December 2024) Boundaries UK BGC
CM21,Sawbridgeworth,E07000242,East Hertfordshire,representative_point_within,ONS Local Authority Districts (December 2024) Boundaries UK BGC
CM22,Takeley,E07000077,Uttlesford,representative_point_within,ONS Local Authority Districts (December 2024) Boundaries UK BGC
CM23,Manuden,E07000077,Uttlesford,representative_point_within,ONS Local Authority Districts (December 2024) Boundaries UK BGC
CM24,London Stansted Airport,E07000077,Uttlesford,representative_point_within,ONS Local Authority Districts (December 2024) Boundaries UK BGC
CM3,Great Leighs,E07000070,Chelmsford,representative_point_within,ONS Local Authority Districts (December 2024) Boundaries UK BGC
CM4,Ingatestone,E07000068,Brentwood,representative_point_within,ONS Local Authority Districts (December 2024) Boundaries UK BGC
CM5,Chipping Ongar,E07000072,Epping Forest,representative_point_within,ONS Local Authority Districts (December 2024) Boundaries UK BGC
CM6,Great Dunmow,E07000077,Uttlesford,representative_point_within,ONS Local Authority Districts (December 2024) Boundaries UK BGC
CM7,Braintree,E07000067,Braintree,representative_point_within,ONS Local Authority Districts (December 2024) Boundaries UK BGC
CM77,Rayne,E07000067,Braintree,representative_point_within,ONS Local Authority Districts (December 2024) Boundaries UK BGC
CM8,Witham,E07000067,Braintree,representative_point_within,ONS Local Authority Districts (December 2024) Boundaries UK BGC
CM9,Heybridge,E07000074,Maldon,representative_point_within,ONS Local Authority Districts (December 2024) Boundaries UK BGC
CO1,Colchester,E07000071,Colchester,representative_point_within,ONS Local Authority Districts (December 2024) Boundaries UK BGC
CO10,Sudbury,E07000067,Braintree,representative_point_within,ONS Local Authority Districts (December 2024) Boundaries UK BGC
CO11,Cattawade,E07000076,Tendring,representative_point_within,ONS Local Authority Districts (December 2024) Boundaries UK BGC
CO12,Harwich,E07000076,Tendring,representative_point_within,ONS Local Authority Districts (December 2024) Boundaries UK BGC
CO13,Frinton-on-Sea,E07000076,Tendring,representative_point_within,ONS Local Authority Districts (December 2024) Boundaries UK BGC
CO14,Frinton-on-Sea,E07000076,Tendring,representative_point_within,ONS Local Authority Districts (December 2024) Boundaries UK BGC
CO15,Clacton-on-Sea,E07000076,Tendring,representative_point_within,ONS Local Authority Districts (December 2024) Boundaries UK BGC
CO16,Thorpe-le-Soken,E07000076,Tendring,representative_point_within,ONS Local Authority Districts (December 2024) Boundaries UK BGC
CO2,Layer-de-la-Haye,E07000071,Colchester,representative_point_within,ONS Local Authority Districts (December 2024) Boundaries UK BGC
CO3,Colchester,E07000071,Colchester,representative_point_within,ONS Local Authority Districts (December 2024) Boundaries UK BGC
CO4,Colchester,E07000071,Colchester,representative_point_within,ONS Local Authority Districts (December 2024) Boundaries UK BGC
CO5,Tiptree,E07000071,Colchester,representative_point_within,ONS Local Authority Districts (December 2024) Boundaries UK BGC
CO6,Coggeshall,E07000071,Colchester,representative_point_within,ONS Local Authority Districts (December 2024) Boundaries UK BGC
CO7,Brightlingsea,E07000076,Tendring,representative_point_within,ONS Local Authority Districts (December 2024) Boundaries UK BGC
CO8,Bures,E07000067,Braintree,representative_point_within,ONS Local Authority Districts (December 2024) Boundaries UK BGC
CO9,Halstead,E07000067,Braintree,representative_point_within,ONS Local Authority Districts (December 2024) Boundaries UK BGC
CR0,New Addington,E09000008,Croydon,representative_point_within,ONS Local Authority Districts (December 2024) Boundaries UK BGC
CR2,London,E09000008,Croydon,representative_point_within,ONS Local Authority Districts (December 2024) Boundaries UK BGC
CR3,Warlingham,E07000215,Tandridge,representative_point_within,ONS Local Authority Districts (December 2024) Boundaries UK BGC
CR4,London,E09000024,Merton,representative_point_within,ONS Local Authority Districts (December 2024) Boundaries UK BGC
CR5,London,E09000008,Croydon,representative_point_within,ONS Local Authority Districts (December 2024) Boundaries UK BGC
CR6,Warlingham,E07000215,Tandridge,representative_point_within,ONS Local Authority Districts (December 2024) Boundaries UK BGC
CR7,London,E09000008,Croydon,representative_point_within,ONS Local Authority Districts (December 2024) Boundaries UK BGC
CR8,London,E09000008,Croydon,representative_point_within,ONS Local Authority Districts (December 2024) Boundaries UK BGC
CT1,Canterbury,E07000106,Canterbury,representative_point_within,ONS Local Authority Districts (December 2024) Boundaries UK BGC
CT10,Ramsgate,E07000114,Thanet,representative_point_within,ONS Local Authority Districts (December 2024) Boundaries UK BGC
CT11,Ramsgate,E07000114,Thanet,representative_point_within,ONS Local Authority Districts (December 2024) Boundaries UK BGC
CT12,Minster,E07000114,Thanet,representative_point_within,ONS Local Authority Districts (December 2024) Boundaries UK BGC
CT13,Eastry,E07000108,Dover,representative_point_within,ONS Local Authority Districts (December 2024) Boundaries UK BGC
CT14,Worth,E07000108,Dover,representative_point_within,ONS Local Authority Districts (December 2024) Boundaries UK BGC
CT15,Eythorne,E07000108,Dover,representative_point_within,ONS Local Authority Districts (December 2024) Boundaries UK BGC
CT16,Dover,E07000108,Dover,representative_point_within,ONS Local Authority Districts (December 2024) Boundaries UK BGC
CT17,Dover,E07000108,Dover,representative_point_within,ONS Local Authority Districts (December 2024) Boundaries UK BGC
CT18,Hawkinge,E07000112,Folkestone and Hythe,representative_point_within,ONS Local Authority Districts (December 2024) Boundaries UK BGC
CT19,Folkestone,E07000112,Folkestone and Hythe,representative_point_within,ONS Local Authority Districts (December 2024) Boundaries UK BGC
CT2,Sturry,E07000106,Canterbury,representative_point_within,ONS Local Authority Districts (December 2024) Boundaries UK BGC
CT20,Folkestone,E07000112,Folkestone and Hythe,representative_point_within,ONS Local Authority Districts (December 2024) Boundaries UK BGC
CT21,Hythe,E07000112,Folkestone and Hythe,representative_point_within,ONS Local Authority Districts (December 2024) Boundaries UK BGC
CT3,Wingham,E07000108,Dover,representative_point_within,ONS Local Authority Districts (December 2024) Boundaries UK BGC
CT4,Bridge,E07000106,Canterbury,representative_point_within,ONS Local Authority Districts (December 2024) Boundaries UK BGC
CT5,Whitstable,E07000106,Canterbury,representative_point_within,ONS Local Authority Districts (December 2024) Boundaries UK BGC
CT6,Herne Bay,E07000106,Canterbury,representative_point_within,ONS Local Authority Districts (December 2024) Boundaries UK BGC
CT7,Birchington,E07000114,Thanet,representative_point_within,ONS Local Authority Districts (December 2024) Boundaries UK BGC
CT8,Westgate-on-Sea,E07000114,Thanet,representative_point_within,ONS Local Authority Districts (December 2024) Boundaries UK BGC
CT9,Margate,E07000114,Thanet,representative_point_within,ONS Local Authority Districts (December 2024) Boundaries UK BGC
CV1,Coventry,E08000026,Coventry,representative_point_within,ONS Local Authority Districts (December 2024) Boundaries UK BGC
CV10,Nuneaton,E07000219,Nuneaton and Bedworth,representative_point_within,ONS Local Authority Districts (December 2024) Boundaries UK BGC
CV11,Nuneaton,E07000219,Nuneaton and Bedworth,representative_point_within,ONS Local Authority Districts (December 2024) Boundaries UK BGC
CV12,Bedworth,E07000219,Nuneaton and Bedworth,representative_point_within,ONS Local Authority Districts (December 2024) Boundaries UK BGC
CV13,Market Bosworth,E07000132,Hinckley and Bosworth,representative_point_within,ONS Local Authority Districts (December 2024) Boundaries UK BGC
CV2,Coventry,E08000026,Coventry,representative_point_within,ONS Local Authority Districts (December 2024) Boundaries UK BGC
CV21,Rugby,E07000220,Rugby,representative_point_within,ONS Local Authority Districts (December 2024) Boundaries UK BGC
CV22,Rugby,E07000220,Rugby,representative_point_within,ONS Local Authority Districts (December 2024) Boundaries UK BGC
CV23,Rugby,E07000220,Rugby,representative_point_within,ONS Local Authority Districts (December 2024) Boundaries UK BGC
CV3,Coventry,E08000026,Coventry,representative_point_within,ONS Local Authority Districts (December 2024) Boundaries UK BGC
CV31,Royal Leamington Spa,E07000222,Warwick,representative_point_within,ONS Local Authority Districts (December 2024) Boundaries UK BGC
CV32,Royal Leamington Spa,E07000222,Warwick,representative_point_within,ONS Local Authority Districts (December 2024) Boundaries UK BGC
CV33,Harbury,E07000221,Stratford-on-Avon,representative_point_within,ONS Local Authority Districts (December 2024) Boundaries UK BGC
CV34,Warwick,E07000222,Warwick,representative_point_within,ONS Local Authority Districts (December 2024) Boundaries UK BGC
CV35,Kineton,E07000221,Stratford-on-Avon,representative_point_within,ONS Local Authority Districts (December 2024) Boundaries UK BGC
CV36,Shipston on Stour,E07000221,Stratford-on-Avon,representative_point_within,ONS Local Authority Districts (December 2024) Boundaries UK BGC
CV37,Stratford-Upon-Avon,E07000221,Stratford-on-Avon,representative_point_within,ONS Local Authority Districts (December 2024) Boundaries UK BGC
CV4,Coventry,E08000026,Coventry,representative_point_within,ONS Local Authority Districts (December 2024) Boundaries UK BGC
CV47,Southam,E07000221,Stratford-on-Avon,representative_point_within,ONS Local Authority Districts (December 2024) Boundaries UK BGC
CV5,Coventry,E08000026,Coventry,representative_point_within,ONS Local Authority Districts (December 2024) Boundaries UK BGC
CV6,Coventry,E08000026,Coventry,representative_point_within,ONS Local Authority Districts (December 2024) Boundaries UK BGC
CV7,Balsall Common,E07000218,North Warwickshire,representative_point_within,ONS Local Authority Districts (December 2024) Boundaries UK BGC
CV8,Kenilworth,E07000222,Warwick,representative_point_within,ONS Local Authority Districts (December 2024) Boundaries UK BGC
CV9,Atherstone,E07000132,Hinckley and Bosworth,representative_point_within,ONS Local Authority Districts (December 2024) Boundaries UK BGC
CW1,Crewe,E06000049,Cheshire East,representative_point_within,ONS Local Authority Districts (December 2024) Boundaries UK BGC
CW10,Middlewich,E06000049,Cheshire East,representative_point_within,ONS Local Authority Districts (December 2024) Boundaries UK BGC
CW11,Sandbach,E06000049,Cheshire East,representative_point_within,ONS Local Authority Districts (December 2024) Boundaries UK BGC
CW12,Congleton,E06000049,Cheshire East,representative_point_within,ONS Local Authority Districts (December 2024) Boundaries UK BGC
CW2,Shavington,E06000049,Cheshire East,representative_point_within,ONS Local Authority Districts (December 2024) Boundaries UK BGC
CW3,Audlem,E07000195,Newcastle-under-Lyme,representative_point_within,ONS Local Authority Districts (December 2024) Boundaries UK BGC
CW4,Holmes Chapel,E06000049,Cheshire East,representative_point_within,ONS Local Authority Districts (December 2024) Boundaries UK BGC
CW5,Nantwich,E06000049,Cheshire East,representative_point_within,ONS Local Authority Districts (December 2024) Boundaries UK BGC
CW6,Tarporley,E06000050,Cheshire West and Chester,representative_point_within,ONS Local Authority Districts (December 2024) Boundaries UK BGC
CW7,Winsford,E06000050,Cheshire West and Chester,representative_point_within,ONS Local Authority Districts (December 2024) Boundaries UK BGC
CW8,Northwich,E06000050,Cheshire West and Chester,representative_point_within,ONS Local Authority Districts (December 2024) Boundaries UK BGC
CW9,Northwich,E06000050,Cheshire West and Chester,representative_point_within,ONS Local Authority Districts (December 2024) Boundaries UK BGC
DA1,Dartford,E07000107,Dartford,representative_point_within,ONS Local Authority Districts (December 2024) Boundaries UK BGC
DA10,Swanscombe,E07000107,Dartford,representative_point_within,ONS Local Authority Districts (December 2024) Boundaries UK BGC
DA11,Gravesend,E07000109,Gravesham,representative_point_within,ONS Local Authority Districts (December 2024) Boundaries UK BGC
DA12,Gravesend,E07000109,Gravesham,representative_point_within,ONS Local Authority Districts (December 2024) Boundaries UK BGC
DA13,Meopham Station,E07000109,Gravesham,representative_point_within,ONS Local Authority Districts (December 2024) Boundaries UK BGC
DA14,London,E09000004,Bexley,representative_point_within,ONS Local Authority Districts (December 2024) Boundaries UK BGC
DA15,London,E09000004,Bexley,representative_point_within,ONS Local Authority Districts (December 2024) Boundaries UK BGC
DA16,London,E09000004,Bexley,representative_point_within,ONS Local Authority Districts (December 2024) Boundaries UK BGC
DA17,London,E09000004,Bexley,representative_point_within,ONS Local Authority Districts (December 2024) Boundaries UK BGC
DA18,London,E09000004,Bexley,representative_point_within,ONS Local Authority Districts (December 2024) Boundaries UK BGC
DA2,Dartford,E07000107,Dartford,representative_point_within,ONS Local Authority Districts (December 2024) Boundaries UK BGC
DA3,New Ash Green,E07000111,Sevenoaks,representative_point_within,ONS Local Authority Districts (December 2024) Boundaries UK BGC
DA4,Eynsford,E07000111,Sevenoaks,representative_point_within,ONS Local Authority Districts (December 2024) Boundaries UK BGC
DA5,London,E09000004,Bexley,representative_point_within,ONS Local Authority Districts (December 2024) Boundaries UK BGC
DA6,London,E09000004,Bexley,representative_point_within,ONS Local Authority Districts (December 2024) Boundaries UK BGC
DA7,London,E09000004,Bexley,representative_point_within,ONS Local Authority Districts (December 2024) Boundaries UK BGC
DA8,London,E09000004,Bexley,representative_point_within,ONS Local Authority Districts (December 2024) Boundaries UK BGC
DA9,Greenhithe,E07000107,Dartford,representative_point_within,ONS Local Authority Districts (December 2024) Boundaries UK BGC
DD1,Dundee,S12000042,Dundee City,representative_point_within,ONS Local Authority Districts (December 2024) Boundaries UK BGC
DD10,Inverbervie,S12000034,Aberdeenshire,representative_point_within,ONS Local Authority Districts (December 2024) Boundaries UK BGC
DD11,Arbroath,S12000041,Angus,representative_point_within,ONS Local Authority Districts (December 2024) Boundaries UK BGC
DD2,Dundee,S12000041,Angus,representative_point_within,ONS Local Authority Districts (December 2024) Boundaries UK BGC
DD3,Dundee,S12000041,Angus,representative_point_within,ONS Local Authority Districts (December 2024) Boundaries UK BGC
DD4,Dundee,S12000041,Angus,representative_point_within,ONS Local Authority Districts (December 2024) Boundaries UK BGC
DD5,Dundee,S12000041,Angus,representative_point_within,ONS Local Authority Districts (December 2024) Boundaries UK BGC
DD6,Newport-on-Tay,S12000047,Fife,representative_point_within,ONS Local Authority Districts (December 2024) Boundaries UK BGC
DD7,Carnoustie,S12000041,Angus,representative_point_within,ONS Local Authority Districts (December 2024) Boundaries UK BGC
DD8,Forfar,S12000041,Angus,representative_point_within,ONS Local Authority Districts (December 2024) Boundaries UK BGC
DD9,Brechin,S12000041,Angus,representative_point_within,ONS Local Authority Districts (December 2024) Boundaries UK BGC
DE1,Derby,E06000015,Derby,representative_point_within,ONS Local Authority Districts (December 2024) Boundaries UK BGC
DE11,Swadlincote,E07000039,South Derbyshire,representative_point_within,ONS Local Authority Districts (December 2024) Boundaries UK BGC
DE12,Moira,E07000039,South Derbyshire,representative_point_within,ONS Local Authority Districts (December 2024) Boundaries UK BGC
DE13,Burton Upon Trent,E07000193,East Staffordshire,representative_point_within,ONS Local Authority Districts (December 2024) Boundaries UK BGC
DE14,Burton Upon Trent,E07000193,East Staffordshire,representative_point_within,ONS Local Authority Districts (December 2024) Boundaries UK BGC
DE15,Burton Upon Trent,E07000039,South Derbyshire,representative_point_within,ONS Local Authority Districts (December 2024) Boundaries UK BGC
DE21,Derby,E07000036,Erewash,representative_point_within,ONS Local Authority Districts (December 2024) Boundaries UK BGC
DE22,Derby,E07000032,Amber Valley,representative_point_within,ONS Local Authority Districts (December 2024) Boundaries UK BGC
DE23,Derby,E06000015,Derby,representative_point_within,ONS Local Authority Districts (December 2024) Boundaries UK BGC
DE24,Derby,E06000015,Derby,representative_point_within,ONS Local Authority Districts (December 2024) Boundaries UK BGC
DE3,Derby,E07000039,South Derbyshire,representative_point_within,ONS Local Authority Districts (December 2024) Boundaries UK BGC
DE4,Matlock,E07000035,Derbyshire Dales,representative_point_within,ONS Local Authority Districts (December 2024) Boundaries UK BGC
DE45,Bakewell,E07000035,Derbyshire Dales,representative_point_within,ONS Local Authority Districts (December 2024) Boundaries UK BGC
DE5,Ripley,E07000032,Amber Valley,representative_point_within,ONS Local Authority Districts (December 2024) Boundaries UK BGC
DE55,Swanwick,E07000038,North East Derbyshire,representative_point_within,ONS Local Authority Districts (December 2024) Boundaries UK BGC
DE56,Belper,E07000032,Amber Valley,representative_point_within,ONS Local Authority Districts (December 2024) Boundaries UK BGC
DE6,Ashbourne,E07000035,Derbyshire Dales,representative_point_within,ONS Local Authority Districts (December 2024) Boundaries UK BGC
DE65,Hilton,E07000039,South Derbyshire,representative_point_within,ONS Local Authority Districts (December 2024) Boundaries UK BGC
DE7,Kirk Hallam,E07000036,Erewash,representative_point_within,ONS Local Authority Districts (December 2024) Boundaries UK BGC
DE72,Aston-on-Trent,E07000036,Erewash,representative_point_within,ONS Local Authority Districts (December 2024) Boundaries UK BGC
DE73,Derby,E07000039,South Derbyshire,representative_point_within,ONS Local Authority Districts (December 2024) Boundaries UK BGC
DE74,Castle Donington,E07000134,North West Leicestershire,representative_point_within,ONS Local Authority Districts (December 2024) Boundaries UK BGC
DE75,Heanor,E07000032,Amber Valley,representative_point_within,ONS Local Authority Districts (December 2024) Boundaries UK BGC
DG1,Dumfries,S12000006,Dumfries and Galloway,representative_point_within,ONS Local Authority Districts (December 2024) Boundaries UK BGC
DG10,Moffat,S12000006,Dumfries and Galloway,representative_point_within,ONS Local Authority Districts (December 2024) Boundaries UK BGC
DG11,Lochmaben,S12000006,Dumfries and Galloway,representative_point_within,ONS Local Authority Districts (December 2024) Boundaries UK BGC
DG12,Annan,S12000006,Dumfries and Galloway,representative_point_within,ONS Local Authority Districts (December 2024) Boundaries UK BGC
DG13,Langholm,S12000006,Dumfries and Galloway,representative_point_within,ONS Local Authority Districts (December 2024) Boundaries UK BGC
DG14,Canonbie,S12000006,Dumfries and Galloway,representative_point_within,ONS Local Authority Districts (December 2024) Boundaries UK BGC
DG16,Gretna,S12000006,Dumfries and Galloway,representative_point_within,ONS Local Authority Districts (December 2024) Boundaries UK BGC
DG2,Dumfries,S12000006,Dumfries and Galloway,representative_point_within,ONS Local Authority Districts (December 2024) Boundaries UK BGC
DG3,Penpont,S12000006,Dumfries and Galloway,representative_point_within,ONS Local Authority Districts (December 2024) Boundaries UK BGC
DG4,Kirkconnel,S12000006,Dumfries and Galloway,representative_point_within,ONS Local Authority Districts (December 2024) Boundaries UK BGC
DG5,Dalbeattie,S12000006,Dumfries and Galloway,representative_point_within,ONS Local Authority Districts (December 2024) Boundaries UK BGC
DG6,Kirkcudbright,S12000006,Dumfries and Galloway,representative_point_within,ONS Local Authority Districts (December 2024) Boundaries UK BGC
DG7,Castle Douglas,S12000006,Dumfries and Galloway,representative_point_within,ONS Local Authority Districts (December 2024) Boundaries UK BGC
DG8,Glenluce,S12000006,Dumfries and Galloway,representative_point_within,ONS Local Authority Districts (December 2024) Boundaries UK BGC
DG9,Stranraer,S12000006,Dumfries and Galloway,representative_point_within,ONS Local Authority Districts (December 2024) Boundaries UK BGC
DH1,Durham,E06000047,County Durham,representative_point_within,ONS Local Authority Districts (December 2024) Boundaries UK BGC
DH2,Pelton,E06000047,County Durham,representative_point_within,ONS Local Authority Districts (December 2024) Boundaries UK BGC
DH3,Birtley,E06000047,County Durham,representative_point_within,ONS Local Authority Districts (December 2024) Boundaries UK BGC
DH4,Shiney Row,E08000024,Sunderland,representative_point_within,ONS Local Authority Districts (December 2024) Boundaries UK BGC
DH5,Hetton-le-Hole,E08000024,Sunderland,representative_point_within,ONS Local Authority Districts (December 2024) Boundaries UK BGC
DH6,Sherburn,E06000047,County Durham,representative_point_within,ONS Local Authority Districts (December 2024) Boundaries UK BGC
DH7,Lanchester,E06000047,County Durham,representative_point_within,ONS Local Authority Districts (December 2024) Boundaries UK BGC
DH8,Consett,E06000057,Northumberland,representative_point_within,ONS Local Authority Districts (December 2024) Boundaries UK BGC
DH9,Stanley,E06000047,County Durham,representative_point_within,ONS Local Authority Districts (December 2024) Boundaries UK BGC
DL1,Darlington,E06000005,Darlington,representative_point_within,ONS Local Authority Districts (December 2024) Boundaries UK BGC
DL10,Richmond,E06000065,North Yorkshire,representative_point_within,ONS Local Authority Districts (December 2024) Boundaries UK BGC
DL11,Reeth,E06000065,North Yorkshire,representative_point_within,ONS Local Authority Districts (December 2024) Boundaries UK BGC
DL12,Middleton in Teesdale,E06000047,County Durham,representative_point_within,ONS Local Authority Districts (December 2024) Boundaries UK BGC
DL13,Westgate,E06000047,County Durham,representative_point_within,ONS Local Authority Districts (December 2024) Boundaries UK BGC
DL14,Bishop Auckland,E06000047,County Durham,representative_point_within,ONS Local Authority Districts (December 2024) Boundaries UK BGC
DL15,Willington,E06000047,County Durham,representative_point_within,ONS Local Authority Districts (December 2024) Boundaries UK BGC
DL16,Spennymoor,E06000047,County Durham,representative_point_within,ONS Local Authority Districts (December 2024) Boundaries UK BGC
DL17,Chilton,E06000047,County Durham,representative_point_within,ONS Local Authority Districts (December 2024) Boundaries UK BGC
DL2,Middleton St George,E06000005,Darlington,representative_point_within,ONS Local Authority Districts (December 2024) Boundaries UK BGC
DL3,Darlington,E06000005,Darlington,representative_point_within,ONS Local Authority Districts (December 2024) Boundaries UK BGC
DL4,Shildon,E06000047,County Durham,representative_point_within,ONS Local Authority Districts (December 2024) Boundaries UK BGC
DL5,Newton Aycliffe,E06000047,County Durham,representative_point_within,ONS Local Authority Districts (December 2024) Boundaries UK BGC
DL6,Northallerton,E06000065,North Yorkshire,representative_point_within,ONS Local Authority Districts (December 2024) Boundaries UK BGC
DL7,East Cowton,E06000065,North Yorkshire,representative_point_within,ONS Local Authority Districts (December 2024) Boundaries UK BGC
DL8,Bedale,E06000065,North Yorkshire,representative_point_within,ONS Local Authority Districts (December 2024) Boundaries UK BGC
DL9,Catterick Garrison,E06000065,North Yorkshire,representative_point_within,ONS Local Authority Districts (December 2024) Boundaries UK BGC
DN1,Doncaster,E08000017,Doncaster,representative_point_within,ONS Local Authority Districts (December 2024) Boundaries UK BGC
DN10,Misterton,E07000171,Bassetlaw,representative_point_within,ONS Local Authority Districts (December 2024) Boundaries UK BGC
DN11,Rossington,E08000017,Doncaster,representative_point_within,ONS Local Authority Districts (December 2024) Boundaries UK BGC
DN12,New Edlington,E08000017,Doncaster,representative_point_within,ONS Local Authority Districts (December 2024) Boundaries UK BGC
DN14,Eggborough,E06000011,East Riding of Yorkshire,representative_point_within,ONS Local Authority Districts (December 2024) Boundaries UK BGC
DN15,Appleby,E06000013,North Lincolnshire,representative_point_within,ONS Local Authority Districts (December 2024) Boundaries UK BGC
DN16,Scunthorpe,E06000013,North Lincolnshire,representative_point_within,ONS Local Authority Districts (December 2024) Boundaries UK BGC
DN17,Scunthorpe,E06000013,North Lincolnshire,representative_point_within,ONS Local Authority Districts (December 2024) Boundaries UK BGC
DN18,Barton-upon-Humber,E06000013,North Lincolnshire,representative_point_within,ONS Local Authority Districts (December 2024) Boundaries UK BGC
DN19,Barrow upon Humber,E06000013,North Lincolnshire,representative_point_within,ONS Local Authority Districts (December 2024) Boundaries UK BGC
DN2,Doncaster,E08000017,Doncaster,representative_point_within,ONS Local Authority Districts (December 2024) Boundaries UK BGC
DN20,Broughton,E06000013,North Lincolnshire,representative_point_within,ONS Local Authority Districts (December 2024) Boundaries UK BGC
DN21,Gainsborough,E07000142,West Lindsey,representative_point_within,ONS Local Authority Districts (December 2024) Boundaries UK BGC
DN22,North Leverton,E07000171,Bassetlaw,representative_point_within,ONS Local Authority Districts (December 2024) Boundaries UK BGC
DN3,Doncaster,E08000017,Doncaster,representative_point_within,ONS Local Authority Districts (December 2024) Boundaries UK BGC
DN31,Grimsby,E06000012,North East Lincolnshire,representative_point_within,ONS Local Authority Districts (December 2024) Boundaries UK BGC
DN32,Grimsby,E06000012,North East Lincolnshire,representative_point_within,ONS Local Authority Districts (December 2024) Boundaries UK BGC
DN33,Grimsby,E06000012,North East Lincolnshire,representative_point_within,ONS Local Authority Districts (December 2024) Boundaries UK BGC
DN34,Grimsby,E06000012,North East Lincolnshire,representative_point_within,ONS Local Authority Districts (December 2024) Boundaries UK BGC
DN35,Grimsby,E06000012,North East Lincolnshire,representative_point_within,ONS Local Authority Districts (December 2024) Boundaries UK BGC
DN36,New Waltham,E07000137,East Lindsey,representative_point_within,ONS Local Authority Districts (December 2024) Boundaries UK BGC
DN37,Waltham,E06000012,North East Lincolnshire,representative_point_within,ONS Local Authority Districts (December 2024) Boundaries UK BGC
DN38,Barnetby le Wold,E07000142,West Lindsey,representative_point_within,ONS Local Authority Districts (December 2024) Boundaries UK BGC
DN39,Ulceby,E06000013,North Lincolnshire,representative_point_within,ONS Local Authority Districts (December 2024) Boundaries UK BGC
DN4,Doncaster,E08000017,Doncaster,representative_point_within,ONS Local Authority Districts (December 2024) Boundaries UK BGC
DN40,Immingham,E06000013,North Lincolnshire,representative_point_within,ONS Local Authority Districts (December 2024) Boundaries UK BGC
DN41,Healing,E06000012,North East Lincolnshire,representative_point_within,ONS Local Authority Districts (December 2024) Boundaries UK BGC
DN5,Bentley,E08000017,Doncaster,representative_point_within,ONS Local Authority Districts (December 2024) Boundaries UK BGC
DN6,Askern,E08000017,Doncaster,representative_point_within,ONS Local Authority Districts (December 2024) Boundaries UK BGC
DN7,Hatfield,E08000017,Doncaster,representative_point_within,ONS Local Authority Districts (December 2024) Boundaries UK BGC
DN8,Moorends,E08000017,Doncaster,representative_point_within,ONS Local Authority Districts (December 2024) Boundaries UK BGC
DN9,Epworth,E06000013,North Lincolnshire,representative_point_within,ONS Local Authority Districts (December 2024) Boundaries UK BGC
DT1,Dorchester,E06000059,Dorset,representative_point_within,ONS Local Authority Districts (December 2024) Boundaries UK BGC
DT10,Sturminster Newton,E06000059,Dorset,representative_point_within,ONS Local Authority Districts (December 2024) Boundaries UK BGC
DT11,Shillingstone,E06000059,Dorset,representative_point_within,ONS Local Authority Districts (December 2024) Boundaries UK BGC
DT2,Maiden Newton,E06000059,Dorset,representative_point_within,ONS Local Authority Districts (December 2024) Boundaries UK BGC
DT3,Chickerell,E06000059,Dorset,representative_point_within,ONS Local Authority Districts (December 2024) Boundaries UK BGC
DT4,Weymouth,E06000059,Dorset,representative_point_within,ONS Local Authority Districts (December 2024) Boundaries UK BGC
DT5,Fortuneswell,E06000059,Dorset,representative_point_within,ONS Local Authority Districts (December 2024) Boundaries UK BGC
DT6,Bridport,E06000059,Dorset,representative_point_within,ONS Local Authority Districts (December 2024) Boundaries UK BGC
DT7,Lyme Regis,E07000040,East Devon,representative_point_within,ONS Local Authority Districts (December 2024) Boundaries UK BGC
DT8,Beaminster,E06000059,Dorset,representative_point_within,ONS Local Authority Districts (December 2024) Boundaries UK BGC
DT9,Sherborne,E06000059,Dorset,representative_point_within,ONS Local Authority Districts (December 2024) Boundaries UK BGC
DY1,Dudley,E08000027,Dudley,representative_point_within,ONS Local Authority Districts (December 2024) Boundaries UK BGC
DY10,Kidderminster,E07000239,Wyre Forest,representative_point_within,ONS Local Authority Districts (December 2024) Boundaries UK BGC
DY11,Kidderminster,E07000239,Wyre Forest,representative_point_within,ONS Local Authority Districts (December 2024) Boundaries UK BGC
DY12,Bewdley,E07000239,Wyre Forest,representative_point_within,ONS Local Authority Districts (December 2024) Boundaries UK BGC
DY13,Stourport-On-Severn,E07000239,Wyre Forest,representative_point_within,ONS Local Authority Districts (December 2024) Boundaries UK BGC
DY14,Doddington,E06000051,Shropshire,representative_point_within,ONS Local Authority Districts (December 2024) Boundaries UK BGC
DY2,Dudley,E08000027,Dudley,representative_point_within,ONS Local Authority Districts (December 2024) Boundaries UK BGC
DY3,Dudley,E08000027,Dudley,representative_point_within,ONS Local Authority Districts (December 2024) Boundaries UK BGC
DY4,West Bromwich,E08000028,Sandwell,representative_point_within,ONS Local Authority Districts (December 2024) Boundaries UK BGC
DY5,Stourbridge,E08000027,Dudley,representative_point_within,ONS Local Authority Districts (December 2024) Boundaries UK BGC
DY6,Stourbridge,E08000027,Dudley,representative_point_within,ONS Local Authority Districts (December 2024) Boundaries UK BGC
DY7,Enville,E07000196,South Staffordshire,representative_point_within,ONS Local Authority Districts (December 2024) Boundaries UK BGC
DY8,Stourbridge,E08000027,Dudley,representative_point_within,ONS Local Authority Districts (December 2024) Boundaries UK BGC
DY9,Stourbridge,E07000234,Bromsgrove,representative_point_within,ONS Local Authority Districts (December 2024) Boundaries UK BGC
E1,London,E09000030,Tower Hamlets,representative_point_within,ONS Local Authority Districts (December 2024) Boundaries UK BGC
E10,London,E09000031,Waltham Forest,representative_point_within,ONS Local Authority Districts (December 2024) Boundaries UK BGC
E11,London,E09000026,Redbridge,representative_point_within,ONS Local Authority Districts (December 2024) Boundaries UK BGC
E12,London,E09000025,Newham,representative_point_within,ONS Local Authority Districts (December 2024) Boundaries UK BGC
E13,London,E09000025,Newham,representative_point_within,ONS Local Authority Districts (December 2024) Boundaries UK BGC
E14,London,E09000030,Tower Hamlets,representative_point_within,ONS Local Authority Districts (December 2024) Boundaries UK BGC
E15,London,E09000025,Newham,representative_point_within,ONS Local Authority Districts (December 2024) Boundaries UK BGC
E16,London,E09000025,Newham,representative_point_within,ONS Local Authority Districts (December 2024) Boundaries UK BGC
E17,London,E09000031,Waltham Forest,representative_point_within,ONS Local Authority Districts (December 2024) Boundaries UK BGC
E18,London,E09000026,Redbridge,representative_point_within,ONS Local Authority Districts (December 2024) Boundaries UK BGC
E1W,London,E09000030,Tower Hamlets,representative_point_within,ONS Local Authority Districts (December 2024) Boundaries UK BGC
E2,London,E09000030,Tower Hamlets,representative_point_within,ONS Local Authority Districts (December 2024) Boundaries UK BGC
E3,London,E09000030,Tower Hamlets,representative_point_within,ONS Local Authority Districts (December 2024) Boundaries UK BGC
E4,London,E09000031,Waltham Forest,representative_point_within,ONS Local Authority Districts (December 2024) Boundaries UK BGC
E5,London,E09000012,Hackney,representative_point_within,ONS Local Authority Districts (December 2024) Boundaries UK BGC
E6,London,E09000025,Newham,representative_point_within,ONS Local Authority Districts (December 2024) Boundaries UK BGC
E7,London,E09000025,Newham,representative_point_within,ONS Local Authority Districts (December 2024) Boundaries UK BGC
E8,London,E09000012,Hackney,representative_point_within,ONS Local Authority Districts (December 2024) Boundaries UK BGC
E9,London,E09000012,Hackney,representative_point_within,ONS Local Authority Districts (December 2024) Boundaries UK BGC
EC1A,London,E09000001,City of London,representative_point_within,ONS Local Authority Districts (December 2024) Boundaries UK BGC
EC1M,London,E09000019,Islington,representative_point_within,ONS Local Authority Districts (December 2024) Boundaries UK BGC
EC1N,London,E09000007,Camden,representative_point_within,ONS Local Authority Districts (December 2024) Boundaries UK BGC
EC1R,London,E09000019,Islington,representative_point_within,ONS Local Authority Districts (December 2024) Boundaries UK BGC
EC1V,London,E09000019,Islington,representative_point_within,ONS Local Authority Districts (December 2024) Boundaries UK BGC
EC1Y,London,E09000019,Islington,representative_point_within,ONS Local Authority Districts (December 2024) Boundaries UK BGC
EC2A,London,E09000012,Hackney,representative_point_within,ONS Local Authority Districts (December 2024) Boundaries UK BGC
EC2M,London,E09000001,City of London,representative_point_within,ONS Local Authority Districts (December 2024) Boundaries UK BGC
EC2N,London,E09000001,City of London,representative_point_within,ONS Local Authority Districts (December 2024) Boundaries UK BGC
EC2R,London,E09000001,City of London,representative_point_within,ONS Local Authority Districts (December 2024) Boundaries UK BGC
EC2V,London,E09000001,City of London,representative_point_within,ONS Local Authority Districts (December 2024) Boundaries UK BGC
EC2Y,London,E09000001,City of London,representative_point_within,ONS Local Authority Districts (December 2024) Boundaries UK BGC
EC3A,London,E09000001,City of London,representative_point_within,ONS Local Authority Districts (December 2024) Boundaries UK BGC
EC3M,London,E09000001,City of London,representative_point_within,ONS Local Authority Districts (December 2024) Boundaries UK BGC
EC3N,London,E09000001,City of London,representative_point_within,ONS Local Authority Districts (December 2024) Boundaries UK BGC
EC3R,London,E09000001,City of London,representative_point_within,ONS Local Authority Districts (December 2024) Boundaries UK BGC
EC3V,London,E09000001,City of London,representative_point_within,ONS Local Authority Districts (December 2024) Boundaries UK BGC
EC4A,London,E09000001,City of London,representative_point_within,ONS Local Authority Districts (December 2024) Boundaries UK BGC
EC4M,London,E09000001,City of London,representative_point_within,ONS Local Authority Districts (December 2024) Boundaries UK BGC
EC4N,London,E09000001,City of London,representative_point_within,ONS Local Authority Districts (December 2024) Boundaries UK BGC
EC4R,London,E09000001,City of London,representative_point_within,ONS Local Authority Districts (December 2024) Boundaries UK BGC
EC4V,London,E09000001,City of London,representative_point_within,ONS Local Authority Districts (December 2024) Boundaries UK BGC
EC4Y,London,E09000001,City of London,representative_point_within,ONS Local Authority Districts (December 2024) Boundaries UK BGC
EH1,Edinburgh,S12000036,City of Edinburgh,representative_point_within,ONS Local Authority Districts (December 2024) Boundaries UK BGC
EH10,Edinburgh,S12000036,City of Edinburgh,representative_point_within,ONS Local Authority Districts (December 2024) Boundaries UK BGC
EH11,Edinburgh,S12000036,City of Edinburgh,representative_point_within,ONS Local Authority Districts (December 2024) Boundaries UK BGC
EH12,Turnhouse,S12000036,City of Edinburgh,representative_point_within,ONS Local Authority Districts (December 2024) Boundaries UK BGC
EH13,Edinburgh,S12000036,City of Edinburgh,representative_point_within,ONS Local Authority Districts (December 2024) Boundaries UK BGC
EH14,Edinburgh,S12000036,City of Edinburgh,representative_point_within,ONS Local Authority Districts (December 2024) Boundaries UK BGC
EH15,Edinburgh,S12000036,City of Edinburgh,representative_point_within,ONS Local Authority Districts (December 2024) Boundaries UK BGC
EH16,Edinburgh,S12000036,City of Edinburgh,representative_point_within,ONS Local Authority Districts (December 2024) Boundaries UK BGC
EH17,Edinburgh,S12000036,City of Edinburgh,representative_point_within,ONS Local Authority Districts (December 2024) Boundaries UK BGC
EH18,Lasswade,S12000019,Midlothian,representative_point_within,ONS Local Authority Districts (December 2024) Boundaries UK BGC
EH19,Lasswade,S12000019,Midlothian,representative_point_within,ONS Local Authority Districts (December 2024) Boundaries UK BGC
EH2,Edinburgh,S12000036,City of Edinburgh,representative_point_within,ONS Local Authority Districts (December 2024) Boundaries UK BGC
EH20,Loanhead,S12000019,Midlothian,representative_point_within,ONS Local Authority Districts (December 2024) Boundaries UK BGC
EH21,Musselburgh,S12000010,East Lothian,representative_point_within,ONS Local Authority Districts (December 2024) Boundaries UK BGC
EH22,Dalkeith,S12000019,Midlothian,representative_point_within,ONS Local Authority Districts (December 2024) Boundaries UK BGC
EH23,Gorebridge,S12000019,Midlothian,representative_point_within,ONS Local Authority Districts (December 2024) Boundaries UK BGC
EH24,Rosewell,S12000019,Midlothian,representative_point_within,ONS Local Authority Districts (December 2024) Boundaries UK BGC
EH25,Roslin,S12000019,Midlothian,representative_point_within,ONS Local Authority Districts (December 2024) Boundaries UK BGC
EH26,Penicuik,S12000019,Midlothian,representative_point_within,ONS Local Authority Districts (December 2024) Boundaries UK BGC
EH27,Kirknewton,S12000040,West Lothian,representative_point_within,ONS Local Authority Districts (December 2024) Boundaries UK BGC
EH28,Ratho,S12000036,City of Edinburgh,representative_point_within,ONS Local Authority Districts (December 2024) Boundaries UK BGC
EH29,Kirkliston,S12000036,City of Edinburgh,representative_point_within,ONS Local Authority Districts (December 2024) Boundaries UK BGC
EH3,Edinburgh,S12000036,City of Edinburgh,representative_point_within,ONS Local Authority Districts (December 2024) Boundaries UK BGC
EH30,South Queensferry,S12000036,City of Edinburgh,representative_point_within,ONS Local Authority Districts (December 2024) Boundaries UK BGC
EH31,Gullane,S12000010,East Lothian,representative_point_within,ONS Local Authority Districts (December 2024) Boundaries UK BGC
EH32,Cockenzie And Port Seton,S12000010,East Lothian,representative_point_within,ONS Local Authority Districts (December 2024) Boundaries UK BGC
EH33,Tranent,S12000010,East Lothian,representative_point_within,ONS Local Authority Districts (December 2024) Boundaries UK BGC
EH34,Pencaitland,S12000010,East Lothian,representative_point_within,ONS Local Authority Districts (December 2024) Boundaries UK BGC
EH35,Ormiston,S12000010,East Lothian,representative_point_within,ONS Local Authority Districts (December 2024) Boundaries UK BGC
EH36,Humbie,S12000010,East Lothian,representative_point_within,ONS Local Authority Districts (December 2024) Boundaries UK BGC
EH37,Pathhead,S12000019,Midlothian,representative_point_within,ONS Local Authority Districts (December 2024) Boundaries UK BGC
EH38,Heriot,S12000026,Scottish Borders,representative_point_within,ONS Local Authority Districts (December 2024) Boundaries UK BGC
EH39,North Berwick,S12000010,East Lothian,representative_point_within,ONS Local Authority Districts (December 2024) Boundaries UK BGC
EH4,Edinburgh,S12000036,City of Edinburgh,representative_point_within,ONS Local Authority Districts (December 2024) Boundaries UK BGC
EH40,East Linton,S12000010,East Lothian,representative_point_within,ONS Local Authority Districts (December 2024) Boundaries UK BGC
EH41,Haddington,S12000010,East Lothian,representative_point_within,ONS Local Authority Districts (December 2024) Boundaries UK BGC
EH42,Dunbar,S12000010,East Lothian,representative_point_within,ONS Local Authority Districts (December 2024) Boundaries UK BGC
EH43,Walkerburn,S12000026,Scottish Borders,representative_point_within,ONS Local Authority Districts (December 2024) Boundaries UK BGC
EH44,Innerleithen,S12000026,Scottish Borders,representative_point_within,ONS Local Authority Districts (December 2024) Boundaries UK BGC
EH45,Peebles,S12000026,Scottish Borders,representative_point_within,ONS Local Authority Districts (December 2024) Boundaries UK BGC
EH46,West Linton,S12000026,Scottish Borders,representative_point_within,ONS Local Authority Districts (December 2024) Boundaries UK BGC
EH47,Whitburn,S12000040,West Lothian,representative_point_within,ONS Local Authority Districts (December 2024) Boundaries UK BGC
EH48,Bathgate,S12000040,West Lothian,representative_point_within,ONS Local Authority Districts (December 2024) Boundaries UK BGC
EH49,Linlithgow,S12000040,West Lothian,representative_point_within,ONS Local Authority Districts (December 2024) Boundaries UK BGC
EH5,Edinburgh,S12000036,City of Edinburgh,representative_point_within,ONS Local Authority Districts (December 2024) Boundaries UK BGC
EH51,Bo'ness,S12000014,Falkirk,representative_point_within,ONS Local Authority Districts (December 2024) Boundaries UK BGC
EH52,Broxburn,S12000040,West Lothian,representative_point_within,ONS Local Authority Districts (December 2024) Boundaries UK BGC
EH53,Livingston,S12000040,West Lothian,representative_point_within,ONS Local Authority Districts (December 2024) Boundaries UK BGC
EH54,Livingston,S12000040,West Lothian,representative_point_within,ONS Local Authority Districts (December 2024) Boundaries UK BGC
EH55,West Calder,S12000040,West Lothian,representative_point_within,ONS Local Authority Districts (December 2024) Boundaries UK BGC
EH6,Edinburgh,S12000036,City of Edinburgh,representative_point_within,ONS Local Authority Districts (December 2024) Boundaries UK BGC
EH7,Edinburgh,S12000036,City of Edinburgh,representative_point_within,ONS Local Authority Districts (December 2024) Boundaries UK BGC
EH8,Edinburgh,S12000036,City of Edinburgh,representative_point_within,ONS Local Authority Districts (December 2024) Boundaries UK BGC
EH9,Edinburgh,S12000036,City of Edinburgh,representative_point_within,ONS Local Authority Districts (December 2024) Boundaries UK BGC
EN1,London,E09000010,Enfield,representative_point_within,ONS Local Authority Districts (December 2024) Boundaries UK BGC
EN10,Cheshunt,E07000095,Broxbourne,representative_point_within,ONS Local Authority Districts (December 2024) Boundaries UK BGC
EN11,Hoddesdon,E07000095,Broxbourne,representative_point_within,ONS Local Authority Districts (December 2024) Boundaries UK BGC
EN2,London,E09000010,Enfield,representative_point_within,ONS Local Authority Districts (December 2024) Boundaries UK BGC
EN3,London,E09000010,Enfield,representative_point_within,ONS Local Authority Districts (December 2024) Boundaries UK BGC
EN4,Hadley Wood,E09000010,Enfield,representative_point_within,ONS Local Authority Districts (December 2024) Boundaries UK BGC
EN5,London,E09000003,Barnet,representative_point_within,ONS Local Authority Districts (December 2024) Boundaries UK BGC
EN6,Potters Bar,E07000098,Hertsmere,representative_point_within,ONS Local Authority Districts (December 2024) Boundaries UK BGC
EN7,Goffs Oak,E07000095,Broxbourne,representative_point_within,ONS Local Authority Districts (December 2024) Boundaries UK BGC
EN8,Cheshunt,E07000095,Broxbourne,representative_point_within,ONS Local Authority Districts (December 2024) Boundaries UK BGC
EN9,Waltham Abbey,E07000072,Epping Forest,representative_point_within,ONS Local Authority Districts (December 2024) Boundaries UK BGC
EX1,Exeter,E07000040,East Devon,representative_point_within,ONS Local Authority Districts (December 2024) Boundaries UK BGC
EX10,Newton Poppleford,E07000040,East Devon,representative_point_within,ONS Local Authority Districts (December 2024) Boundaries UK BGC
EX11,Ottery St Mary,E07000040,East Devon,representative_point_within,ONS Local Authority Districts (December 2024) Boundaries UK BGC
EX12,Seaton,E07000040,East Devon,representative_point_within,ONS Local Authority Districts (December 2024) Boundaries UK BGC
EX13,Axminster,E07000040,East Devon,representative_point_within,ONS Local Authority Districts (December 2024) Boundaries UK BGC
EX14,Honiton,E07000040,East Devon,representative_point_within,ONS Local Authority Districts (December 2024) Boundaries UK BGC
EX15,Cullompton,E07000042,Mid Devon,representative_point_within,ONS Local Authority Districts (December 2024) Boundaries UK BGC
EX16,Tiverton,E07000042,Mid Devon,representative_point_within,ONS Local Authority Districts (December 2024) Boundaries UK BGC
EX17,Crediton,E07000042,Mid Devon,representative_point_within,ONS Local Authority Districts (December 2024) Boundaries UK BGC
EX18,Chulmleigh,E07000042,Mid Devon,representative_point_within,ONS Local Authority Districts (December 2024) Boundaries UK BGC
EX19,Winkleigh,E07000046,Torridge,representative_point_within,ONS Local Authority Districts (December 2024) Boundaries UK BGC
EX2,Exeter,E07000041,Exeter,representative_point_within,ONS Local Authority Districts (December 2024) Boundaries UK BGC
EX20,Okehampton,E07000047,West Devon,representative_point_within,ONS Local Authority Districts (December 2024) Boundaries UK BGC
EX21,Halwill Junction,E07000046,Torridge,representative_point_within,ONS Local Authority Districts (December 2024) Boundaries UK BGC
EX22,Holsworthy,E07000046,Torridge,representative_point_within,ONS Local Authority Districts (December 2024) Boundaries UK BGC
EX23,Marhamchurch,E06000052,Cornwall,representative_point_within,ONS Local Authority Districts (December 2024) Boundaries UK BGC
EX24,Colyton,E07000040,East Devon,representative_point_within,ONS Local Authority Districts (December 2024) Boundaries UK BGC
EX3,Topsham,E07000040,East Devon,representative_point_within,ONS Local Authority Districts (December 2024) Boundaries UK BGC
EX31,Barnstaple,E07000043,North Devon,representative_point_within,ONS Local Authority Districts (December 2024) Boundaries UK BGC
EX32,Landkey,E07000043,North Devon,representative_point_within,ONS Local Authority Districts (December 2024) Boundaries UK BGC
EX33,Braunton,E07000043,North Devon,representative_point_within,ONS Local Authority Districts (December 2024) Boundaries UK BGC
EX34,Combe Martin,E07000043,North Devon,representative_point_within,ONS Local Authority Districts (December 2024) Boundaries UK BGC
EX35,Lynton,E07000043,North Devon,representative_point_within,ONS Local Authority Districts (December 2024) Boundaries UK BGC
EX36,South Molton,E07000043,North Devon,representative_point_within,ONS Local Authority Districts (December 2024) Boundaries UK BGC
EX37,High Bickington,E07000043,North Devon,representative_point_within,ONS Local Authority Districts (December 2024) Boundaries UK BGC
EX38,Great Torrington,E07000046,Torridge,representative_point_within,ONS Local Authority Districts (December 2024) Boundaries UK BGC
EX39,Northam,E07000046,Torridge,representative_point_within,ONS Local Authority Districts (December 2024) Boundaries UK BGC
EX4,Poltimore,E07000041,Exeter,representative_point_within,ONS Local Authority Districts (December 2024) Boundaries UK BGC
EX5,Woodbury,E07000042,Mid Devon,representative_point_within,ONS Local Authority Districts (December 2024) Boundaries UK BGC
EX6,Tedburn St Mary,E07000045,Teignbridge,representative_point_within,ONS Local Authority Districts (December 2024) Boundaries UK BGC
EX7,Dawlish,E07000045,Teignbridge,representative_point_within,ONS Local Authority Districts (December 2024) Boundaries UK BGC
EX8,Exmouth,E07000040,East Devon,representative_point_within,ONS Local Authority Districts (December 2024) Boundaries UK BGC
EX9,Budleigh Salterton,E07000040,East Devon,representative_point_within,ONS Local Authority Districts (December 2024) Boundaries UK BGC
FK1,Falkirk,S12000014,Falkirk,representative_point_within,ONS Local Authority Districts (December 2024) Boundaries UK BGC
FK10,Alloa,S12000047,Fife,representative_point_within,ONS Local Authority Districts (December 2024) Boundaries UK BGC
FK11,Menstrie,S12000005,Clackmannanshire,representative_point_within,ONS Local Authority Districts (December 2024) Boundaries UK BGC
FK12,Alva,S12000005,Clackmannanshire,representative_point_within,ONS Local Authority Districts (December 2024) Boundaries UK BGC
FK13,Tillicoultry,S12000005,Clackmannanshire,representative_point_within,ONS Local Authority Districts (December 2024) Boundaries UK BGC
FK14,Dollar,S12000005,Clackmannanshire,representative_point_within,ONS Local Authority Districts (December 2024) Boundaries UK BGC
FK15,Dunblane,S12000030,Stirling,representative_point_within,ONS Local Authority Districts (December 2024) Boundaries UK BGC
FK16,Doune,S12000030,Stirling,representative_point_within,ONS Local Authority Districts (December 2024) Boundaries UK BGC
FK17,Callander,S12000030,Stirling,representative_point_within,ONS Local Authority Districts (December 2024) Boundaries UK BGC
FK18,Strathyre,S12000030,Stirling,representative_point_within,ONS Local Authority Districts (December 2024) Boundaries UK BGC
FK19,Lochearnhead,S12000030,Stirling,representative_point_within,ONS Local Authority Districts (December 2024) Boundaries UK BGC
FK2,Polmont,S12000014,Falkirk,representative_point_within,ONS Local Authority Districts (December 2024) Boundaries UK BGC
FK20,Crianlarich,S12000030,Stirling,representative_point_within,ONS Local Authority Districts (December 2024) Boundaries UK BGC
FK21,Killin,S12000030,Stirling,representative_point_within,ONS Local Authority Districts (December 2024) Boundaries UK BGC
FK3,Grangemouth,S12000014,Falkirk,representative_point_within,ONS Local Authority Districts (December 2024) Boundaries UK BGC
FK4,Bonnybridge,S12000014,Falkirk,representative_point_within,ONS Local Authority Districts (December 2024) Boundaries UK BGC
FK5,Stenhousemuir,S12000014,Falkirk,representative_point_within,ONS Local Authority Districts (December 2024) Boundaries UK BGC
FK6,Denny,S12000014,Falkirk,representative_point_within,ONS Local Authority Districts (December 2024) Boundaries UK BGC
FK7,Stirling,S12000030,Stirling,representative_point_within,ONS Local Authority Districts (December 2024) Boundaries UK BGC
FK8,Stirling,S12000030,Stirling,representative_point_within,ONS Local Authority Districts (December 2024) Boundaries UK BGC
FK9,Bridge Of Allan,S12000030,Stirling,representative_point_within,ONS Local Authority Districts (December 2024) Boundaries UK BGC
FY0,Lytham,E07000119,Fylde,representative_point_within,ONS Local Authority Districts (December 2024) Boundaries UK BGC
FY1,Blackpool,E06000009,Blackpool,representative_point_within,ONS Local Authority Districts (December 2024) Boundaries UK BGC
FY2,Blackpool,E06000009,Blackpool,representative_point_within,ONS Local Authority Districts (December 2024) Boundaries UK BGC
FY3,Staining,E06000009,Blackpool,representative_point_within,ONS Local Authority Districts (December 2024) Boundaries UK BGC
FY4,Blackpool,E06000009,Blackpool,representative_point_within,ONS Local Authority Districts (December 2024) Boundaries UK BGC
FY5,Cleveleys,E07000128,Wyre,representative_point_within,ONS Local Authority Districts (December 2024) Boundaries UK BGC
FY6,Knott End-on-Sea,E07000128,Wyre,representative_point_within,ONS Local Authority Districts (December 2024) Boundaries UK BGC
FY7,Fleetwood,E07000128,Wyre,representative_point_within,ONS Local Authority Districts (December 2024) Boundaries UK BGC
FY8,Lytham,E07000119,Fylde,representative_point_within,ONS Local Authority Districts (December 2024) Boundaries UK BGC
G1,Glasgow,S12000049,Glasgow City,representative_point_within,ONS Local Authority Districts (December 2024) Boundaries UK BGC
G11,Glasgow,S12000049,Glasgow City,representative_point_within,ONS Local Authority Districts (December 2024) Boundaries UK BGC
G12,Glasgow,S12000049,Glasgow City,representative_point_within,ONS Local Authority Districts (December 2024) Boundaries UK BGC
G13,Glasgow,S12000049,Glasgow City,representative_point_within,ONS Local Authority Districts (December 2024) Boundaries UK BGC
G14,Glasgow,S12000049,Glasgow City,representative_point_within,ONS Local Authority Districts (December 2024) Boundaries UK BGC
G15,Glasgow,S12000049,Glasgow City,representative_point_within,ONS Local Authority Districts (December 2024) Boundaries UK BGC
G2,Glasgow,S12000049,Glasgow City,representative_point_within,ONS Local Authority Districts (December 2024) Boundaries UK BGC
G20,Glasgow,S12000049,Glasgow City,representative_point_within,ONS Local Authority Districts (December 2024) Boundaries UK BGC
G21,Glasgow,S12000049,Glasgow City,representative_point_within,ONS Local Authority Districts (December 2024) Boundaries UK BGC
G22,Glasgow,S12000049,Glasgow City,representative_point_within,ONS Local Authority Districts (December 2024) Boundaries UK BGC
G23,Glasgow,S12000049,Glasgow City,representative_point_within,ONS Local Authority Districts (December 2024) Boundaries UK BGC
G3,Glasgow,S12000049,Glasgow City,representative_point_within,ONS Local Authority Districts (December 2024) Boundaries UK BGC
G31,Glasgow,S12000049,Glasgow City,representative_point_within,ONS Local Authority Districts (December 2024) Boundaries UK BGC
G32,Glasgow,S12000049,Glasgow City,representative_point_within,ONS Local Authority Districts (December 2024) Boundaries UK BGC
G33,Glasgow,S12000049,Glasgow City,representative_point_within,ONS Local Authority Districts (December 2024) Boundaries UK BGC
G34,Glasgow,S12000049,Glasgow City,representative_point_within,ONS Local Authority Districts (December 2024) Boundaries UK BGC
G4,Glasgow,S12000049,Glasgow City,representative_point_within,ONS Local Authority Districts (December 2024) Boundaries UK BGC
G40,Glasgow,S12000049,Glasgow City,representative_point_within,ONS Local Authority Districts (December 2024) Boundaries UK BGC
G41,Glasgow,S12000049,Glasgow City,representative_point_within,ONS Local Authority Districts (December 2024) Boundaries UK BGC
G42,Glasgow,S12000049,Glasgow City,representative_point_within,ONS Local Authority Districts (December 2024) Boundaries UK BGC
G43,Glasgow,S12000049,Glasgow City,representative_point_within,ONS Local Authority Districts (December 2024) Boundaries UK BGC
G44,Glasgow,S12000011,East Renfrewshire,representative_point_within,ONS Local Authority Districts (December 2024) Boundaries UK BGC
G45,Glasgow,S12000049,Glasgow City,representative_point_within,ONS Local Authority Districts (December 2024) Boundaries UK BGC
G46,Glasgow,S12000011,East Renfrewshire,representative_point_within,ONS Local Authority Districts (December 2024) Boundaries UK BGC
G5,Glasgow,S12000049,Glasgow City,representative_point_within,ONS Local Authority Districts (December 2024) Boundaries UK BGC
G51,Glasgow,S12000049,Glasgow City,representative_point_within,ONS Local Authority Districts (December 2024) Boundaries UK BGC
G52,Glasgow,S12000049,Glasgow City,representative_point_within,ONS Local Authority Districts (December 2024) Boundaries UK BGC
G53,Glasgow,S12000049,Glasgow City,representative_point_within,ONS Local Authority Districts (December 2024) Boundaries UK BGC
G60,Glasgow,S12000039,West Dunbartonshire,representative_point_within,ONS Local Authority Districts (December 2024) Boundaries UK BGC
G61,Glasgow,S12000045,East Dunbartonshire,representative_point_within,ONS Local Authority Districts (December 2024) Boundaries UK BGC
G62,Milngavie,S12000045,East Dunbartonshire,representative_point_within,ONS Local Authority Districts (December 2024) Boundaries UK BGC
G63,Balfron,S12000030,Stirling,representative_point_within,ONS Local Authority Districts (December 2024) Boundaries UK BGC
G64,Glasgow,S12000045,East Dunbartonshire,representative_point_within,ONS Local Authority Districts (December 2024) Boundaries UK BGC
G65,Kilsyth,S12000050,North Lanarkshire,representative_point_within,ONS Local Authority Districts (December 2024) Boundaries UK BGC
G66,Kirkintilloch,S12000045,East Dunbartonshire,representative_point_within,ONS Local Authority Districts (December 2024) Boundaries UK BGC
G67,Cumbernauld,S12000050,North Lanarkshire,representative_point_within,ONS Local Authority Districts (December 2024) Boundaries UK BGC
G68,Balloch,S12000050,North Lanarkshire,representative_point_within,ONS Local Authority Districts (December 2024) Boundaries UK BGC
G69,Moodiesburn,S12000050,North Lanarkshire,representative_point_within,ONS Local Authority Districts (December 2024) Boundaries UK BGC
G71,Bellshill,S12000029,South Lanarkshire,representative_point_within,ONS Local Authority Districts (December 2024) Boundaries UK BGC
G72,Blantyre,S12000029,South Lanarkshire,representative_point_within,ONS Local Authority Districts (December 2024) Boundaries UK BGC
G73,Glasgow,S12000029,South Lanarkshire,representative_point_within,ONS Local Authority Districts (December 2024) Boundaries UK BGC
G74,East Kilbride,S12000029,South Lanarkshire,representative_point_within,ONS Local Authority Districts (December 2024) Boundaries UK BGC
G75,East Kilbride,S12000029,South Lanarkshire,representative_point_within,ONS Local Authority Districts (December 2024) Boundaries UK BGC
G76,Eaglesham,S12000011,East Renfrewshire,representative_point_within,ONS Local Authority Districts (December 2024) Boundaries UK BGC
G77,Newton Mearns,S12000011,East Renfrewshire,representative_point_within,ONS Local Authority Districts (December 2024) Boundaries UK BGC
G78,Barrhead,S12000011,East Renfrewshire,representative_point_within,ONS Local Authority Districts (December 2024) Boundaries UK BGC
G81,Glasgow,S12000039,West Dunbartonshire,representative_point_within,ONS Local Authority Districts (December 2024) Boundaries UK BGC
G82,Dumbarton,S12000035,Argyll and Bute,representative_point_within,ONS Local Authority Districts (December 2024) Boundaries UK BGC
G83,Alexandria,S12000035,Argyll and Bute,representative_point_within,ONS Local Authority Districts (December 2024) Boundaries UK BGC
G84,Garelochhead,S12000035,Argyll and Bute,representative_point_within,ONS Local Authority Districts (December 2024) Boundaries UK BGC
GL1,Gloucester,E07000081,Gloucester,representative_point_within,ONS Local Authority Districts (December 2024) Boundaries UK BGC
GL10,Stonehouse,E07000082,Stroud,representative_point_within,ONS Local Authority Districts (December 2024) Boundaries UK BGC
GL11,Dursley,E07000082,Stroud,representative_point_within,ONS Local Authority Districts (December 2024) Boundaries UK BGC
GL12,Wotton-under-Edge,E07000082,Stroud,representative_point_within,ONS Local Authority Districts (December 2024) Boundaries UK BGC
GL13,Berkeley,E07000082,Stroud,representative_point_within,ONS Local Authority Districts (December 2024) Boundaries UK BGC
GL14,Newnham,E07000080,Forest of Dean,representative_point_within,ONS Local Authority Districts (December 2024) Boundaries UK BGC
GL15,Whitecroft,E07000080,Forest of Dean,representative_point_within,ONS Local Authority Districts (December 2024) Boundaries UK BGC
GL16,Coleford,E07000080,Forest of Dean,representative_point_within,ONS Local Authority Districts (December 2024) Boundaries UK BGC
GL17,Mitcheldean,E07000080,Forest of Dean,representative_point_within,ONS Local Authority Districts (December 2024) Boundaries UK BGC
GL18,Newent,E07000080,Forest of Dean,representative_point_within,ONS Local Authority Districts (December 2024) Boundaries UK BGC
GL19,Huntley,E07000083,Tewkesbury,representative_point_within,ONS Local Authority Districts (December 2024) Boundaries UK BGC
GL2,Gloucester,E07000082,Stroud,representative_point_within,ONS Local Authority Districts (December 2024) Boundaries UK BGC
GL20,Tewkesbury,E07000083,Tewkesbury,representative_point_within,ONS Local Authority Districts (December 2024) Boundaries UK BGC
GL3,Churchdown,E07000083,Tewkesbury,representative_point_within,ONS Local Authority Districts (December 2024) Boundaries UK BGC
GL4,Gloucester,E07000081,Gloucester,representative_point_within,ONS Local Authority Districts (December 2024) Boundaries UK BGC
GL5,Stroud,E07000082,Stroud,representative_point_within,ONS Local Authority Districts (December 2024) Boundaries UK BGC
GL50,Cheltenham,E07000078,Cheltenham,representative_point_within,ONS Local Authority Districts (December 2024) Boundaries UK BGC
GL51,Cheltenham,E07000078,Cheltenham,representative_point_within,ONS Local Authority Districts (December 2024) Boundaries UK BGC
GL52,Cheltenham,E07000083,Tewkesbury,representative_point_within,ONS Local Authority Districts (December 2024) Boundaries UK BGC
GL53,Cheltenham,E07000079,Cotswold,representative_point_within,ONS Local Authority Districts (December 2024) Boundaries UK BGC
GL54,Stow-on-the-Wold,E07000083,Tewkesbury,representative_point_within,ONS Local Authority Districts (December 2024) Boundaries UK BGC
GL55,Chipping Campden,E07000079,Cotswold,representative_point_within,ONS Local Authority Districts (December 2024) Boundaries UK BGC
GL56,Moreton-in-Marsh,E07000079,Cotswold,representative_point_within,ONS Local Authority Districts (December 2024) Boundaries UK BGC
GL6,Nailsworth,E07000082,Stroud,representative_point_within,ONS Local Authority Districts (December 2024) Boundaries UK BGC
GL7,Cirencester,E07000079,Cotswold,representative_point_within,ONS Local Authority Districts (December 2024) Boundaries UK BGC
GL8,Tetbury,E07000079,Cotswold,representative_point_within,ONS Local Authority Districts (December 2024) Boundaries UK BGC
GL9,Hawkesbury Upton,E06000025,South Gloucestershire,representative_point_within,ONS Local Authority Districts (December 2024) Boundaries UK BGC
GU1,Guildford,E07000209,Guildford,representative_point_within,ONS Local Authority Districts (December 2024) Boundaries UK BGC
GU10,Ash Green,E07000216,Waverley,representative_point_within,ONS Local Authority Districts (December 2024) Boundaries UK BGC
GU11,Aldershot,E07000092,Rushmoor,representative_point_within,ONS Local Authority Districts (December 2024) Boundaries UK BGC
GU12,Aldershot,E07000209,Guildford,representative_point_within,ONS Local Authority Districts (December 2024) Boundaries UK BGC
GU14,Farnborough,E07000092,Rushmoor,representative_point_within,ONS Local Authority Districts (December 2024) Boundaries UK BGC
GU15,Frimley,E07000214,Surrey Heath,representative_point_within,ONS Local Authority Districts (December 2024) Boundaries UK BGC
GU16,Ash Green,E07000214,Surrey Heath,representative_point_within,ONS Local Authority Districts (December 2024) Boundaries UK BGC
GU17,Blackwater,E07000089,Hart,representative_point_within,ONS Local Authority Districts (December 2024) Boundaries UK BGC
GU18,Lightwater,E07000214,Surrey Heath,representative_point_within,ONS Local Authority Districts (December 2024) Boundaries UK BGC
GU19,Lightwater,E07000214,Surrey Heath,representative_point_within,ONS Local Authority Districts (December 2024) Boundaries UK BGC
GU2,Guildford,E07000209,Guildford,representative_point_within,ONS Local Authority Districts (December 2024) Boundaries UK BGC
GU20,Windlesham,E07000214,Surrey Heath,representative_point_within,ONS Local Authority Districts (December 2024) Boundaries UK BGC
GU21,Woking,E07000217,Woking,representative_point_within,ONS Local Authority Districts (December 2024) Boundaries UK BGC
GU22,Woking,E07000217,Woking,representative_point_within,ONS Local Authority Districts (December 2024) Boundaries UK BGC
GU23,Ripley,E07000209,Guildford,representative_point_within,ONS Local Authority Districts (December 2024) Boundaries UK BGC
GU24,Brookwood,E07000214,Surrey Heath,representative_point_within,ONS Local Authority Districts (December 2024) Boundaries UK BGC
GU25,Virginia Water,E07000212,Runnymede,representative_point_within,ONS Local Authority Districts (December 2024) Boundaries UK BGC
GU26,Hindhead,E07000216,Waverley,representative_point_within,ONS Local Authority Districts (December 2024) Boundaries UK BGC
GU27,Haslemere,E07000225,Chichester,representative_point_within,ONS Local Authority Districts (December 2024) Boundaries UK BGC
GU28,Petworth,E07000225,Chichester,representative_point_within,ONS Local Authority Districts (December 2024) Boundaries UK BGC
GU29,Stedham,E07000225,Chichester,representative_point_within,ONS Local Authority Districts (December 2024) Boundaries UK BGC
GU3,Compton,E07000209,Guildford,representative_point_within,ONS Local Authority Districts (December 2024) Boundaries UK BGC
GU30,Liphook,E07000085,East Hampshire,representative_point_within,ONS Local Authority Districts (December 2024) Boundaries UK BGC
GU31,Petersfield,E07000225,Chichester,representative_point_within,ONS Local Authority Districts (December 2024) Boundaries UK BGC
GU32,East Meon,E07000085,East Hampshire,representative_point_within,ONS Local Authority Districts (December 2024) Boundaries UK BGC
GU33,Greatham,E07000085,East Hampshire,representative_point_within,ONS Local Authority Districts (December 2024) Boundaries UK BGC
GU34,Alton,E07000085,East Hampshire,representative_point_within,ONS Local Authority Districts (December 2024) Boundaries UK BGC
GU35,Bordon,E07000085,East Hampshire,representative_point_within,ONS Local Authority Districts (December 2024) Boundaries UK BGC
GU4,Guildford,E07000209,Guildford,representative_point_within,ONS Local Authority Districts (December 2024) Boundaries UK BGC
GU46,Yateley,E07000089,Hart,representative_point_within,ONS Local Authority Districts (December 2024) Boundaries UK BGC
GU47,Sandhurst,E06000036,Bracknell Forest,representative_point_within,ONS Local Authority Districts (December 2024) Boundaries UK BGC
GU5,Bramley,E07000216,Waverley,representative_point_within,ONS Local Authority Districts (December 2024) Boundaries UK BGC
GU51,Fleet,E07000089,Hart,representative_point_within,ONS Local Authority Districts (December 2024) Boundaries UK BGC
GU52,Fleet,E07000089,Hart,representative_point_within,ONS Local Authority Districts (December 2024) Boundaries UK BGC
GU6,Cranleigh,E07000216,Waverley,representative_point_within,ONS Local Authority Districts (December 2024) Boundaries UK BGC
GU7,Godalming,E07000216,Waverley,representative_point_within,ONS Local Authority Districts (December 2024) Boundaries UK BGC
GU8,Chiddingfold,E07000216,Waverley,representative_point_within,ONS Local Authority Districts (December 2024) Boundaries UK BGC
GU9,Aldershot,E07000216,Waverley,representative_point_within,ONS Local Authority Districts (December 2024) Boundaries UK BGC
HA0,London,E09000005,Brent,representative_point_within,ONS Local Authority Districts (December 2024) Boundaries UK BGC
HA1,London,E09000015,Harrow,representative_point_within,ONS Local Authority Districts (December 2024) Boundaries UK BGC
HA2,London,E09000015,Harrow,representative_point_within,ONS Local Authority Districts (December 2024) Boundaries UK BGC
HA3,London,E09000015,Harrow,representative_point_within,ONS Local Authority Districts (December 2024) Boundaries UK BGC
HA4,London,E09000017,Hillingdon,representative_point_within,ONS Local Authority Districts (December 2024) Boundaries UK BGC
HA5,London,E09000015,Harrow,representative_point_within,ONS Local Authority Districts (December 2024) Boundaries UK BGC
HA6,London,E09000017,Hillingdon,representative_point_within,ONS Local Authority Districts (December 2024) Boundaries UK BGC
HA7,London,E09000015,Harrow,representative_point_within,ONS Local Authority Districts (December 2024) Boundaries UK BGC
HA8,London,E09000003,Barnet,representative_point_within,ONS Local Authority Districts (December 2024) Boundaries UK BGC
HA9,London,E09000005,Brent,representative_point_within,ONS Local Authority Districts (December 2024) Boundaries UK BGC
HD1,Huddersfield,E08000034,Kirklees,representative_point_within,ONS Local Authority Districts (December 2024) Boundaries UK BGC
HD2,Huddersfield,E08000034,Kirklees,representative_point_within,ONS Local Authority Districts (December 2024) Boundaries UK BGC
HD3,Huddersfield,E08000033,Calderdale,representative_point_within,ONS Local Authority Districts (December 2024) Boundaries UK BGC
HD4,Huddersfield,E08000034,Kirklees,representative_point_within,ONS Local Authority Districts (December 2024) Boundaries UK BGC
HD5,Kirkheaton,E08000034,Kirklees,representative_point_within,ONS Local Authority Districts (December 2024) Boundaries UK BGC
HD6,Brighouse,E08000033,Calderdale,representative_point_within,ONS Local Authority Districts (December 2024) Boundaries UK BGC
HD7,Huddersfield,E08000034,Kirklees,representative_point_within,ONS Local Authority Districts (December 2024) Boundaries UK BGC
HD8,Huddersfield,E08000034,Kirklees,representative_point_within,ONS Local Authority Districts (December 2024) Boundaries UK BGC
HD9,Holmfirth,E08000034,Kirklees,representative_point_within,ONS Local Authority Districts (December 2024) Boundaries UK BGC
HG1,Harrogate,E06000065,North Yorkshire,representative_point_within,ONS Local Authority Districts (December 2024) Boundaries UK BGC
HG2,Harrogate,E06000065,North Yorkshire,representative_point_within,ONS Local Authority Districts (December 2024) Boundaries UK BGC
HG3,Pannal,E06000065,North Yorkshire,representative_point_within,ONS Local Authority Districts (December 2024) Boundaries UK BGC
HG4,Ripon,E06000065,North Yorkshire,representative_point_within,ONS Local Authority Districts (December 2024) Boundaries UK BGC
HG5,Knaresborough,E06000065,North Yorkshire,representative_point_within,ONS Local Authority Districts (December 2024) Boundaries UK BGC
HP1,Hemel Hempstead,E07000096,Dacorum,representative_point_within,ONS Local Authority Districts (December 2024) Boundaries UK BGC
HP10,High Wycombe,E06000060,Buckinghamshire,representative_point_within,ONS Local Authority Districts (December 2024) Boundaries UK BGC
HP11,High Wycombe,E06000060,Buckinghamshire,representative_point_within,ONS Local Authority Districts (December 2024) Boundaries UK BGC
HP12,High Wycombe,E06000060,Buckinghamshire,representative_point_within,ONS Local Authority Districts (December 2024) Boundaries UK BGC
HP13,High Wycombe,E06000060,Buckinghamshire,representative_point_within,ONS Local Authority Districts (December 2024) Boundaries UK BGC
HP14,Stokenchurch,E06000060,Buckinghamshire,representative_point_within,ONS Local Authority Districts (December 2024) Boundaries UK BGC
HP15,Hazlemere,E06000060,Buckinghamshire,representative_point_within,ONS Local Authority Districts (December 2024) Boundaries UK BGC
HP16,Prestwood,E06000060,Buckinghamshire,representative_point_within,ONS Local Authority Districts (December 2024) Boundaries UK BGC
HP17,Little Kimble,E06000060,Buckinghamshire,representative_point_within,ONS Local Authority Districts (December 2024) Boundaries UK BGC
HP18,Waddesdon,E06000060,Buckinghamshire,representative_point_within,ONS Local Authority Districts (December 2024) Boundaries UK BGC
HP19,Aylesbury,E06000060,Buckinghamshire,representative_point_within,ONS Local Authority Districts (December 2024) Boundaries UK BGC
HP2,Hemel Hempstead,E07000096,Dacorum,representative_point_within,ONS Local Authority Districts (December 2024) Boundaries UK BGC
HP20,Aylesbury,E06000060,Buckinghamshire,representative_point_within,ONS Local Authority Districts (December 2024) Boundaries UK BGC
HP21,Aylesbury,E06000060,Buckinghamshire,representative_point_within,ONS Local Authority Districts (December 2024) Boundaries UK BGC
HP22,Wingrave,E06000060,Buckinghamshire,representative_point_within,ONS Local Authority Districts (December 2024) Boundaries UK BGC
HP23,Tring,E07000096,Dacorum,representative_point_within,ONS Local Authority Districts (December 2024) Boundaries UK BGC
HP27,Princes Risborough,E06000060,Buckinghamshire,representative_point_within,ONS Local Authority Districts (December 2024) Boundaries UK BGC
HP3,Bovingdon,E07000096,Dacorum,representative_point_within,ONS Local Authority Districts (December 2024) Boundaries UK BGC
HP4,Berkhamsted,E07000096,Dacorum,representative_point_within,ONS Local Authority Districts (December 2024) Boundaries UK BGC
HP5,Chesham,E06000060,Buckinghamshire,representative_point_within,ONS Local Authority Districts (December 2024) Boundaries UK BGC
HP6,Amersham,E06000060,Buckinghamshire,representative_point_within,ONS Local Authority Districts (December 2024) Boundaries UK BGC
HP7,Amersham,E06000060,Buckinghamshire,representative_point_within,ONS Local Authority Districts (December 2024) Boundaries UK BGC
HP8,Chalfont St Giles,E06000060,Buckinghamshire,representative_point_within,ONS Local Authority Districts (December 2024) Boundaries UK BGC
HP9,Beaconsfield,E06000060,Buckinghamshire,representative_point_within,ONS Local Authority Districts (December 2024) Boundaries UK BGC
HR1,Hereford,E06000019,"Herefordshire, County of",representative_point_within,ONS Local Authority Districts (December 2024) Boundaries UK BGC
HR2,Ewyas Harold,E06000019,"Herefordshire, County of",representative_point_within,ONS Local Authority Districts (December 2024) Boundaries UK BGC
HR3,Hay-on-Wye,E06000019,"Herefordshire, County of",representative_point_within,ONS Local Authority Districts (December 2024) Boundaries UK BGC
HR4,Hereford,E06000019,"Herefordshire, County of",representative_point_within,ONS Local Authority Districts (December 2024) Boundaries UK BGC
HR5,Kington,E06000019,"Herefordshire, County of",representative_point_within,ONS Local Authority Districts (December 2024) Boundaries UK BGC
HR6,Leominster,E06000019,"Herefordshire, County of",representative_point_within,ONS Local Authority Districts (December 2024) Boundaries UK BGC
HR7,Bromyard,E06000019,"Herefordshire, County of",representative_point_within,ONS Local Authority Districts (December 2024) Boundaries UK BGC
HR8,Ledbury,E06000019,"Herefordshire, County of",representative_point_within,ONS Local Authority Districts (December 2024) Boundaries UK BGC
HR9,Ross-on-Wye,E06000019,"Herefordshire, County of",representative_point_within,ONS Local Authority Districts (December 2024) Boundaries UK BGC
HS1,Stornoway,S12000013,Na h-Eileanan Siar,representative_point_within,ONS Local Authority Districts (December 2024) Boundaries UK BGC
HS2,Stornoway,S12000013,Na h-Eileanan Siar,representative_point_within,ONS Local Authority Districts (December 2024) Boundaries UK BGC
HS3,Tarbert,S12000013,Na h-Eileanan Siar,representative_point_within,ONS Local Authority Districts (December 2024) Boundaries UK BGC
HS4,Scalpay,S12000013,Na h-Eileanan Siar,representative_point_within,ONS Local Authority Districts (December 2024) Boundaries UK BGC
HS5,Leverburgh,S12000013,Na h-Eileanan Siar,representative_point_within,ONS Local Authority Districts (December 2024) Boundaries UK BGC
HS6,Cairinis,S12000013,Na h-Eileanan Siar,representative_point_within,ONS Local Authority Districts (December 2024) Boundaries UK BGC
HS7,Baile a'Mhanaich,S12000013,Na h-Eileanan Siar,representative_point_within,ONS Local Authority Districts (December 2024) Boundaries UK BGC
HS8,Lochboisdale,S12000013,Na h-Eileanan Siar,representative_point_within,ONS Local Authority Districts (December 2024) Boundaries UK BGC
HS9,Castlebay,S12000013,Na h-Eileanan Siar,representative_point_within,ONS Local Authority Districts (December 2024) Boundaries UK BGC
HU1,Hull,E06000010,"Kingston upon Hull, City of",representative_point_within,ONS Local Authority Districts (December 2024) Boundaries UK BGC
HU10,Hull,E06000011,East Riding of Yorkshire,representative_point_within,ONS Local Authority Districts (December 2024) Boundaries UK BGC
HU11,Bilton,E06000011,East Riding of Yorkshire,representative_point_within,ONS Local Authority Districts (December 2024) Boundaries UK BGC
HU12,Patrington,E06000011,East Riding of Yorkshire,representative_point_within,ONS Local Authority Districts (December 2024) Boundaries UK BGC
HU13,Hull,E06000011,East Riding of Yorkshire,representative_point_within,ONS Local Authority Districts (December 2024) Boundaries UK BGC
HU14,North Ferriby,E06000011,East Riding of Yorkshire,representative_point_within,ONS Local Authority Districts (December 2024) Boundaries UK BGC
HU15,Brough,E06000011,East Riding of Yorkshire,representative_point_within,ONS Local Authority Districts (December 2024) Boundaries UK BGC
HU16,Hull,E06000011,East Riding of Yorkshire,representative_point_within,ONS Local Authority Districts (December 2024) Boundaries UK BGC
HU17,Beverley,E06000011,East Riding of Yorkshire,representative_point_within,ONS Local Authority Districts (December 2024) Boundaries UK BGC
HU18,Hornsea,E06000011,East Riding of Yorkshire,representative_point_within,ONS Local Authority Districts (December 2024) Boundaries UK BGC
HU19,Withernsea,E06000011,East Riding of Yorkshire,representative_point_within,ONS Local Authority Districts (December 2024) Boundaries UK BGC
HU2,Hull,E06000010,"Kingston upon Hull, City of",representative_point_within,ONS Local Authority Districts (December 2024) Boundaries UK BGC
HU20,Little Weighton,E06000011,East Riding of Yorkshire,representative_point_within,ONS Local Authority Districts (December 2024) Boundaries UK BGC
HU3,Hull,E06000010,"Kingston upon Hull, City of",representative_point_within,ONS Local Authority Districts (December 2024) Boundaries UK BGC
HU4,Hull,E06000010,"Kingston upon Hull, City of",representative_point_within,ONS Local Authority Districts (December 2024) Boundaries UK BGC
HU5,Hull,E06000010,"Kingston upon Hull, City of",representative_point_within,ONS Local Authority Districts (December 2024) Boundaries UK BGC
HU6,Dunswell,E06000010,"Kingston upon Hull, City of",representative_point_within,ONS Local Authority Districts (December 2024) Boundaries UK BGC
HU7,Hull,E06000010,"Kingston upon Hull, City of",representative_point_within,ONS Local Authority Districts (December 2024) Boundaries UK BGC
HU8,Hull,E06000010,"Kingston upon Hull, City of",representative_point_within,ONS Local Authority Districts (December 2024) Boundaries UK BGC
HU9,Hull,E06000010,"Kingston upon Hull, City of",representative_point_within,ONS Local Authority Districts (December 2024) Boundaries UK BGC
HX1,Halifax,E08000033,Calderdale,representative_point_within,ONS Local Authority Districts (December 2024) Boundaries UK BGC
HX2,Halifax,E08000033,Calderdale,representative_point_within,ONS Local Authority Districts (December 2024) Boundaries UK BGC
HX3,Halifax,E08000033,Calderdale,representative_point_within,ONS Local Authority Districts (December 2024) Boundaries UK BGC
HX4,Barkisland,E08000033,Calderdale,representative_point_within,ONS Local Authority Districts (December 2024) Boundaries UK BGC
HX5,Elland,E08000033,Calderdale,representative_point_within,ONS Local Authority Districts (December 2024) Boundaries UK BGC
HX6,Sowerby Bridge,E08000033,Calderdale,representative_point_within,ONS Local Authority Districts (December 2024) Boundaries UK BGC
HX7,Mytholmroyd,E08000033,Calderdale,representative_point_within,ONS Local Authority Districts (December 2024) Boundaries UK BGC
IG1,London,E09000026,Redbridge,representative_point_within,ONS Local Authority Districts (December 2024) Boundaries UK BGC
IG10,Loughton,E07000072,Epping Forest,representative_point_within,ONS Local Authority Districts (December 2024) Boundaries UK BGC
IG11,London,E09000002,Barking and Dagenham,representative_point_within,ONS Local Authority Districts (December 2024) Boundaries UK BGC
IG2,London,E09000026,Redbridge,representative_point_within,ONS Local Authority Districts (December 2024) Boundaries UK BGC
IG3,London,E09000026,Redbridge,representative_point_within,ONS Local Authority Districts (December 2024) Boundaries UK BGC
IG4,London,E09000026,Redbridge,representative_point_within,ONS Local Authority Districts (December 2024) Boundaries UK BGC
IG5,London,E09000026,Redbridge,representative_point_within,ONS Local Authority Districts (December 2024) Boundaries UK BGC
IG6,London,E09000026,Redbridge,representative_point_within,ONS Local Authority Districts (December 2024) Boundaries UK BGC
IG7,London,E07000072,Epping Forest,representative_point_within,ONS Local Authority Districts (December 2024) Boundaries UK BGC
IG8,London,E09000026,Redbridge,representative_point_within,ONS Local Authority Districts (December 2024) Boundaries UK BGC
IG9,London,E07000072,Epping Forest,representative_point_within,ONS Local Authority Districts (December 2024) Boundaries UK BGC
IP1,Ipswich,E07000202,Ipswich,representative_point_within,ONS Local Authority Districts (December 2024) Boundaries UK BGC
IP10,Kirton,E07000244,East Suffolk,representative_point_within,ONS Local Authority Districts (December 2024) Boundaries UK BGC
IP11,Trimley,E07000244,East Suffolk,representative_point_within,ONS Local Authority Districts (December 2024) Boundaries UK BGC
IP12,Woodbridge,E07000244,East Suffolk,representative_point_within,ONS Local Authority Districts (December 2024) Boundaries UK BGC
IP13,Wickham Market,E07000244,East Suffolk,representative_point_within,ONS Local Authority Districts (December 2024) Boundaries UK BGC
IP14,Stowmarket,E07000203,Mid Suffolk,representative_point_within,ONS Local Authority Districts (December 2024) Boundaries UK BGC
IP15,Aldeburgh,E07000244,East Suffolk,representative_point_within,ONS Local Authority Districts (December 2024) Boundaries UK BGC
IP16,Leiston,E07000244,East Suffolk,representative_point_within,ONS Local Authority Districts (December 2024) Boundaries UK BGC
IP17,Saxmundham,E07000244,East Suffolk,representative_point_within,ONS Local Authority Districts (December 2024) Boundaries UK BGC
IP18,Southwold,E07000244,East Suffolk,representative_point_within,ONS Local Authority Districts (December 2024) Boundaries UK BGC
IP19,St James South Elmham,E07000244,East Suffolk,representative_point_within,ONS Local Authority Districts (December 2024) Boundaries UK BGC
IP2,Ipswich,E07000202,Ipswich,representative_point_within,ONS Local Authority Districts (December 2024) Boundaries UK BGC
IP20,Wortwell,E07000149,South Norfolk,representative_point_within,ONS Local Authority Districts (December 2024) Boundaries UK BGC
IP21,Pulham Market,E07000149,South Norfolk,representative_point_within,ONS Local Authority Districts (December 2024) Boundaries UK BGC
IP22,Rickinghall,E07000143,Breckland,representative_point_within,ONS Local Authority Districts (December 2024) Boundaries UK BGC
IP23,Eye,E07000203,Mid Suffolk,representative_point_within,ONS Local Authority Districts (December 2024) Boundaries UK BGC
IP24,Thetford,E07000143,Breckland,representative_point_within,ONS Local Authority Districts (December 2024) Boundaries UK BGC
IP25,Watton,E07000143,Breckland,representative_point_within,ONS Local Authority Districts (December 2024) Boundaries UK BGC
IP26,Feltwell,E07000146,King's Lynn and West Norfolk,representative_point_within,ONS Local Authority Districts (December 2024) Boundaries UK BGC
IP27,Brandon,E07000245,West Suffolk,representative_point_within,ONS Local Authority Districts (December 2024) Boundaries UK BGC
IP28,Barton Mills,E07000245,West Suffolk,representative_point_within,ONS Local Authority Districts (December 2024) Boundaries UK BGC
IP29,Harrow Green,E07000245,West Suffolk,representative_point_within,ONS Local Authority Districts (December 2024) Boundaries UK BGC
IP3,Ipswich,E07000202,Ipswich,representative_point_within,ONS Local Authority Districts (December 2024) Boundaries UK BGC
IP30,Sicklesmere,E07000245,West Suffolk,representative_point_within,ONS Local Authority Districts (December 2024) Boundaries UK BGC
IP31,Honington,E07000245,West Suffolk,representative_point_within,ONS Local Authority Districts (December 2024) Boundaries UK BGC
IP32,Bury St Edmunds,E07000245,West Suffolk,representative_point_within,ONS Local Authority Districts (December 2024) Boundaries UK BGC
IP33,Bury St Edmunds,E07000245,West Suffolk,representative_point_within,ONS Local Authority Districts (December 2024) Boundaries UK BGC
IP4,Ipswich,E07000202,Ipswich,representative_point_within,ONS Local Authority Districts (December 2024) Boundaries UK BGC
IP5,Ipswich,E07000244,East Suffolk,representative_point_within,ONS Local Authority Districts (December 2024) Boundaries UK BGC
IP6,Claydon,E07000203,Mid Suffolk,representative_point_within,ONS Local Authority Districts (December 2024) Boundaries UK BGC
IP7,Hadleigh,E07000200,Babergh,representative_point_within,ONS Local Authority Districts (December 2024) Boundaries UK BGC
IP8,Ipswich,E07000200,Babergh,representative_point_within,ONS Local Authority Districts (December 2024) Boundaries UK BGC
IP9,Chelmondiston,E07000200,Babergh,representative_point_within,ONS Local Authority Districts (December 2024) Boundaries UK BGC
IV1,Inverness,S12000017,Highland,representative_point_within,ONS Local Authority Districts (December 2024) Boundaries UK BGC
IV10,Fortrose,S12000017,Highland,representative_point_within,ONS Local Authority Districts (December 2024) Boundaries UK BGC
IV11,Cromarty,S12000017,Highland,representative_point_within,ONS Local Authority Districts (December 2024) Boundaries UK BGC
IV12,Nairn,S12000017,Highland,representative_point_within,ONS Local Authority Districts (December 2024) Boundaries UK BGC
IV13,Tomatin,S12000017,Highland,representative_point_within,ONS Local Authority Districts (December 2024) Boundaries UK BGC
IV14,Strathpeffer,S12000017,Highland,representative_point_within,ONS Local Authority Districts (December 2024) Boundaries UK BGC
IV15,Dingwall,S12000017,Highland,representative_point_within,ONS Local Authority Districts (December 2024) Boundaries UK BGC
IV16,Evanton,S12000017,Highland,representative_point_within,ONS Local Authority Districts (December 2024) Boundaries UK BGC
IV17,Alness,S12000017,Highland,representative_point_within,ONS Local Authority Districts (December 2024) Boundaries UK BGC
IV18,Invergordon,S12000017,Highland,representative_point_within,ONS Local Authority Districts (December 2024) Boundaries UK BGC
IV19,Tain,S12000017,Highland,representative_point_within,ONS Local Authority Districts (December 2024) Boundaries UK BGC
IV2,Inverness,S12000017,Highland,representative_point_within,ONS Local Authority Districts (December 2024) Boundaries UK BGC
IV20,Balintore,S12000017,Highland,representative_point_within,ONS Local Authority Districts (December 2024) Boundaries UK BGC
IV21,Gairloch,S12000017,Highland,representative_point_within,ONS Local Authority Districts (December 2024) Boundaries UK BGC
IV22,Poolewe,S12000017,Highland,representative_point_within,ONS Local Authority Districts (December 2024) Boundaries UK BGC
IV23,Garve,S12000017,Highland,representative_point_within,ONS Local Authority Districts (December 2024) Boundaries UK BGC
IV24,Bonar Bridge,S12000017,Highland,representative_point_within,ONS Local Authority Districts (December 2024) Boundaries UK BGC
IV25,Dornoch,S12000017,Highland,representative_point_within,ONS Local Authority Districts (December 2024) Boundaries UK BGC
IV26,Ullapool,S12000017,Highland,representative_point_within,ONS Local Authority Districts (December 2024) Boundaries UK BGC
IV27,Lairg,S12000017,Highland,representative_point_within,ONS Local Authority Districts (December 2024) Boundaries UK BGC
IV28,Pittentrail,S12000017,Highland,representative_point_within,ONS Local Authority Districts (December 2024) Boundaries UK BGC
IV3,Inverness,S12000017,Highland,representative_point_within,ONS Local Authority Districts (December 2024) Boundaries UK BGC
IV30,Elgin,S12000020,Moray,representative_point_within,ONS Local Authority Districts (December 2024) Boundaries UK BGC
IV31,Lossiemouth,S12000020,Moray,representative_point_within,ONS Local Authority Districts (December 2024) Boundaries UK BGC
IV32,Fochabers,S12000020,Moray,representative_point_within,ONS Local Authority Districts (December 2024) Boundaries UK BGC
IV36,Forres,S12000020,Moray,representative_point_within,ONS Local Authority Districts (December 2024) Boundaries UK BGC
IV4,Beauly,S12000017,Highland,representative_point_within,ONS Local Authority Districts (December 2024) Boundaries UK BGC
IV40,Kyle of Lochalsh,S12000017,Highland,representative_point_within,ONS Local Authority Districts (December 2024) Boundaries UK BGC
IV41,Kyleakin,S12000017,Highland,representative_point_within,ONS Local Authority Districts (December 2024) Boundaries UK BGC
IV42,Broadford,S12000017,Highland,representative_point_within,ONS Local Authority Districts (December 2024) Boundaries UK BGC
IV43,Camascross,S12000017,Highland,representative_point_within,ONS Local Authority Districts (December 2024) Boundaries UK BGC
IV44,Ferindonald,S12000017,Highland,representative_point_within,ONS Local Authority Districts (December 2024) Boundaries UK BGC
IV45,Ardvasar,S12000017,Highland,representative_point_within,ONS Local Authority Districts (December 2024) Boundaries UK BGC
IV46,Tarskavaig,S12000017,Highland,representative_point_within,ONS Local Authority Districts (December 2024) Boundaries UK BGC
IV47,Carbost,S12000017,Highland,representative_point_within,ONS Local Authority Districts (December 2024) Boundaries UK BGC
IV48,Sconser,S12000017,Highland,representative_point_within,ONS Local Authority Districts (December 2024) Boundaries UK BGC
IV49,Broadford,S12000017,Highland,representative_point_within,ONS Local Authority Districts (December 2024) Boundaries UK BGC
IV5,Kirkhill,S12000017,Highland,representative_point_within,ONS Local Authority Districts (December 2024) Boundaries UK BGC
IV51,Portree,S12000017,Highland,representative_point_within,ONS Local Authority Districts (December 2024) Boundaries UK BGC
IV52,Plockton,S12000017,Highland,representative_point_within,ONS Local Authority Districts (December 2024) Boundaries UK BGC
IV53,Achmore,S12000017,Highland,representative_point_within,ONS Local Authority Districts (December 2024) Boundaries UK BGC
IV54,Lochcarron,S12000017,Highland,representative_point_within,ONS Local Authority Districts (December 2024) Boundaries UK BGC
IV55,Dunvegan,S12000017,Highland,representative_point_within,ONS Local Authority Districts (December 2024) Boundaries UK BGC
IV56,Struan,S12000017,Highland,representative_point_within,ONS Local Authority Districts (December 2024) Boundaries UK BGC
IV6,Muir of Ord,S12000017,Highland,representative_point_within,ONS Local Authority Districts (December 2024) Boundaries UK BGC
IV63,Lewiston,S12000017,Highland,representative_point_within,ONS Local Authority Districts (December 2024) Boundaries UK BGC
IV7,Conon Bridge,S12000017,Highland,representative_point_within,ONS Local Authority Districts (December 2024) Boundaries UK BGC
IV8,Munlochy,S12000017,Highland,representative_point_within,ONS Local Authority Districts (December 2024) Boundaries UK BGC
IV9,Avoch,S12000017,Highland,representative_point_within,ONS Local Authority Districts (December 2024) Boundaries UK BGC
KA1,Kilmarnock,S12000008,East Ayrshire,representative_point_within,ONS Local Authority Districts (December 2024) Boundaries UK BGC
KA10,Troon,S12000028,South Ayrshire,representative_point_within,ONS Local Authority Districts (December 2024) Boundaries UK BGC
KA11,Irvine,S12000021,North Ayrshire,representative_point_within,ONS Local Authority Districts (December 2024) Boundaries UK BGC
KA12,Irvine,S12000021,North Ayrshire,representative_point_within,ONS Local Authority Districts (December 2024) Boundaries UK BGC
KA13,Kilwinning,S12000021,North Ayrshire,representative_point_within,ONS Local Authority Districts (December 2024) Boundaries UK BGC
KA14,Kilbirnie,S12000021,North Ayrshire,representative_point_within,ONS Local Authority Districts (December 2024) Boundaries UK BGC
KA15,Beith,S12000021,North Ayrshire,representative_point_within,ONS Local Authority Districts (December 2024) Boundaries UK BGC
KA16,Newmilns,S12000008,East Ayrshire,representative_point_within,ONS Local Authority Districts (December 2024) Boundaries UK BGC
KA17,Darvel,S12000008,East Ayrshire,representative_point_within,ONS Local Authority Districts (December 2024) Boundaries UK BGC
KA18,Holmhead,S12000008,East Ayrshire,representative_point_within,ONS Local Authority Districts (December 2024) Boundaries UK BGC
KA19,Maybole,S12000028,South Ayrshire,representative_point_within,ONS Local Authority Districts (December 2024) Boundaries UK BGC
KA2,Crosshouse,S12000008,East Ayrshire,representative_point_within,ONS Local Authority Districts (December 2024) Boundaries UK BGC
KA20,Stevenston,S12000021,North Ayrshire,representative_point_within,ONS Local Authority Districts (December 2024) Boundaries UK BGC
KA21,Saltcoats,S12000021,North Ayrshire,representative_point_within,ONS Local Authority Districts (December 2024) Boundaries UK BGC
KA22,Saltcoats,S12000021,North Ayrshire,representative_point_within,ONS Local Authority Districts (December 2024) Boundaries UK BGC
KA23,West Kilbride,S12000021,North Ayrshire,representative_point_within,ONS Local Authority Districts (December 2024) Boundaries UK BGC
KA24,Dalry,S12000021,North Ayrshire,representative_point_within,ONS Local Authority Districts (December 2024) Boundaries UK BGC
KA25,Kilbirnie,S12000021,North Ayrshire,representative_point_within,ONS Local Authority Districts (December 2024) Boundaries UK BGC
KA26,Girvan,S12000028,South Ayrshire,representative_point_within,ONS Local Authority Districts (December 2024) Boundaries UK BGC
KA27,Margnaheglish,S12000021,North Ayrshire,representative_point_within,ONS Local Authority Districts (December 2024) Boundaries UK BGC
KA28,Millport,S12000021,North Ayrshire,representative_point_within,ONS Local Authority Districts (December 2024) Boundaries UK BGC
KA29,Fairlie,S12000021,North Ayrshire,representative_point_within,ONS Local Authority Districts (December 2024) Boundaries UK BGC
KA3,Kilmarnock,S12000008,East Ayrshire,representative_point_within,ONS Local Authority Districts (December 2024) Boundaries UK BGC
KA30,Largs,S12000021,North Ayrshire,representative_point_within,ONS Local Authority Districts (December 2024) Boundaries UK BGC
KA4,Galston,S12000008,East Ayrshire,representative_point_within,ONS Local Authority Districts (December 2024) Boundaries UK BGC
KA5,Mauchline,S12000008,East Ayrshire,representative_point_within,ONS Local Authority Districts (December 2024) Boundaries UK BGC
KA6,Mossblown,S12000008,East Ayrshire,representative_point_within,ONS Local Authority Districts (December 2024) Boundaries UK BGC
KA7,Ayr,S12000028,South Ayrshire,representative_point_within,ONS Local Authority Districts (December 2024) Boundaries UK BGC
KA8,Ayr,S12000028,South Ayrshire,representative_point_within,ONS Local Authority Districts (December 2024) Boundaries UK BGC
KA9,Prestwick,S12000028,South Ayrshire,representative_point_within,ONS Local Authority Districts (December 2024) Boundaries UK BGC
KT1,London,E09000021,Kingston upon Thames,representative_point_within,ONS Local Authority Districts (December 2024) Boundaries UK BGC
KT10,Claygate,E07000207,Elmbridge,representative_point_within,ONS Local Authority Districts (December 2024) Boundaries UK BGC
KT11,Cobham,E07000207,Elmbridge,representative_point_within,ONS Local Authority Districts (December 2024) Boundaries UK BGC
KT12,Walton-on-Thames,E07000207,Elmbridge,representative_point_within,ONS Local Authority Districts (December 2024) Boundaries UK BGC
KT13,Weybridge,E07000207,Elmbridge,representative_point_within,ONS Local Authority Districts (December 2024) Boundaries UK BGC
KT14,West Byfleet,E07000217,Woking,representative_point_within,ONS Local Authority Districts (December 2024) Boundaries UK BGC
KT15,Addlestone,E07000212,Runnymede,representative_point_within,ONS Local Authority Districts (December 2024) Boundaries UK BGC
KT16,Ottershaw,E07000212,Runnymede,representative_point_within,ONS Local Authority Districts (December 2024) Boundaries UK BGC
KT17,Epsom,E07000208,Epsom and Ewell,representative_point_within,ONS Local Authority Districts (December 2024) Boundaries UK BGC
KT18,Banstead,E07000208,Epsom and Ewell,representative_point_within,ONS Local Authority Districts (December 2024) Boundaries UK BGC
KT19,Epsom,E07000208,Epsom and Ewell,representative_point_within,ONS Local Authority Districts (December 2024) Boundaries UK BGC
KT2,London,E09000021,Kingston upon Thames,representative_point_within,ONS Local Authority Districts (December 2024) Boundaries UK BGC
KT20,Banstead,E07000211,Reigate and Banstead,representative_point_within,ONS Local Authority Districts (December 2024) Boundaries UK BGC
KT21,Ashtead,E07000210,Mole Valley,representative_point_within,ONS Local Authority Districts (December 2024) Boundaries UK BGC
KT22,Oxshott,E07000210,Mole Valley,representative_point_within,ONS Local Authority Districts (December 2024) Boundaries UK BGC
KT23,Fetcham,E07000210,Mole Valley,representative_point_within,ONS Local Authority Districts (December 2024) Boundaries UK BGC
KT24,East Horsley,E07000209,Guildford,representative_point_within,ONS Local Authority Districts (December 2024) Boundaries UK BGC
KT3,London,E09000021,Kingston upon Thames,representative_point_within,ONS Local Authority Districts (December 2024) Boundaries UK BGC
KT4,London,E07000208,Epsom and Ewell,representative_point_within,ONS Local Authority Districts (December 2024) Boundaries UK BGC
KT5,London,E09000021,Kingston upon Thames,representative_point_within,ONS Local Authority Districts (December 2024) Boundaries UK BGC
KT6,London,E09000021,Kingston upon Thames,representative_point_within,ONS Local Authority Districts (December 2024) Boundaries UK BGC
KT7,Thames Ditton,E07000207,Elmbridge,representative_point_within,ONS Local Authority Districts (December 2024) Boundaries UK BGC
KT8,Molesey,E07000207,Elmbridge,representative_point_within,ONS Local Authority Districts (December 2024) Boundaries UK BGC
KT9,London,E09000021,Kingston upon Thames,representative_point_within,ONS Local Authority Districts (December 2024) Boundaries UK BGC
KW1,Wick,S12000017,Highland,representative_point_within,ONS Local Authority Districts (December 2024) Boundaries UK BGC
KW10,Golspie,S12000017,Highland,representative_point_within,ONS Local Authority Districts (December 2024) Boundaries UK BGC
KW11,Loch Choire Lodge,S12000017,Highland,representative_point_within,ONS Local Authority Districts (December 2024) Boundaries UK BGC
KW12,Halkirk,S12000017,Highland,representative_point_within,ONS Local Authority Districts (December 2024) Boundaries UK BGC
KW13,,S12000017,Highland,representative_point_within,ONS Local Authority Districts (December 2024) Boundaries UK BGC
KW14,THURSO,S12000017,Highland,representative_point_within,ONS Local Authority Districts (December 2024) Boundaries UK BGC
KW15,Kirkwall,S12000023,Orkney Islands,representative_point_within,ONS Local Authority Districts (December 2024) Boundaries UK BGC
KW16,Stromness,S12000023,Orkney Islands,representative_point_within,ONS Local Authority Districts (December 2024) Boundaries UK BGC
KW17,Finstown,S12000023,Orkney Islands,representative_point_within,ONS Local Authority Districts (December 2024) Boundaries UK BGC
KW2,Whaligoe,S12000017,Highland,representative_point_within,ONS Local Authority Districts (December 2024) Boundaries UK BGC
KW3,Lybster,S12000017,Highland,representative_point_within,ONS Local Authority Districts (December 2024) Boundaries UK BGC
KW5,Latheronwheel,S12000017,Highland,representative_point_within,ONS Local Authority Districts (December 2024) Boundaries UK BGC
KW6,Balnabruich,S12000017,Highland,representative_point_within,ONS Local Authority Districts (December 2024) Boundaries UK BGC
KW7,Berriedale,S12000017,Highland,representative_point_within,ONS Local Authority Districts (December 2024) Boundaries UK BGC
KW8,Helmsdale,S12000017,Highland,representative_point_within,ONS Local Authority Districts (December 2024) Boundaries UK BGC
KW9,Brora,S12000017,Highland,representative_point_within,ONS Local Authority Districts (December 2024) Boundaries UK BGC
KY1,Kirkcaldy,S12000047,Fife,representative_point_within,ONS Local Authority Districts (December 2024) Boundaries UK BGC
KY10,Pittenweem,S12000047,Fife,representative_point_within,ONS Local Authority Districts (December 2024) Boundaries UK BGC
KY11,Inverkeithing,S12000047,Fife,representative_point_within,ONS Local Authority Districts (December 2024) Boundaries UK BGC
KY12,Dunfermline,S12000047,Fife,representative_point_within,ONS Local Authority Districts (December 2024) Boundaries UK BGC
KY13,Crook of Devon,S12000048,Perth and Kinross,representative_point_within,ONS Local Authority Districts (December 2024) Boundaries UK BGC
KY14,Newburgh,S12000047,Fife,representative_point_within,ONS Local Authority Districts (December 2024) Boundaries UK BGC
KY15,Cupar,S12000047,Fife,representative_point_within,ONS Local Authority Districts (December 2024) Boundaries UK BGC
KY16,Leuchars,S12000047,Fife,representative_point_within,ONS Local Authority Districts (December 2024) Boundaries UK BGC
KY2,Kirkcaldy,S12000047,Fife,representative_point_within,ONS Local Authority Districts (December 2024) Boundaries UK BGC
KY3,Burntisland,S12000047,Fife,representative_point_within,ONS Local Authority Districts (December 2024) Boundaries UK BGC
KY4,Kelty,S12000047,Fife,representative_point_within,ONS Local Authority Districts (December 2024) Boundaries UK BGC
KY5,Auchterderran,S12000047,Fife,representative_point_within,ONS Local Authority Districts (December 2024) Boundaries UK BGC
KY6,Glenrothes,S12000047,Fife,representative_point_within,ONS Local Authority Districts (December 2024) Boundaries UK BGC
KY7,Glenrothes,S12000047,Fife,representative_point_within,ONS Local Authority Districts (December 2024) Boundaries UK BGC
KY8,Methil,S12000047,Fife,representative_point_within,ONS Local Authority Districts (December 2024) Boundaries UK BGC
KY9,Earlsferry,S12000047,Fife,representative_point_within,ONS Local Authority Districts (December 2024) Boundaries UK BGC
L1,Liverpool,E08000012,Liverpool,representative_point_within,ONS Local Authority Districts (December 2024) Boundaries UK BGC
L10,Liverpool,E08000014,Sefton,representative_point_within,ONS Local Authority Districts (December 2024) Boundaries UK BGC
L11,Liverpool,E08000012,Liverpool,representative_point_within,ONS Local Authority Districts (December 2024) Boundaries UK BGC
L12,Liverpool,E08000012,Liverpool,representative_point_within,ONS Local Authority Districts (December 2024) Boundaries UK BGC
L13,Liverpool,E08000012,Liverpool,representative_point_within,ONS Local Authority Districts (December 2024) Boundaries UK BGC
L14,Liverpool,E08000012,Liverpool,representative_point_within,ONS Local Authority Districts (December 2024) Boundaries UK BGC
L15,Liverpool,E08000012,Liverpool,representative_point_within,ONS Local Authority Districts (December 2024) Boundaries UK BGC
L16,Liverpool,E08000012,Liverpool,representative_point_within,ONS Local Authority Districts (December 2024) Boundaries UK BGC
L17,Liverpool,E08000012,Liverpool,representative_point_within,ONS Local Authority Districts (December 2024) Boundaries UK BGC
L18,Liverpool,E08000012,Liverpool,representative_point_within,ONS Local Authority Districts (December 2024) Boundaries UK BGC
L19,Liverpool,E08000012,Liverpool,representative_point_within,ONS Local Authority Districts (December 2024) Boundaries UK BGC
L2,Liverpool,E08000012,Liverpool,representative_point_within,ONS Local Authority Districts (December 2024) Boundaries UK BGC
L20,Liverpool,E08000014,Sefton,representative_point_within,ONS Local Authority Districts (December 2024) Boundaries UK BGC
L21,Liverpool,E08000014,Sefton,representative_point_within,ONS Local Authority Districts (December 2024) Boundaries UK BGC
L22,Liverpool,E08000014,Sefton,representative_point_within,ONS Local Authority Districts (December 2024) Boundaries UK BGC
L23,Liverpool,E08000014,Sefton,representative_point_within,ONS Local Authority Districts (December 2024) Boundaries UK BGC
L24,Liverpool,E08000012,Liverpool,representative_point_within,ONS Local Authority Districts (December 2024) Boundaries UK BGC
L25,Liverpool,E08000012,Liverpool,representative_point_within,ONS Local Authority Districts (December 2024) Boundaries UK BGC
L26,Liverpool,E08000011,Knowsley,representative_point_within,ONS Local Authority Districts (December 2024) Boundaries UK BGC
L27,Liverpool,E08000012,Liverpool,representative_point_within,ONS Local Authority Districts (December 2024) Boundaries UK BGC
L28,Liverpool,E08000011,Knowsley,representative_point_within,ONS Local Authority Districts (December 2024) Boundaries UK BGC
L29,Liverpool,E08000014,Sefton,representative_point_within,ONS Local Authority Districts (December 2024) Boundaries UK BGC
L3,Liverpool,E08000012,Liverpool,representative_point_within,ONS Local Authority Districts (December 2024) Boundaries UK BGC
L30,Liverpool,E08000014,Sefton,representative_point_within,ONS Local Authority Districts (December 2024) Boundaries UK BGC
L31,Maghull,E08000014,Sefton,representative_point_within,ONS Local Authority Districts (December 2024) Boundaries UK BGC
L32,Kirkby,E08000011,Knowsley,representative_point_within,ONS Local Authority Districts (December 2024) Boundaries UK BGC
L33,Kirkby,E08000011,Knowsley,representative_point_within,ONS Local Authority Districts (December 2024) Boundaries UK BGC
L34,Kirkby,E08000011,Knowsley,representative_point_within,ONS Local Authority Districts (December 2024) Boundaries UK BGC
L35,Prescot,E08000011,Knowsley,representative_point_within,ONS Local Authority Districts (December 2024) Boundaries UK BGC
L36,Liverpool,E08000011,Knowsley,representative_point_within,ONS Local Authority Districts (December 2024) Boundaries UK BGC
L37,Formby,E08000014,Sefton,representative_point_within,ONS Local Authority Districts (December 2024) Boundaries UK BGC
L38,Hightown,E08000014,Sefton,representative_point_within,ONS Local Authority Districts (December 2024) Boundaries UK BGC
L39,Stanley Gate,E07000127,West Lancashire,representative_point_within,ONS Local Authority Districts (December 2024) Boundaries UK BGC
L4,Liverpool,E08000012,Liverpool,representative_point_within,ONS Local Authority Districts (December 2024) Boundaries UK BGC
L40,Burscough Bridge,E07000127,West Lancashire,representative_point_within,ONS Local Authority Districts (December 2024) Boundaries UK BGC
L5,Liverpool,E08000012,Liverpool,representative_point_within,ONS Local Authority Districts (December 2024) Boundaries UK BGC
L6,Liverpool,E08000012,Liverpool,representative_point_within,ONS Local Authority Districts (December 2024) Boundaries UK BGC
L69,Liverpool,E08000012,Liverpool,representative_point_within,ONS Local Authority Districts (December 2024) Boundaries UK BGC
L7,Liverpool,E08000012,Liverpool,representative_point_within,ONS Local Authority Districts (December 2024) Boundaries UK BGC
L8,Liverpool,E08000012,Liverpool,representative_point_within,ONS Local Authority Districts (December 2024) Boundaries UK BGC
L9,Liverpool,E08000012,Liverpool,representative_point_within,ONS Local Authority Districts (December 2024) Boundaries UK BGC
LA1,Lancaster,E07000121,Lancaster,representative_point_within,ONS Local Authority Districts (December 2024) Boundaries UK BGC
LA10,Sedbergh,E06000064,Westmorland and Furness,representative_point_within,ONS Local Authority Districts (December 2024) Boundaries UK BGC
LA11,Grange-over-Sands,E06000064,Westmorland and Furness,representative_point_within,ONS Local Authority Districts (December 2024) Boundaries UK BGC
LA12,Ulverston,E06000064,Westmorland and Furness,representative_point_within,ONS Local Authority Districts (December 2024) Boundaries UK BGC
LA13,Barrow-in-Furness,E06000064,Westmorland and Furness,representative_point_within,ONS Local Authority Districts (December 2024) Boundaries UK BGC
LA14,Barrow-in-Furness,E06000064,Westmorland and Furness,representative_point_within,ONS Local Authority Districts (December 2024) Boundaries UK BGC
LA15,Dalton-in-Furness,E06000064,Westmorland and Furness,representative_point_within,ONS Local Authority Districts (December 2024) Boundaries UK BGC
LA16,Askam In Furness,E06000064,Westmorland and Furness,representative_point_within,ONS Local Authority Districts (December 2024) Boundaries UK BGC
LA17,Kirby-in-Furness,E06000064,Westmorland and Furness,representative_point_within,ONS Local Authority Districts (December 2024) Boundaries UK BGC
LA18,Millom,E06000063,Cumberland,representative_point_within,ONS Local Authority Districts (December 2024) Boundaries UK BGC
LA19,Bootle,E06000063,Cumberland,representative_point_within,ONS Local Authority Districts (December 2024) Boundaries UK BGC
LA2,Galgate,E07000121,Lancaster,representative_point_within,ONS Local Authority Districts (December 2024) Boundaries UK BGC
LA20,Broughton in Furness,E06000063,Cumberland,representative_point_within,ONS Local Authority Districts (December 2024) Boundaries UK BGC
LA21,Coniston,E06000064,Westmorland and Furness,representative_point_within,ONS Local Authority Districts (December 2024) Boundaries UK BGC
LA22,Ambleside,E06000064,Westmorland and Furness,representative_point_within,ONS Local Authority Districts (December 2024) Boundaries UK BGC
LA23,Windermere,E06000064,Westmorland and Furness,representative_point_within,ONS Local Authority Districts (December 2024) Boundaries UK BGC
LA3,Morecambe,E07000121,Lancaster,representative_point_within,ONS Local Authority Districts (December 2024) Boundaries UK BGC
LA4,Morecambe,E07000121,Lancaster,representative_point_within,ONS Local Authority Districts (December 2024) Boundaries UK BGC
LA5,Arnside,E07000121,Lancaster,representative_point_within,ONS Local Authority Districts (December 2024) Boundaries UK BGC
LA6,Holme,E07000121,Lancaster,representative_point_within,ONS Local Authority Districts (December 2024) Boundaries UK BGC
LA7,Milnthorpe,E06000064,Westmorland and Furness,representative_point_within,ONS Local Authority Districts (December 2024) Boundaries UK BGC
LA8,Endmoor,E06000064,Westmorland and Furness,representative_point_within,ONS Local Authority Districts (December 2024) Boundaries UK BGC
LA9,Kendal,E06000064,Westmorland and Furness,representative_point_within,ONS Local Authority Districts (December 2024) Boundaries UK BGC
LD1,Llandrindod Wells,W06000023,Powys,representative_point_within,ONS Local Authority Districts (December 2024) Boundaries UK BGC
LD2,Builth Wells,W06000023,Powys,representative_point_within,ONS Local Authority Districts (December 2024) Boundaries UK BGC
LD3,Talgarth,W06000023,Powys,representative_point_within,ONS Local Authority Districts (December 2024) Boundaries UK BGC
LD4,Llangammarch Wells,W06000023,Powys,representative_point_within,ONS Local Authority Districts (December 2024) Boundaries UK BGC
LD5,Llanwrtyd Wells,W06000023,Powys,representative_point_within,ONS Local Authority Districts (December 2024) Boundaries UK BGC
LD6,Rhayader,W06000023,Powys,representative_point_within,ONS Local Authority Districts (December 2024) Boundaries UK BGC
LD7,Knighton,W06000023,Powys,representative_point_within,ONS Local Authority Districts (December 2024) Boundaries UK BGC
LD8,Presteigne,W06000023,Powys,representative_point_within,ONS Local Authority Districts (December 2024) Boundaries UK BGC
LE1,Leicester,E06000016,Leicester,representative_point_within,ONS Local Authority Districts (December 2024) Boundaries UK BGC
LE10,Hinckley,E07000132,Hinckley and Bosworth,representative_point_within,ONS Local Authority Districts (December 2024) Boundaries UK BGC
LE11,Loughborough,E07000130,Charnwood,representative_point_within,ONS Local Authority Districts (December 2024) Boundaries UK BGC
LE12,Hathern,E07000130,Charnwood,representative_point_within,ONS Local Authority Districts (December 2024) Boundaries UK BGC
LE13,Melton Mowbray,E07000133,Melton,representative_point_within,ONS Local Authority Districts (December 2024) Boundaries UK BGC
LE14,Wymondham,E07000133,Melton,representative_point_within,ONS Local Authority Districts (December 2024) Boundaries UK BGC
LE15,Oakham,E06000017,Rutland,representative_point_within,ONS Local Authority Districts (December 2024) Boundaries UK BGC
LE16,Market Harborough,E06000061,North Northamptonshire,representative_point_within,ONS Local Authority Districts (December 2024) Boundaries UK BGC
LE17,Lutterworth,E07000131,Harborough,representative_point_within,ONS Local Authority Districts (December 2024) Boundaries UK BGC
LE18,Leicester,E07000135,Oadby and Wigston,representative_point_within,ONS Local Authority Districts (December 2024) Boundaries UK BGC
LE19,Narborough,E07000129,Blaby,representative_point_within,ONS Local Authority Districts (December 2024) Boundaries UK BGC
LE2,Leicester,E07000135,Oadby and Wigston,representative_point_within,ONS Local Authority Districts (December 2024) Boundaries UK BGC
LE3,Leicester,E06000016,Leicester,representative_point_within,ONS Local Authority Districts (December 2024) Boundaries UK BGC
LE4,Leicester,E07000130,Charnwood,representative_point_within,ONS Local Authority Districts (December 2024) Boundaries UK BGC
LE5,Leicester,E06000016,Leicester,representative_point_within,ONS Local Authority Districts (December 2024) Boundaries UK BGC
LE6,Groby,E07000132,Hinckley and Bosworth,representative_point_within,ONS Local Authority Districts (December 2024) Boundaries UK BGC
LE65,Ashby-de-la-Zouch,E07000134,North West Leicestershire,representative_point_within,ONS Local Authority Districts (December 2024) Boundaries UK BGC
LE67,Ellistown,E07000134,North West Leicestershire,representative_point_within,ONS Local Authority Districts (December 2024) Boundaries UK BGC
LE7,Syston,E07000131,Harborough,representative_point_within,ONS Local Authority Districts (December 2024) Boundaries UK BGC
LE8,Kibworth Harcourt,E07000131,Harborough,representative_point_within,ONS Local Authority Districts (December 2024) Boundaries UK BGC
LE9,Cosby,E07000132,Hinckley and Bosworth,representative_point_within,ONS Local Authority Districts (December 2024) Boundaries UK BGC
LL11,Wrexham,W06000006,Wrexham,representative_point_within,ONS Local Authority Districts (December 2024) Boundaries UK BGC
LL12,Llay,W06000006,Wrexham,representative_point_within,ONS Local Authority Districts (December 2024) Boundaries UK BGC
LL13,Marchwiel,W06000006,Wrexham,representative_point_within,ONS Local Authority Districts (December 2024) Boundaries UK BGC
LL14,Rhosllanerchrugog,W06000006,Wrexham,representative_point_within,ONS Local Authority Districts (December 2024) Boundaries UK BGC
LL15,Ruthin,W06000004,Denbighshire,representative_point_within,ONS Local Authority Districts (December 2024) Boundaries UK BGC
LL16,Denbigh,W06000003,Conwy,representative_point_within,ONS Local Authority Districts (December 2024) Boundaries UK BGC
LL17,St Asaph,W06000004,Denbighshire,representative_point_within,ONS Local Authority Districts (December 2024) Boundaries UK BGC
LL18,Rhyl,W06000004,Denbighshire,representative_point_within,ONS Local Authority Districts (December 2024) Boundaries UK BGC
LL19,Prestatyn,W06000004,Denbighshire,representative_point_within,ONS Local Authority Districts (December 2024) Boundaries UK BGC
LL20,Glyn Ceiriog,W06000006,Wrexham,representative_point_within,ONS Local Authority Districts (December 2024) Boundaries UK BGC
LL21,Corwen,W06000004,Denbighshire,representative_point_within,ONS Local Authority Districts (December 2024) Boundaries UK BGC
LL22,Abergele,W06000003,Conwy,representative_point_within,ONS Local Authority Districts (December 2024) Boundaries UK BGC
LL23,Bala,W06000002,Gwynedd,representative_point_within,ONS Local Authority Districts (December 2024) Boundaries UK BGC
LL24,Penmachno,W06000003,Conwy,representative_point_within,ONS Local Authority Districts (December 2024) Boundaries UK BGC
LL25,Pentre-bont,W06000003,Conwy,representative_point_within,ONS Local Authority Districts (December 2024) Boundaries UK BGC
LL26,Llanrwst,W06000003,Conwy,representative_point_within,ONS Local Authority Districts (December 2024) Boundaries UK BGC
LL27,Trefriw,W06000003,Conwy,representative_point_within,ONS Local Authority Districts (December 2024) Boundaries UK BGC
LL28,Colwyn Bay,W06000003,Conwy,representative_point_within,ONS Local Authority Districts (December 2024) Boundaries UK BGC
LL29,Colwyn Bay,W06000003,Conwy,representative_point_within,ONS Local Authority Districts (December 2024) Boundaries UK BGC
LL30,Llandudno,W06000003,Conwy,representative_point_within,ONS Local Authority Districts (December 2024) Boundaries UK BGC
LL31,Llandudno Junction,W06000003,Conwy,representative_point_within,ONS Local Authority Districts (December 2024) Boundaries UK BGC
LL32,Conwy,W06000003,Conwy,representative_point_within,ONS Local Authority Districts (December 2024) Boundaries UK BGC
LL33,Llanfairfechan,W06000002,Gwynedd,representative_point_within,ONS Local Authority Districts (December 2024) Boundaries UK BGC
LL34,Penmaenmawr,W06000003,Conwy,representative_point_within,ONS Local Authority Districts (December 2024) Boundaries UK BGC
LL35,Aberdovey,W06000002,Gwynedd,representative_point_within,ONS Local Authority Districts (December 2024) Boundaries UK BGC
LL36,Tywyn,W06000002,Gwynedd,representative_point_within,ONS Local Authority Districts (December 2024) Boundaries UK BGC
LL37,Llwyngwril,W06000002,Gwynedd,representative_point_within,ONS Local Authority Districts (December 2024) Boundaries UK BGC
LL38,Fairbourne,W06000002,Gwynedd,representative_point_within,ONS Local Authority Districts (December 2024) Boundaries UK BGC
LL39,Arthog,W06000002,Gwynedd,representative_point_within,ONS Local Authority Districts (December 2024) Boundaries UK BGC
LL40,Dolgellau,W06000002,Gwynedd,representative_point_within,ONS Local Authority Districts (December 2024) Boundaries UK BGC
LL41,Blaenau Ffestiniog,W06000002,Gwynedd,representative_point_within,ONS Local Authority Districts (December 2024) Boundaries UK BGC
LL42,Barmouth,W06000002,Gwynedd,representative_point_within,ONS Local Authority Districts (December 2024) Boundaries UK BGC
LL43,Talybont,W06000002,Gwynedd,representative_point_within,ONS Local Authority Districts (December 2024) Boundaries UK BGC
LL44,Dyffryn Ardudwy,W06000002,Gwynedd,representative_point_within,ONS Local Authority Districts (December 2024) Boundaries UK BGC
LL45,Llanbedr,W06000002,Gwynedd,representative_point_within,ONS Local Authority Districts (December 2024) Boundaries UK BGC
LL46,Harlech,W06000002,Gwynedd,representative_point_within,ONS Local Authority Districts (December 2024) Boundaries UK BGC
LL47,Talsarnau,W06000002,Gwynedd,representative_point_within,ONS Local Authority Districts (December 2024) Boundaries UK BGC
LL48,Penrhyndeudraeth,W06000002,Gwynedd,representative_point_within,ONS Local Authority Districts (December 2024) Boundaries UK BGC
LL49,Porthmadog,W06000002,Gwynedd,representative_point_within,ONS Local Authority Districts (December 2024) Boundaries UK BGC
LL51,Garndolbenmaen,W06000002,Gwynedd,representative_point_within,ONS Local Authority Districts (December 2024) Boundaries UK BGC
LL52,Criccieth,W06000002,Gwynedd,representative_point_within,ONS Local Authority Districts (December 2024) Boundaries UK BGC
LL53,Pwllheli,W06000002,Gwynedd,representative_point_within,ONS Local Authority Districts (December 2024) Boundaries UK BGC
LL54,Trefor,W06000002,Gwynedd,representative_point_within,ONS Local Authority Districts (December 2024) Boundaries UK BGC
LL55,Caernarfon,W06000002,Gwynedd,representative_point_within,ONS Local Authority Districts (December 2024) Boundaries UK BGC
LL56,Y Felinheli,W06000002,Gwynedd,representative_point_within,ONS Local Authority Districts (December 2024) Boundaries UK BGC
LL57,Bangor,W06000002,Gwynedd,representative_point_within,ONS Local Authority Districts (December 2024) Boundaries UK BGC
LL58,Beaumaris,W06000001,Isle of Anglesey,representative_point_within,ONS Local Authority Districts (December 2024) Boundaries UK BGC
LL59,Menai Bridge,W06000001,Isle of Anglesey,representative_point_within,ONS Local Authority Districts (December 2024) Boundaries UK BGC
LL60,Gaerwen,W06000001,Isle of Anglesey,representative_point_within,ONS Local Authority Districts (December 2024) Boundaries UK BGC
LL61,Llanfair Pwllgwyngyll,W06000001,Isle of Anglesey,representative_point_within,ONS Local Authority Districts (December 2024) Boundaries UK BGC
LL62,Llangristiolus,W06000001,Isle of Anglesey,representative_point_within,ONS Local Authority Districts (December 2024) Boundaries UK BGC
LL63,Aberffraw,W06000001,Isle of Anglesey,representative_point_within,ONS Local Authority Districts (December 2024) Boundaries UK BGC
LL64,Rhosneigr,W06000001,Isle of Anglesey,representative_point_within,ONS Local Authority Districts (December 2024) Boundaries UK BGC
LL65,Holyhead,W06000001,Isle of Anglesey,representative_point_within,ONS Local Authority Districts (December 2024) Boundaries UK BGC
LL66,Rhosgoch,W06000001,Isle of Anglesey,representative_point_within,ONS Local Authority Districts (December 2024) Boundaries UK BGC
LL67,Cemaes Bay,W06000001,Isle of Anglesey,representative_point_within,ONS Local Authority Districts (December 2024) Boundaries UK BGC
LL68,Llanfechell,W06000001,Isle of Anglesey,representative_point_within,ONS Local Authority Districts (December 2024) Boundaries UK BGC
LL69,Penysarn,W06000001,Isle of Anglesey,representative_point_within,ONS Local Authority Districts (December 2024) Boundaries UK BGC
LL70,Brynrefail,W06000001,Isle of Anglesey,representative_point_within,ONS Local Authority Districts (December 2024) Boundaries UK BGC
LL71,Llanerchymedd,W06000001,Isle of Anglesey,representative_point_within,ONS Local Authority Districts (December 2024) Boundaries UK BGC
LL72,Moelfre,W06000001,Isle of Anglesey,representative_point_within,ONS Local Authority Districts (December 2024) Boundaries UK BGC
LL73,Marianglas,W06000001,Isle of Anglesey,representative_point_within,ONS Local Authority Districts (December 2024) Boundaries UK BGC
LL74,Benllech,W06000001,Isle of Anglesey,representative_point_within,ONS Local Authority Districts (December 2024) Boundaries UK BGC
LL75,Pentraeth,W06000001,Isle of Anglesey,representative_point_within,ONS Local Authority Districts (December 2024) Boundaries UK BGC
LL76,Llanbedrgoch,W06000001,Isle of Anglesey,representative_point_within,ONS Local Authority Districts (December 2024) Boundaries UK BGC
LL77,Llangefni,W06000001,Isle of Anglesey,representative_point_within,ONS Local Authority Districts (December 2024) Boundaries UK BGC
LL78,Brynteg,W06000001,Isle of Anglesey,representative_point_within,ONS Local Authority Districts (December 2024) Boundaries UK BGC
LN1,Lincoln,E07000142,West Lindsey,representative_point_within,ONS Local Authority Districts (December 2024) Boundaries UK BGC
LN10,Bucknall,E07000137,East Lindsey,representative_point_within,ONS Local Authority Districts (December 2024) Boundaries UK BGC
LN11,Louth,E07000137,East Lindsey,representative_point_within,ONS Local Authority Districts (December 2024) Boundaries UK BGC
LN12,Mablethorpe,E07000137,East Lindsey,representative_point_within,ONS Local Authority Districts (December 2024) Boundaries UK BGC
LN13,Alford,E07000137,East Lindsey,representative_point_within,ONS Local Authority Districts (December 2024) Boundaries UK BGC
LN2,Lincoln,E07000142,West Lindsey,representative_point_within,ONS Local Authority Districts (December 2024) Boundaries UK BGC
LN3,Cherry Willingham,E07000142,West Lindsey,representative_point_within,ONS Local Authority Districts (December 2024) Boundaries UK BGC
LN4,Washingborough,E07000139,North Kesteven,representative_point_within,ONS Local Authority Districts (December 2024) Boundaries UK BGC
LN5,Wellingore,E07000139,North Kesteven,representative_point_within,ONS Local Authority Districts (December 2024) Boundaries UK BGC
LN6,Lincoln,E07000139,North Kesteven,representative_point_within,ONS Local Authority Districts (December 2024) Boundaries UK BGC
LN7,Caistor,E07000142,West Lindsey,representative_point_within,ONS Local Authority Districts (December 2024) Boundaries UK BGC
LN8,Glentham,E07000142,West Lindsey,representative_point_within,ONS Local Authority Districts (December 2024) Boundaries UK BGC
LN9,Horncastle,E07000137,East Lindsey,representative_point_within,ONS Local Authority Districts (December 2024) Boundaries UK BGC
LS1,Leeds,E08000035,Leeds,representative_point_within,ONS Local Authority Districts (December 2024) Boundaries UK BGC
LS10,Leeds,E08000035,Leeds,representative_point_within,ONS Local Authority Districts (December 2024) Boundaries UK BGC
LS11,Leeds,E08000035,Leeds,representative_point_within,ONS Local Authority Districts (December 2024) Boundaries UK BGC
LS12,Leeds,E08000035,Leeds,representative_point_within,ONS Local Authority Districts (December 2024) Boundaries UK BGC
LS13,Leeds,E08000035,Leeds,representative_point_within,ONS Local Authority Districts (December 2024) Boundaries UK BGC
LS14,Leeds,E08000035,Leeds,representative_point_within,ONS Local Authority Districts (December 2024) Boundaries UK BGC
LS15,Leeds,E08000035,Leeds,representative_point_within,ONS Local Authority Districts (December 2024) Boundaries UK BGC
LS16,Leeds,E08000035,Leeds,representative_point_within,ONS Local Authority Districts (December 2024) Boundaries UK BGC
LS17,Huby,E08000035,Leeds,representative_point_within,ONS Local Authority Districts (December 2024) Boundaries UK BGC
LS18,Leeds,E08000035,Leeds,representative_point_within,ONS Local Authority Districts (December 2024) Boundaries UK BGC
LS19,Guiseley,E08000035,Leeds,representative_point_within,ONS Local Authority Districts (December 2024) Boundaries UK BGC
LS2,Leeds,E08000035,Leeds,representative_point_within,ONS Local Authority Districts (December 2024) Boundaries UK BGC
LS20,Guiseley,E08000035,Leeds,representative_point_within,ONS Local Authority Districts (December 2024) Boundaries UK BGC
LS21,Otley,E06000065,North Yorkshire,representative_point_within,ONS Local Authority Districts (December 2024) Boundaries UK BGC
LS22,Wetherby,E08000035,Leeds,representative_point_within,ONS Local Authority Districts (December 2024) Boundaries UK BGC
LS23,Thorp Arch,E08000035,Leeds,representative_point_within,ONS Local Authority Districts (December 2024) Boundaries UK BGC
LS24,Tadcaster,E06000065,North Yorkshire,representative_point_within,ONS Local Authority Districts (December 2024) Boundaries UK BGC
LS25,Garforth,E06000065,North Yorkshire,representative_point_within,ONS Local Authority Districts (December 2024) Boundaries UK BGC
LS26,Rothwell,E08000035,Leeds,representative_point_within,ONS Local Authority Districts (December 2024) Boundaries UK BGC
LS27,Morley,E08000035,Leeds,representative_point_within,ONS Local Authority Districts (December 2024) Boundaries UK BGC
LS28,Leeds,E08000035,Leeds,representative_point_within,ONS Local Authority Districts (December 2024) Boundaries UK BGC
LS29,Addingham,E08000032,Bradford,representative_point_within,ONS Local Authority Districts (December 2024) Boundaries UK BGC
LS3,Leeds,E08000035,Leeds,representative_point_within,ONS Local Authority Districts (December 2024) Boundaries UK BGC
LS4,Leeds,E08000035,Leeds,representative_point_within,ONS Local Authority Districts (December 2024) Boundaries UK BGC
LS5,Leeds,E08000035,Leeds,representative_point_within,ONS Local Authority Districts (December 2024) Boundaries UK BGC
LS6,Leeds,E08000035,Leeds,representative_point_within,ONS Local Authority Districts (December 2024) Boundaries UK BGC
LS7,Leeds,E08000035,Leeds,representative_point_within,ONS Local Authority Districts (December 2024) Boundaries UK BGC
LS8,Leeds,E08000035,Leeds,representative_point_within,ONS Local Authority Districts (December 2024) Boundaries UK BGC
LS9,Leeds,E08000035,Leeds,representative_point_within,ONS Local Authority Districts (December 2024) Boundaries UK BGC
LU1,Luton,E06000032,Luton,representative_point_within,ONS Local Authority Districts (December 2024) Boundaries UK BGC
LU2,Luton,E06000032,Luton,representative_point_within,ONS Local Authority Districts (December 2024) Boundaries UK BGC
LU3,Luton,E06000032,Luton,representative_point_within,ONS Local Authority Districts (December 2024) Boundaries UK BGC
LU4,Luton,E06000056,Central Bedfordshire,representative_point_within,ONS Local Authority Districts (December 2024) Boundaries UK BGC
LU5,Dunstable,E06000056,Central Bedfordshire,representative_point_within,ONS Local Authority Districts (December 2024) Boundaries UK BGC
LU6,Dunstable,E06000056,Central Bedfordshire,representative_point_within,ONS Local Authority Districts (December 2024) Boundaries UK BGC
LU7,Wing,E06000060,Buckinghamshire,representative_point_within,ONS Local Authority Districts (December 2024) Boundaries UK BGC
M1,Manchester,E08000003,Manchester,representative_point_within,ONS Local Authority Districts (December 2024) Boundaries UK BGC
M11,Manchester,E08000003,Manchester,representative_point_within,ONS Local Authority Districts (December 2024) Boundaries UK BGC
M12,Manchester,E08000003,Manchester,representative_point_within,ONS Local Authority Districts (December 2024) Boundaries UK BGC
M13,Manchester,E08000003,Manchester,representative_point_within,ONS Local Authority Districts (December 2024) Boundaries UK BGC
M14,Manchester,E08000003,Manchester,representative_point_within,ONS Local Authority Districts (December 2024) Boundaries UK BGC
M15,Manchester,E08000003,Manchester,representative_point_within,ONS Local Authority Districts (December 2024) Boundaries UK BGC
M16,Manchester,E08000009,Trafford,representative_point_within,ONS Local Authority Districts (December 2024) Boundaries UK BGC
M17,Manchester,E08000009,Trafford,representative_point_within,ONS Local Authority Districts (December 2024) Boundaries UK BGC
M18,Manchester,E08000003,Manchester,representative_point_within,ONS Local Authority Districts (December 2024) Boundaries UK BGC
M19,Manchester,E08000003,Manchester,representative_point_within,ONS Local Authority Districts (December 2024) Boundaries UK BGC
M2,Manchester,E08000003,Manchester,representative_point_within,ONS Local Authority Districts (December 2024) Boundaries UK BGC
M20,Manchester,E08000003,Manchester,representative_point_within,ONS Local Authority Districts (December 2024) Boundaries UK BGC
M21,Manchester,E08000003,Manchester,representative_point_within,ONS Local Authority Districts (December 2024) Boundaries UK BGC
M22,Wythenshawe,E08000003,Manchester,representative_point_within,ONS Local Authority Districts (December 2024) Boundaries UK BGC
M23,Altrincham,E08000003,Manchester,representative_point_within,ONS Local Authority Districts (December 2024) Boundaries UK BGC
M24,Middleton,E08000005,Rochdale,representative_point_within,ONS Local Authority Districts (December 2024) Boundaries UK BGC
M25,Manchester,E08000002,Bury,representative_point_within,ONS Local Authority Districts (December 2024) Boundaries UK BGC
M26,Radcliffe,E08000002,Bury,representative_point_within,ONS Local Authority Districts (December 2024) Boundaries UK BGC
M27,Manchester,E08000006,Salford,representative_point_within,ONS Local Authority Districts (December 2024) Boundaries UK BGC
M28,Walkden,E08000006,Salford,representative_point_within,ONS Local Authority Districts (December 2024) Boundaries UK BGC
M29,Tyldesley,E08000010,Wigan,representative_point_within,ONS Local Authority Districts (December 2024) Boundaries UK BGC
M3,Manchester,E08000006,Salford,representative_point_within,ONS Local Authority Districts (December 2024) Boundaries UK BGC
M30,Manchester,E08000006,Salford,representative_point_within,ONS Local Authority Districts (December 2024) Boundaries UK BGC
M31,Partington,E08000009,Trafford,representative_point_within,ONS Local Authority Districts (December 2024) Boundaries UK BGC
M32,Manchester,E08000009,Trafford,representative_point_within,ONS Local Authority Districts (December 2024) Boundaries UK BGC
M33,Sale,E08000009,Trafford,representative_point_within,ONS Local Authority Districts (December 2024) Boundaries UK BGC
M34,Manchester,E08000008,Tameside,representative_point_within,ONS Local Authority Districts (December 2024) Boundaries UK BGC
M35,Manchester,E08000004,Oldham,representative_point_within,ONS Local Authority Districts (December 2024) Boundaries UK BGC
M38,Walkden,E08000006,Salford,representative_point_within,ONS Local Authority Districts (December 2024) Boundaries UK BGC
M4,Manchester,E08000003,Manchester,representative_point_within,ONS Local Authority Districts (December 2024) Boundaries UK BGC
M40,Manchester,E08000003,Manchester,representative_point_within,ONS Local Authority Districts (December 2024) Boundaries UK BGC
M41,Manchester,E08000009,Trafford,representative_point_within,ONS Local Authority Districts (December 2024) Boundaries UK BGC
M43,Manchester,E08000008,Tameside,representative_point_within,ONS Local Authority Districts (December 2024) Boundaries UK BGC
M44,Irlam,E08000006,Salford,representative_point_within,ONS Local Authority Districts (December 2024) Boundaries UK BGC
M45,Manchester,E08000002,Bury,representative_point_within,ONS Local Authority Districts (December 2024) Boundaries UK BGC
M46,Atherton,E08000010,Wigan,representative_point_within,ONS Local Authority Districts (December 2024) Boundaries UK BGC
M5,Manchester,E08000006,Salford,representative_point_within,ONS Local Authority Districts (December 2024) Boundaries UK BGC
M50,Manchester,E08000006,Salford,representative_point_within,ONS Local Authority Districts (December 2024) Boundaries UK BGC
M6,Manchester,E08000006,Salford,representative_point_within,ONS Local Authority Districts (December 2024) Boundaries UK BGC
M7,Manchester,E08000006,Salford,representative_point_within,ONS Local Authority Districts (December 2024) Boundaries UK BGC
M8,Manchester,E08000003,Manchester,representative_point_within,ONS Local Authority Districts (December 2024) Boundaries UK BGC
M9,Manchester,E08000003,Manchester,representative_point_within,ONS Local Authority Districts (December 2024) Boundaries UK BGC
M90,Manchester Airport,E08000003,Manchester,representative_point_within,ONS Local Authority Districts (December 2024) Boundaries UK BGC
ME1,Rochester,E07000115,Tonbridge and Malling,representative_point_within,ONS Local Authority Districts (December 2024) Boundaries UK BGC
ME10,Sittingbourne,E07000113,Swale,representative_point_within,ONS Local Authority Districts (December 2024) Boundaries UK BGC
ME11,Queenborough,E07000113,Swale,representative_point_within,ONS Local Authority Districts (December 2024) Boundaries UK BGC
ME12,Sheerness,E07000113,Swale,representative_point_within,ONS Local Authority Districts (December 2024) Boundaries UK BGC
ME13,Eastling,E07000113,Swale,representative_point_within,ONS Local Authority Districts (December 2024) Boundaries UK BGC
ME14,Maidstone,E07000110,Maidstone,representative_point_within,ONS Local Authority Districts (December 2024) Boundaries UK BGC
ME15,Maidstone,E07000110,Maidstone,representative_point_within,ONS Local Authority Districts (December 2024) Boundaries UK BGC
ME16,Maidstone,E07000110,Maidstone,representative_point_within,ONS Local Authority Districts (December 2024) Boundaries UK BGC
ME17,Harrietsham,E07000110,Maidstone,representative_point_within,ONS Local Authority Districts (December 2024) Boundaries UK BGC
ME18,Wateringbury,E07000110,Maidstone,representative_point_within,ONS Local Authority Districts (December 2024) Boundaries UK BGC
ME19,Kings Hill,E07000115,Tonbridge and Malling,representative_point_within,ONS Local Authority Districts (December 2024) Boundaries UK BGC
ME2,Cuxton,E06000035,Medway,representative_point_within,ONS Local Authority Districts (December 2024) Boundaries UK BGC
ME20,Aylesford,E07000115,Tonbridge and Malling,representative_point_within,ONS Local Authority Districts (December 2024) Boundaries UK BGC
ME3,Grain,E06000035,Medway,representative_point_within,ONS Local Authority Districts (December 2024) Boundaries UK BGC
ME4,St Marys Island,E06000035,Medway,representative_point_within,ONS Local Authority Districts (December 2024) Boundaries UK BGC
ME5,Chatham,E06000035,Medway,representative_point_within,ONS Local Authority Districts (December 2024) Boundaries UK BGC
ME6,Snodland,E07000115,Tonbridge and Malling,representative_point_within,ONS Local Authority Districts (December 2024) Boundaries UK BGC
ME7,Gillingham,E06000035,Medway,representative_point_within,ONS Local Authority Districts (December 2024) Boundaries UK BGC
ME8,Rainham,E06000035,Medway,representative_point_within,ONS Local Authority Districts (December 2024) Boundaries UK BGC
ME9,Rodmersham,E07000113,Swale,representative_point_within,ONS Local Authority Districts (December 2024) Boundaries UK BGC
MK1,Milton Keynes,E06000042,Milton Keynes,representative_point_within,ONS Local Authority Districts (December 2024) Boundaries UK BGC
MK10,Milton Keynes,E06000042,Milton Keynes,representative_point_within,ONS Local Authority Districts (December 2024) Boundaries UK BGC
MK11,Milton Keynes,E06000042,Milton Keynes,representative_point_within,ONS Local Authority Districts (December 2024) Boundaries UK BGC
MK12,Milton Keynes,E06000042,Milton Keynes,representative_point_within,ONS Local Authority Districts (December 2024) Boundaries UK BGC
MK13,Milton Keynes,E06000042,Milton Keynes,representative_point_within,ONS Local Authority Districts (December 2024) Boundaries UK BGC
MK14,Milton Keynes,E06000042,Milton Keynes,representative_point_within,ONS Local Authority Districts (December 2024) Boundaries UK BGC
MK15,Milton Keynes,E06000042,Milton Keynes,representative_point_within,ONS Local Authority Districts (December 2024) Boundaries UK BGC
MK16,Milton Keynes,E06000042,Milton Keynes,representative_point_within,ONS Local Authority Districts (December 2024) Boundaries UK BGC
MK17,Newton Longville,E06000056,Central Bedfordshire,representative_point_within,ONS Local Authority Districts (December 2024) Boundaries UK BGC
MK18,Buckingham,E06000060,Buckinghamshire,representative_point_within,ONS Local Authority Districts (December 2024) Boundaries UK BGC
MK19,Deanshanger,E06000042,Milton Keynes,representative_point_within,ONS Local Authority Districts (December 2024) Boundaries UK BGC
MK2,Milton Keynes,E06000042,Milton Keynes,representative_point_within,ONS Local Authority Districts (December 2024) Boundaries UK BGC
MK3,Milton Keynes,E06000042,Milton Keynes,representative_point_within,ONS Local Authority Districts (December 2024) Boundaries UK BGC
MK4,Milton Keynes,E06000042,Milton Keynes,representative_point_within,ONS Local Authority Districts (December 2024) Boundaries UK BGC
MK40,Bedford,E06000055,Bedford,representative_point_within,ONS Local Authority Districts (December 2024) Boundaries UK BGC
MK41,Bedford,E06000055,Bedford,representative_point_within,ONS Local Authority Districts (December 2024) Boundaries UK BGC
MK42,Bedford,E06000055,Bedford,representative_point_within,ONS Local Authority Districts (December 2024) Boundaries UK BGC
MK43,Marston Moretaine,E06000055,Bedford,representative_point_within,ONS Local Authority Districts (December 2024) Boundaries UK BGC
MK44,Sharnbrook,E06000055,Bedford,representative_point_within,ONS Local Authority Districts (December 2024) Boundaries UK BGC
MK45,Flitwick,E06000056,Central Bedfordshire,representative_point_within,ONS Local Authority Districts (December 2024) Boundaries UK BGC
MK46,Olney,E06000042,Milton Keynes,representative_point_within,ONS Local Authority Districts (December 2024) Boundaries UK BGC
MK5,Milton Keynes,E06000042,Milton Keynes,representative_point_within,ONS Local Authority Districts (December 2024) Boundaries UK BGC
MK6,Milton Keynes,E06000042,Milton Keynes,representative_point_within,ONS Local Authority Districts (December 2024) Boundaries UK BGC
MK7,Milton Keynes,E06000042,Milton Keynes,representative_point_within,ONS Local Authority Districts (December 2024) Boundaries UK BGC
MK8,Milton Keynes,E06000042,Milton Keynes,representative_point_within,ONS Local Authority Districts (December 2024) Boundaries UK BGC
MK9,Milton Keynes,E06000042,Milton Keynes,representative_point_within,ONS Local Authority Districts (December 2024) Boundaries UK BGC
ML1,Motherwell,S12000050,North Lanarkshire,representative_point_within,ONS Local Authority Districts (December 2024) Boundaries UK BGC
ML10,Strathaven,S12000029,South Lanarkshire,representative_point_within,ONS Local Authority Districts (December 2024) Boundaries UK BGC
ML11,Lesmahagow,S12000029,South Lanarkshire,representative_point_within,ONS Local Authority Districts (December 2024) Boundaries UK BGC
ML12,Biggar,S12000029,South Lanarkshire,representative_point_within,ONS Local Authority Districts (December 2024) Boundaries UK BGC
ML2,Wishaw,S12000050,North Lanarkshire,representative_point_within,ONS Local Authority Districts (December 2024) Boundaries UK BGC
ML3,Hamilton,S12000029,South Lanarkshire,representative_point_within,ONS Local Authority Districts (December 2024) Boundaries UK BGC
ML4,Bellshill,S12000050,North Lanarkshire,representative_point_within,ONS Local Authority Districts (December 2024) Boundaries UK BGC
ML5,Coatbridge,S12000050,North Lanarkshire,representative_point_within,ONS Local Authority Districts (December 2024) Boundaries UK BGC
ML6,Airdrie,S12000050,North Lanarkshire,representative_point_within,ONS Local Authority Districts (December 2024) Boundaries UK BGC
ML7,Shotts,S12000050,North Lanarkshire,representative_point_within,ONS Local Authority Districts (December 2024) Boundaries UK BGC
ML8,Carluke,S12000029,South Lanarkshire,representative_point_within,ONS Local Authority Districts (December 2024) Boundaries UK BGC
ML9,Larkhall,S12000029,South Lanarkshire,representative_point_within,ONS Local Authority Districts (December 2024) Boundaries UK BGC
N1,London,E09000019,Islington,representative_point_within,ONS Local Authority Districts (December 2024) Boundaries UK BGC
N10,London,E09000014,Haringey,representative_point_within,ONS Local Authority Districts (December 2024) Boundaries UK BGC
N11,London,E09000003,Barnet,representative_point_within,ONS Local Authority Districts (December 2024) Boundaries UK BGC
N12,London,E09000003,Barnet,representative_point_within,ONS Local Authority Districts (December 2024) Boundaries UK BGC
N13,London,E09000010,Enfield,representative_point_within,ONS Local Authority Districts (December 2024) Boundaries UK BGC
N14,London,E09000010,Enfield,representative_point_within,ONS Local Authority Districts (December 2024) Boundaries UK BGC
N15,London,E09000014,Haringey,representative_point_within,ONS Local Authority Districts (December 2024) Boundaries UK BGC
N16,London,E09000012,Hackney,representative_point_within,ONS Local Authority Districts (December 2024) Boundaries UK BGC
N17,London,E09000014,Haringey,representative_point_within,ONS Local Authority Districts (December 2024) Boundaries UK BGC
N18,London,E09000010,Enfield,representative_point_within,ONS Local Authority Districts (December 2024) Boundaries UK BGC
N19,London,E09000019,Islington,representative_point_within,ONS Local Authority Districts (December 2024) Boundaries UK BGC
N1C,London,E09000007,Camden,representative_point_within,ONS Local Authority Districts (December 2024) Boundaries UK BGC
N2,London,E09000003,Barnet,representative_point_within,ONS Local Authority Districts (December 2024) Boundaries UK BGC
N20,London,E09000003,Barnet,representative_point_within,ONS Local Authority Districts (December 2024) Boundaries UK BGC
N21,London,E09000010,Enfield,representative_point_within,ONS Local Authority Districts (December 2024) Boundaries UK BGC
N22,London,E09000014,Haringey,representative_point_within,ONS Local Authority Districts (December 2024) Boundaries UK BGC
N3,London,E09000003,Barnet,representative_point_within,ONS Local Authority Districts (December 2024) Boundaries UK BGC
N4,London,E09000014,Haringey,representative_point_within,ONS Local Authority Districts (December 2024) Boundaries UK BGC
N5,London,E09000019,Islington,representative_point_within,ONS Local Authority Districts (December 2024) Boundaries UK BGC
N6,London,E09000014,Haringey,representative_point_within,ONS Local Authority Districts (December 2024) Boundaries UK BGC
N7,London,E09000019,Islington,representative_point_within,ONS Local Authority Districts (December 2024) Boundaries UK BGC
N8,London,E09000014,Haringey,representative_point_within,ONS Local Authority Districts (December 2024) Boundaries UK BGC
N9,London,E09000010,Enfield,representative_point_within,ONS Local Authority Districts (December 2024) Boundaries UK BGC
NE1,Newcastle Upon Tyne,E08000021,Newcastle upon Tyne,representative_point_within,ONS Local Authority Districts (December 2024) Boundaries UK BGC
NE10,Gateshead,E08000037,Gateshead,representative_point_within,ONS Local Authority Districts (December 2024) Boundaries UK BGC
NE11,Gateshead,E08000037,Gateshead,representative_point_within,ONS Local Authority Districts (December 2024) Boundaries UK BGC
NE12,Newcastle Upon Tyne,E08000022,North Tyneside,representative_point_within,ONS Local Authority Districts (December 2024) Boundaries UK BGC
NE13,Wideopen,E08000021,Newcastle upon Tyne,representative_point_within,ONS Local Authority Districts (December 2024) Boundaries UK BGC
NE15,Heddon-on-the-Wall,E06000057,Northumberland,representative_point_within,ONS Local Authority Districts (December 2024) Boundaries UK BGC
NE16,Whickham,E08000037,Gateshead,representative_point_within,ONS Local Authority Districts (December 2024) Boundaries UK BGC
NE17,Chopwell,E08000037,Gateshead,representative_point_within,ONS Local Authority Districts (December 2024) Boundaries UK BGC
NE18,Stamfordham,E06000057,Northumberland,representative_point_within,ONS Local Authority Districts (December 2024) Boundaries UK BGC
NE19,Otterburn,E06000057,Northumberland,representative_point_within,ONS Local Authority Districts (December 2024) Boundaries UK BGC
NE2,Newcastle Upon Tyne,E08000021,Newcastle upon Tyne,representative_point_within,ONS Local Authority Districts (December 2024) Boundaries UK BGC
NE20,Matfen,E06000057,Northumberland,representative_point_within,ONS Local Authority Districts (December 2024) Boundaries UK BGC
NE21,Blaydon,E08000037,Gateshead,representative_point_within,ONS Local Authority Districts (December 2024) Boundaries UK BGC
NE22,Bedlington,E06000057,Northumberland,representative_point_within,ONS Local Authority Districts (December 2024) Boundaries UK BGC
NE23,Cramlington,E06000057,Northumberland,representative_point_within,ONS Local Authority Districts (December 2024) Boundaries UK BGC
NE24,Blyth,E06000057,Northumberland,representative_point_within,ONS Local Authority Districts (December 2024) Boundaries UK BGC
NE25,Seaton Delaval,E06000057,Northumberland,representative_point_within,ONS Local Authority Districts (December 2024) Boundaries UK BGC
NE26,Whitley Bay,E08000022,North Tyneside,representative_point_within,ONS Local Authority Districts (December 2024) Boundaries UK BGC
NE27,The Allotment,E08000022,North Tyneside,representative_point_within,ONS Local Authority Districts (December 2024) Boundaries UK BGC
NE28,Newcastle Upon Tyne,E08000022,North Tyneside,representative_point_within,ONS Local Authority Districts (December 2024) Boundaries UK BGC
NE29,North Shields,E08000022,North Tyneside,representative_point_within,ONS Local Authority Districts (December 2024) Boundaries UK BGC
NE3,Newcastle Upon Tyne,E08000021,Newcastle upon Tyne,representative_point_within,ONS Local Authority Districts (December 2024) Boundaries UK BGC
NE30,North Shields,E08000022,North Tyneside,representative_point_within,ONS Local Authority Districts (December 2024) Boundaries UK BGC
NE31,Hebburn,E08000023,South Tyneside,representative_point_within,ONS Local Authority Districts (December 2024) Boundaries UK BGC
NE32,Jarrow,E08000023,South Tyneside,representative_point_within,ONS Local Authority Districts (December 2024) Boundaries UK BGC
NE33,South Shields,E08000023,South Tyneside,representative_point_within,ONS Local Authority Districts (December 2024) Boundaries UK BGC
NE34,South Shields,E08000023,South Tyneside,representative_point_within,ONS Local Authority Districts (December 2024) Boundaries UK BGC
NE35,Boldon,E08000023,South Tyneside,representative_point_within,ONS Local Authority Districts (December 2024) Boundaries UK BGC
NE36,Boldon,E08000023,South Tyneside,representative_point_within,ONS Local Authority Districts (December 2024) Boundaries UK BGC
NE37,Washington,E08000024,Sunderland,representative_point_within,ONS Local Authority Districts (December 2024) Boundaries UK BGC
NE38,Washington,E08000024,Sunderland,representative_point_within,ONS Local Authority Districts (December 2024) Boundaries UK BGC
NE39,Rowlands Gill,E08000037,Gateshead,representative_point_within,ONS Local Authority Districts (December 2024) Boundaries UK BGC
NE4,Newcastle Upon Tyne,E08000021,Newcastle upon Tyne,representative_point_within,ONS Local Authority Districts (December 2024) Boundaries UK BGC
NE40,Ryton,E08000037,Gateshead,representative_point_within,ONS Local Authority Districts (December 2024) Boundaries UK BGC
NE41,Wylam,E06000057,Northumberland,representative_point_within,ONS Local Authority Districts (December 2024) Boundaries UK BGC
NE42,Prudhoe,E06000057,Northumberland,representative_point_within,ONS Local Authority Districts (December 2024) Boundaries UK BGC
NE43,Painshawfield,E06000057,Northumberland,representative_point_within,ONS Local Authority Districts (December 2024) Boundaries UK BGC
NE44,Riding Mill,E06000057,Northumberland,representative_point_within,ONS Local Authority Districts (December 2024) Boundaries UK BGC
NE45,Corbridge,E06000057,Northumberland,representative_point_within,ONS Local Authority Districts (December 2024) Boundaries UK BGC
NE46,Hexham,E06000057,Northumberland,representative_point_within,ONS Local Authority Districts (December 2024) Boundaries UK BGC
NE47,Slaley,E06000057,Northumberland,representative_point_within,ONS Local Authority Districts (December 2024) Boundaries UK BGC
NE48,Kielder,E06000057,Northumberland,representative_point_within,ONS Local Authority Districts (December 2024) Boundaries UK BGC
NE49,Haltwhistle,E06000057,Northumberland,representative_point_within,ONS Local Authority Districts (December 2024) Boundaries UK BGC
NE5,Newcastle Upon Tyne,E08000021,Newcastle upon Tyne,representative_point_within,ONS Local Authority Districts (December 2024) Boundaries UK BGC
NE6,Newcastle Upon Tyne,E08000021,Newcastle upon Tyne,representative_point_within,ONS Local Authority Districts (December 2024) Boundaries UK BGC
NE61,Morpeth,E06000057,Northumberland,representative_point_within,ONS Local Authority Districts (December 2024) Boundaries UK BGC
NE62,Stakeford,E06000057,Northumberland,representative_point_within,ONS Local Authority Districts (December 2024) Boundaries UK BGC
NE63,Ashington,E06000057,Northumberland,representative_point_within,ONS Local Authority Districts (December 2024) Boundaries UK BGC
NE64,Newbiggin-by-the-Sea,E06000057,Northumberland,representative_point_within,ONS Local Authority Districts (December 2024) Boundaries UK BGC
NE65,Amble,E06000057,Northumberland,representative_point_within,ONS Local Authority Districts (December 2024) Boundaries UK BGC
NE66,Alnwick,E06000057,Northumberland,representative_point_within,ONS Local Authority Districts (December 2024) Boundaries UK BGC
NE67,Beadnell,E06000057,Northumberland,representative_point_within,ONS Local Authority Districts (December 2024) Boundaries UK BGC
NE68,Seahouses,E06000057,Northumberland,representative_point_within,ONS Local Authority Districts (December 2024) Boundaries UK BGC
NE69,Bamburgh,E06000057,Northumberland,representative_point_within,ONS Local Authority Districts (December 2024) Boundaries UK BGC
NE7,Newcastle Upon Tyne,E08000021,Newcastle upon Tyne,representative_point_within,ONS Local Authority Districts (December 2024) Boundaries UK BGC
NE70,Belford,E06000057,Northumberland,representative_point_within,ONS Local Authority Districts (December 2024) Boundaries UK BGC
NE71,Wooler,E06000057,Northumberland,representative_point_within,ONS Local Authority Districts (December 2024) Boundaries UK BGC
NE8,Gateshead,E08000037,Gateshead,representative_point_within,ONS Local Authority Districts (December 2024) Boundaries UK BGC
NE9,Gateshead,E08000037,Gateshead,representative_point_within,ONS Local Authority Districts (December 2024) Boundaries UK BGC
NG1,Nottingham,E06000018,Nottingham,representative_point_within,ONS Local Authority Districts (December 2024) Boundaries UK BGC
NG10,Long Eaton,E07000036,Erewash,representative_point_within,ONS Local Authority Districts (December 2024) Boundaries UK BGC
NG11,Gotham,E07000176,Rushcliffe,representative_point_within,ONS Local Authority Districts (December 2024) Boundaries UK BGC
NG12,Radcliffe on Trent,E07000176,Rushcliffe,representative_point_within,ONS Local Authority Districts (December 2024) Boundaries UK BGC
NG13,Bottesford,E07000176,Rushcliffe,representative_point_within,ONS Local Authority Districts (December 2024) Boundaries UK BGC
NG14,Burton Joyce,E07000175,Newark and Sherwood,representative_point_within,ONS Local Authority Districts (December 2024) Boundaries UK BGC
NG15,Newstead,E07000173,Gedling,representative_point_within,ONS Local Authority Districts (December 2024) Boundaries UK BGC
NG16,Kimberley,E07000172,Broxtowe,representative_point_within,ONS Local Authority Districts (December 2024) Boundaries UK BGC
NG17,Sutton in Ashfield,E07000170,Ashfield,representative_point_within,ONS Local Authority Districts (December 2024) Boundaries UK BGC
NG18,Mansfield,E07000174,Mansfield,representative_point_within,ONS Local Authority Districts (December 2024) Boundaries UK BGC
NG19,Mansfield,E07000174,Mansfield,representative_point_within,ONS Local Authority Districts (December 2024) Boundaries UK BGC
NG2,Nottingham,E07000176,Rushcliffe,representative_point_within,ONS Local Authority Districts (December 2024) Boundaries UK BGC
NG20,Market Warsop,E07000174,Mansfield,representative_point_within,ONS Local Authority Districts (December 2024) Boundaries UK BGC
NG21,Rainworth,E07000175,Newark and Sherwood,representative_point_within,ONS Local Authority Districts (December 2024) Boundaries UK BGC
NG22,Tuxford,E07000175,Newark and Sherwood,representative_point_within,ONS Local Authority Districts (December 2024) Boundaries UK BGC
NG23,Long Bennington,E07000175,Newark and Sherwood,representative_point_within,ONS Local Authority Districts (December 2024) Boundaries UK BGC
NG24,Newark-On-Trent,E07000175,Newark and Sherwood,representative_point_within,ONS Local Authority Districts (December 2024) Boundaries UK BGC
NG25,Southwell,E07000175,Newark and Sherwood,representative_point_within,ONS Local Authority Districts (December 2024) Boundaries UK BGC
NG3,Nottingham,E07000173,Gedling,representative_point_within,ONS Local Authority Districts (December 2024) Boundaries UK BGC
NG31,Grantham,E07000141,South Kesteven,representative_point_within,ONS Local Authority Districts (December 2024) Boundaries UK BGC
NG32,Barrowby,E07000141,South Kesteven,representative_point_within,ONS Local Authority Districts (December 2024) Boundaries UK BGC
NG33,Corby Glen,E07000141,South Kesteven,representative_point_within,ONS Local Authority Districts (December 2024) Boundaries UK BGC
NG34,Billingborough,E07000139,North Kesteven,representative_point_within,ONS Local Authority Districts (December 2024) Boundaries UK BGC
NG4,Nottingham,E07000173,Gedling,representative_point_within,ONS Local Authority Districts (December 2024) Boundaries UK BGC
NG5,Nottingham,E07000173,Gedling,representative_point_within,ONS Local Authority Districts (December 2024) Boundaries UK BGC
NG6,Nottingham,E06000018,Nottingham,representative_point_within,ONS Local Authority Districts (December 2024) Boundaries UK BGC
NG7,Nottingham,E06000018,Nottingham,representative_point_within,ONS Local Authority Districts (December 2024) Boundaries UK BGC
NG8,Nottingham,E06000018,Nottingham,representative_point_within,ONS Local Authority Districts (December 2024) Boundaries UK BGC
NG9,Nottingham,E07000172,Broxtowe,representative_point_within,ONS Local Authority Districts (December 2024) Boundaries UK BGC
NN1,Northampton,E06000062,West Northamptonshire,representative_point_within,ONS Local Authority Districts (December 2024) Boundaries UK BGC
NN10,Rushden,E06000061,North Northamptonshire,representative_point_within,ONS Local Authority Districts (December 2024) Boundaries UK BGC
NN11,Daventry,E06000062,West Northamptonshire,representative_point_within,ONS Local Authority Districts (December 2024) Boundaries UK BGC
NN12,Towcester,E06000062,West Northamptonshire,representative_point_within,ONS Local Authority Districts (December 2024) Boundaries UK BGC
NN13,Syresham,E06000062,West Northamptonshire,representative_point_within,ONS Local Authority Districts (December 2024) Boundaries UK BGC
NN14,Broughton,E06000061,North Northamptonshire,representative_point_within,ONS Local Authority Districts (December 2024) Boundaries UK BGC
NN15,Burton Latimer,E06000061,North Northamptonshire,representative_point_within,ONS Local Authority Districts (December 2024) Boundaries UK BGC
NN16,Kettering,E06000061,North Northamptonshire,representative_point_within,ONS Local Authority Districts (December 2024) Boundaries UK BGC
NN17,Corby,E06000061,North Northamptonshire,representative_point_within,ONS Local Authority Districts (December 2024) Boundaries UK BGC
NN18,Corby,E06000061,North Northamptonshire,representative_point_within,ONS Local Authority Districts (December 2024) Boundaries UK BGC
NN2,Northampton,E06000062,West Northamptonshire,representative_point_within,ONS Local Authority Districts (December 2024) Boundaries UK BGC
NN29,Wollaston,E06000055,Bedford,representative_point_within,ONS Local Authority Districts (December 2024) Boundaries UK BGC
NN3,Northampton,E06000062,West Northamptonshire,representative_point_within,ONS Local Authority Districts (December 2024) Boundaries UK BGC
NN4,Northampton,E06000062,West Northamptonshire,representative_point_within,ONS Local Authority Districts (December 2024) Boundaries UK BGC
NN5,Northampton,E06000062,West Northamptonshire,representative_point_within,ONS Local Authority Districts (December 2024) Boundaries UK BGC
NN6,Earls Barton,E06000062,West Northamptonshire,representative_point_within,ONS Local Authority Districts (December 2024) Boundaries UK BGC
NN7,Cogenhoe,E06000062,West Northamptonshire,representative_point_within,ONS Local Authority Districts (December 2024) Boundaries UK BGC
NN8,Wellingborough,E06000061,North Northamptonshire,representative_point_within,ONS Local Authority Districts (December 2024) Boundaries UK BGC
NN9,Irthlingborough,E06000061,North Northamptonshire,representative_point_within,ONS Local Authority Districts (December 2024) Boundaries UK BGC
NP10,Newport,W06000022,Newport,representative_point_within,ONS Local Authority Districts (December 2024) Boundaries UK BGC
NP11,Blackwood,W06000018,Caerphilly,representative_point_within,ONS Local Authority Districts (December 2024) Boundaries UK BGC
NP12,Blackwood,W06000018,Caerphilly,representative_point_within,ONS Local Authority Districts (December 2024) Boundaries UK BGC
NP13,Abertillery,W06000019,Blaenau Gwent,representative_point_within,ONS Local Authority Districts (December 2024) Boundaries UK BGC
NP15,Usk,W06000021,Monmouthshire,representative_point_within,ONS Local Authority Districts (December 2024) Boundaries UK BGC
NP16,Chepstow,W06000021,Monmouthshire,representative_point_within,ONS Local Authority Districts (December 2024) Boundaries UK BGC
NP18,Caerleon,W06000022,Newport,representative_point_within,ONS Local Authority Districts (December 2024) Boundaries UK BGC
NP19,Newport,W06000022,Newport,representative_point_within,ONS Local Authority Districts (December 2024) Boundaries UK BGC
NP20,Newport,W06000022,Newport,representative_point_within,ONS Local Authority Districts (December 2024) Boundaries UK BGC
NP22,Tredegar,W06000019,Blaenau Gwent,representative_point_within,ONS Local Authority Districts (December 2024) Boundaries UK BGC
NP23,Blaneau,W06000019,Blaenau Gwent,representative_point_within,ONS Local Authority Districts (December 2024) Boundaries UK BGC
NP24,New Tredegar,W06000018,Caerphilly,representative_point_within,ONS Local Authority Districts (December 2024) Boundaries UK BGC
NP25,Monmouth,W06000021,Monmouthshire,representative_point_within,ONS Local Authority Districts (December 2024) Boundaries UK BGC
NP26,Magor,W06000021,Monmouthshire,representative_point_within,ONS Local Authority Districts (December 2024) Boundaries UK BGC
NP4,Pontypool,W06000020,Torfaen,representative_point_within,ONS Local Authority Districts (December 2024) Boundaries UK BGC
NP44,Cwmbran,W06000020,Torfaen,representative_point_within,ONS Local Authority Districts (December 2024) Boundaries UK BGC
NP7,Gilwern,W06000021,Monmouthshire,representative_point_within,ONS Local Authority Districts (December 2024) Boundaries UK BGC
NP8,Crickhowell,W06000023,Powys,representative_point_within,ONS Local Authority Districts (December 2024) Boundaries UK BGC
NR1,Norwich,E07000148,Norwich,representative_point_within,ONS Local Authority Districts (December 2024) Boundaries UK BGC
NR10,Horsford,E07000144,Broadland,representative_point_within,ONS Local Authority Districts (December 2024) Boundaries UK BGC
NR11,Aylsham,E07000147,North Norfolk,representative_point_within,ONS Local Authority Districts (December 2024) Boundaries UK BGC
NR12,Bacton,E07000147,North Norfolk,representative_point_within,ONS Local Authority Districts (December 2024) Boundaries UK BGC
NR13,Acle,E07000144,Broadland,representative_point_within,ONS Local Authority Districts (December 2024) Boundaries UK BGC
NR14,Loddon,E07000149,South Norfolk,representative_point_within,ONS Local Authority Districts (December 2024) Boundaries UK BGC
NR15,Newton Flotman,E07000149,South Norfolk,representative_point_within,ONS Local Authority Districts (December 2024) Boundaries UK BGC
NR16,Forncett End,E07000149,South Norfolk,representative_point_within,ONS Local Authority Districts (December 2024) Boundaries UK BGC
NR17,Attleborough,E07000143,Breckland,representative_point_within,ONS Local Authority Districts (December 2024) Boundaries UK BGC
NR18,Wymondham,E07000149,South Norfolk,representative_point_within,ONS Local Authority Districts (December 2024) Boundaries UK BGC
NR19,Dereham,E07000143,Breckland,representative_point_within,ONS Local Authority Districts (December 2024) Boundaries UK BGC
NR2,Norwich,E07000148,Norwich,representative_point_within,ONS Local Authority Districts (December 2024) Boundaries UK BGC
NR20,Mattishall,E07000143,Breckland,representative_point_within,ONS Local Authority Districts (December 2024) Boundaries UK BGC
NR21,Little Snoring,E07000147,North Norfolk,representative_point_within,ONS Local Authority Districts (December 2024) Boundaries UK BGC
NR22,Little Walsingham,E07000147,North Norfolk,representative_point_within,ONS Local Authority Districts (December 2024) Boundaries UK BGC
NR23,Wells-next-the-Sea,E07000147,North Norfolk,representative_point_within,ONS Local Authority Districts (December 2024) Boundaries UK BGC
NR24,Briston,E07000147,North Norfolk,representative_point_within,ONS Local Authority Districts (December 2024) Boundaries UK BGC
NR25,Holt,E07000147,North Norfolk,representative_point_within,ONS Local Authority Districts (December 2024) Boundaries UK BGC
NR26,Sheringham,E07000147,North Norfolk,representative_point_within,ONS Local Authority Districts (December 2024) Boundaries UK BGC
NR27,Cromer,E07000147,North Norfolk,representative_point_within,ONS Local Authority Districts (December 2024) Boundaries UK BGC
NR28,North Walsham,E07000147,North Norfolk,representative_point_within,ONS Local Authority Districts (December 2024) Boundaries UK BGC
NR29,Ormesby,E07000145,Great Yarmouth,representative_point_within,ONS Local Authority Districts (December 2024) Boundaries UK BGC
NR3,Norwich,E07000148,Norwich,representative_point_within,ONS Local Authority Districts (December 2024) Boundaries UK BGC
NR30,Great Yarmouth,E07000144,Broadland,representative_point_within,ONS Local Authority Districts (December 2024) Boundaries UK BGC
NR31,Great Yarmouth,E07000145,Great Yarmouth,representative_point_within,ONS Local Authority Districts (December 2024) Boundaries UK BGC
NR32,Lowestoft,E07000244,East Suffolk,representative_point_within,ONS Local Authority Districts (December 2024) Boundaries UK BGC
NR33,Lowestoft,E07000244,East Suffolk,representative_point_within,ONS Local Authority Districts (December 2024) Boundaries UK BGC
NR34,Geldeston,E07000244,East Suffolk,representative_point_within,ONS Local Authority Districts (December 2024) Boundaries UK BGC
NR35,Bungay,E07000149,South Norfolk,representative_point_within,ONS Local Authority Districts (December 2024) Boundaries UK BGC
NR4,Norwich,E07000148,Norwich,representative_point_within,ONS Local Authority Districts (December 2024) Boundaries UK BGC
NR5,Norwich,E07000148,Norwich,representative_point_within,ONS Local Authority Districts (December 2024) Boundaries UK BGC
NR6,Norwich,E07000144,Broadland,representative_point_within,ONS Local Authority Districts (December 2024) Boundaries UK BGC
NR7,Norwich,E07000144,Broadland,representative_point_within,ONS Local Authority Districts (December 2024) Boundaries UK BGC
NR8,Costessey,E07000149,South Norfolk,representative_point_within,ONS Local Authority Districts (December 2024) Boundaries UK BGC
NR9,Hethersett,E07000144,Broadland,representative_point_within,ONS Local Authority Districts (December 2024) Boundaries UK BGC
NW1,London,E09000007,Camden,representative_point_within,ONS Local Authority Districts (December 2024) Boundaries UK BGC
NW10,London,E09000005,Brent,representative_point_within,ONS Local Authority Districts (December 2024) Boundaries UK BGC
NW11,London,E09000003,Barnet,representative_point_within,ONS Local Authority Districts (December 2024) Boundaries UK BGC
NW2,London,E09000005,Brent,representative_point_within,ONS Local Authority Districts (December 2024) Boundaries UK BGC
NW3,London,E09000007,Camden,representative_point_within,ONS Local Authority Districts (December 2024) Boundaries UK BGC
NW4,London,E09000003,Barnet,representative_point_within,ONS Local Authority Districts (December 2024) Boundaries UK BGC
NW5,London,E09000007,Camden,representative_point_within,ONS Local Authority Districts (December 2024) Boundaries UK BGC
NW6,London,E09000005,Brent,representative_point_within,ONS Local Authority Districts (December 2024) Boundaries UK BGC
NW7,London,E09000003,Barnet,representative_point_within,ONS Local Authority Districts (December 2024) Boundaries UK BGC
NW8,London,E09000033,Westminster,representative_point_within,ONS Local Authority Districts (December 2024) Boundaries UK BGC
NW9,London,E09000005,Brent,representative_point_within,ONS Local Authority Districts (December 2024) Boundaries UK BGC
OL1,Oldham,E08000004,Oldham,representative_point_within,ONS Local Authority Districts (December 2024) Boundaries UK BGC
OL10,Heywood,E08000005,Rochdale,representative_point_within,ONS Local Authority Districts (December 2024) Boundaries UK BGC
OL11,Rochdale,E08000005,Rochdale,representative_point_within,ONS Local Authority Districts (December 2024) Boundaries UK BGC
OL12,Rochdale,E07000125,Rossendale,representative_point_within,ONS Local Authority Districts (December 2024) Boundaries UK BGC
OL13,Bacup,E07000125,Rossendale,representative_point_within,ONS Local Authority Districts (December 2024) Boundaries UK BGC
OL14,Todmorden,E08000033,Calderdale,representative_point_within,ONS Local Authority Districts (December 2024) Boundaries UK BGC
OL15,Smithy Bridge,E08000005,Rochdale,representative_point_within,ONS Local Authority Districts (December 2024) Boundaries UK BGC
OL16,Rochdale,E08000005,Rochdale,representative_point_within,ONS Local Authority Districts (December 2024) Boundaries UK BGC
OL2,Oldham,E08000004,Oldham,representative_point_within,ONS Local Authority Districts (December 2024) Boundaries UK BGC
OL3,Uppermill,E08000004,Oldham,representative_point_within,ONS Local Authority Districts (December 2024) Boundaries UK BGC
OL4,Oldham,E08000004,Oldham,representative_point_within,ONS Local Authority Districts (December 2024) Boundaries UK BGC
OL5,Mossley,E08000008,Tameside,representative_point_within,ONS Local Authority Districts (December 2024) Boundaries UK BGC
OL6,Ashton,E08000008,Tameside,representative_point_within,ONS Local Authority Districts (December 2024) Boundaries UK BGC
OL7,Ashton,E08000008,Tameside,representative_point_within,ONS Local Authority Districts (December 2024) Boundaries UK BGC
OL8,Oldham,E08000004,Oldham,representative_point_within,ONS Local Authority Districts (December 2024) Boundaries UK BGC
OL9,Oldham,E08000004,Oldham,representative_point_within,ONS Local Authority Districts (December 2024) Boundaries UK BGC
OX1,Oxford,E07000180,Vale of White Horse,representative_point_within,ONS Local Authority Districts (December 2024) Boundaries UK BGC
OX10,Wallingford,E07000179,South Oxfordshire,representative_point_within,ONS Local Authority Districts (December 2024) Boundaries UK BGC
OX11,Harwell,E07000180,Vale of White Horse,representative_point_within,ONS Local Authority Districts (December 2024) Boundaries UK BGC
OX12,Grove,E07000180,Vale of White Horse,representative_point_within,ONS Local Authority Districts (December 2024) Boundaries UK BGC
OX13,Kingston Pagpuize,E07000180,Vale of White Horse,representative_point_within,ONS Local Authority Districts (December 2024) Boundaries UK BGC
OX14,Abingdon,E07000179,South Oxfordshire,representative_point_within,ONS Local Authority Districts (December 2024) Boundaries UK BGC
OX15,Deddington,E07000177,Cherwell,representative_point_within,ONS Local Authority Districts (December 2024) Boundaries UK BGC
OX16,Banbury,E07000177,Cherwell,representative_point_within,ONS Local Authority Districts (December 2024) Boundaries UK BGC
OX17,Cropredy,E06000062,West Northamptonshire,representative_point_within,ONS Local Authority Districts (December 2024) Boundaries UK BGC
OX18,Carterton,E07000181,West Oxfordshire,representative_point_within,ONS Local Authority Districts (December 2024) Boundaries UK BGC
OX2,Oxford,E07000180,Vale of White Horse,representative_point_within,ONS Local Authority Districts (December 2024) Boundaries UK BGC
OX20,Woodstock,E07000181,West Oxfordshire,representative_point_within,ONS Local Authority Districts (December 2024) Boundaries UK BGC
OX25,Arncott,E07000177,Cherwell,representative_point_within,ONS Local Authority Districts (December 2024) Boundaries UK BGC
OX26,Chesterton,E07000177,Cherwell,representative_point_within,ONS Local Authority Districts (December 2024) Boundaries UK BGC
OX27,Marsh Gibbon,E07000177,Cherwell,representative_point_within,ONS Local Authority Districts (December 2024) Boundaries UK BGC
OX28,Witney,E07000181,West Oxfordshire,representative_point_within,ONS Local Authority Districts (December 2024) Boundaries UK BGC
OX29,Minster Lovell,E07000181,West Oxfordshire,representative_point_within,ONS Local Authority Districts (December 2024) Boundaries UK BGC
OX3,Oxford,E07000179,South Oxfordshire,representative_point_within,ONS Local Authority Districts (December 2024) Boundaries UK BGC
OX33,Wheatley,E07000179,South Oxfordshire,representative_point_within,ONS Local Authority Districts (December 2024) Boundaries UK BGC
OX39,Chinnor,E07000179,South Oxfordshire,representative_point_within,ONS Local Authority Districts (December 2024) Boundaries UK BGC
OX4,Oxford,E07000178,Oxford,representative_point_within,ONS Local Authority Districts (December 2024) Boundaries UK BGC
OX44,Chalgrove,E07000179,South Oxfordshire,representative_point_within,ONS Local Authority Districts (December 2024) Boundaries UK BGC
OX49,Watlington,E07000179,South Oxfordshire,representative_point_within,ONS Local Authority Districts (December 2024) Boundaries UK BGC
OX5,Kidlington,E07000177,Cherwell,representative_point_within,ONS Local Authority Districts (December 2024) Boundaries UK BGC
OX7,Charlbury,E07000181,West Oxfordshire,representative_point_within,ONS Local Authority Districts (December 2024) Boundaries UK BGC
OX9,Thame,E07000179,South Oxfordshire,representative_point_within,ONS Local Authority Districts (December 2024) Boundaries UK BGC
PA1,Paisley,S12000038,Renfrewshire,representative_point_within,ONS Local Authority Districts (December 2024) Boundaries UK BGC
PA10,Johnstone,S12000038,Renfrewshire,representative_point_within,ONS Local Authority Districts (December 2024) Boundaries UK BGC
PA11,Bridge Of Weir,S12000038,Renfrewshire,representative_point_within,ONS Local Authority Districts (December 2024) Boundaries UK BGC
PA12,Lochwinnoch,S12000038,Renfrewshire,representative_point_within,ONS Local Authority Districts (December 2024) Boundaries UK BGC
PA13,Kilmacolm,S12000018,Inverclyde,representative_point_within,ONS Local Authority Districts (December 2024) Boundaries UK BGC
PA14,Port Glasgow,S12000038,Renfrewshire,representative_point_within,ONS Local Authority Districts (December 2024) Boundaries UK BGC
PA15,Greenock,S12000018,Inverclyde,representative_point_within,ONS Local Authority Districts (December 2024) Boundaries UK BGC
PA16,Greenock,S12000018,Inverclyde,representative_point_within,ONS Local Authority Districts (December 2024) Boundaries UK BGC
PA17,Skelmorlie,S12000021,North Ayrshire,representative_point_within,ONS Local Authority Districts (December 2024) Boundaries UK BGC
PA18,Wemyss Bay,S12000018,Inverclyde,representative_point_within,ONS Local Authority Districts (December 2024) Boundaries UK BGC
PA19,Greenock,S12000018,Inverclyde,representative_point_within,ONS Local Authority Districts (December 2024) Boundaries UK BGC
PA2,Paisley,S12000038,Renfrewshire,representative_point_within,ONS Local Authority Districts (December 2024) Boundaries UK BGC
PA20,Rothesay,S12000035,Argyll and Bute,representative_point_within,ONS Local Authority Districts (December 2024) Boundaries UK BGC
PA21,Tighnabruaich,S12000035,Argyll and Bute,representative_point_within,ONS Local Authority Districts (December 2024) Boundaries UK BGC
PA22,Clachan of Glendaruel,S12000035,Argyll and Bute,representative_point_within,ONS Local Authority Districts (December 2024) Boundaries UK BGC
PA23,Dunoon,S12000035,Argyll and Bute,representative_point_within,ONS Local Authority Districts (December 2024) Boundaries UK BGC
PA24,Lochgoilhead,S12000035,Argyll and Bute,representative_point_within,ONS Local Authority Districts (December 2024) Boundaries UK BGC
PA25,Ardnagowan,S12000035,Argyll and Bute,representative_point_within,ONS Local Authority Districts (December 2024) Boundaries UK BGC
PA26,Cairndow,S12000035,Argyll and Bute,representative_point_within,ONS Local Authority Districts (December 2024) Boundaries UK BGC
PA27,Strachur,S12000035,Argyll and Bute,representative_point_within,ONS Local Authority Districts (December 2024) Boundaries UK BGC
PA28,Campbeltown,S12000035,Argyll and Bute,representative_point_within,ONS Local Authority Districts (December 2024) Boundaries UK BGC
PA29,Tarbert,S12000035,Argyll and Bute,representative_point_within,ONS Local Authority Districts (December 2024) Boundaries UK BGC
PA3,Paisley,S12000038,Renfrewshire,representative_point_within,ONS Local Authority Districts (December 2024) Boundaries UK BGC
PA30,Ardrishaig,S12000035,Argyll and Bute,representative_point_within,ONS Local Authority Districts (December 2024) Boundaries UK BGC
PA31,Lochgilphead,S12000035,Argyll and Bute,representative_point_within,ONS Local Authority Districts (December 2024) Boundaries UK BGC
PA32,Inveraray,S12000035,Argyll and Bute,representative_point_within,ONS Local Authority Districts (December 2024) Boundaries UK BGC
PA33,Dalmally,S12000035,Argyll and Bute,representative_point_within,ONS Local Authority Districts (December 2024) Boundaries UK BGC
PA34,Oban,S12000035,Argyll and Bute,representative_point_within,ONS Local Authority Districts (December 2024) Boundaries UK BGC
PA35,Taynuilt,S12000035,Argyll and Bute,representative_point_within,ONS Local Authority Districts (December 2024) Boundaries UK BGC
PA36,Bridge Of Orchy,S12000035,Argyll and Bute,representative_point_within,ONS Local Authority Districts (December 2024) Boundaries UK BGC
PA37,Dunbeg,S12000035,Argyll and Bute,representative_point_within,ONS Local Authority Districts (December 2024) Boundaries UK BGC
PA38,Port Appin,S12000017,Highland,representative_point_within,ONS Local Authority Districts (December 2024) Boundaries UK BGC
PA4,Renfrew,S12000038,Renfrewshire,representative_point_within,ONS Local Authority Districts (December 2024) Boundaries UK BGC
PA41,Ardminish,S12000035,Argyll and Bute,representative_point_within,ONS Local Authority Districts (December 2024) Boundaries UK BGC
PA42,Port Ellen,S12000035,Argyll and Bute,representative_point_within,ONS Local Authority Districts (December 2024) Boundaries UK BGC
PA43,Bowmore,S12000035,Argyll and Bute,representative_point_within,ONS Local Authority Districts (December 2024) Boundaries UK BGC
PA44,Ballinaby,S12000035,Argyll and Bute,representative_point_within,ONS Local Authority Districts (December 2024) Boundaries UK BGC
PA45,Ballygrant,S12000035,Argyll and Bute,representative_point_within,ONS Local Authority Districts (December 2024) Boundaries UK BGC
PA46,Bunnahabhain,S12000035,Argyll and Bute,representative_point_within,ONS Local Authority Districts (December 2024) Boundaries UK BGC
PA47,Portnahaven,S12000035,Argyll and Bute,representative_point_within,ONS Local Authority Districts (December 2024) Boundaries UK BGC
PA48,Port Charlotte,S12000035,Argyll and Bute,representative_point_within,ONS Local Authority Districts (December 2024) Boundaries UK BGC
PA49,Bruichladdich,S12000035,Argyll and Bute,representative_point_within,ONS Local Authority Districts (December 2024) Boundaries UK BGC
PA5,Johnstone,S12000038,Renfrewshire,representative_point_within,ONS Local Authority Districts (December 2024) Boundaries UK BGC
PA6,Houston,S12000038,Renfrewshire,representative_point_within,ONS Local Authority Districts (December 2024) Boundaries UK BGC
PA60,Craighouse,S12000035,Argyll and Bute,representative_point_within,ONS Local Authority Districts (December 2024) Boundaries UK BGC
PA61,Oronsay Farm,S12000035,Argyll and Bute,representative_point_within,ONS Local Authority Districts (December 2024) Boundaries UK BGC
PA62,,S12000035,Argyll and Bute,representative_point_within,ONS Local Authority Districts (December 2024) Boundaries UK BGC
PA63,,S12000035,Argyll and Bute,representative_point_within,ONS Local Authority Districts (December 2024) Boundaries UK BGC
PA64,Lochdon,S12000035,Argyll and Bute,representative_point_within,ONS Local Authority Districts (December 2024) Boundaries UK BGC
PA65,Craignure,S12000035,Argyll and Bute,representative_point_within,ONS Local Authority Districts (December 2024) Boundaries UK BGC
PA66,Fionnphort,S12000035,Argyll and Bute,representative_point_within,ONS Local Authority Districts (December 2024) Boundaries UK BGC
PA67,Bunessan,S12000035,Argyll and Bute,representative_point_within,ONS Local Authority Districts (December 2024) Boundaries UK BGC
PA68,,S12000035,Argyll and Bute,representative_point_within,ONS Local Authority Districts (December 2024) Boundaries UK BGC
PA69,,S12000035,Argyll and Bute,representative_point_within,ONS Local Authority Districts (December 2024) Boundaries UK BGC
PA7,Bishopton,S12000038,Renfrewshire,representative_point_within,ONS Local Authority Districts (December 2024) Boundaries UK BGC
PA70,,S12000035,Argyll and Bute,representative_point_within,ONS Local Authority Districts (December 2024) Boundaries UK BGC
PA71,Knock,S12000035,Argyll and Bute,representative_point_within,ONS Local Authority Districts (December 2024) Boundaries UK BGC
PA72,Salen,S12000035,Argyll and Bute,representative_point_within,ONS Local Authority Districts (December 2024) Boundaries UK BGC
PA73,Fanmore,S12000035,Argyll and Bute,representative_point_within,ONS Local Authority Districts (December 2024) Boundaries UK BGC
PA74,,S12000035,Argyll and Bute,representative_point_within,ONS Local Authority Districts (December 2024) Boundaries UK BGC
PA75,Tobermory,S12000035,Argyll and Bute,representative_point_within,ONS Local Authority Districts (December 2024) Boundaries UK BGC
PA76,Iona,S12000035,Argyll and Bute,representative_point_within,ONS Local Authority Districts (December 2024) Boundaries UK BGC
PA77,Hynish,S12000035,Argyll and Bute,representative_point_within,ONS Local Authority Districts (December 2024) Boundaries UK BGC
PA78,Arinagour,S12000035,Argyll and Bute,representative_point_within,ONS Local Authority Districts (December 2024) Boundaries UK BGC
PA8,Erskine,S12000038,Renfrewshire,representative_point_within,ONS Local Authority Districts (December 2024) Boundaries UK BGC
PA80,Lochaline,S12000017,Highland,representative_point_within,ONS Local Authority Districts (December 2024) Boundaries UK BGC
PA9,Howwood,S12000038,Renfrewshire,representative_point_within,ONS Local Authority Districts (December 2024) Boundaries UK BGC
PE1,Peterborough,E06000031,Peterborough,representative_point_within,ONS Local Authority Districts (December 2024) Boundaries UK BGC
PE10,Bourne,E07000141,South Kesteven,representative_point_within,ONS Local Authority Districts (December 2024) Boundaries UK BGC
PE11,Spalding,E07000140,South Holland,representative_point_within,ONS Local Authority Districts (December 2024) Boundaries UK BGC
PE12,Sutton St James,E07000140,South Holland,representative_point_within,ONS Local Authority Districts (December 2024) Boundaries UK BGC
PE13,Wisbech,E07000010,Fenland,representative_point_within,ONS Local Authority Districts (December 2024) Boundaries UK BGC
PE14,Elm,E07000146,King's Lynn and West Norfolk,representative_point_within,ONS Local Authority Districts (December 2024) Boundaries UK BGC
PE15,Wimblington,E07000010,Fenland,representative_point_within,ONS Local Authority Districts (December 2024) Boundaries UK BGC
PE16,Chatteris,E07000010,Fenland,representative_point_within,ONS Local Authority Districts (December 2024) Boundaries UK BGC
PE19,St Neots,E07000011,Huntingdonshire,representative_point_within,ONS Local Authority Districts (December 2024) Boundaries UK BGC
PE2,Peterborough,E06000031,Peterborough,representative_point_within,ONS Local Authority Districts (December 2024) Boundaries UK BGC
PE20,Kirton,E07000136,Boston,representative_point_within,ONS Local Authority Districts (December 2024) Boundaries UK BGC
PE21,Boston,E07000136,Boston,representative_point_within,ONS Local Authority Districts (December 2024) Boundaries UK BGC
PE22,Sibsey,E07000136,Boston,representative_point_within,ONS Local Authority Districts (December 2024) Boundaries UK BGC
PE23,Old Bolingbroke,E07000137,East Lindsey,representative_point_within,ONS Local Authority Districts (December 2024) Boundaries UK BGC
PE24,Wainfleet All Saints,E07000137,East Lindsey,representative_point_within,ONS Local Authority Districts (December 2024) Boundaries UK BGC
PE25,Skegness,E07000137,East Lindsey,representative_point_within,ONS Local Authority Districts (December 2024) Boundaries UK BGC
PE26,Ramsey,E07000011,Huntingdonshire,representative_point_within,ONS Local Authority Districts (December 2024) Boundaries UK BGC
PE27,St Ives,E07000011,Huntingdonshire,representative_point_within,ONS Local Authority Districts (December 2024) Boundaries UK BGC
PE28,Kimbolton,E07000011,Huntingdonshire,representative_point_within,ONS Local Authority Districts (December 2024) Boundaries UK BGC
PE29,Huntingdon,E07000011,Huntingdonshire,representative_point_within,ONS Local Authority Districts (December 2024) Boundaries UK BGC
PE3,Peterborough,E06000031,Peterborough,representative_point_within,ONS Local Authority Districts (December 2024) Boundaries UK BGC
PE30,King's Lynn,E07000146,King's Lynn and West Norfolk,representative_point_within,ONS Local Authority Districts (December 2024) Boundaries UK BGC
PE31,Dersingham,E07000146,King's Lynn and West Norfolk,representative_point_within,ONS Local Authority Districts (December 2024) Boundaries UK BGC
PE32,Gayton,E07000146,King's Lynn and West Norfolk,representative_point_within,ONS Local Authority Districts (December 2024) Boundaries UK BGC
PE33,West Winch,E07000146,King's Lynn and West Norfolk,representative_point_within,ONS Local Authority Districts (December 2024) Boundaries UK BGC
PE34,West Lynn,E07000146,King's Lynn and West Norfolk,representative_point_within,ONS Local Authority Districts (December 2024) Boundaries UK BGC
PE35,Sandringham,E07000146,King's Lynn and West Norfolk,representative_point_within,ONS Local Authority Districts (December 2024) Boundaries UK BGC
PE36,Hunstanton,E07000146,King's Lynn and West Norfolk,representative_point_within,ONS Local Authority Districts (December 2024) Boundaries UK BGC
PE37,Swaffham,E07000143,Breckland,representative_point_within,ONS Local Authority Districts (December 2024) Boundaries UK BGC
PE38,Hilgay,E07000146,King's Lynn and West Norfolk,representative_point_within,ONS Local Authority Districts (December 2024) Boundaries UK BGC
PE4,Peterborough,E06000031,Peterborough,representative_point_within,ONS Local Authority Districts (December 2024) Boundaries UK BGC
PE5,Castor,E06000031,Peterborough,representative_point_within,ONS Local Authority Districts (December 2024) Boundaries UK BGC
PE6,Crowland,E06000031,Peterborough,representative_point_within,ONS Local Authority Districts (December 2024) Boundaries UK BGC
PE7,Peterborough,E07000011,Huntingdonshire,representative_point_within,ONS Local Authority Districts (December 2024) Boundaries UK BGC
PE8,Oundle,E06000061,North Northamptonshire,representative_point_within,ONS Local Authority Districts (December 2024) Boundaries UK BGC
PE9,Stamford,E07000141,South Kesteven,representative_point_within,ONS Local Authority Districts (December 2024) Boundaries UK BGC
PH1,Perth,S12000048,Perth and Kinross,representative_point_within,ONS Local Authority Districts (December 2024) Boundaries UK BGC
PH10,Blairgowrie,S12000048,Perth and Kinross,representative_point_within,ONS Local Authority Districts (December 2024) Boundaries UK BGC
PH11,Alyth,S12000041,Angus,representative_point_within,ONS Local Authority Districts (December 2024) Boundaries UK BGC
PH12,Newtyle,S12000048,Perth and Kinross,representative_point_within,ONS Local Authority Districts (December 2024) Boundaries UK BGC
PH13,Coupar Angus,S12000048,Perth and Kinross,representative_point_within,ONS Local Authority Districts (December 2024) Boundaries UK BGC
PH14,Inchture,S12000048,Perth and Kinross,representative_point_within,ONS Local Authority Districts (December 2024) Boundaries UK BGC
PH15,Aberfeldy,S12000048,Perth and Kinross,representative_point_within,ONS Local Authority Districts (December 2024) Boundaries UK BGC
PH16,Pitlochry,S12000048,Perth and Kinross,representative_point_within,ONS Local Authority Districts (December 2024) Boundaries UK BGC
PH17,Rannoch School,S12000048,Perth and Kinross,representative_point_within,ONS Local Authority Districts (December 2024) Boundaries UK BGC
PH18,Blair Atholl,S12000048,Perth and Kinross,representative_point_within,ONS Local Authority Districts (December 2024) Boundaries UK BGC
PH19,Dalwhinnie,S12000017,Highland,representative_point_within,ONS Local Authority Districts (December 2024) Boundaries UK BGC
PH2,Perth,S12000048,Perth and Kinross,representative_point_within,ONS Local Authority Districts (December 2024) Boundaries UK BGC
PH20,Newtonmore,S12000017,Highland,representative_point_within,ONS Local Authority Districts (December 2024) Boundaries UK BGC
PH21,Kingussie,S12000017,Highland,representative_point_within,ONS Local Authority Districts (December 2024) Boundaries UK BGC
PH22,Aviemore,S12000017,Highland,representative_point_within,ONS Local Authority Districts (December 2024) Boundaries UK BGC
PH23,Carrbridge,S12000017,Highland,representative_point_within,ONS Local Authority Districts (December 2024) Boundaries UK BGC
PH24,Boat of Garten,S12000017,Highland,representative_point_within,ONS Local Authority Districts (December 2024) Boundaries UK BGC
PH25,Nethy Bridge,S12000017,Highland,representative_point_within,ONS Local Authority Districts (December 2024) Boundaries UK BGC
PH26,Grantown-on-Spey,S12000017,Highland,representative_point_within,ONS Local Authority Districts (December 2024) Boundaries UK BGC
PH3,Auchterarder,S12000048,Perth and Kinross,representative_point_within,ONS Local Authority Districts (December 2024) Boundaries UK BGC
PH30,Corrour Shooting Lodge,S12000017,Highland,representative_point_within,ONS Local Authority Districts (December 2024) Boundaries UK BGC
PH31,Roybridge,S12000017,Highland,representative_point_within,ONS Local Authority Districts (December 2024) Boundaries UK BGC
PH32,Fort Augustus,S12000017,Highland,representative_point_within,ONS Local Authority Districts (December 2024) Boundaries UK BGC
PH33,Fort William,S12000017,Highland,representative_point_within,ONS Local Authority Districts (December 2024) Boundaries UK BGC
PH34,Spean Bridge,S12000017,Highland,representative_point_within,ONS Local Authority Districts (December 2024) Boundaries UK BGC
PH35,Invergarry,S12000017,Highland,representative_point_within,ONS Local Authority Districts (December 2024) Boundaries UK BGC
PH36,Strontian,S12000017,Highland,representative_point_within,ONS Local Authority Districts (December 2024) Boundaries UK BGC
PH37,Polloch,S12000017,Highland,representative_point_within,ONS Local Authority Districts (December 2024) Boundaries UK BGC
PH38,,S12000017,Highland,representative_point_within,ONS Local Authority Districts (December 2024) Boundaries UK BGC
PH39,Arisaig,S12000017,Highland,representative_point_within,ONS Local Authority Districts (December 2024) Boundaries UK BGC
PH4,Blackford,S12000048,Perth and Kinross,representative_point_within,ONS Local Authority Districts (December 2024) Boundaries UK BGC
PH40,Morar,S12000017,Highland,representative_point_within,ONS Local Authority Districts (December 2024) Boundaries UK BGC
PH41,Mallaig,S12000017,Highland,representative_point_within,ONS Local Authority Districts (December 2024) Boundaries UK BGC
PH42,,S12000017,Highland,representative_point_within,ONS Local Authority Districts (December 2024) Boundaries UK BGC
PH43,Kinloch,S12000017,Highland,representative_point_within,ONS Local Authority Districts (December 2024) Boundaries UK BGC
PH44,A' Chill,S12000017,Highland,representative_point_within,ONS Local Authority Districts (December 2024) Boundaries UK BGC
PH49,Ballachulish,S12000017,Highland,representative_point_within,ONS Local Authority Districts (December 2024) Boundaries UK BGC
PH5,Muthill,S12000048,Perth and Kinross,representative_point_within,ONS Local Authority Districts (December 2024) Boundaries UK BGC
PH50,Kinlochleven,S12000017,Highland,representative_point_within,ONS Local Authority Districts (December 2024) Boundaries UK BGC
PH6,Comrie,S12000048,Perth and Kinross,representative_point_within,ONS Local Authority Districts (December 2024) Boundaries UK BGC
PH7,Crieff,S12000048,Perth and Kinross,representative_point_within,ONS Local Authority Districts (December 2024) Boundaries UK BGC
PH8,Birnam,S12000048,Perth and Kinross,representative_point_within,ONS Local Authority Districts (December 2024) Boundaries UK BGC
PH9,Ballinluig,S12000048,Perth and Kinross,representative_point_within,ONS Local Authority Districts (December 2024) Boundaries UK BGC
PL1,Plymouth,E06000026,Plymouth,representative_point_within,ONS Local Authority Districts (December 2024) Boundaries UK BGC
PL10,Millbrook,E06000052,Cornwall,representative_point_within,ONS Local Authority Districts (December 2024) Boundaries UK BGC
PL11,Torpoint,E06000052,Cornwall,representative_point_within,ONS Local Authority Districts (December 2024) Boundaries UK BGC
PL12,Saltash,E06000052,Cornwall,representative_point_within,ONS Local Authority Districts (December 2024) Boundaries UK BGC
PL13,Looe,E06000052,Cornwall,representative_point_within,ONS Local Authority Districts (December 2024) Boundaries UK BGC
PL14,Liskeard,E06000052,Cornwall,representative_point_within,ONS Local Authority Districts (December 2024) Boundaries UK BGC
PL15,Launceston,E06000052,Cornwall,representative_point_within,ONS Local Authority Districts (December 2024) Boundaries UK BGC
PL16,Lifton,E07000047,West Devon,representative_point_within,ONS Local Authority Districts (December 2024) Boundaries UK BGC
PL17,Callington,E06000052,Cornwall,representative_point_within,ONS Local Authority Districts (December 2024) Boundaries UK BGC
PL18,Albaston,E06000052,Cornwall,representative_point_within,ONS Local Authority Districts (December 2024) Boundaries UK BGC
PL19,Tavistock,E07000047,West Devon,representative_point_within,ONS Local Authority Districts (December 2024) Boundaries UK BGC
PL2,Plymouth,E06000026,Plymouth,representative_point_within,ONS Local Authority Districts (December 2024) Boundaries UK BGC
PL20,Yelverton,E07000047,West Devon,representative_point_within,ONS Local Authority Districts (December 2024) Boundaries UK BGC
PL21,Ivybridge,E07000044,South Hams,representative_point_within,ONS Local Authority Districts (December 2024) Boundaries UK BGC
PL22,Lostwithiel,E06000052,Cornwall,representative_point_within,ONS Local Authority Districts (December 2024) Boundaries UK BGC
PL23,Fowey,E06000052,Cornwall,representative_point_within,ONS Local Authority Districts (December 2024) Boundaries UK BGC
PL24,St Blazey,E06000052,Cornwall,representative_point_within,ONS Local Authority Districts (December 2024) Boundaries UK BGC
PL25,St Austell,E06000052,Cornwall,representative_point_within,ONS Local Authority Districts (December 2024) Boundaries UK BGC
PL26,Portmellon,E06000052,Cornwall,representative_point_within,ONS Local Authority Districts (December 2024) Boundaries UK BGC
PL27,Wadebridge,E06000052,Cornwall,representative_point_within,ONS Local Authority Districts (December 2024) Boundaries UK BGC
PL28,Padstow,E06000052,Cornwall,representative_point_within,ONS Local Authority Districts (December 2024) Boundaries UK BGC
PL29,Port Gaverne,E06000052,Cornwall,representative_point_within,ONS Local Authority Districts (December 2024) Boundaries UK BGC
PL3,Plymouth,E06000026,Plymouth,representative_point_within,ONS Local Authority Districts (December 2024) Boundaries UK BGC
PL30,St Teath,E06000052,Cornwall,representative_point_within,ONS Local Authority Districts (December 2024) Boundaries UK BGC
PL31,Bodmin,E06000052,Cornwall,representative_point_within,ONS Local Authority Districts (December 2024) Boundaries UK BGC
PL32,Camelford,E06000052,Cornwall,representative_point_within,ONS Local Authority Districts (December 2024) Boundaries UK BGC
PL33,Delabole,E06000052,Cornwall,representative_point_within,ONS Local Authority Districts (December 2024) Boundaries UK BGC
PL34,Tintagel,E06000052,Cornwall,representative_point_within,ONS Local Authority Districts (December 2024) Boundaries UK BGC
PL35,Boscastle,E06000052,Cornwall,representative_point_within,ONS Local Authority Districts (December 2024) Boundaries UK BGC
PL4,Plymouth,E06000026,Plymouth,representative_point_within,ONS Local Authority Districts (December 2024) Boundaries UK BGC
PL5,Plymouth,E07000044,South Hams,representative_point_nearest,ONS Local Authority Districts (December 2024) Boundaries UK BGC
PL6,Plymouth,E06000026,Plymouth,representative_point_within,ONS Local Authority Districts (December 2024) Boundaries UK BGC
PL7,Plympton,E07000044,South Hams,representative_point_within,ONS Local Authority Districts (December 2024) Boundaries UK BGC
PL8,Newton Ferrers,E07000044,South Hams,representative_point_within,ONS Local Authority Districts (December 2024) Boundaries UK BGC
PL9,Wembury,E06000026,Plymouth,representative_point_within,ONS Local Authority Districts (December 2024) Boundaries UK BGC
PO1,Portsmouth,E06000044,Portsmouth,representative_point_within,ONS Local Authority Districts (December 2024) Boundaries UK BGC
PO10,Emsworth,E07000225,Chichester,representative_point_within,ONS Local Authority Districts (December 2024) Boundaries UK BGC
PO11,South Hayling,E07000090,Havant,representative_point_within,ONS Local Authority Districts (December 2024) Boundaries UK BGC
PO12,Gosport,E07000088,Gosport,representative_point_within,ONS Local Authority Districts (December 2024) Boundaries UK BGC
PO13,Gosport,E07000088,Gosport,representative_point_within,ONS Local Authority Districts (December 2024) Boundaries UK BGC
PO14,Fareham,E07000087,Fareham,representative_point_within,ONS Local Authority Districts (December 2024) Boundaries UK BGC
PO15,Fareham,E07000094,Winchester,representative_point_within,ONS Local Authority Districts (December 2024) Boundaries UK BGC
PO16,Fareham,E07000087,Fareham,representative_point_within,ONS Local Authority Districts (December 2024) Boundaries UK BGC
PO17,Wickham,E07000094,Winchester,representative_point_within,ONS Local Authority Districts (December 2024) Boundaries UK BGC
PO18,Mid Lavant,E07000225,Chichester,representative_point_within,ONS Local Authority Districts (December 2024) Boundaries UK BGC
PO19,Chichester,E07000225,Chichester,representative_point_within,ONS Local Authority Districts (December 2024) Boundaries UK BGC
PO2,Portsmouth,E06000044,Portsmouth,representative_point_within,ONS Local Authority Districts (December 2024) Boundaries UK BGC
PO20,Selsey,E07000225,Chichester,representative_point_within,ONS Local Authority Districts (December 2024) Boundaries UK BGC
PO21,Bognor Regis,E07000224,Arun,representative_point_within,ONS Local Authority Districts (December 2024) Boundaries UK BGC
PO22,Barnham,E07000224,Arun,representative_point_within,ONS Local Authority Districts (December 2024) Boundaries UK BGC
PO3,Portsmouth,E06000044,Portsmouth,representative_point_within,ONS Local Authority Districts (December 2024) Boundaries UK BGC
PO30,Newport,E06000046,Isle of Wight,representative_point_within,ONS Local Authority Districts (December 2024) Boundaries UK BGC
PO31,Cowes,E06000046,Isle of Wight,representative_point_within,ONS Local Authority Districts (December 2024) Boundaries UK BGC
PO32,East Cowes,E06000046,Isle of Wight,representative_point_within,ONS Local Authority Districts (December 2024) Boundaries UK BGC
PO33,Ryde,E06000046,Isle of Wight,representative_point_within,ONS Local Authority Districts (December 2024) Boundaries UK BGC
PO34,Nettlestone,E06000046,Isle of Wight,representative_point_within,ONS Local Authority Districts (December 2024) Boundaries UK BGC
PO35,Bembridge,E06000046,Isle of Wight,representative_point_within,ONS Local Authority Districts (December 2024) Boundaries UK BGC
PO36,Brading,E06000046,Isle of Wight,representative_point_within,ONS Local Authority Districts (December 2024) Boundaries UK BGC
PO37,Shanklin,E06000046,Isle of Wight,representative_point_within,ONS Local Authority Districts (December 2024) Boundaries UK BGC
PO38,Ventnor,E06000046,Isle of Wight,representative_point_within,ONS Local Authority Districts (December 2024) Boundaries UK BGC
PO39,Freshwater,E06000046,Isle of Wight,representative_point_within,ONS Local Authority Districts (December 2024) Boundaries UK BGC
PO4,Portsmouth,E06000044,Portsmouth,representative_point_within,ONS Local Authority Districts (December 2024) Boundaries UK BGC
PO40,Freshwater,E06000046,Isle of Wight,representative_point_within,ONS Local Authority Districts (December 2024) Boundaries UK BGC
PO41,Yarmouth,E06000046,Isle of Wight,representative_point_within,ONS Local Authority Districts (December 2024) Boundaries UK BGC
PO5,Portsmouth,E06000044,Portsmouth,representative_point_within,ONS Local Authority Districts (December 2024) Boundaries UK BGC
PO6,Cosham,E06000044,Portsmouth,representative_point_within,ONS Local Authority Districts (December 2024) Boundaries UK BGC
PO7,Hambledon,E07000094,Winchester,representative_point_within,ONS Local Authority Districts (December 2024) Boundaries UK BGC
PO8,Clanfield,E07000085,East Hampshire,representative_point_within,ONS Local Authority Districts (December 2024) Boundaries UK BGC
PO9,Havant,E07000085,East Hampshire,representative_point_within,ONS Local Authority Districts (December 2024) Boundaries UK BGC
PR1,Penwortham,E07000126,South Ribble,representative_point_within,ONS Local Authority Districts (December 2024) Boundaries UK BGC
PR2,Preston,E07000123,Preston,representative_point_within,ONS Local Authority Districts (December 2024) Boundaries UK BGC
PR25,Leyland,E07000126,South Ribble,representative_point_within,ONS Local Authority Districts (December 2024) Boundaries UK BGC
PR26,Leyland,E07000118,Chorley,representative_point_within,ONS Local Authority Districts (December 2024) Boundaries UK BGC
PR3,Great Eccleston,E07000128,Wyre,representative_point_within,ONS Local Authority Districts (December 2024) Boundaries UK BGC
PR4,Preston,E07000119,Fylde,representative_point_within,ONS Local Authority Districts (December 2024) Boundaries UK BGC
PR5,Gregson Lane,E07000126,South Ribble,representative_point_within,ONS Local Authority Districts (December 2024) Boundaries UK BGC
PR6,Chorley,E07000118,Chorley,representative_point_within,ONS Local Authority Districts (December 2024) Boundaries UK BGC
PR7,Chorley,E07000118,Chorley,representative_point_within,ONS Local Authority Districts (December 2024) Boundaries UK BGC
PR8,Southport,E07000127,West Lancashire,representative_point_within,ONS Local Authority Districts (December 2024) Boundaries UK BGC
PR9,Southport,E08000014,Sefton,representative_point_within,ONS Local Authority Districts (December 2024) Boundaries UK BGC
RG1,Reading,E06000038,Reading,representative_point_within,ONS Local Authority Districts (December 2024) Boundaries UK BGC
RG10,Hurst,E06000041,Wokingham,representative_point_within,ONS Local Authority Districts (December 2024) Boundaries UK BGC
RG12,Bracknell,E06000036,Bracknell Forest,representative_point_within,ONS Local Authority Districts (December 2024) Boundaries UK BGC
RG14,Newbury,E06000037,West Berkshire,representative_point_within,ONS Local Authority Districts (December 2024) Boundaries UK BGC
RG17,Hungerford,E06000037,West Berkshire,representative_point_within,ONS Local Authority Districts (December 2024) Boundaries UK BGC
RG18,Hampstead Norreys,E06000037,West Berkshire,representative_point_within,ONS Local Authority Districts (December 2024) Boundaries UK BGC
RG19,Thatcham,E07000084,Basingstoke and Deane,representative_point_within,ONS Local Authority Districts (December 2024) Boundaries UK BGC
RG2,Reading,E06000041,Wokingham,representative_point_within,ONS Local Authority Districts (December 2024) Boundaries UK BGC
RG20,Ball Hill,E06000037,West Berkshire,representative_point_within,ONS Local Authority Districts (December 2024) Boundaries UK BGC
RG21,Basingstoke,E07000084,Basingstoke and Deane,representative_point_within,ONS Local Authority Districts (December 2024) Boundaries UK BGC
RG22,Basingstoke,E07000084,Basingstoke and Deane,representative_point_within,ONS Local Authority Districts (December 2024) Boundaries UK BGC
RG23,Oakley,E07000084,Basingstoke and Deane,representative_point_within,ONS Local Authority Districts (December 2024) Boundaries UK BGC
RG24,Old Basing,E07000084,Basingstoke and Deane,representative_point_within,ONS Local Authority Districts (December 2024) Boundaries UK BGC
RG25,North Waltham,E07000084,Basingstoke and Deane,representative_point_within,ONS Local Authority Districts (December 2024) Boundaries UK BGC
RG26,Tadley,E07000084,Basingstoke and Deane,representative_point_within,ONS Local Authority Districts (December 2024) Boundaries UK BGC
RG27,Sherfield on Loddon,E07000089,Hart,representative_point_within,ONS Local Authority Districts (December 2024) Boundaries UK BGC
RG28,Whitchurch,E07000084,Basingstoke and Deane,representative_point_within,ONS Local Authority Districts (December 2024) Boundaries UK BGC
RG29,Odiham,E07000089,Hart,representative_point_within,ONS Local Authority Districts (December 2024) Boundaries UK BGC
RG30,Reading,E06000037,West Berkshire,representative_point_within,ONS Local Authority Districts (December 2024) Boundaries UK BGC
RG31,Reading,E06000037,West Berkshire,representative_point_within,ONS Local Authority Districts (December 2024) Boundaries UK BGC
RG4,Reading,E07000179,South Oxfordshire,representative_point_within,ONS Local Authority Districts (December 2024) Boundaries UK BGC
RG40,Wokingham,E06000041,Wokingham,representative_point_within,ONS Local Authority Districts (December 2024) Boundaries UK BGC
RG41,Wokingham,E06000041,Wokingham,representative_point_within,ONS Local Authority Districts (December 2024) Boundaries UK BGC
RG42,Bracknell,E06000036,Bracknell Forest,representative_point_within,ONS Local Authority Districts (December 2024) Boundaries UK BGC
RG45,Crowthorne,E06000036,Bracknell Forest,representative_point_within,ONS Local Authority Districts (December 2024) Boundaries UK BGC
RG5,Reading,E06000041,Wokingham,representative_point_within,ONS Local Authority Districts (December 2024) Boundaries UK BGC
RG6,Reading,E06000041,Wokingham,representative_point_within,ONS Local Authority Districts (December 2024) Boundaries UK BGC
RG7,Spencer's Wood,E06000037,West Berkshire,representative_point_within,ONS Local Authority Districts (December 2024) Boundaries UK BGC
RG8,Woodcote,E06000037,West Berkshire,representative_point_within,ONS Local Authority Districts (December 2024) Boundaries UK BGC
RG9,Henley-on-Thames,E07000179,South Oxfordshire,representative_point_within,ONS Local Authority Districts (December 2024) Boundaries UK BGC
RH1,Redhill,E07000215,Tandridge,representative_point_within,ONS Local Authority Districts (December 2024) Boundaries UK BGC
RH10,Crawley,E07000228,Mid Sussex,representative_point_within,ONS Local Authority Districts (December 2024) Boundaries UK BGC
RH11,Crawley,E07000226,Crawley,representative_point_within,ONS Local Authority Districts (December 2024) Boundaries UK BGC
RH12,Horsham,E07000227,Horsham,representative_point_within,ONS Local Authority Districts (December 2024) Boundaries UK BGC
RH13,Slinfold,E07000227,Horsham,representative_point_within,ONS Local Authority Districts (December 2024) Boundaries UK BGC
RH14,Ifold,E07000225,Chichester,representative_point_within,ONS Local Authority Districts (December 2024) Boundaries UK BGC
RH15,Burgess Hill,E07000228,Mid Sussex,representative_point_within,ONS Local Authority Districts (December 2024) Boundaries UK BGC
RH16,Haywards Heath,E07000228,Mid Sussex,representative_point_within,ONS Local Authority Districts (December 2024) Boundaries UK BGC
RH17,Cuckfield,E07000228,Mid Sussex,representative_point_within,ONS Local Authority Districts (December 2024) Boundaries UK BGC
RH18,Forest Row,E07000065,Wealden,representative_point_within,ONS Local Authority Districts (December 2024) Boundaries UK BGC
RH19,East Grinstead,E07000228,Mid Sussex,representative_point_within,ONS Local Authority Districts (December 2024) Boundaries UK BGC
RH2,Reigate,E07000211,Reigate and Banstead,representative_point_within,ONS Local Authority Districts (December 2024) Boundaries UK BGC
RH20,Pulborough,E07000227,Horsham,representative_point_within,ONS Local Authority Districts (December 2024) Boundaries UK BGC
RH3,Brockham,E07000210,Mole Valley,representative_point_within,ONS Local Authority Districts (December 2024) Boundaries UK BGC
RH4,Dorking,E07000210,Mole Valley,representative_point_within,ONS Local Authority Districts (December 2024) Boundaries UK BGC
RH5,Dorking,E07000210,Mole Valley,representative_point_within,ONS Local Authority Districts (December 2024) Boundaries UK BGC
RH6,Hookwood,E07000211,Reigate and Banstead,representative_point_within,ONS Local Authority Districts (December 2024) Boundaries UK BGC
RH7,Lingfield,E07000215,Tandridge,representative_point_within,ONS Local Authority Districts (December 2024) Boundaries UK BGC
RH8,Limpsfield,E07000215,Tandridge,representative_point_within,ONS Local Authority Districts (December 2024) Boundaries UK BGC
RH9,Godstone,E07000215,Tandridge,representative_point_within,ONS Local Authority Districts (December 2024) Boundaries UK BGC
RM1,London,E09000016,Havering,representative_point_within,ONS Local Authority Districts (December 2024) Boundaries UK BGC
RM10,London,E09000002,Barking and Dagenham,representative_point_within,ONS Local Authority Districts (December 2024) Boundaries UK BGC
RM11,London,E09000016,Havering,representative_point_within,ONS Local Authority Districts (December 2024) Boundaries UK BGC
RM12,London,E09000016,Havering,representative_point_within,ONS Local Authority Districts (December 2024) Boundaries UK BGC
RM13,London,E09000016,Havering,representative_point_within,ONS Local Authority Districts (December 2024) Boundaries UK BGC
RM14,London,E09000016,Havering,representative_point_within,ONS Local Authority Districts (December 2024) Boundaries UK BGC
RM15,Aveley,E06000034,Thurrock,representative_point_within,ONS Local Authority Districts (December 2024) Boundaries UK BGC
RM16,Grays,E06000034,Thurrock,representative_point_within,ONS Local Authority Districts (December 2024) Boundaries UK BGC
RM17,Grays,E06000034,Thurrock,representative_point_within,ONS Local Authority Districts (December 2024) Boundaries UK BGC
RM18,Tilbury,E06000034,Thurrock,representative_point_within,ONS Local Authority Districts (December 2024) Boundaries UK BGC
RM19,Purfleet,E06000034,Thurrock,representative_point_within,ONS Local Authority Districts (December 2024) Boundaries UK BGC
RM2,London,E09000016,Havering,representative_point_within,ONS Local Authority Districts (December 2024) Boundaries UK BGC
RM20,Grays,E06000034,Thurrock,representative_point_within,ONS Local Authority Districts (December 2024) Boundaries UK BGC
RM3,London,E09000016,Havering,representative_point_within,ONS Local Authority Districts (December 2024) Boundaries UK BGC
RM4,Abridge,E07000072,Epping Forest,representative_point_within,ONS Local Authority Districts (December 2024) Boundaries UK BGC
RM5,London,E09000016,Havering,representative_point_within,ONS Local Authority Districts (December 2024) Boundaries UK BGC
RM6,London,E09000002,Barking and Dagenham,representative_point_within,ONS Local Authority Districts (December 2024) Boundaries UK BGC
RM7,London,E09000016,Havering,representative_point_within,ONS Local Authority Districts (December 2024) Boundaries UK BGC
RM8,London,E09000002,Barking and Dagenham,representative_point_within,ONS Local Authority Districts (December 2024) Boundaries UK BGC
RM9,London,E09000002,Barking and Dagenham,representative_point_within,ONS Local Authority Districts (December 2024) Boundaries UK BGC
S1,Sheffield,E08000019,Sheffield,representative_point_within,ONS Local Authority Districts (December 2024) Boundaries UK BGC
S10,Sheffield,E08000019,Sheffield,representative_point_within,ONS Local Authority Districts (December 2024) Boundaries UK BGC
S11,Sheffield,E08000019,Sheffield,representative_point_within,ONS Local Authority Districts (December 2024) Boundaries UK BGC
S12,Sheffield,E07000038,North East Derbyshire,representative_point_within,ONS Local Authority Districts (December 2024) Boundaries UK BGC
S13,Sheffield,E08000019,Sheffield,representative_point_within,ONS Local Authority Districts (December 2024) Boundaries UK BGC
S14,Sheffield,E08000019,Sheffield,representative_point_within,ONS Local Authority Districts (December 2024) Boundaries UK BGC
S17,Sheffield,E08000019,Sheffield,representative_point_within,ONS Local Authority Districts (December 2024) Boundaries UK BGC
S18,Dronfield,E07000038,North East Derbyshire,representative_point_within,ONS Local Authority Districts (December 2024) Boundaries UK BGC
S2,Sheffield,E08000019,Sheffield,representative_point_within,ONS Local Authority Districts (December 2024) Boundaries UK BGC
S20,Sheffield,E08000019,Sheffield,representative_point_within,ONS Local Authority Districts (December 2024) Boundaries UK BGC
S21,Killamarsh,E07000038,North East Derbyshire,representative_point_within,ONS Local Authority Districts (December 2024) Boundaries UK BGC
S25,Laughton-en-le-Morthen,E08000018,Rotherham,representative_point_within,ONS Local Authority Districts (December 2024) Boundaries UK BGC
S26,Todwick,E08000018,Rotherham,representative_point_within,ONS Local Authority Districts (December 2024) Boundaries UK BGC
S3,Sheffield,E08000019,Sheffield,representative_point_within,ONS Local Authority Districts (December 2024) Boundaries UK BGC
S32,Hathersage,E07000035,Derbyshire Dales,representative_point_within,ONS Local Authority Districts (December 2024) Boundaries UK BGC
S33,Bamford,E07000037,High Peak,representative_point_within,ONS Local Authority Districts (December 2024) Boundaries UK BGC
S35,Oughtibridge,E08000019,Sheffield,representative_point_within,ONS Local Authority Districts (December 2024) Boundaries UK BGC
S36,Stocksbridge,E08000016,Barnsley,representative_point_within,ONS Local Authority Districts (December 2024) Boundaries UK BGC
S4,Sheffield,E08000019,Sheffield,representative_point_within,ONS Local Authority Districts (December 2024) Boundaries UK BGC
S40,Chesterfield,E07000034,Chesterfield,representative_point_within,ONS Local Authority Districts (December 2024) Boundaries UK BGC
S41,Chesterfield,E07000034,Chesterfield,representative_point_within,ONS Local Authority Districts (December 2024) Boundaries UK BGC
S42,North Wingfield,E07000038,North East Derbyshire,representative_point_within,ONS Local Authority Districts (December 2024) Boundaries UK BGC
S43,Brimington,E07000034,Chesterfield,representative_point_within,ONS Local Authority Districts (December 2024) Boundaries UK BGC
S44,Calow,E07000038,North East Derbyshire,representative_point_within,ONS Local Authority Districts (December 2024) Boundaries UK BGC
S45,Ashover,E07000038,North East Derbyshire,representative_point_within,ONS Local Authority Districts (December 2024) Boundaries UK BGC
S5,Sheffield,E08000019,Sheffield,representative_point_within,ONS Local Authority Districts (December 2024) Boundaries UK BGC
S6,Sheffield,E08000019,Sheffield,representative_point_within,ONS Local Authority Districts (December 2024) Boundaries UK BGC
S60,Rotherham,E08000018,Rotherham,representative_point_within,ONS Local Authority Districts (December 2024) Boundaries UK BGC
S61,Rotherham,E08000018,Rotherham,representative_point_within,ONS Local Authority Districts (December 2024) Boundaries UK BGC
S62,Rotherham,E08000018,Rotherham,representative_point_within,ONS Local Authority Districts (December 2024) Boundaries UK BGC
S63,Thurnscoe,E08000016,Barnsley,representative_point_within,ONS Local Authority Districts (December 2024) Boundaries UK BGC
S64,Mexborough,E08000018,Rotherham,representative_point_within,ONS Local Authority Districts (December 2024) Boundaries UK BGC
S65,Rotherham,E08000018,Rotherham,representative_point_within,ONS Local Authority Districts (December 2024) Boundaries UK BGC
S66,Wickersley,E08000018,Rotherham,representative_point_within,ONS Local Authority Districts (December 2024) Boundaries UK BGC
S7,Sheffield,E08000019,Sheffield,representative_point_within,ONS Local Authority Districts (December 2024) Boundaries UK BGC
S70,Barnsley,E08000016,Barnsley,representative_point_within,ONS Local Authority Districts (December 2024) Boundaries UK BGC
S71,Barnsley,E08000016,Barnsley,representative_point_within,ONS Local Authority Districts (December 2024) Boundaries UK BGC
S72,Great Houghton,E08000016,Barnsley,representative_point_within,ONS Local Authority Districts (December 2024) Boundaries UK BGC
S73,Wombwell,E08000016,Barnsley,representative_point_within,ONS Local Authority Districts (December 2024) Boundaries UK BGC
S74,Hoyland,E08000016,Barnsley,representative_point_within,ONS Local Authority Districts (December 2024) Boundaries UK BGC
S75,Barnsley,E08000016,Barnsley,representative_point_within,ONS Local Authority Districts (December 2024) Boundaries UK BGC
S8,Sheffield,E08000019,Sheffield,representative_point_within,ONS Local Authority Districts (December 2024) Boundaries UK BGC
S80,Worksop,E07000171,Bassetlaw,representative_point_within,ONS Local Authority Districts (December 2024) Boundaries UK BGC
S81,Worksop,E07000171,Bassetlaw,representative_point_within,ONS Local Authority Districts (December 2024) Boundaries UK BGC
S9,Sheffield,E08000019,Sheffield,representative_point_within,ONS Local Authority Districts (December 2024) Boundaries UK BGC
SA1,Swansea,W06000011,Swansea,representative_point_within,ONS Local Authority Districts (December 2024) Boundaries UK BGC
SA10,Neath,W06000012,Neath Port Talbot,representative_point_within,ONS Local Authority Districts (December 2024) Boundaries UK BGC
SA11,Neath,W06000012,Neath Port Talbot,representative_point_within,ONS Local Authority Districts (December 2024) Boundaries UK BGC
SA12,Port Talbot,W06000012,Neath Port Talbot,representative_point_within,ONS Local Authority Districts (December 2024) Boundaries UK BGC
SA13,Port Talbot,W06000012,Neath Port Talbot,representative_point_within,ONS Local Authority Districts (December 2024) Boundaries UK BGC
SA14,Tumble,W06000010,Carmarthenshire,representative_point_within,ONS Local Authority Districts (December 2024) Boundaries UK BGC
SA15,Llanelli,W06000010,Carmarthenshire,representative_point_within,ONS Local Authority Districts (December 2024) Boundaries UK BGC
SA16,Burry Port,W06000010,Carmarthenshire,representative_point_within,ONS Local Authority Districts (December 2024) Boundaries UK BGC
SA17,Kidwelly,W06000010,Carmarthenshire,representative_point_within,ONS Local Authority Districts (December 2024) Boundaries UK BGC
SA18,Cwmgors,W06000010,Carmarthenshire,representative_point_within,ONS Local Authority Districts (December 2024) Boundaries UK BGC
SA19,Llandeilo,W06000010,Carmarthenshire,representative_point_within,ONS Local Authority Districts (December 2024) Boundaries UK BGC
SA2,Swansea,W06000011,Swansea,representative_point_within,ONS Local Authority Districts (December 2024) Boundaries UK BGC
SA20,Llandovery,W06000010,Carmarthenshire,representative_point_within,ONS Local Authority Districts (December 2024) Boundaries UK BGC
SA3,Llangennith,W06000011,Swansea,representative_point_within,ONS Local Authority Districts (December 2024) Boundaries UK BGC
SA31,Carmarthen,W06000010,Carmarthenshire,representative_point_within,ONS Local Authority Districts (December 2024) Boundaries UK BGC
SA32,Peniel,W06000010,Carmarthenshire,representative_point_within,ONS Local Authority Districts (December 2024) Boundaries UK BGC
SA33,St Clears,W06000010,Carmarthenshire,representative_point_within,ONS Local Authority Districts (December 2024) Boundaries UK BGC
SA34,Whitland,W06000010,Carmarthenshire,representative_point_within,ONS Local Authority Districts (December 2024) Boundaries UK BGC
SA35,Tegryn,W06000009,Pembrokeshire,representative_point_within,ONS Local Authority Districts (December 2024) Boundaries UK BGC
SA36,Hermon,W06000009,Pembrokeshire,representative_point_within,ONS Local Authority Districts (December 2024) Boundaries UK BGC
SA37,Abercych,W06000009,Pembrokeshire,representative_point_within,ONS Local Authority Districts (December 2024) Boundaries UK BGC
SA38,Newcastle Emlyn,W06000010,Carmarthenshire,representative_point_within,ONS Local Authority Districts (December 2024) Boundaries UK BGC
SA39,Pencader,W06000010,Carmarthenshire,representative_point_within,ONS Local Authority Districts (December 2024) Boundaries UK BGC
SA4,Pontarddulais,W06000011,Swansea,representative_point_within,ONS Local Authority Districts (December 2024) Boundaries UK BGC
SA40,Llanybydder,W06000008,Ceredigion,representative_point_within,ONS Local Authority Districts (December 2024) Boundaries UK BGC
SA41,Crymych,W06000009,Pembrokeshire,representative_point_within,ONS Local Authority Districts (December 2024) Boundaries UK BGC
SA42,Newport,W06000009,Pembrokeshire,representative_point_within,ONS Local Authority Districts (December 2024) Boundaries UK BGC
SA43,Cardigan,W06000008,Ceredigion,representative_point_within,ONS Local Authority Districts (December 2024) Boundaries UK BGC
SA44,Llandysul,W06000008,Ceredigion,representative_point_within,ONS Local Authority Districts (December 2024) Boundaries UK BGC
SA45,New Quay,W06000008,Ceredigion,representative_point_within,ONS Local Authority Districts (December 2024) Boundaries UK BGC
SA46,Aberaeron,W06000008,Ceredigion,representative_point_within,ONS Local Authority Districts (December 2024) Boundaries UK BGC
SA47,Llanarth,W06000008,Ceredigion,representative_point_within,ONS Local Authority Districts (December 2024) Boundaries UK BGC
SA48,Lampeter,W06000008,Ceredigion,representative_point_within,ONS Local Authority Districts (December 2024) Boundaries UK BGC
SA5,Swansea,W06000011,Swansea,representative_point_within,ONS Local Authority Districts (December 2024) Boundaries UK BGC
SA6,Clydach,W06000011,Swansea,representative_point_within,ONS Local Authority Districts (December 2024) Boundaries UK BGC
SA61,Haverfordwest,W06000009,Pembrokeshire,representative_point_within,ONS Local Authority Districts (December 2024) Boundaries UK BGC
SA62,Johnston,W06000009,Pembrokeshire,representative_point_within,ONS Local Authority Districts (December 2024) Boundaries UK BGC
SA63,Clarbeston Road,W06000009,Pembrokeshire,representative_point_within,ONS Local Authority Districts (December 2024) Boundaries UK BGC
SA64,Goodwick,W06000009,Pembrokeshire,representative_point_within,ONS Local Authority Districts (December 2024) Boundaries UK BGC
SA65,Fishguard,W06000009,Pembrokeshire,representative_point_within,ONS Local Authority Districts (December 2024) Boundaries UK BGC
SA66,Llandissilio,W06000009,Pembrokeshire,representative_point_within,ONS Local Authority Districts (December 2024) Boundaries UK BGC
SA67,Narberth,W06000009,Pembrokeshire,representative_point_within,ONS Local Authority Districts (December 2024) Boundaries UK BGC
SA68,Kilgetty,W06000009,Pembrokeshire,representative_point_within,ONS Local Authority Districts (December 2024) Boundaries UK BGC
SA69,Saundersfoot,W06000009,Pembrokeshire,representative_point_within,ONS Local Authority Districts (December 2024) Boundaries UK BGC
SA7,Swansea,W06000011,Swansea,representative_point_within,ONS Local Authority Districts (December 2024) Boundaries UK BGC
SA70,Tenby,W06000009,Pembrokeshire,representative_point_within,ONS Local Authority Districts (December 2024) Boundaries UK BGC
SA71,Pembroke,W06000009,Pembrokeshire,representative_point_within,ONS Local Authority Districts (December 2024) Boundaries UK BGC
SA72,Cosheston,W06000009,Pembrokeshire,representative_point_within,ONS Local Authority Districts (December 2024) Boundaries UK BGC
SA73,Neyland,W06000009,Pembrokeshire,representative_point_within,ONS Local Authority Districts (December 2024) Boundaries UK BGC
SA8,Pontardawe,W06000012,Neath Port Talbot,representative_point_within,ONS Local Authority Districts (December 2024) Boundaries UK BGC
SA9,Ystradgynlais,W06000023,Powys,representative_point_within,ONS Local Authority Districts (December 2024) Boundaries UK BGC
SE1,London,E09000028,Southwark,representative_point_within,ONS Local Authority Districts (December 2024) Boundaries UK BGC
SE10,London,E09000011,Greenwich,representative_point_within,ONS Local Authority Districts (December 2024) Boundaries UK BGC
SE11,London,E09000022,Lambeth,representative_point_within,ONS Local Authority Districts (December 2024) Boundaries UK BGC
SE12,London,E09000023,Lewisham,representative_point_within,ONS Local Authority Districts (December 2024) Boundaries UK BGC
SE13,London,E09000023,Lewisham,representative_point_within,ONS Local Authority Districts (December 2024) Boundaries UK BGC
SE14,London,E09000023,Lewisham,representative_point_within,ONS Local Authority Districts (December 2024) Boundaries UK BGC
SE15,London,E09000028,Southwark,representative_point_within,ONS Local Authority Districts (December 2024) Boundaries UK BGC
SE16,London,E09000028,Southwark,representative_point_within,ONS Local Authority Districts (December 2024) Boundaries UK BGC
SE17,London,E09000028,Southwark,representative_point_within,ONS Local Authority Districts (December 2024) Boundaries UK BGC
SE18,London,E09000011,Greenwich,representative_point_within,ONS Local Authority Districts (December 2024) Boundaries UK BGC
SE19,London,E09000008,Croydon,representative_point_within,ONS Local Authority Districts (December 2024) Boundaries UK BGC
SE2,London,E09000011,Greenwich,representative_point_within,ONS Local Authority Districts (December 2024) Boundaries UK BGC
SE20,London,E09000006,Bromley,representative_point_within,ONS Local Authority Districts (December 2024) Boundaries UK BGC
SE21,London,E09000028,Southwark,representative_point_within,ONS Local Authority Districts (December 2024) Boundaries UK BGC
SE22,London,E09000028,Southwark,representative_point_within,ONS Local Authority Districts (December 2024) Boundaries UK BGC
SE23,London,E09000023,Lewisham,representative_point_within,ONS Local Authority Districts (December 2024) Boundaries UK BGC
SE24,London,E09000022,Lambeth,representative_point_within,ONS Local Authority Districts (December 2024) Boundaries UK BGC
SE25,London,E09000008,Croydon,representative_point_within,ONS Local Authority Districts (December 2024) Boundaries UK BGC
SE26,London,E09000023,Lewisham,representative_point_within,ONS Local Authority Districts (December 2024) Boundaries UK BGC
SE27,London,E09000022,Lambeth,representative_point_within,ONS Local Authority Districts (December 2024) Boundaries UK BGC
SE28,London,E09000011,Greenwich,representative_point_within,ONS Local Authority Districts (December 2024) Boundaries UK BGC
SE3,London,E09000011,Greenwich,representative_point_within,ONS Local Authority Districts (December 2024) Boundaries UK BGC
SE4,London,E09000023,Lewisham,representative_point_within,ONS Local Authority Districts (December 2024) Boundaries UK BGC
SE5,London,E09000028,Southwark,representative_point_within,ONS Local Authority Districts (December 2024) Boundaries UK BGC
SE6,London,E09000023,Lewisham,representative_point_within,ONS Local Authority Districts (December 2024) Boundaries UK BGC
SE7,London,E09000011,Greenwich,representative_point_within,ONS Local Authority Districts (December 2024) Boundaries UK BGC
SE8,London,E09000023,Lewisham,representative_point_within,ONS Local Authority Districts (December 2024) Boundaries UK BGC
SE9,London,E09000011,Greenwich,representative_point_within,ONS Local Authority Districts (December 2024) Boundaries UK BGC
SG1,Stevenage,E07000243,Stevenage,representative_point_within,ONS Local Authority Districts (December 2024) Boundaries UK BGC
SG10,Much Hadham,E07000242,East Hertfordshire,representative_point_within,ONS Local Authority Districts (December 2024) Boundaries UK BGC
SG11,Puckeridge,E07000242,East Hertfordshire,representative_point_within,ONS Local Authority Districts (December 2024) Boundaries UK BGC
SG12,Ware,E07000242,East Hertfordshire,representative_point_within,ONS Local Authority Districts (December 2024) Boundaries UK BGC
SG13,Hertford,E07000242,East Hertfordshire,representative_point_within,ONS Local Authority Districts (December 2024) Boundaries UK BGC
SG14,Hertford,E07000242,East Hertfordshire,representative_point_within,ONS Local Authority Districts (December 2024) Boundaries UK BGC
SG15,Arlesey,E06000056,Central Bedfordshire,representative_point_within,ONS Local Authority Districts (December 2024) Boundaries UK BGC
SG16,Lower Stondon,E06000056,Central Bedfordshire,representative_point_within,ONS Local Authority Districts (December 2024) Boundaries UK BGC
SG17,Shefford,E06000056,Central Bedfordshire,representative_point_within,ONS Local Authority Districts (December 2024) Boundaries UK BGC
SG18,Biggleswade,E06000056,Central Bedfordshire,representative_point_within,ONS Local Authority Districts (December 2024) Boundaries UK BGC
SG19,Sandy,E07000012,South Cambridgeshire,representative_point_within,ONS Local Authority Districts (December 2024) Boundaries UK BGC
SG2,Stevenage,E07000242,East Hertfordshire,representative_point_within,ONS Local Authority Districts (December 2024) Boundaries UK BGC
SG3,Knebworth,E07000099,North Hertfordshire,representative_point_within,ONS Local Authority Districts (December 2024) Boundaries UK BGC
SG4,Hitchin,E07000099,North Hertfordshire,representative_point_within,ONS Local Authority Districts (December 2024) Boundaries UK BGC
SG5,Hitchin,E07000099,North Hertfordshire,representative_point_within,ONS Local Authority Districts (December 2024) Boundaries UK BGC
SG6,Letchworth,E07000099,North Hertfordshire,representative_point_within,ONS Local Authority Districts (December 2024) Boundaries UK BGC
SG7,Ashwell,E07000099,North Hertfordshire,representative_point_within,ONS Local Authority Districts (December 2024) Boundaries UK BGC
SG8,Litlington,E07000012,South Cambridgeshire,representative_point_within,ONS Local Authority Districts (December 2024) Boundaries UK BGC
SG9,Brent Pelham,E07000242,East Hertfordshire,representative_point_within,ONS Local Authority Districts (December 2024) Boundaries UK BGC
SK1,Stockport,E08000007,Stockport,representative_point_within,ONS Local Authority Districts (December 2024) Boundaries UK BGC
SK10,Macclesfield,E06000049,Cheshire East,representative_point_within,ONS Local Authority Districts (December 2024) Boundaries UK BGC
SK11,Sutton Lane Ends,E06000049,Cheshire East,representative_point_within,ONS Local Authority Districts (December 2024) Boundaries UK BGC
SK12,Poynton,E06000049,Cheshire East,representative_point_within,ONS Local Authority Districts (December 2024) Boundaries UK BGC
SK13,Gamesley,E07000037,High Peak,representative_point_within,ONS Local Authority Districts (December 2024) Boundaries UK BGC
SK14,Hyde,E08000008,Tameside,representative_point_within,ONS Local Authority Districts (December 2024) Boundaries UK BGC
SK15,Stalybridge,E08000008,Tameside,representative_point_within,ONS Local Authority Districts (December 2024) Boundaries UK BGC
SK16,Dukinfield,E08000008,Tameside,representative_point_within,ONS Local Authority Districts (December 2024) Boundaries UK BGC
SK17,Longnor,E07000035,Derbyshire Dales,representative_point_within,ONS Local Authority Districts (December 2024) Boundaries UK BGC
SK2,Stockport,E08000007,Stockport,representative_point_within,ONS Local Authority Districts (December 2024) Boundaries UK BGC
SK22,Birch Vale,E07000037,High Peak,representative_point_within,ONS Local Authority Districts (December 2024) Boundaries UK BGC
SK23,Chapel en le Frith,E07000037,High Peak,representative_point_within,ONS Local Authority Districts (December 2024) Boundaries UK BGC
SK3,Stockport,E08000007,Stockport,representative_point_within,ONS Local Authority Districts (December 2024) Boundaries UK BGC
SK4,Manchester,E08000007,Stockport,representative_point_within,ONS Local Authority Districts (December 2024) Boundaries UK BGC
SK5,Manchester,E08000007,Stockport,representative_point_within,ONS Local Authority Districts (December 2024) Boundaries UK BGC
SK6,Romiley,E08000007,Stockport,representative_point_within,ONS Local Authority Districts (December 2024) Boundaries UK BGC
SK7,Cheadle,E08000007,Stockport,representative_point_within,ONS Local Authority Districts (December 2024) Boundaries UK BGC
SK8,Cheadle,E08000007,Stockport,representative_point_within,ONS Local Authority Districts (December 2024) Boundaries UK BGC
SK9,Wilmslow,E06000049,Cheshire East,representative_point_within,ONS Local Authority Districts (December 2024) Boundaries UK BGC
SL0,Iver Heath,E06000060,Buckinghamshire,representative_point_within,ONS Local Authority Districts (December 2024) Boundaries UK BGC
SL1,Slough,E06000060,Buckinghamshire,representative_point_within,ONS Local Authority Districts (December 2024) Boundaries UK BGC
SL2,Slough,E06000060,Buckinghamshire,representative_point_within,ONS Local Authority Districts (December 2024) Boundaries UK BGC
SL3,Poyle,E06000060,Buckinghamshire,representative_point_within,ONS Local Authority Districts (December 2024) Boundaries UK BGC
SL4,Windsor,E06000040,Windsor and Maidenhead,representative_point_within,ONS Local Authority Districts (December 2024) Boundaries UK BGC
SL5,Sunningdale,E06000040,Windsor and Maidenhead,representative_point_within,ONS Local Authority Districts (December 2024) Boundaries UK BGC
SL6,Slough,E06000040,Windsor and Maidenhead,representative_point_within,ONS Local Authority Districts (December 2024) Boundaries UK BGC
SL7,Marlow,E06000060,Buckinghamshire,representative_point_within,ONS Local Authority Districts (December 2024) Boundaries UK BGC
SL8,Bourne End,E06000060,Buckinghamshire,representative_point_within,ONS Local Authority Districts (December 2024) Boundaries UK BGC
SL9,Gerrards Cross,E06000060,Buckinghamshire,representative_point_within,ONS Local Authority Districts (December 2024) Boundaries UK BGC
SM1,London,E09000029,Sutton,representative_point_within,ONS Local Authority Districts (December 2024) Boundaries UK BGC
SM2,London,E09000029,Sutton,representative_point_within,ONS Local Authority Districts (December 2024) Boundaries UK BGC
SM3,London,E09000029,Sutton,representative_point_within,ONS Local Authority Districts (December 2024) Boundaries UK BGC
SM4,London,E09000024,Merton,representative_point_within,ONS Local Authority Districts (December 2024) Boundaries UK BGC
SM5,London,E09000029,Sutton,representative_point_within,ONS Local Authority Districts (December 2024) Boundaries UK BGC
SM6,London,E09000029,Sutton,representative_point_within,ONS Local Authority Districts (December 2024) Boundaries UK BGC
SM7,Banstead,E07000211,Reigate and Banstead,representative_point_within,ONS Local Authority Districts (December 2024) Boundaries UK BGC
SN1,Swindon,E06000030,Swindon,representative_point_within,ONS Local Authority Districts (December 2024) Boundaries UK BGC
SN10,Devizes,E06000054,Wiltshire,representative_point_within,ONS Local Authority Districts (December 2024) Boundaries UK BGC
SN11,Calne,E06000054,Wiltshire,representative_point_within,ONS Local Authority Districts (December 2024) Boundaries UK BGC
SN12,Melksham,E06000054,Wiltshire,representative_point_within,ONS Local Authority Districts (December 2024) Boundaries UK BGC
SN13,Corsham,E06000054,Wiltshire,representative_point_within,ONS Local Authority Districts (December 2024) Boundaries UK BGC
SN14,Chippenham,E06000054,Wiltshire,representative_point_within,ONS Local Authority Districts (December 2024) Boundaries UK BGC
SN15,Chippenham,E06000054,Wiltshire,representative_point_within,ONS Local Authority Districts (December 2024) Boundaries UK BGC
SN16,Malmesbury,E06000054,Wiltshire,representative_point_within,ONS Local Authority Districts (December 2024) Boundaries UK BGC
SN2,Swindon,E06000030,Swindon,representative_point_within,ONS Local Authority Districts (December 2024) Boundaries UK BGC
SN25,Swindon,E06000030,Swindon,representative_point_within,ONS Local Authority Districts (December 2024) Boundaries UK BGC
SN26,Broad Blunsdon,E06000030,Swindon,representative_point_within,ONS Local Authority Districts (December 2024) Boundaries UK BGC
SN3,Swindon,E06000030,Swindon,representative_point_within,ONS Local Authority Districts (December 2024) Boundaries UK BGC
SN4,Chiseldon,E06000030,Swindon,representative_point_within,ONS Local Authority Districts (December 2024) Boundaries UK BGC
SN5,Lydiard Millicent,E06000054,Wiltshire,representative_point_within,ONS Local Authority Districts (December 2024) Boundaries UK BGC
SN6,Cricklade,E07000180,Vale of White Horse,representative_point_within,ONS Local Authority Districts (December 2024) Boundaries UK BGC
SN7,Faringdon,E07000180,Vale of White Horse,representative_point_within,ONS Local Authority Districts (December 2024) Boundaries UK BGC
SN8,Marlborough,E06000054,Wiltshire,representative_point_within,ONS Local Authority Districts (December 2024) Boundaries UK BGC
SN9,Pewsey,E06000054,Wiltshire,representative_point_within,ONS Local Authority Districts (December 2024) Boundaries UK BGC
SO14,Southampton,E06000045,Southampton,representative_point_within,ONS Local Authority Districts (December 2024) Boundaries UK BGC
SO15,Southampton,E06000045,Southampton,representative_point_within,ONS Local Authority Districts (December 2024) Boundaries UK BGC
SO16,Southampton,E06000045,Southampton,representative_point_within,ONS Local Authority Districts (December 2024) Boundaries UK BGC
SO17,Southampton,E06000045,Southampton,representative_point_within,ONS Local Authority Districts (December 2024) Boundaries UK BGC
SO18,Southampton,E06000045,Southampton,representative_point_within,ONS Local Authority Districts (December 2024) Boundaries UK BGC
SO19,Southampton,E06000045,Southampton,representative_point_within,ONS Local Authority Districts (December 2024) Boundaries UK BGC
SO20,King's Somborne,E07000093,Test Valley,representative_point_within,ONS Local Authority Districts (December 2024) Boundaries UK BGC
SO21,Colden Common,E07000094,Winchester,representative_point_within,ONS Local Authority Districts (December 2024) Boundaries UK BGC
SO22,Winchester,E07000094,Winchester,representative_point_within,ONS Local Authority Districts (December 2024) Boundaries UK BGC
SO23,Winchester,E07000094,Winchester,representative_point_within,ONS Local Authority Districts (December 2024) Boundaries UK BGC
SO24,Ropley,E07000094,Winchester,representative_point_within,ONS Local Authority Districts (December 2024) Boundaries UK BGC
SO30,Hedge End,E07000086,Eastleigh,representative_point_within,ONS Local Authority Districts (December 2024) Boundaries UK BGC
SO31,Locks Heath,E07000087,Fareham,representative_point_within,ONS Local Authority Districts (December 2024) Boundaries UK BGC
SO32,Bishop's Waltham,E07000094,Winchester,representative_point_within,ONS Local Authority Districts (December 2024) Boundaries UK BGC
SO40,Totton,E07000091,New Forest,representative_point_within,ONS Local Authority Districts (December 2024) Boundaries UK BGC
SO41,Milford on Sea,E07000091,New Forest,representative_point_within,ONS Local Authority Districts (December 2024) Boundaries UK BGC
SO42,Brockenhurst,E07000091,New Forest,representative_point_within,ONS Local Authority Districts (December 2024) Boundaries UK BGC
SO43,Lyndhurst,E07000091,New Forest,representative_point_within,ONS Local Authority Districts (December 2024) Boundaries UK BGC
SO45,Fawley,E07000091,New Forest,representative_point_within,ONS Local Authority Districts (December 2024) Boundaries UK BGC
SO50,Eastleigh,E07000086,Eastleigh,representative_point_within,ONS Local Authority Districts (December 2024) Boundaries UK BGC
SO51,Michelmersh,E07000093,Test Valley,representative_point_within,ONS Local Authority Districts (December 2024) Boundaries UK BGC
SO52,North Baddesley,E07000093,Test Valley,representative_point_within,ONS Local Authority Districts (December 2024) Boundaries UK BGC
SO53,Eastleigh,E07000093,Test Valley,representative_point_within,ONS Local Authority Districts (December 2024) Boundaries UK BGC
SP1,Salisbury,E06000054,Wiltshire,representative_point_within,ONS Local Authority Districts (December 2024) Boundaries UK BGC
SP10,Andover,E07000093,Test Valley,representative_point_within,ONS Local Authority Districts (December 2024) Boundaries UK BGC
SP11,Hurstbourne Tarrant,E07000093,Test Valley,representative_point_within,ONS Local Authority Districts (December 2024) Boundaries UK BGC
SP2,Wilton,E06000054,Wiltshire,representative_point_within,ONS Local Authority Districts (December 2024) Boundaries UK BGC
SP3,Shrewton,E06000054,Wiltshire,representative_point_within,ONS Local Authority Districts (December 2024) Boundaries UK BGC
SP4,Porton,E06000054,Wiltshire,representative_point_within,ONS Local Authority Districts (December 2024) Boundaries UK BGC
SP5,The Common,E06000054,Wiltshire,representative_point_within,ONS Local Authority Districts (December 2024) Boundaries UK BGC
SP6,Fordingbridge,E07000091,New Forest,representative_point_within,ONS Local Authority Districts (December 2024) Boundaries UK BGC
SP7,Fontmell Magna,E06000054,Wiltshire,representative_point_within,ONS Local Authority Districts (December 2024) Boundaries UK BGC
SP8,Gillingham,E06000059,Dorset,representative_point_within,ONS Local Authority Districts (December 2024) Boundaries UK BGC
SP9,Tidworth,E06000054,Wiltshire,representative_point_within,ONS Local Authority Districts (December 2024) Boundaries UK BGC
SR1,Sunderland,E08000024,Sunderland,representative_point_within,ONS Local Authority Districts (December 2024) Boundaries UK BGC
SR2,Ryhope,E08000024,Sunderland,representative_point_within,ONS Local Authority Districts (December 2024) Boundaries UK BGC
SR3,Sunderland,E08000024,Sunderland,representative_point_within,ONS Local Authority Districts (December 2024) Boundaries UK BGC
SR4,Sunderland,E08000024,Sunderland,representative_point_within,ONS Local Authority Districts (December 2024) Boundaries UK BGC
SR5,Sunderland,E08000024,Sunderland,representative_point_within,ONS Local Authority Districts (December 2024) Boundaries UK BGC
SR6,Sunderland,E08000023,South Tyneside,representative_point_within,ONS Local Authority Districts (December 2024) Boundaries UK BGC
SR7,Seaham,E06000047,County Durham,representative_point_within,ONS Local Authority Districts (December 2024) Boundaries UK BGC
SR8,Peterlee,E06000047,County Durham,representative_point_within,ONS Local Authority Districts (December 2024) Boundaries UK BGC
SS0,Southend-On-Sea,E06000033,Southend-on-Sea,representative_point_within,ONS Local Authority Districts (December 2024) Boundaries UK BGC
SS1,Southend-On-Sea,E06000033,Southend-on-Sea,representative_point_within,ONS Local Authority Districts (December 2024) Boundaries UK BGC
SS11,Wickford,E07000070,Chelmsford,representative_point_within,ONS Local Authority Districts (December 2024) Boundaries UK BGC
SS12,Wickford,E07000066,Basildon,representative_point_within,ONS Local Authority Districts (December 2024) Boundaries UK BGC
SS13,Basildon,E07000066,Basildon,representative_point_within,ONS Local Authority Districts (December 2024) Boundaries UK BGC
SS14,Basildon,E07000066,Basildon,representative_point_within,ONS Local Authority Districts (December 2024) Boundaries UK BGC
SS15,Basildon,E07000066,Basildon,representative_point_within,ONS Local Authority Districts (December 2024) Boundaries UK BGC
SS16,Basildon,E07000066,Basildon,representative_point_within,ONS Local Authority Districts (December 2024) Boundaries UK BGC
SS17,Corringham,E06000034,Thurrock,representative_point_within,ONS Local Authority Districts (December 2024) Boundaries UK BGC
SS2,Southend-On-Sea,E06000033,Southend-on-Sea,representative_point_within,ONS Local Authority Districts (December 2024) Boundaries UK BGC
SS3,Great Wakering,E07000075,Rochford,representative_point_within,ONS Local Authority Districts (December 2024) Boundaries UK BGC
SS4,Rochford,E07000075,Rochford,representative_point_within,ONS Local Authority Districts (December 2024) Boundaries UK BGC
SS5,Hockley,E07000075,Rochford,representative_point_within,ONS Local Authority Districts (December 2024) Boundaries UK BGC
SS6,Rayleigh,E07000075,Rochford,representative_point_within,ONS Local Authority Districts (December 2024) Boundaries UK BGC
SS7,South Benfleet,E07000069,Castle Point,representative_point_within,ONS Local Authority Districts (December 2024) Boundaries UK BGC
SS8,Canvey Island,E07000069,Castle Point,representative_point_within,ONS Local Authority Districts (December 2024) Boundaries UK BGC
SS9,Southend-On-Sea,E06000033,Southend-on-Sea,representative_point_within,ONS Local Authority Districts (December 2024) Boundaries UK BGC
ST1,Stoke-on-Trent,E06000021,Stoke-on-Trent,representative_point_within,ONS Local Authority Districts (December 2024) Boundaries UK BGC
ST10,Cheadle,E07000198,Staffordshire Moorlands,representative_point_within,ONS Local Authority Districts (December 2024) Boundaries UK BGC
ST11,Stoke-on-Trent,E07000198,Staffordshire Moorlands,representative_point_within,ONS Local Authority Districts (December 2024) Boundaries UK BGC
ST12,Barlaston,E07000197,Stafford,representative_point_within,ONS Local Authority Districts (December 2024) Boundaries UK BGC
ST13,Leek,E07000198,Staffordshire Moorlands,representative_point_within,ONS Local Authority Districts (December 2024) Boundaries UK BGC
ST14,Rocester,E07000193,East Staffordshire,representative_point_within,ONS Local Authority Districts (December 2024) Boundaries UK BGC
ST15,Stone,E07000197,Stafford,representative_point_within,ONS Local Authority Districts (December 2024) Boundaries UK BGC
ST16,Stafford,E07000197,Stafford,representative_point_within,ONS Local Authority Districts (December 2024) Boundaries UK BGC
ST17,Weeping Cross,E07000197,Stafford,representative_point_within,ONS Local Authority Districts (December 2024) Boundaries UK BGC
ST18,Little Haywood,E07000197,Stafford,representative_point_within,ONS Local Authority Districts (December 2024) Boundaries UK BGC
ST19,Penkridge,E07000196,South Staffordshire,representative_point_within,ONS Local Authority Districts (December 2024) Boundaries UK BGC
ST2,Stoke-on-Trent,E06000021,Stoke-on-Trent,representative_point_within,ONS Local Authority Districts (December 2024) Boundaries UK BGC
ST20,Gnosall,E07000197,Stafford,representative_point_within,ONS Local Authority Districts (December 2024) Boundaries UK BGC
ST21,Eccleshall,E07000197,Stafford,representative_point_within,ONS Local Authority Districts (December 2024) Boundaries UK BGC
ST3,Stoke-on-Trent,E06000021,Stoke-on-Trent,representative_point_within,ONS Local Authority Districts (December 2024) Boundaries UK BGC
ST4,Newcastle-under-lyme,E06000021,Stoke-on-Trent,representative_point_within,ONS Local Authority Districts (December 2024) Boundaries UK BGC
ST5,Newcastle-under-lyme,E07000195,Newcastle-under-Lyme,representative_point_within,ONS Local Authority Districts (December 2024) Boundaries UK BGC
ST6,Stoke-on-Trent,E06000021,Stoke-on-Trent,representative_point_within,ONS Local Authority Districts (December 2024) Boundaries UK BGC
ST7,Kidsgrove,E07000195,Newcastle-under-Lyme,representative_point_within,ONS Local Authority Districts (December 2024) Boundaries UK BGC
ST8,Biddulph,E07000198,Staffordshire Moorlands,representative_point_within,ONS Local Authority Districts (December 2024) Boundaries UK BGC
ST9,Werrington,E07000198,Staffordshire Moorlands,representative_point_within,ONS Local Authority Districts (December 2024) Boundaries UK BGC
SW10,London,E09000020,Kensington and Chelsea,representative_point_within,ONS Local Authority Districts (December 2024) Boundaries UK BGC
SW11,London,E09000032,Wandsworth,representative_point_within,ONS Local Authority Districts (December 2024) Boundaries UK BGC
SW12,London,E09000032,Wandsworth,representative_point_within,ONS Local Authority Districts (December 2024) Boundaries UK BGC
SW13,London,E09000027,Richmond upon Thames,representative_point_within,ONS Local Authority Districts (December 2024) Boundaries UK BGC
SW14,London,E09000027,Richmond upon Thames,representative_point_within,ONS Local Authority Districts (December 2024) Boundaries UK BGC
SW15,London,E09000032,Wandsworth,representative_point_within,ONS Local Authority Districts (December 2024) Boundaries UK BGC
SW16,London,E09000022,Lambeth,representative_point_within,ONS Local Authority Districts (December 2024) Boundaries UK BGC
SW17,London,E09000032,Wandsworth,representative_point_within,ONS Local Authority Districts (December 2024) Boundaries UK BGC
SW18,London,E09000032,Wandsworth,representative_point_within,ONS Local Authority Districts (December 2024) Boundaries UK BGC
SW19,London,E09000024,Merton,representative_point_within,ONS Local Authority Districts (December 2024) Boundaries UK BGC
SW1A,London,E09000033,Westminster,representative_point_within,ONS Local Authority Districts (December 2024) Boundaries UK BGC
SW1E,London,E09000033,Westminster,representative_point_within,ONS Local Authority Districts (December 2024) Boundaries UK BGC
SW1H,London,E09000033,Westminster,representative_point_within,ONS Local Authority Districts (December 2024) Boundaries UK BGC
SW1P,London,E09000033,Westminster,representative_point_within,ONS Local Authority Districts (December 2024) Boundaries UK BGC
SW1V,London,E09000033,Westminster,representative_point_within,ONS Local Authority Districts (December 2024) Boundaries UK BGC
SW1W,London,E09000033,Westminster,representative_point_within,ONS Local Authority Districts (December 2024) Boundaries UK BGC
SW1X,London,E09000033,Westminster,representative_point_within,ONS Local Authority Districts (December 2024) Boundaries UK BGC
SW1Y,London,E09000033,Westminster,representative_point_within,ONS Local Authority Districts (December 2024) Boundaries UK BGC
SW2,London,E09000022,Lambeth,representative_point_within,ONS Local Authority Districts (December 2024) Boundaries UK BGC
SW20,London,E09000024,Merton,representative_point_within,ONS Local Authority Districts (December 2024) Boundaries UK BGC
SW3,London,E09000020,Kensington and Chelsea,representative_point_within,ONS Local Authority Districts (December 2024) Boundaries UK BGC
SW4,London,E09000022,Lambeth,representative_point_within,ONS Local Authority Districts (December 2024) Boundaries UK BGC
SW5,London,E09000020,Kensington and Chelsea,representative_point_within,ONS Local Authority Districts (December 2024) Boundaries UK BGC
SW6,London,E09000013,Hammersmith and Fulham,representative_point_within,ONS Local Authority Districts (December 2024) Boundaries UK BGC
SW7,London,E09000020,Kensington and Chelsea,representative_point_within,ONS Local Authority Districts (December 2024) Boundaries UK BGC
SW8,London,E09000032,Wandsworth,representative_point_within,ONS Local Authority Districts (December 2024) Boundaries UK BGC
SW9,London,E09000022,Lambeth,representative_point_within,ONS Local Authority Districts (December 2024) Boundaries UK BGC
SY1,Shrewsbury,E06000051,Shropshire,representative_point_within,ONS Local Authority Districts (December 2024) Boundaries UK BGC
SY10,Llanrhaeadr-ym-Mochnant,W06000023,Powys,representative_point_within,ONS Local Authority Districts (December 2024) Boundaries UK BGC
SY11,Oswestry,E06000051,Shropshire,representative_point_within,ONS Local Authority Districts (December 2024) Boundaries UK BGC
SY12,Ellesmere,E06000051,Shropshire,representative_point_within,ONS Local Authority Districts (December 2024) Boundaries UK BGC
SY13,Whitchurch,E06000051,Shropshire,representative_point_within,ONS Local Authority Districts (December 2024) Boundaries UK BGC
SY14,Threapwood,E06000050,Cheshire West and Chester,representative_point_within,ONS Local Authority Districts (December 2024) Boundaries UK BGC
SY15,Montgomery,W06000023,Powys,representative_point_within,ONS Local Authority Districts (December 2024) Boundaries UK BGC
SY16,Newtown,W06000023,Powys,representative_point_within,ONS Local Authority Districts (December 2024) Boundaries UK BGC
SY17,Caersws,W06000023,Powys,representative_point_within,ONS Local Authority Districts (December 2024) Boundaries UK BGC
SY18,Llanidloes,W06000023,Powys,representative_point_within,ONS Local Authority Districts (December 2024) Boundaries UK BGC
SY19,Llanbrynmair,W06000023,Powys,representative_point_within,ONS Local Authority Districts (December 2024) Boundaries UK BGC
SY2,Shrewsbury,E06000051,Shropshire,representative_point_within,ONS Local Authority Districts (December 2024) Boundaries UK BGC
SY20,Machynlleth,W06000023,Powys,representative_point_within,ONS Local Authority Districts (December 2024) Boundaries UK BGC
SY21,Llanfair Caereinion,W06000023,Powys,representative_point_within,ONS Local Authority Districts (December 2024) Boundaries UK BGC
SY22,Llanfyllin,W06000023,Powys,representative_point_within,ONS Local Authority Districts (December 2024) Boundaries UK BGC
SY23,Aberystwyth,W06000008,Ceredigion,representative_point_within,ONS Local Authority Districts (December 2024) Boundaries UK BGC
SY24,Borth,W06000008,Ceredigion,representative_point_within,ONS Local Authority Districts (December 2024) Boundaries UK BGC
SY25,Tregaron,W06000008,Ceredigion,representative_point_within,ONS Local Authority Districts (December 2024) Boundaries UK BGC
SY3,Bayston Hill,E06000051,Shropshire,representative_point_within,ONS Local Authority Districts (December 2024) Boundaries UK BGC
SY4,Ruyton Xl Towns,E06000051,Shropshire,representative_point_within,ONS Local Authority Districts (December 2024) Boundaries UK BGC
SY5,Pontesbury,E06000051,Shropshire,representative_point_within,ONS Local Authority Districts (December 2024) Boundaries UK BGC
SY6,Church Stretton,E06000051,Shropshire,representative_point_within,ONS Local Authority Districts (December 2024) Boundaries UK BGC
SY7,Bucknell,E06000051,Shropshire,representative_point_within,ONS Local Authority Districts (December 2024) Boundaries UK BGC
SY8,Ludlow,E06000051,Shropshire,representative_point_within,ONS Local Authority Districts (December 2024) Boundaries UK BGC
SY9,Bishop's Castle,E06000051,Shropshire,representative_point_within,ONS Local Authority Districts (December 2024) Boundaries UK BGC
TA1,Taunton,E06000066,Somerset,representative_point_within,ONS Local Authority Districts (December 2024) Boundaries UK BGC
TA10,Curry Rivel,E06000066,Somerset,representative_point_within,ONS Local Authority Districts (December 2024) Boundaries UK BGC
TA11,Somerton,E06000066,Somerset,representative_point_within,ONS Local Authority Districts (December 2024) Boundaries UK BGC
TA12,Martock,E06000066,Somerset,representative_point_within,ONS Local Authority Districts (December 2024) Boundaries UK BGC
TA13,South Petherton,E06000066,Somerset,representative_point_within,ONS Local Authority Districts (December 2024) Boundaries UK BGC
TA14,Stoke Sub Hamdon,E06000066,Somerset,representative_point_within,ONS Local Authority Districts (December 2024) Boundaries UK BGC
TA15,Montacute,E06000066,Somerset,representative_point_within,ONS Local Authority Districts (December 2024) Boundaries UK BGC
TA16,Merriott,E06000066,Somerset,representative_point_within,ONS Local Authority Districts (December 2024) Boundaries UK BGC
TA17,Hinton St George,E06000066,Somerset,representative_point_within,ONS Local Authority Districts (December 2024) Boundaries UK BGC
TA18,Crewkerne,E06000066,Somerset,representative_point_within,ONS Local Authority Districts (December 2024) Boundaries UK BGC
TA19,Ilminster,E06000066,Somerset,representative_point_within,ONS Local Authority Districts (December 2024) Boundaries UK BGC
TA2,Taunton,E06000066,Somerset,representative_point_within,ONS Local Authority Districts (December 2024) Boundaries UK BGC
TA20,Chard,E06000066,Somerset,representative_point_within,ONS Local Authority Districts (December 2024) Boundaries UK BGC
TA21,Wellington,E06000066,Somerset,representative_point_within,ONS Local Authority Districts (December 2024) Boundaries UK BGC
TA22,Dulverton,E06000066,Somerset,representative_point_within,ONS Local Authority Districts (December 2024) Boundaries UK BGC
TA23,Watchet,E06000066,Somerset,representative_point_within,ONS Local Authority Districts (December 2024) Boundaries UK BGC
TA24,Minehead,E06000066,Somerset,representative_point_within,ONS Local Authority Districts (December 2024) Boundaries UK BGC
TA3,Creech St Michael,E06000066,Somerset,representative_point_within,ONS Local Authority Districts (December 2024) Boundaries UK BGC
TA4,Milverton,E06000066,Somerset,representative_point_within,ONS Local Authority Districts (December 2024) Boundaries UK BGC
TA5,Nether Stowey,E06000066,Somerset,representative_point_within,ONS Local Authority Districts (December 2024) Boundaries UK BGC
TA6,Bridgwater,E06000066,Somerset,representative_point_within,ONS Local Authority Districts (December 2024) Boundaries UK BGC
TA7,Westonzoyland,E06000066,Somerset,representative_point_within,ONS Local Authority Districts (December 2024) Boundaries UK BGC
TA8,Burnham-on-Sea,E06000066,Somerset,representative_point_within,ONS Local Authority Districts (December 2024) Boundaries UK BGC
TA9,Burnham-on-Sea,E06000066,Somerset,representative_point_within,ONS Local Authority Districts (December 2024) Boundaries UK BGC
TD1,Galashiels,S12000026,Scottish Borders,representative_point_within,ONS Local Authority Districts (December 2024) Boundaries UK BGC
TD10,Greenlaw,S12000026,Scottish Borders,representative_point_within,ONS Local Authority Districts (December 2024) Boundaries UK BGC
TD11,Duns,S12000026,Scottish Borders,representative_point_within,ONS Local Authority Districts (December 2024) Boundaries UK BGC
TD12,Coldstream,E06000057,Northumberland,representative_point_within,ONS Local Authority Districts (December 2024) Boundaries UK BGC
TD13,Cockburnspath,S12000010,East Lothian,representative_point_within,ONS Local Authority Districts (December 2024) Boundaries UK BGC
TD14,Eyemouth,S12000026,Scottish Borders,representative_point_within,ONS Local Authority Districts (December 2024) Boundaries UK BGC
TD15,Berwick-upon-Tweed,E06000057,Northumberland,representative_point_within,ONS Local Authority Districts (December 2024) Boundaries UK BGC
TD2,Lauder,S12000026,Scottish Borders,representative_point_within,ONS Local Authority Districts (December 2024) Boundaries UK BGC
TD3,Gordon,S12000026,Scottish Borders,representative_point_within,ONS Local Authority Districts (December 2024) Boundaries UK BGC
TD4,Earlston,S12000026,Scottish Borders,representative_point_within,ONS Local Authority Districts (December 2024) Boundaries UK BGC
TD5,Kelso,S12000026,Scottish Borders,representative_point_within,ONS Local Authority Districts (December 2024) Boundaries UK BGC
TD6,St Boswells,S12000026,Scottish Borders,representative_point_within,ONS Local Authority Districts (December 2024) Boundaries UK BGC
TD7,Selkirk,S12000026,Scottish Borders,representative_point_within,ONS Local Authority Districts (December 2024) Boundaries UK BGC
TD8,Jedburgh,S12000026,Scottish Borders,representative_point_within,ONS Local Authority Districts (December 2024) Boundaries UK BGC
TD9,Hawick,S12000026,Scottish Borders,representative_point_within,ONS Local Authority Districts (December 2024) Boundaries UK BGC
TF1,Telford,E06000020,Telford and Wrekin,representative_point_within,ONS Local Authority Districts (December 2024) Boundaries UK BGC
TF10,Newport,E06000020,Telford and Wrekin,representative_point_within,ONS Local Authority Districts (December 2024) Boundaries UK BGC
TF11,Shifnal,E06000051,Shropshire,representative_point_within,ONS Local Authority Districts (December 2024) Boundaries UK BGC
TF12,Broseley,E06000051,Shropshire,representative_point_within,ONS Local Authority Districts (December 2024) Boundaries UK BGC
TF13,Much Wenlock,E06000051,Shropshire,representative_point_within,ONS Local Authority Districts (December 2024) Boundaries UK BGC
TF2,Telford,E06000020,Telford and Wrekin,representative_point_within,ONS Local Authority Districts (December 2024) Boundaries UK BGC
TF3,Telford,E06000020,Telford and Wrekin,representative_point_within,ONS Local Authority Districts (December 2024) Boundaries UK BGC
TF4,Telford,E06000020,Telford and Wrekin,representative_point_within,ONS Local Authority Districts (December 2024) Boundaries UK BGC
TF5,Telford,E06000020,Telford and Wrekin,representative_point_within,ONS Local Authority Districts (December 2024) Boundaries UK BGC
TF6,Little Wenlock,E06000020,Telford and Wrekin,representative_point_within,ONS Local Authority Districts (December 2024) Boundaries UK BGC
TF7,Telford,E06000020,Telford and Wrekin,representative_point_within,ONS Local Authority Districts (December 2024) Boundaries UK BGC
TF8,Ironbridge,E06000020,Telford and Wrekin,representative_point_within,ONS Local Authority Districts (December 2024) Boundaries UK BGC
TF9,Market Drayton,E06000051,Shropshire,representative_point_within,ONS Local Authority Districts (December 2024) Boundaries UK BGC
TN1,Royal Tunbridge Wells,E07000116,Tunbridge Wells,representative_point_within,ONS Local Authority Districts (December 2024) Boundaries UK BGC
TN10,Tonbridge,E07000115,Tonbridge and Malling,representative_point_within,ONS Local Authority Districts (December 2024) Boundaries UK BGC
TN11,Hadlow,E07000111,Sevenoaks,representative_point_within,ONS Local Authority Districts (December 2024) Boundaries UK BGC
TN12,Staplehurst,E07000110,Maidstone,representative_point_within,ONS Local Authority Districts (December 2024) Boundaries UK BGC
TN13,Sevenoaks,E07000111,Sevenoaks,representative_point_within,ONS Local Authority Districts (December 2024) Boundaries UK BGC
TN14,Otford,E07000111,Sevenoaks,representative_point_within,ONS Local Authority Districts (December 2024) Boundaries UK BGC
TN15,Sevenoaks,E07000115,Tonbridge and Malling,representative_point_within,ONS Local Authority Districts (December 2024) Boundaries UK BGC
TN16,Westerham,E07000111,Sevenoaks,representative_point_within,ONS Local Authority Districts (December 2024) Boundaries UK BGC
TN17,Goudhurst,E07000116,Tunbridge Wells,representative_point_within,ONS Local Authority Districts (December 2024) Boundaries UK BGC
TN18,Hawkhurst,E07000116,Tunbridge Wells,representative_point_within,ONS Local Authority Districts (December 2024) Boundaries UK BGC
TN19,Burwash,E07000064,Rother,representative_point_within,ONS Local Authority Districts (December 2024) Boundaries UK BGC
TN2,Royal Tunbridge Wells,E07000116,Tunbridge Wells,representative_point_within,ONS Local Authority Districts (December 2024) Boundaries UK BGC
TN20,Mayfield,E07000065,Wealden,representative_point_within,ONS Local Authority Districts (December 2024) Boundaries UK BGC
TN21,Heathfield,E07000065,Wealden,representative_point_within,ONS Local Authority Districts (December 2024) Boundaries UK BGC
TN22,Uckfield,E07000065,Wealden,representative_point_within,ONS Local Authority Districts (December 2024) Boundaries UK BGC
TN23,Ashford,E07000105,Ashford,representative_point_within,ONS Local Authority Districts (December 2024) Boundaries UK BGC
TN24,Ashford,E07000105,Ashford,representative_point_within,ONS Local Authority Districts (December 2024) Boundaries UK BGC
TN25,Ashford,E07000105,Ashford,representative_point_within,ONS Local Authority Districts (December 2024) Boundaries UK BGC
TN26,Shadoxhurst,E07000105,Ashford,representative_point_within,ONS Local Authority Districts (December 2024) Boundaries UK BGC
TN27,Charing,E07000105,Ashford,representative_point_within,ONS Local Authority Districts (December 2024) Boundaries UK BGC
TN28,New Romney,E07000112,Folkestone and Hythe,representative_point_within,ONS Local Authority Districts (December 2024) Boundaries UK BGC
TN29,St Mary's Bay,E07000112,Folkestone and Hythe,representative_point_within,ONS Local Authority Districts (December 2024) Boundaries UK BGC
TN3,Rusthall,E07000116,Tunbridge Wells,representative_point_within,ONS Local Authority Districts (December 2024) Boundaries UK BGC
TN30,Tenterden,E07000105,Ashford,representative_point_within,ONS Local Authority Districts (December 2024) Boundaries UK BGC
TN31,Northiam,E07000064,Rother,representative_point_within,ONS Local Authority Districts (December 2024) Boundaries UK BGC
TN32,Robertsbridge,E07000064,Rother,representative_point_within,ONS Local Authority Districts (December 2024) Boundaries UK BGC
TN33,Battle,E07000064,Rother,representative_point_within,ONS Local Authority Districts (December 2024) Boundaries UK BGC
TN34,Hastings,E07000062,Hastings,representative_point_within,ONS Local Authority Districts (December 2024) Boundaries UK BGC
TN35,Westfield,E07000064,Rother,representative_point_within,ONS Local Authority Districts (December 2024) Boundaries UK BGC
TN36,Winchelsea,E07000064,Rother,representative_point_within,ONS Local Authority Districts (December 2024) Boundaries UK BGC
TN37,Hastings,E07000062,Hastings,representative_point_within,ONS Local Authority Districts (December 2024) Boundaries UK BGC
TN38,Hastings,E07000062,Hastings,representative_point_within,ONS Local Authority Districts (December 2024) Boundaries UK BGC
TN39,Bexhill,E07000064,Rother,representative_point_within,ONS Local Authority Districts (December 2024) Boundaries UK BGC
TN4,Royal Tunbridge Wells,E07000116,Tunbridge Wells,representative_point_within,ONS Local Authority Districts (December 2024) Boundaries UK BGC
TN40,Bexhill,E07000064,Rother,representative_point_within,ONS Local Authority Districts (December 2024) Boundaries UK BGC
TN5,Best Beech Hill,E07000064,Rother,representative_point_within,ONS Local Authority Districts (December 2024) Boundaries UK BGC
TN6,Crowborough,E07000065,Wealden,representative_point_within,ONS Local Authority Districts (December 2024) Boundaries UK BGC
TN7,Upper Hartfield,E07000065,Wealden,representative_point_within,ONS Local Authority Districts (December 2024) Boundaries UK BGC
TN8,Edenbridge,E07000111,Sevenoaks,representative_point_within,ONS Local Authority Districts (December 2024) Boundaries UK BGC
TN9,Tonbridge,E07000115,Tonbridge and Malling,representative_point_within,ONS Local Authority Districts (December 2024) Boundaries UK BGC
TQ1,Torquay,E06000027,Torbay,representative_point_within,ONS Local Authority Districts (December 2024) Boundaries UK BGC
TQ10,South Brent,E07000044,South Hams,representative_point_within,ONS Local Authority Districts (December 2024) Boundaries UK BGC
TQ11,Buckfastleigh,E07000044,South Hams,representative_point_within,ONS Local Authority Districts (December 2024) Boundaries UK BGC
TQ12,Newton Abbot,E07000045,Teignbridge,representative_point_within,ONS Local Authority Districts (December 2024) Boundaries UK BGC
TQ13,Chudleigh,E07000045,Teignbridge,representative_point_within,ONS Local Authority Districts (December 2024) Boundaries UK BGC
TQ14,Shaldon,E07000045,Teignbridge,representative_point_within,ONS Local Authority Districts (December 2024) Boundaries UK BGC
TQ2,Torquay,E06000027,Torbay,representative_point_within,ONS Local Authority Districts (December 2024) Boundaries UK BGC
TQ3,Paignton,E07000044,South Hams,representative_point_within,ONS Local Authority Districts (December 2024) Boundaries UK BGC
TQ4,Paignton,E06000027,Torbay,representative_point_within,ONS Local Authority Districts (December 2024) Boundaries UK BGC
TQ5,Brixham,E06000027,Torbay,representative_point_within,ONS Local Authority Districts (December 2024) Boundaries UK BGC
TQ6,Kingswear,E07000044,South Hams,representative_point_within,ONS Local Authority Districts (December 2024) Boundaries UK BGC
TQ7,Kingsbridge,E07000044,South Hams,representative_point_within,ONS Local Authority Districts (December 2024) Boundaries UK BGC
TQ8,Salcombe,E07000044,South Hams,representative_point_within,ONS Local Authority Districts (December 2024) Boundaries UK BGC
TQ9,Totnes,E07000044,South Hams,representative_point_within,ONS Local Authority Districts (December 2024) Boundaries UK BGC
TR1,Truro,E06000052,Cornwall,representative_point_within,ONS Local Authority Districts (December 2024) Boundaries UK BGC
TR10,Penryn,E06000052,Cornwall,representative_point_within,ONS Local Authority Districts (December 2024) Boundaries UK BGC
TR11,Falmouth,E06000052,Cornwall,representative_point_within,ONS Local Authority Districts (December 2024) Boundaries UK BGC
TR12,St Keverne,E06000052,Cornwall,representative_point_within,ONS Local Authority Districts (December 2024) Boundaries UK BGC
TR13,Helston,E06000052,Cornwall,representative_point_within,ONS Local Authority Districts (December 2024) Boundaries UK BGC
TR14,Camborne,E06000052,Cornwall,representative_point_within,ONS Local Authority Districts (December 2024) Boundaries UK BGC
TR15,Redruth,E06000052,Cornwall,representative_point_within,ONS Local Authority Districts (December 2024) Boundaries UK BGC
TR16,Illogan,E06000052,Cornwall,representative_point_within,ONS Local Authority Districts (December 2024) Boundaries UK BGC
TR17,Marazion,E06000052,Cornwall,representative_point_within,ONS Local Authority Districts (December 2024) Boundaries UK BGC
TR18,Penzance,E06000052,Cornwall,representative_point_within,ONS Local Authority Districts (December 2024) Boundaries UK BGC
TR19,Mousehole,E06000052,Cornwall,representative_point_within,ONS Local Authority Districts (December 2024) Boundaries UK BGC
TR2,Probus,E06000052,Cornwall,representative_point_within,ONS Local Authority Districts (December 2024) Boundaries UK BGC
TR20,Crowlas,E06000052,Cornwall,representative_point_within,ONS Local Authority Districts (December 2024) Boundaries UK BGC
TR21,Hugh Town,E06000053,Isles of Scilly,representative_point_within,ONS Local Authority Districts (December 2024) Boundaries UK BGC
TR22,Downs,E06000053,Isles of Scilly,representative_point_within,ONS Local Authority Districts (December 2024) Boundaries UK BGC
TR23,Bryher,E06000053,Isles of Scilly,representative_point_within,ONS Local Authority Districts (December 2024) Boundaries UK BGC
TR24,New Grimsby,E06000053,Isles of Scilly,representative_point_within,ONS Local Authority Districts (December 2024) Boundaries UK BGC
TR25,Higher Town,E06000053,Isles of Scilly,representative_point_within,ONS Local Authority Districts (December 2024) Boundaries UK BGC
TR26,St Ives,E06000052,Cornwall,representative_point_within,ONS Local Authority Districts (December 2024) Boundaries UK BGC
TR27,Hayle,E06000052,Cornwall,representative_point_within,ONS Local Authority Districts (December 2024) Boundaries UK BGC
TR3,Threemilestone,E06000052,Cornwall,representative_point_within,ONS Local Authority Districts (December 2024) Boundaries UK BGC
TR4,Chacewater,E06000052,Cornwall,representative_point_within,ONS Local Authority Districts (December 2024) Boundaries UK BGC
TR5,St Agnes,E06000052,Cornwall,representative_point_within,ONS Local Authority Districts (December 2024) Boundaries UK BGC
TR6,Perranporth,E06000052,Cornwall,representative_point_within,ONS Local Authority Districts (December 2024) Boundaries UK BGC
TR7,Newquay,E06000052,Cornwall,representative_point_within,ONS Local Authority Districts (December 2024) Boundaries UK BGC
TR8,Trenance,E06000052,Cornwall,representative_point_within,ONS Local Authority Districts (December 2024) Boundaries UK BGC
TR9,St Columb Road,E06000052,Cornwall,representative_point_within,ONS Local Authority Districts (December 2024) Boundaries UK BGC
TS1,Middlesbrough,E06000002,Middlesbrough,representative_point_within,ONS Local Authority Districts (December 2024) Boundaries UK BGC
TS10,Redcar,E06000003,Redcar and Cleveland,representative_point_within,ONS Local Authority Districts (December 2024) Boundaries UK BGC
TS11,Marske-by-the-Sea,E06000003,Redcar and Cleveland,representative_point_within,ONS Local Authority Districts (December 2024) Boundaries UK BGC
TS12,Saltburn-by-the-Sea,E06000003,Redcar and Cleveland,representative_point_within,ONS Local Authority Districts (December 2024) Boundaries UK BGC
TS13,Loftus,E06000065,North Yorkshire,representative_point_within,ONS Local Authority Districts (December 2024) Boundaries UK BGC
TS14,Guisborough,E06000003,Redcar and Cleveland,representative_point_within,ONS Local Authority Districts (December 2024) Boundaries UK BGC
TS15,Hutton Rudby,E06000065,North Yorkshire,representative_point_within,ONS Local Authority Districts (December 2024) Boundaries UK BGC
TS16,Egglescliffe,E06000004,Stockton-on-Tees,representative_point_within,ONS Local Authority Districts (December 2024) Boundaries UK BGC
TS17,Ingleby Barwick,E06000004,Stockton-on-Tees,representative_point_within,ONS Local Authority Districts (December 2024) Boundaries UK BGC
TS18,Stockton On Tees,E06000004,Stockton-on-Tees,representative_point_within,ONS Local Authority Districts (December 2024) Boundaries UK BGC
TS19,Stockton On Tees,E06000004,Stockton-on-Tees,representative_point_within,ONS Local Authority Districts (December 2024) Boundaries UK BGC
TS2,Middlesbrough,E06000004,Stockton-on-Tees,representative_point_within,ONS Local Authority Districts (December 2024) Boundaries UK BGC
TS20,Stockton On Tees,E06000004,Stockton-on-Tees,representative_point_within,ONS Local Authority Districts (December 2024) Boundaries UK BGC
TS21,Stillington,E06000047,County Durham,representative_point_within,ONS Local Authority Districts (December 2024) Boundaries UK BGC
TS22,Billingham,E06000004,Stockton-on-Tees,representative_point_within,ONS Local Authority Districts (December 2024) Boundaries UK BGC
TS23,Billingham,E06000004,Stockton-on-Tees,representative_point_within,ONS Local Authority Districts (December 2024) Boundaries UK BGC
TS24,Hartlepool,E06000001,Hartlepool,representative_point_within,ONS Local Authority Districts (December 2024) Boundaries UK BGC
TS25,Hartlepool,E06000001,Hartlepool,representative_point_within,ONS Local Authority Districts (December 2024) Boundaries UK BGC
TS26,Hartlepool,E06000001,Hartlepool,representative_point_within,ONS Local Authority Districts (December 2024) Boundaries UK BGC
TS27,Hartlepool,E06000001,Hartlepool,representative_point_within,ONS Local Authority Districts (December 2024) Boundaries UK BGC
TS28,Wingate,E06000047,County Durham,representative_point_within,ONS Local Authority Districts (December 2024) Boundaries UK BGC
TS29,Deaf Hill,E06000047,County Durham,representative_point_within,ONS Local Authority Districts (December 2024) Boundaries UK BGC
TS3,Middlesbrough,E06000002,Middlesbrough,representative_point_within,ONS Local Authority Districts (December 2024) Boundaries UK BGC
TS4,Middlesbrough,E06000002,Middlesbrough,representative_point_within,ONS Local Authority Districts (December 2024) Boundaries UK BGC
TS5,Middlesbrough,E06000002,Middlesbrough,representative_point_within,ONS Local Authority Districts (December 2024) Boundaries UK BGC
TS6,Middlesbrough,E06000003,Redcar and Cleveland,representative_point_within,ONS Local Authority Districts (December 2024) Boundaries UK BGC
TS7,Middlesbrough,E06000003,Redcar and Cleveland,representative_point_within,ONS Local Authority Districts (December 2024) Boundaries UK BGC
TS8,Middlesbrough,E06000002,Middlesbrough,representative_point_within,ONS Local Authority Districts (December 2024) Boundaries UK BGC
TS9,Stokesley,E06000065,North Yorkshire,representative_point_within,ONS Local Authority Districts (December 2024) Boundaries UK BGC
TW1,London,E09000027,Richmond upon Thames,representative_point_within,ONS Local Authority Districts (December 2024) Boundaries UK BGC
TW10,London,E09000027,Richmond upon Thames,representative_point_within,ONS Local Authority Districts (December 2024) Boundaries UK BGC
TW11,London,E09000027,Richmond upon Thames,representative_point_within,ONS Local Authority Districts (December 2024) Boundaries UK BGC
TW12,London,E09000027,Richmond upon Thames,representative_point_within,ONS Local Authority Districts (December 2024) Boundaries UK BGC
TW13,London,E09000018,Hounslow,representative_point_within,ONS Local Authority Districts (December 2024) Boundaries UK BGC
TW14,London,E09000018,Hounslow,representative_point_within,ONS Local Authority Districts (December 2024) Boundaries UK BGC
TW15,Ashford,E07000213,Spelthorne,representative_point_within,ONS Local Authority Districts (December 2024) Boundaries UK BGC
TW16,Sunbury,E07000213,Spelthorne,representative_point_within,ONS Local Authority Districts (December 2024) Boundaries UK BGC
TW17,Shepperton Green,E07000213,Spelthorne,representative_point_within,ONS Local Authority Districts (December 2024) Boundaries UK BGC
TW18,Staines,E07000213,Spelthorne,representative_point_within,ONS Local Authority Districts (December 2024) Boundaries UK BGC
TW19,Wraysbury,E07000213,Spelthorne,representative_point_within,ONS Local Authority Districts (December 2024) Boundaries UK BGC
TW2,London,E09000027,Richmond upon Thames,representative_point_within,ONS Local Authority Districts (December 2024) Boundaries UK BGC
TW20,Egham,E07000212,Runnymede,representative_point_within,ONS Local Authority Districts (December 2024) Boundaries UK BGC
TW3,London,E09000018,Hounslow,representative_point_within,ONS Local Authority Districts (December 2024) Boundaries UK BGC
TW4,London,E09000018,Hounslow,representative_point_within,ONS Local Authority Districts (December 2024) Boundaries UK BGC
TW5,London,E09000018,Hounslow,representative_point_within,ONS Local Authority Districts (December 2024) Boundaries UK BGC
TW6,Heathrow Airport T1-3,E09000017,Hillingdon,representative_point_within,ONS Local Authority Districts (December 2024) Boundaries UK BGC
TW7,London,E09000018,Hounslow,representative_point_within,ONS Local Authority Districts (December 2024) Boundaries UK BGC
TW8,London,E09000018,Hounslow,representative_point_within,ONS Local Authority Districts (December 2024) Boundaries UK BGC
TW9,London,E09000027,Richmond upon Thames,representative_point_within,ONS Local Authority Districts (December 2024) Boundaries UK BGC
UB1,London,E09000009,Ealing,representative_point_within,ONS Local Authority Districts (December 2024) Boundaries UK BGC
UB10,London,E09000017,Hillingdon,representative_point_within,ONS Local Authority Districts (December 2024) Boundaries UK BGC
UB11,London,E09000017,Hillingdon,representative_point_within,ONS Local Authority Districts (December 2024) Boundaries UK BGC
UB2,London,E09000009,Ealing,representative_point_within,ONS Local Authority Districts (December 2024) Boundaries UK BGC
UB3,London,E09000017,Hillingdon,representative_point_within,ONS Local Authority Districts (December 2024) Boundaries UK BGC
UB4,London,E09000017,Hillingdon,representative_point_within,ONS Local Authority Districts (December 2024) Boundaries UK BGC
UB5,London,E09000009,Ealing,representative_point_within,ONS Local Authority Districts (December 2024) Boundaries UK BGC
UB6,London,E09000009,Ealing,representative_point_within,ONS Local Authority Districts (December 2024) Boundaries UK BGC
UB7,Harlington,E09000017,Hillingdon,representative_point_within,ONS Local Authority Districts (December 2024) Boundaries UK BGC
UB8,London,E09000017,Hillingdon,representative_point_within,ONS Local Authority Districts (December 2024) Boundaries UK BGC
UB9,New Denham,E09000017,Hillingdon,representative_point_within,ONS Local Authority Districts (December 2024) Boundaries UK BGC
W10,London,E09000020,Kensington and Chelsea,representative_point_within,ONS Local Authority Districts (December 2024) Boundaries UK BGC
W11,London,E09000020,Kensington and Chelsea,representative_point_within,ONS Local Authority Districts (December 2024) Boundaries UK BGC
W12,London,E09000013,Hammersmith and Fulham,representative_point_within,ONS Local Authority Districts (December 2024) Boundaries UK BGC
W13,London,E09000009,Ealing,representative_point_within,ONS Local Authority Districts (December 2024) Boundaries UK BGC
W14,London,E09000013,Hammersmith and Fulham,representative_point_within,ONS Local Authority Districts (December 2024) Boundaries UK BGC
W1B,London,E09000033,Westminster,representative_point_within,ONS Local Authority Districts (December 2024) Boundaries UK BGC
W1C,London,E09000033,Westminster,representative_point_within,ONS Local Authority Districts (December 2024) Boundaries UK BGC
W1D,London,E09000033,Westminster,representative_point_within,ONS Local Authority Districts (December 2024) Boundaries UK BGC
W1F,London,E09000033,Westminster,representative_point_within,ONS Local Authority Districts (December 2024) Boundaries UK BGC
W1G,London,E09000033,Westminster,representative_point_within,ONS Local Authority Districts (December 2024) Boundaries UK BGC
W1H,London,E09000033,Westminster,representative_point_within,ONS Local Authority Districts (December 2024) Boundaries UK BGC
W1J,London,E09000033,Westminster,representative_point_within,ONS Local Authority Districts (December 2024) Boundaries UK BGC
W1K,London,E09000033,Westminster,representative_point_within,ONS Local Authority Districts (December 2024) Boundaries UK BGC
W1S,London,E09000033,Westminster,representative_point_within,ONS Local Authority Districts (December 2024) Boundaries UK BGC
W1T,London,E09000007,Camden,representative_point_within,ONS Local Authority Districts (December 2024) Boundaries UK BGC
W1U,London,E09000033,Westminster,representative_point_within,ONS Local Authority Districts (December 2024) Boundaries UK BGC
W1W,London,E09000033,Westminster,representative_point_within,ONS Local Authority Districts (December 2024) Boundaries UK BGC
W2,London,E09000033,Westminster,representative_point_within,ONS Local Authority Districts (December 2024) Boundaries UK BGC
W3,London,E09000009,Ealing,representative_point_within,ONS Local Authority Districts (December 2024) Boundaries UK BGC
W4,London,E09000018,Hounslow,representative_point_within,ONS Local Authority Districts (December 2024) Boundaries UK BGC
W5,London,E09000009,Ealing,representative_point_within,ONS Local Authority Districts (December 2024) Boundaries UK BGC
W6,London,E09000013,Hammersmith and Fulham,representative_point_within,ONS Local Authority Districts (December 2024) Boundaries UK BGC
W7,London,E09000009,Ealing,representative_point_within,ONS Local Authority Districts (December 2024) Boundaries UK BGC
W8,London,E09000020,Kensington and Chelsea,representative_point_within,ONS Local Authority Districts (December 2024) Boundaries UK BGC
W9,London,E09000033,Westminster,representative_point_within,ONS Local Authority Districts (December 2024) Boundaries UK BGC
WA1,Warrington,E06000007,Warrington,representative_point_within,ONS Local Authority Districts (December 2024) Boundaries UK BGC
WA10,St Helens,E08000013,St. Helens,representative_point_within,ONS Local Authority Districts (December 2024) Boundaries UK BGC
WA11,Haydock,E08000013,St. Helens,representative_point_within,ONS Local Authority Districts (December 2024) Boundaries UK BGC
WA12,Newton-Le-Willows,E08000013,St. Helens,representative_point_within,ONS Local Authority Districts (December 2024) Boundaries UK BGC
WA13,Lymm,E06000007,Warrington,representative_point_within,ONS Local Authority Districts (December 2024) Boundaries UK BGC
WA14,Altrincham,E08000009,Trafford,representative_point_within,ONS Local Authority Districts (December 2024) Boundaries UK BGC
WA15,Altrincham,E08000009,Trafford,representative_point_within,ONS Local Authority Districts (December 2024) Boundaries UK BGC
WA16,KNUTSFORD,E06000049,Cheshire East,representative_point_within,ONS Local Authority Districts (December 2024) Boundaries UK BGC
WA2,Warrington,E06000007,Warrington,representative_point_within,ONS Local Authority Districts (December 2024) Boundaries UK BGC
WA3,Golborne,E06000007,Warrington,representative_point_within,ONS Local Authority Districts (December 2024) Boundaries UK BGC
WA4,Warrington,E06000007,Warrington,representative_point_within,ONS Local Authority Districts (December 2024) Boundaries UK BGC
WA5,Warrington,E06000007,Warrington,representative_point_within,ONS Local Authority Districts (December 2024) Boundaries UK BGC
WA6,Helsby,E06000050,Cheshire West and Chester,representative_point_within,ONS Local Authority Districts (December 2024) Boundaries UK BGC
WA7,Runcorn,E06000006,Halton,representative_point_within,ONS Local Authority Districts (December 2024) Boundaries UK BGC
WA8,Widnes,E06000006,Halton,representative_point_within,ONS Local Authority Districts (December 2024) Boundaries UK BGC
WA9,St Helens,E08000013,St. Helens,representative_point_within,ONS Local Authority Districts (December 2024) Boundaries UK BGC
WC1A,London,E09000007,Camden,representative_point_within,ONS Local Authority Districts (December 2024) Boundaries UK BGC
WC1B,London,E09000007,Camden,representative_point_within,ONS Local Authority Districts (December 2024) Boundaries UK BGC
WC1E,London,E09000007,Camden,representative_point_within,ONS Local Authority Districts (December 2024) Boundaries UK BGC
WC1H,London,E09000007,Camden,representative_point_within,ONS Local Authority Districts (December 2024) Boundaries UK BGC
WC1N,London,E09000007,Camden,representative_point_within,ONS Local Authority Districts (December 2024) Boundaries UK BGC
WC1R,London,E09000007,Camden,representative_point_within,ONS Local Authority Districts (December 2024) Boundaries UK BGC
WC1V,London,E09000007,Camden,representative_point_within,ONS Local Authority Districts (December 2024) Boundaries UK BGC
WC1X,London,E09000007,Camden,representative_point_within,ONS Local Authority Districts (December 2024) Boundaries UK BGC
WC2A,London,E09000033,Westminster,representative_point_within,ONS Local Authority Districts (December 2024) Boundaries UK BGC
WC2B,London,E09000007,Camden,representative_point_within,ONS Local Authority Districts (December 2024) Boundaries UK BGC
WC2E,London,E09000033,Westminster,representative_point_within,ONS Local Authority Districts (December 2024) Boundaries UK BGC
WC2H,London,E09000007,Camden,representative_point_within,ONS Local Authority Districts (December 2024) Boundaries UK BGC
WC2N,London,E09000033,Westminster,representative_point_within,ONS Local Authority Districts (December 2024) Boundaries UK BGC
WC2R,London,E09000033,Westminster,representative_point_within,ONS Local Authority Districts (December 2024) Boundaries UK BGC
WD17,Watford,E07000103,Watford,representative_point_within,ONS Local Authority Districts (December 2024) Boundaries UK BGC
WD18,Watford,E07000103,Watford,representative_point_within,ONS Local Authority Districts (December 2024) Boundaries UK BGC
WD19,Watford,E07000102,Three Rivers,representative_point_within,ONS Local Authority Districts (December 2024) Boundaries UK BGC
WD23,Bushey,E07000098,Hertsmere,representative_point_within,ONS Local Authority Districts (December 2024) Boundaries UK BGC
WD24,Watford,E07000103,Watford,representative_point_within,ONS Local Authority Districts (December 2024) Boundaries UK BGC
WD25,Watford,E07000098,Hertsmere,representative_point_within,ONS Local Authority Districts (December 2024) Boundaries UK BGC
WD3,Rickmansworth,E07000102,Three Rivers,representative_point_within,ONS Local Authority Districts (December 2024) Boundaries UK BGC
WD4,Kings Langley,E07000096,Dacorum,representative_point_within,ONS Local Authority Districts (December 2024) Boundaries UK BGC
WD5,Watford,E07000102,Three Rivers,representative_point_within,ONS Local Authority Districts (December 2024) Boundaries UK BGC
WD6,Borehamwood,E07000098,Hertsmere,representative_point_within,ONS Local Authority Districts (December 2024) Boundaries UK BGC
WD7,Radlett,E07000098,Hertsmere,representative_point_within,ONS Local Authority Districts (December 2024) Boundaries UK BGC
WF1,Wakefield,E08000036,Wakefield,representative_point_within,ONS Local Authority Districts (December 2024) Boundaries UK BGC
WF10,Castleford,E08000036,Wakefield,representative_point_within,ONS Local Authority Districts (December 2024) Boundaries UK BGC
WF11,Knottingley,E06000065,North Yorkshire,representative_point_within,ONS Local Authority Districts (December 2024) Boundaries UK BGC
WF12,Dewsbury,E08000034,Kirklees,representative_point_within,ONS Local Authority Districts (December 2024) Boundaries UK BGC
WF13,Dewsbury,E08000034,Kirklees,representative_point_within,ONS Local Authority Districts (December 2024) Boundaries UK BGC
WF14,Mirfield,E08000034,Kirklees,representative_point_within,ONS Local Authority Districts (December 2024) Boundaries UK BGC
WF15,Heckmondwike,E08000034,Kirklees,representative_point_within,ONS Local Authority Districts (December 2024) Boundaries UK BGC
WF16,Heckmondwike,E08000034,Kirklees,representative_point_within,ONS Local Authority Districts (December 2024) Boundaries UK BGC
WF17,Birstal,E08000034,Kirklees,representative_point_within,ONS Local Authority Districts (December 2024) Boundaries UK BGC
WF2,Wakefield,E08000036,Wakefield,representative_point_within,ONS Local Authority Districts (December 2024) Boundaries UK BGC
WF3,West Ardsley,E08000036,Wakefield,representative_point_within,ONS Local Authority Districts (December 2024) Boundaries UK BGC
WF4,Crofton,E08000036,Wakefield,representative_point_within,ONS Local Authority Districts (December 2024) Boundaries UK BGC
WF5,Ossett,E08000036,Wakefield,representative_point_within,ONS Local Authority Districts (December 2024) Boundaries UK BGC
WF6,Normanton,E08000036,Wakefield,representative_point_within,ONS Local Authority Districts (December 2024) Boundaries UK BGC
WF7,Featherstone,E08000036,Wakefield,representative_point_within,ONS Local Authority Districts (December 2024) Boundaries UK BGC
WF8,Pontefract,E08000036,Wakefield,representative_point_within,ONS Local Authority Districts (December 2024) Boundaries UK BGC
WF9,Upton,E08000036,Wakefield,representative_point_within,ONS Local Authority Districts (December 2024) Boundaries UK BGC
WN1,Wigan,E08000010,Wigan,representative_point_within,ONS Local Authority Districts (December 2024) Boundaries UK BGC
WN2,Aspull,E08000010,Wigan,representative_point_within,ONS Local Authority Districts (December 2024) Boundaries UK BGC
WN3,Wigan,E08000010,Wigan,representative_point_within,ONS Local Authority Districts (December 2024) Boundaries UK BGC
WN4,Downall Green,E08000010,Wigan,representative_point_within,ONS Local Authority Districts (December 2024) Boundaries UK BGC
WN5,Wigan,E08000010,Wigan,representative_point_within,ONS Local Authority Districts (December 2024) Boundaries UK BGC
WN6,Standish,E08000010,Wigan,representative_point_within,ONS Local Authority Districts (December 2024) Boundaries UK BGC
WN7,Leigh,E08000010,Wigan,representative_point_within,ONS Local Authority Districts (December 2024) Boundaries UK BGC
WN8,Up Holland,E07000127,West Lancashire,representative_point_within,ONS Local Authority Districts (December 2024) Boundaries UK BGC
WR1,Worcester,E07000237,Worcester,representative_point_within,ONS Local Authority Districts (December 2024) Boundaries UK BGC
WR10,Pershore,E07000238,Wychavon,representative_point_within,ONS Local Authority Districts (December 2024) Boundaries UK BGC
WR11,Evesham,E07000238,Wychavon,representative_point_within,ONS Local Authority Districts (December 2024) Boundaries UK BGC
WR12,Broadway,E07000238,Wychavon,representative_point_within,ONS Local Authority Districts (December 2024) Boundaries UK BGC
WR13,Stony Cross,E06000019,"Herefordshire, County of",representative_point_within,ONS Local Authority Districts (December 2024) Boundaries UK BGC
WR14,Great Malvern,E07000235,Malvern Hills,representative_point_within,ONS Local Authority Districts (December 2024) Boundaries UK BGC
WR15,Tenbury Wells,E07000235,Malvern Hills,representative_point_within,ONS Local Authority Districts (December 2024) Boundaries UK BGC
WR2,Worcester,E07000237,Worcester,representative_point_within,ONS Local Authority Districts (December 2024) Boundaries UK BGC
WR3,Worcester,E07000237,Worcester,representative_point_within,ONS Local Authority Districts (December 2024) Boundaries UK BGC
WR4,Worcester,E07000237,Worcester,representative_point_within,ONS Local Authority Districts (December 2024) Boundaries UK BGC
WR5,Worcester,E07000238,Wychavon,representative_point_within,ONS Local Authority Districts (December 2024) Boundaries UK BGC
WR6,Alfrick,E07000235,Malvern Hills,representative_point_within,ONS Local Authority Districts (December 2024) Boundaries UK BGC
WR7,Inkberrow,E07000238,Wychavon,representative_point_within,ONS Local Authority Districts (December 2024) Boundaries UK BGC
WR8,Upton upon Severn,E07000235,Malvern Hills,representative_point_within,ONS Local Authority Districts (December 2024) Boundaries UK BGC
WR9,Ombersley,E07000238,Wychavon,representative_point_within,ONS Local Authority Districts (December 2024) Boundaries UK BGC
WS1,Walsall,E08000030,Walsall,representative_point_within,ONS Local Authority Districts (December 2024) Boundaries UK BGC
WS10,West Bromwich,E08000028,Sandwell,representative_point_within,ONS Local Authority Districts (December 2024) Boundaries UK BGC
WS11,Cannock,E07000192,Cannock Chase,representative_point_within,ONS Local Authority Districts (December 2024) Boundaries UK BGC
WS12,Cannock,E07000192,Cannock Chase,representative_point_within,ONS Local Authority Districts (December 2024) Boundaries UK BGC
WS13,Lichfield,E07000194,Lichfield,representative_point_within,ONS Local Authority Districts (December 2024) Boundaries UK BGC
WS14,Shenstone,E07000194,Lichfield,representative_point_within,ONS Local Authority Districts (December 2024) Boundaries UK BGC
WS15,Rugeley,E07000194,Lichfield,representative_point_within,ONS Local Authority Districts (December 2024) Boundaries UK BGC
WS2,Willenhall,E08000030,Walsall,representative_point_within,ONS Local Authority Districts (December 2024) Boundaries UK BGC
WS3,Walsall,E08000030,Walsall,representative_point_within,ONS Local Authority Districts (December 2024) Boundaries UK BGC
WS4,Rushall,E08000030,Walsall,representative_point_within,ONS Local Authority Districts (December 2024) Boundaries UK BGC
WS5,Walsall,E08000030,Walsall,representative_point_within,ONS Local Authority Districts (December 2024) Boundaries UK BGC
WS6,Great Wyrley,E07000196,South Staffordshire,representative_point_within,ONS Local Authority Districts (December 2024) Boundaries UK BGC
WS7,Burntwood,E07000194,Lichfield,representative_point_within,ONS Local Authority Districts (December 2024) Boundaries UK BGC
WS8,Brownhills,E08000030,Walsall,representative_point_within,ONS Local Authority Districts (December 2024) Boundaries UK BGC
WS9,Aldridge,E08000030,Walsall,representative_point_within,ONS Local Authority Districts (December 2024) Boundaries UK BGC
WV1,Wolverhampton,E08000031,Wolverhampton,representative_point_within,ONS Local Authority Districts (December 2024) Boundaries UK BGC
WV10,Wolverhampton,E08000031,Wolverhampton,representative_point_within,ONS Local Authority Districts (December 2024) Boundaries UK BGC
WV11,Wolverhampton,E07000196,South Staffordshire,representative_point_within,ONS Local Authority Districts (December 2024) Boundaries UK BGC
WV12,Willenhall,E08000030,Walsall,representative_point_within,ONS Local Authority Districts (December 2024) Boundaries UK BGC
WV13,Willenhall,E08000030,Walsall,representative_point_within,ONS Local Authority Districts (December 2024) Boundaries UK BGC
WV14,Wolverhampton,E08000031,Wolverhampton,representative_point_within,ONS Local Authority Districts (December 2024) Boundaries UK BGC
WV15,Bridgnorth,E06000051,Shropshire,representative_point_within,ONS Local Authority Districts (December 2024) Boundaries UK BGC
WV16,Bridgnorth,E06000051,Shropshire,representative_point_within,ONS Local Authority Districts (December 2024) Boundaries UK BGC
WV2,Wolverhampton,E08000031,Wolverhampton,representative_point_within,ONS Local Authority Districts (December 2024) Boundaries UK BGC
WV3,Wolverhampton,E08000031,Wolverhampton,representative_point_within,ONS Local Authority Districts (December 2024) Boundaries UK BGC
WV4,Wolverhampton,E08000031,Wolverhampton,representative_point_within,ONS Local Authority Districts (December 2024) Boundaries UK BGC
WV5,Wombourne,E07000196,South Staffordshire,representative_point_within,ONS Local Authority Districts (December 2024) Boundaries UK BGC
WV6,Wolverhampton,E07000196,South Staffordshire,representative_point_within,ONS Local Authority Districts (December 2024) Boundaries UK BGC
WV7,Albrighton,E06000051,Shropshire,representative_point_within,ONS Local Authority Districts (December 2024) Boundaries UK BGC
WV8,Codsall,E07000196,South Staffordshire,representative_point_within,ONS Local Authority Districts (December 2024) Boundaries UK BGC
WV9,Wolverhampton,E07000196,South Staffordshire,representative_point_within,ONS Local Authority Districts (December 2024) Boundaries UK BGC
YO1,York,E06000014,York,representative_point_within,ONS Local Authority Districts (December 2024) Boundaries UK BGC
YO10,York,E06000014,York,representative_point_within,ONS Local Authority Districts (December 2024) Boundaries UK BGC
YO11,Scarborough,E06000065,North Yorkshire,representative_point_within,ONS Local Authority Districts (December 2024) Boundaries UK BGC
YO12,Scarborough,E06000065,North Yorkshire,representative_point_within,ONS Local Authority Districts (December 2024) Boundaries UK BGC
YO13,Scalby,E06000065,North Yorkshire,representative_point_within,ONS Local Authority Districts (December 2024) Boundaries UK BGC
YO14,Hunmanby,E06000065,North Yorkshire,representative_point_within,ONS Local Authority Districts (December 2024) Boundaries UK BGC
YO15,Flamborough,E06000011,East Riding of Yorkshire,representative_point_within,ONS Local Authority Districts (December 2024) Boundaries UK BGC
YO16,Bridlington,E06000011,East Riding of Yorkshire,representative_point_within,ONS Local Authority Districts (December 2024) Boundaries UK BGC
YO17,Swinton,E06000065,North Yorkshire,representative_point_within,ONS Local Authority Districts (December 2024) Boundaries UK BGC
YO18,Pickering,E06000065,North Yorkshire,representative_point_within,ONS Local Authority Districts (December 2024) Boundaries UK BGC
YO19,Naburn,E06000065,North Yorkshire,representative_point_within,ONS Local Authority Districts (December 2024) Boundaries UK BGC
YO21,Whitby,E06000065,North Yorkshire,representative_point_within,ONS Local Authority Districts (December 2024) Boundaries UK BGC
YO22,Whitby,E06000065,North Yorkshire,representative_point_within,ONS Local Authority Districts (December 2024) Boundaries UK BGC
YO23,York,E06000014,York,representative_point_within,ONS Local Authority Districts (December 2024) Boundaries UK BGC
YO24,York,E06000014,York,representative_point_within,ONS Local Authority Districts (December 2024) Boundaries UK BGC
YO25,Langtoft,E06000011,East Riding of Yorkshire,representative_point_within,ONS Local Authority Districts (December 2024) Boundaries UK BGC
YO26,York,E06000065,North Yorkshire,representative_point_within,ONS Local Authority Districts (December 2024) Boundaries UK BGC
YO30,Skelton,E06000065,North Yorkshire,representative_point_within,ONS Local Authority Districts (December 2024) Boundaries UK BGC
YO31,York,E06000014,York,representative_point_within,ONS Local Authority Districts (December 2024) Boundaries UK BGC
YO32,Haxby,E06000014,York,representative_point_within,ONS Local Authority Districts (December 2024) Boundaries UK BGC
YO41,Stamford Bridge,E06000011,East Riding of Yorkshire,representative_point_within,ONS Local Authority Districts (December 2024) Boundaries UK BGC
YO42,Bishop Wilton,E06000011,East Riding of Yorkshire,representative_point_within,ONS Local Authority Districts (December 2024) Boundaries UK BGC
YO43,Market Weighton,E06000011,East Riding of Yorkshire,representative_point_within,ONS Local Authority Districts (December 2024) Boundaries UK BGC
YO51,Boroughbridge,E06000065,North Yorkshire,representative_point_within,ONS Local Authority Districts (December 2024) Boundaries UK BGC
YO60,Sheriff Hutton,E06000065,North Yorkshire,representative_point_within,ONS Local Authority Districts (December 2024) Boundaries UK BGC
YO61,Tollerton,E06000065,North Yorkshire,representative_point_within,ONS Local Authority Districts (December 2024) Boundaries UK BGC
YO62,Ampleforth,E06000065,North Yorkshire,representative_point_within,ONS Local Authority Districts (December 2024) Boundaries UK BGC
YO7,Thirsk,E06000065,North Yorkshire,representative_point_within,ONS Local Authority Districts (December 2024) Boundaries UK BGC
YO8,Selby,E06000065,North Yorkshire,representative_point_within,ONS Local Authority Districts (December 2024) Boundaries UK BGC
ZE1,Lerwick,S12000027,Shetland Islands,representative_point_within,ONS Local Authority Districts (December 2024) Boundaries UK BGC
ZE2,Brae,S12000027,Shetland Islands,representative_point_within,ONS Local Authority Districts (December 2024) Boundaries UK BGC
ZE3,Hestingott,S12000027,Shetland Islands,representative_point_within,ONS Local Authority Districts (December 2024) Boundaries UK BGC
